sep=,
Fullpathname,Classname,loc,numAttr,numMethod,setters,getters,isPersist,isCollection,numWordName,isOrEr,isController,numIfs,numParameters,numImports,numOutboundInvocation,numInnerClasses,isStaticClass,isInterface,isInnerClass,isClass,isEnum,classPublicity,numPublicMethods,numPrivateMethods,numProtectedMethods,isAbstract,
\SweetHome3D\test\com\eteks\sweethome3d\junit\BackgroundImageWizardTest.java,BackgroundImageWizardTest,206,0,3,0,0,false,false,4,false,false,0,7,31,35,0,false,false,false,true,false,public,1,2,0,false,,
\SweetHome3D\test\com\eteks\sweethome3d\junit\CatalogTreeTest.java,CatalogTreeTest,124,0,4,0,1,false,false,3,false,false,2,4,16,16,0,false,false,false,true,false,public,3,1,0,false,,
\SweetHome3D\test\com\eteks\sweethome3d\junit\HomeControllerTest.ControllerTest.java,ControllerTest,37,0,0,0,0,false,false,2,false,false,0,0,4,1,0,true,false,true,true,false,private,0,0,0,false,,
\SweetHome3D\test\com\eteks\sweethome3d\junit\FurnitureTableTest.java,FurnitureTableTest,238,0,7,0,1,false,false,3,false,false,2,6,27,40,0,false,false,false,true,false,public,4,3,0,false,,
\SweetHome3D\test\com\eteks\sweethome3d\junit\HomeControllerTest.ViewTest.java,ViewTest,45,0,1,0,0,false,false,2,false,false,0,0,4,2,0,true,false,true,true,false,private,1,0,0,false,,
\SweetHome3D\test\com\eteks\sweethome3d\junit\HomeFileRecorderTest.java,HomeFileRecorderTest,140,0,4,0,0,false,false,4,false,false,3,7,14,39,0,false,false,false,true,false,public,1,3,0,false,,
\SweetHome3D\test\com\eteks\sweethome3d\junit\HomeCameraTest.java,HomeCameraTest,444,0,6,0,0,false,false,3,false,false,1,23,39,113,0,false,false,false,true,false,public,1,5,0,false,,
\SweetHome3D\test\com\eteks\sweethome3d\junit\HomeControllerTest.java,HomeControllerTest,518,7,17,1,6,false,false,3,false,false,1,16,31,107,0,false,false,false,true,false,public,6,10,1,false,,
\SweetHome3D\test\com\eteks\sweethome3d\junit\HomeFurniturePanelTest.java,HomeFurniturePanelTest,202,0,5,0,0,false,false,4,false,false,0,18,25,52,0,false,false,false,true,false,public,2,3,0,false,,
\SweetHome3D\test\com\eteks\sweethome3d\junit\HomeTest.java,HomeTest,125,0,2,0,0,false,false,2,false,false,1,2,10,25,0,false,false,false,true,false,public,1,1,0,false,,
\SweetHome3D\test\com\eteks\sweethome3d\junit\IconManagerTest.java,IconManagerTest,141,1,5,0,1,false,false,3,false,false,1,8,16,24,0,false,false,false,true,false,public,1,4,0,false,,
\SweetHome3D\test\com\eteks\sweethome3d\junit\ModelManagerTest.java,ModelManagerTest,62,0,3,0,1,false,false,3,false,false,1,1,10,6,0,false,false,false,true,false,public,2,1,0,false,,
\SweetHome3D\test\com\eteks\sweethome3d\junit\OBJWriterTest.java,OBJWriterTest,105,0,2,0,0,false,false,5,false,false,3,0,18,19,0,false,false,false,true,false,public,2,0,0,false,,
\SweetHome3D\test\com\eteks\sweethome3d\junit\PhotoCreationTest.java,PhotoCreationTest,49,0,1,0,0,false,false,3,false,false,0,0,4,6,0,false,false,false,true,false,public,1,0,0,false,,
\SweetHome3D\test\com\eteks\sweethome3d\junit\PackageDependenciesTest.java,PackageDependenciesTest,166,0,1,0,0,false,false,3,false,false,0,0,6,1,0,false,false,false,true,false,public,1,0,0,false,,
\SweetHome3D\test\com\eteks\sweethome3d\junit\ImportedFurnitureWizardTest.java,ImportedFurnitureWizardTest,446,0,2,0,0,false,false,4,false,false,0,5,45,120,0,false,false,false,true,false,public,1,1,0,false,,
\SweetHome3D\test\com\eteks\sweethome3d\junit\PlanComponentTest.PlanTestFrame.java,PlanTestFrame,123,8,0,0,0,false,false,3,false,false,1,0,19,14,0,true,false,true,true,false,private,0,0,0,false,,
\SweetHome3D\test\com\eteks\sweethome3d\junit\ImportedTextureWizardTest.java,ImportedTextureWizardTest,502,0,7,0,0,false,false,4,false,false,1,20,50,114,0,false,false,false,true,false,public,1,6,0,false,,
\SweetHome3D\test\com\eteks\sweethome3d\junit\PlanComponentWithFurnitureTest.TestFrame.java,TestFrame,84,8,0,0,0,false,false,2,false,false,0,0,15,4,0,true,false,true,true,false,private,0,0,0,false,,
\SweetHome3D\test\com\eteks\sweethome3d\junit\PlanComponentTest.java,PlanComponentTest,415,0,7,0,0,false,false,3,false,false,2,13,18,75,0,false,false,false,true,false,public,3,4,0,false,,
\SweetHome3D\test\com\eteks\sweethome3d\junit\PlanControllerTest.java,PlanControllerTest,244,0,6,0,0,false,false,3,false,false,1,12,19,25,0,false,false,false,true,false,public,1,5,0,false,,
\SweetHome3D\test\com\eteks\sweethome3d\junit\RoomTest.RoomTestFrame.java,RoomTestFrame,57,3,0,0,0,false,false,3,false,false,0,0,11,3,0,true,false,true,true,false,private,0,0,0,false,,
\SweetHome3D\test\com\eteks\sweethome3d\junit\PrintTest.java,PrintTest,282,0,3,0,0,false,false,2,false,false,2,7,39,57,0,false,false,false,true,false,public,1,2,0,false,,
\SweetHome3D\test\com\eteks\sweethome3d\junit\PlanComponentWithFurnitureTest.java,PlanComponentWithFurnitureTest,510,0,6,0,0,false,false,5,false,false,1,21,19,156,0,false,false,false,true,false,public,1,5,0,false,,
\SweetHome3D\test\com\eteks\sweethome3d\junit\TestUtilities.java,TestUtilities,76,0,4,1,1,false,false,2,false,false,0,11,7,3,0,false,false,false,true,false,public,4,0,0,false,,
\SweetHome3D\test\com\eteks\sweethome3d\junit\RoomTest.java,RoomTest,213,0,4,0,0,false,false,2,false,false,0,8,21,48,0,false,false,false,true,false,public,2,2,0,false,,
\SweetHome3D\test\com\eteks\sweethome3d\junit\ThreadedTaskControllerTest.java,ThreadedTaskControllerTest,150,0,1,0,0,false,false,4,false,false,1,0,15,20,0,false,false,false,true,false,public,1,0,0,false,,
\SweetHome3D\test\com\eteks\sweethome3d\junit\TransferHandlerTest.java,TransferHandlerTest,241,0,4,0,1,false,false,3,false,false,0,10,31,43,0,false,false,false,true,false,public,1,3,0,false,,
\SweetHome3D\test\com\eteks\sweethome3d\junit\WallPanelTest.java,WallPanelTest,145,0,3,0,0,false,false,3,false,false,3,14,16,36,0,false,false,false,true,false,public,2,1,0,false,,
\SweetHome3D\test\com\eteks\sweethome3d\junit\WizardControllerTest.ControllerTest.java,ControllerTest,113,1,1,0,0,false,false,2,false,false,0,0,12,1,0,true,false,true,true,false,private,1,0,0,false,,
\SweetHome3D\test\com\eteks\sweethome3d\junit\UserPreferencesPanelTest.java,UserPreferencesPanelTest,332,0,4,0,0,false,false,4,false,false,0,9,43,95,0,false,false,false,true,false,public,3,1,0,false,,
\SweetHome3D\test\com\eteks\sweethome3d\junit\WizardControllerTest.java,WizardControllerTest,130,0,2,0,0,false,false,3,false,false,0,1,11,27,0,false,false,false,true,false,public,2,0,0,false,,
\SweetHome3D\src\com\eteks\sweethome3d\HomeFrameController.java,HomeFrameController,78,7,3,0,2,false,false,3,true,true,2,0,8,1,0,false,false,false,true,false,public,3,0,0,false,,
\SweetHome3D\src\com\eteks\sweethome3d\HomeFramePane.LanguageChangeListener.java,LanguageChangeListener,52,2,1,0,0,false,false,3,true,false,1,1,7,4,0,true,false,true,true,false,private,1,0,0,false,,
\SweetHome3D\src\com\eteks\sweethome3d\HomeFramePane.java,HomeFramePane,322,13,5,0,1,false,false,3,false,false,17,9,31,43,0,false,false,false,true,false,public,1,4,0,false,,
\SweetHome3D\src\com\eteks\sweethome3d\SweetHome3D.StandaloneServiceManager.java,StandaloneServiceManager,90,1,2,0,1,false,false,3,true,false,1,1,2,0,0,true,false,true,true,false,private,2,0,0,false,,
\SweetHome3D\src\com\eteks\sweethome3d\MacOSXConfiguration.java,MacOSXConfiguration,275,0,2,0,0,false,false,5,false,false,13,5,25,37,0,false,false,false,true,false,default,1,1,0,false,,
\SweetHome3D\src\com\eteks\sweethome3d\SweetHome3D.StandaloneBasicService.java,StandaloneBasicService,137,0,5,0,1,false,false,3,false,false,4,1,5,4,0,true,false,true,true,false,private,4,1,0,false,,
\SweetHome3D\src\com\eteks\sweethome3d\SweetHome3D.StandaloneSingleInstanceService.java,StandaloneSingleInstanceService,191,3,4,0,0,false,false,4,false,false,5,4,16,17,0,true,false,true,true,false,private,3,1,0,false,,
\SweetHome3D\src\com\eteks\sweethome3d\SweetHome3DBootstrap.java,SweetHome3DBootstrap,89,0,1,0,0,false,false,4,false,false,1,1,8,4,0,false,false,false,true,false,public,1,0,0,false,,
\SweetHome3D\src\com\eteks\sweethome3d\SweetHome3DJavaWebStartBootstrap.java,SweetHome3DJavaWebStartBootstrap,70,0,1,0,0,false,false,7,false,false,2,1,10,5,0,false,false,false,true,false,public,1,0,0,false,,
\SweetHome3D\src\com\eteks\sweethome3d\SweetHome3D.java,SweetHome3D,633,12,21,0,9,false,false,3,false,false,37,9,39,64,0,false,false,false,true,false,public,6,8,5,false,,
\SweetHome3D\src\com\eteks\sweethome3d\viewcontroller\BackgroundImageWizardController.BackgroundImageWizardStepState.java,BackgroundImageWizardStepState,41,1,3,0,2,false,false,5,false,false,0,0,1,0,0,false,false,true,true,false,protected,3,0,0,true,,
\SweetHome3D\src\com\eteks\sweethome3d\viewcontroller\BackgroundImageWizardController.BackgroundImageUndoableEdit.java,BackgroundImageUndoableEdit,65,5,3,0,1,false,false,4,false,false,0,0,6,2,0,true,false,true,true,false,private,3,0,0,false,,
\SweetHome3D\src\com\eteks\sweethome3d\viewcontroller\BackgroundImageWizardController.ImageChoiceStepState.java,ImageChoiceStepState,50,0,3,0,1,false,false,4,false,false,0,0,2,1,0,false,false,true,true,false,private,3,0,0,false,,
\SweetHome3D\src\com\eteks\sweethome3d\viewcontroller\BackgroundImageWizardController.ImageOriginStepState.java,ImageOriginStepState,41,0,3,0,1,false,false,4,false,false,0,0,0,1,0,false,false,true,true,false,private,3,0,0,false,,
\SweetHome3D\src\com\eteks\sweethome3d\viewcontroller\BackgroundImageWizardController.ImageScaleStepState.java,ImageScaleStepState,53,0,4,0,1,false,false,4,false,false,0,0,2,1,0,false,false,true,true,false,private,4,0,0,false,,
\SweetHome3D\src\com\eteks\sweethome3d\viewcontroller\BackgroundImageWizardController.Property.java,Property,25,6,0,0,0,false,false,1,false,false,0,0,0,0,0,false,false,true,false,true,public,0,0,0,false,,
\SweetHome3D\src\com\eteks\sweethome3d\viewcontroller\BackgroundImageWizardController.Step.java,Step,25,3,0,0,0,false,false,1,false,false,0,0,0,0,0,false,false,true,false,true,public,0,0,0,false,,
\SweetHome3D\src\com\eteks\sweethome3d\viewcontroller\CompassController.CompassUndoableEdit.java,CompassUndoableEdit,87,18,3,0,1,false,false,3,false,false,0,0,5,10,0,true,false,true,true,false,private,3,0,0,false,,
\SweetHome3D\src\com\eteks\sweethome3d\viewcontroller\CompassController.Property.java,Property,26,8,0,0,0,false,false,1,false,false,0,0,0,0,0,false,false,true,false,true,public,0,0,0,false,,
\SweetHome3D\src\com\eteks\sweethome3d\viewcontroller\BackgroundImageWizardController.java,BackgroundImageWizardController,269,19,20,5,12,false,false,4,true,true,7,13,8,14,0,false,false,false,true,false,public,14,0,6,false,,
\SweetHome3D\src\com\eteks\sweethome3d\viewcontroller\ContentManager.ContentType.java,ContentType,25,13,0,0,0,false,false,2,false,false,0,0,0,0,0,false,false,true,false,true,public,0,0,0,false,,
\SweetHome3D\src\com\eteks\sweethome3d\viewcontroller\ContentManager.java,ContentManager,61,0,0,0,0,false,false,2,true,false,0,0,2,0,0,false,true,false,false,false,public,0,0,0,false,,
\SweetHome3D\src\com\eteks\sweethome3d\viewcontroller\Controller.java,Controller,27,0,0,0,0,false,false,1,true,true,0,0,0,0,0,false,true,false,false,false,public,0,0,0,false,,
\SweetHome3D\src\com\eteks\sweethome3d\viewcontroller\CompassController.java,CompassController,265,14,23,8,8,false,false,2,true,true,9,22,7,24,0,false,false,false,true,false,public,21,1,1,false,,
\SweetHome3D\src\com\eteks\sweethome3d\viewcontroller\DialogView.java,DialogView,30,0,0,0,0,false,false,2,false,false,0,0,0,0,0,false,true,false,false,false,public,0,0,0,false,,
\SweetHome3D\src\com\eteks\sweethome3d\viewcontroller\FurnitureCatalogController.AddedFurnitureSelector.java,AddedFurnitureSelector,42,1,2,0,0,false,false,3,true,false,2,1,5,3,0,false,false,true,true,false,private,2,0,0,false,,
\SweetHome3D\src\com\eteks\sweethome3d\viewcontroller\FurnitureCatalogController.FurnitureCatalogChangeListener.java,FurnitureCatalogChangeListener,44,1,1,0,0,false,false,4,true,false,1,1,5,4,0,true,false,true,true,false,private,1,0,0,false,,
\SweetHome3D\src\com\eteks\sweethome3d\viewcontroller\FurnitureCatalogController.FurnitureCatalogViewChangeListener.java,FurnitureCatalogViewChangeListener,45,1,1,0,0,false,false,5,true,false,1,1,4,2,0,true,false,true,true,false,private,1,0,0,false,,
\SweetHome3D\src\com\eteks\sweethome3d\viewcontroller\FurnitureController.AlignedPieceOfFurniture.java,AlignedPieceOfFurniture,62,2,3,0,3,false,false,4,false,false,2,3,2,3,0,true,false,true,true,false,private,3,0,0,false,,
\SweetHome3D\src\com\eteks\sweethome3d\viewcontroller\FurnitureCatalogController.java,FurnitureCatalogController,201,7,11,1,2,false,false,3,true,true,10,6,8,19,0,false,false,false,true,false,public,9,2,0,false,,
\SweetHome3D\src\com\eteks\sweethome3d\viewcontroller\HelpController.HelpDocument.java,HelpDocument,153,4,6,0,4,false,false,2,false,false,8,2,14,9,0,false,false,true,true,false,private,5,1,0,false,,
\SweetHome3D\src\com\eteks\sweethome3d\viewcontroller\HelpController.LanguageChangeListener.java,LanguageChangeListener,47,1,1,0,0,false,false,3,true,false,1,1,4,4,0,true,false,true,true,false,private,1,0,0,false,,
\SweetHome3D\src\com\eteks\sweethome3d\viewcontroller\HelpController.Property.java,Property,26,5,0,0,0,false,false,1,false,false,0,0,0,0,0,false,false,true,false,true,public,0,0,0,false,,
\SweetHome3D\src\com\eteks\sweethome3d\viewcontroller\HelpView.java,HelpView,30,0,0,0,0,false,false,2,false,false,0,0,0,0,0,false,true,false,false,false,public,0,0,0,false,,
\SweetHome3D\src\com\eteks\sweethome3d\viewcontroller\Home3DAttributesController.EnvironmentPaint.java,EnvironmentPaint,25,2,0,0,0,false,false,2,false,false,0,0,0,0,0,false,false,true,false,true,public,0,0,0,false,,
\SweetHome3D\src\com\eteks\sweethome3d\viewcontroller\Home3DAttributesController.Home3DAttributesModificationUndoableEdit.java,Home3DAttributesModificationUndoableEdit,104,18,3,0,1,false,false,6,false,false,0,0,6,2,0,true,false,true,true,false,private,3,0,0,false,,
\SweetHome3D\src\com\eteks\sweethome3d\viewcontroller\Home3DAttributesController.Property.java,Property,27,8,0,0,0,false,false,1,false,false,0,0,0,0,0,false,false,true,false,true,public,0,0,0,false,,
\SweetHome3D\src\com\eteks\sweethome3d\viewcontroller\FurnitureController.java,FurnitureController,837,7,42,2,8,false,false,2,true,true,39,42,28,99,0,false,false,false,true,false,public,21,17,4,false,,
\SweetHome3D\src\com\eteks\sweethome3d\viewcontroller\HelpController.java,HelpController,394,12,23,5,6,false,false,2,true,true,10,16,15,36,0,false,false,false,true,false,public,14,8,1,false,,
\SweetHome3D\src\com\eteks\sweethome3d\viewcontroller\HomeController.FurnitureCatalogChangeListener.java,FurnitureCatalogChangeListener,45,1,1,0,0,false,false,4,true,false,1,1,5,2,0,true,false,true,true,false,private,1,0,0,false,,
\SweetHome3D\src\com\eteks\sweethome3d\viewcontroller\HomeController.LanguageChangeListener.java,LanguageChangeListener,51,1,1,0,0,false,false,3,true,false,1,1,4,7,0,true,false,true,true,false,private,1,0,0,false,,
\SweetHome3D\src\com\eteks\sweethome3d\viewcontroller\HomeController.TexturesCatalogChangeListener.java,TexturesCatalogChangeListener,45,1,1,0,0,false,false,4,true,false,1,1,5,2,0,true,false,true,true,false,private,1,0,0,false,,
\SweetHome3D\src\com\eteks\sweethome3d\viewcontroller\HomeController.UserPreferencesChangeListener.java,UserPreferencesChangeListener,49,1,1,0,0,false,false,4,true,false,1,1,4,3,0,true,false,true,true,false,private,1,0,0,true,,
\SweetHome3D\src\com\eteks\sweethome3d\viewcontroller\HomeController.UserPreferencesPropertiesChangeListener.java,UserPreferencesPropertiesChangeListener,45,1,1,0,0,false,false,5,true,false,1,1,4,3,0,true,false,true,true,false,private,1,0,0,false,,
\SweetHome3D\src\com\eteks\sweethome3d\viewcontroller\Home3DAttributesController.java,Home3DAttributesController,360,17,25,8,11,false,false,4,true,true,14,22,10,33,0,false,false,false,true,false,public,23,1,1,false,,
\SweetHome3D\src\com\eteks\sweethome3d\viewcontroller\HomeController3D.CameraControllerState.java,CameraControllerState,41,0,7,0,0,false,false,3,false,false,0,5,1,0,0,true,false,true,true,false,protected,7,0,0,true,,
\SweetHome3D\src\com\eteks\sweethome3d\viewcontroller\HomeController3D.ObserverCameraState.java,ObserverCameraState,88,1,7,0,0,false,false,3,false,false,1,5,6,9,0,false,false,true,true,false,private,7,0,0,false,,
\SweetHome3D\src\com\eteks\sweethome3d\viewcontroller\HomeFurnitureController.FurnitureModificationUndoableEdit.java,FurnitureModificationUndoableEdit,116,23,3,0,1,false,false,4,false,false,0,0,8,2,0,true,false,true,true,false,private,3,0,0,false,,
\SweetHome3D\src\com\eteks\sweethome3d\viewcontroller\HomeFurnitureController.FurniturePaint.java,FurniturePaint,25,3,0,0,0,false,false,2,false,false,0,0,0,0,0,false,false,true,false,true,public,0,0,0,false,,
\SweetHome3D\src\com\eteks\sweethome3d\viewcontroller\HomeController3D.java,HomeController3D,208,9,13,1,3,false,false,3,false,false,4,7,10,28,0,false,false,false,true,false,public,10,0,3,false,,
\SweetHome3D\src\com\eteks\sweethome3d\viewcontroller\HomeFurnitureController.FurnitureShininess.java,FurnitureShininess,25,3,0,0,0,false,false,2,false,false,0,0,0,0,0,false,false,true,false,true,public,0,0,0,false,,
\SweetHome3D\src\com\eteks\sweethome3d\viewcontroller\HomeFurnitureController.ModifiedDoorOrWindow.java,ModifiedDoorOrWindow,36,1,1,0,0,false,false,4,false,false,0,0,1,2,0,true,false,true,true,false,private,1,0,0,false,,
\SweetHome3D\src\com\eteks\sweethome3d\viewcontroller\HomeController3D.TopCameraState.java,TopCameraState,269,8,11,0,2,false,false,3,false,false,13,9,10,68,0,false,false,true,true,false,private,7,4,0,false,,
\SweetHome3D\src\com\eteks\sweethome3d\viewcontroller\HomeFurnitureController.ModifiedFurnitureGroup.java,ModifiedFurnitureGroup,77,4,2,0,1,false,false,3,false,false,2,1,4,13,0,true,false,true,true,false,private,1,1,0,false,,
\SweetHome3D\src\com\eteks\sweethome3d\viewcontroller\HomeFurnitureController.ModifiedLight.java,ModifiedLight,36,1,1,0,0,false,false,2,false,false,0,0,1,2,0,true,false,true,true,false,private,1,0,0,false,,
\SweetHome3D\src\com\eteks\sweethome3d\viewcontroller\HomeFurnitureController.Property.java,Property,27,21,0,0,0,false,false,1,false,false,0,0,0,0,0,false,false,true,false,true,public,0,0,0,false,,
\SweetHome3D\src\com\eteks\sweethome3d\viewcontroller\HomeFurnitureController.ModifiedPieceOfFurniture.java,ModifiedPieceOfFurniture,86,16,2,0,1,false,false,4,false,false,2,0,2,17,0,true,false,true,true,false,private,2,0,0,false,,
\SweetHome3D\src\com\eteks\sweethome3d\viewcontroller\HomeView.SaveAnswer.java,SaveAnswer,25,3,0,0,0,false,false,2,true,false,0,0,0,0,0,false,false,true,false,true,public,0,0,0,false,,
\SweetHome3D\src\com\eteks\sweethome3d\viewcontroller\HomeView.ActionType.java,ActionType,55,107,0,0,0,false,false,2,false,false,0,0,0,0,0,false,false,true,false,true,public,0,0,0,false,,
\SweetHome3D\src\com\eteks\sweethome3d\viewcontroller\HomeView.java,HomeView,181,0,0,0,0,false,false,2,false,false,0,0,2,0,0,false,true,false,false,false,public,0,0,0,false,,
\SweetHome3D\src\com\eteks\sweethome3d\viewcontroller\ImportedFurnitureWizardController.FurnitureIconStepState.java,FurnitureIconStepState,41,0,3,0,1,false,false,4,false,false,0,0,0,1,0,false,false,true,true,false,private,3,0,0,false,,
\SweetHome3D\src\com\eteks\sweethome3d\viewcontroller\ImportedFurnitureWizardController.FurnitureAttributesStepState.java,FurnitureAttributesStepState,108,4,6,0,1,false,false,4,false,false,3,0,2,4,0,false,false,true,true,false,private,5,1,0,false,,
\SweetHome3D\src\com\eteks\sweethome3d\viewcontroller\ImportedFurnitureWizardController.FurnitureModelStepState.java,FurnitureModelStepState,51,0,3,0,1,false,false,4,false,false,0,0,2,1,0,false,false,true,true,false,private,3,0,0,false,,
\SweetHome3D\src\com\eteks\sweethome3d\viewcontroller\ImportedFurnitureWizardController.FurnitureOrientationStepState.java,FurnitureOrientationStepState,44,0,4,0,1,false,false,4,false,false,0,0,0,1,0,false,false,true,true,false,private,4,0,0,false,,
\SweetHome3D\src\com\eteks\sweethome3d\viewcontroller\ImportedFurnitureWizardController.ImportedFurnitureWizardStepState.java,ImportedFurnitureWizardStepState,41,1,3,0,2,false,false,5,false,false,0,0,1,0,0,false,false,true,true,false,protected,3,0,0,true,,
\SweetHome3D\src\com\eteks\sweethome3d\viewcontroller\HomeController.java,HomeController,1805,17,86,3,10,false,false,2,true,true,97,42,45,256,0,false,false,false,true,false,public,61,21,4,false,,
\SweetHome3D\src\com\eteks\sweethome3d\viewcontroller\ImportedFurnitureWizardController.PieceOfFurnitureImportationUndoableEdit.java,PieceOfFurnitureImportationUndoableEdit,68,5,3,0,1,false,false,6,false,false,0,0,9,2,0,true,false,true,true,false,private,3,0,0,false,,
\SweetHome3D\src\com\eteks\sweethome3d\viewcontroller\ImportedFurnitureWizardController.Property.java,Property,27,15,0,0,0,false,false,1,false,false,0,0,0,0,0,false,false,true,false,true,public,0,0,0,false,,
\SweetHome3D\src\com\eteks\sweethome3d\viewcontroller\HomeFurnitureController.java,HomeFurnitureController,963,31,56,24,19,false,false,3,true,true,88,52,15,108,0,false,false,false,true,false,public,47,8,1,false,,
\SweetHome3D\src\com\eteks\sweethome3d\viewcontroller\ImportedFurnitureWizardController.Step.java,Step,25,4,0,0,0,false,false,1,false,false,0,0,0,0,0,false,false,true,false,true,public,0,0,0,false,,
\SweetHome3D\src\com\eteks\sweethome3d\viewcontroller\ImportedFurnitureWizardStepsView.java,ImportedFurnitureWizardStepsView,31,0,0,0,0,false,false,5,false,false,0,0,1,0,0,false,true,false,false,false,public,0,0,0,false,,
\SweetHome3D\src\com\eteks\sweethome3d\viewcontroller\ImportedTextureWizardController.ImportedTextureWizardStepState.java,ImportedTextureWizardStepState,41,1,3,0,2,false,false,5,false,false,0,0,1,0,0,false,false,true,true,false,protected,3,0,0,true,,
\SweetHome3D\src\com\eteks\sweethome3d\viewcontroller\ImportedTextureWizardController.Property.java,Property,25,6,0,0,0,false,false,1,false,false,0,0,0,0,0,false,false,true,false,true,public,0,0,0,false,,
\SweetHome3D\src\com\eteks\sweethome3d\viewcontroller\ImportedTextureWizardController.Step.java,Step,25,2,0,0,0,false,false,1,false,false,0,0,0,0,0,false,false,true,false,true,public,0,0,0,false,,
\SweetHome3D\src\com\eteks\sweethome3d\viewcontroller\ImportedFurnitureWizardController.java,ImportedFurnitureWizardController,557,29,43,15,19,false,false,4,true,true,25,20,17,31,0,false,false,false,true,false,public,35,1,7,false,,
\SweetHome3D\src\com\eteks\sweethome3d\viewcontroller\ImportedTextureWizardController.TextureImageStepState.java,TextureImageStepState,50,0,3,0,1,false,false,4,false,false,0,0,2,1,0,false,false,true,true,false,private,3,0,0,false,,
\SweetHome3D\src\com\eteks\sweethome3d\viewcontroller\ImportedTextureWizardController.TextureAttributesStepState.java,TextureAttributesStepState,80,3,4,0,1,false,false,4,false,false,0,0,2,6,0,false,false,true,true,false,private,4,0,0,false,,
\SweetHome3D\src\com\eteks\sweethome3d\viewcontroller\LabelController.LabelCreationUndoableEdit.java,LabelCreationUndoableEdit,68,6,3,0,1,false,false,4,false,false,0,0,8,2,0,true,false,true,true,false,private,3,0,0,false,,
\SweetHome3D\src\com\eteks\sweethome3d\viewcontroller\ImportedTextureWizardController.java,ImportedTextureWizardController,288,15,21,6,11,false,false,4,true,true,10,10,8,17,0,false,false,false,true,false,public,16,0,5,false,,
\SweetHome3D\src\com\eteks\sweethome3d\viewcontroller\LabelController.LabelModificationUndoableEdit.java,LabelModificationUndoableEdit,66,5,3,0,1,false,false,4,false,false,0,0,7,2,0,true,false,true,true,false,private,3,0,0,false,,
\SweetHome3D\src\com\eteks\sweethome3d\viewcontroller\LabelController.ModifiedLabel.java,ModifiedLabel,39,2,2,0,1,false,false,2,false,false,0,0,1,1,0,true,false,true,true,false,private,2,0,0,false,,
\SweetHome3D\src\com\eteks\sweethome3d\viewcontroller\LabelController.Property.java,Property,25,1,0,0,0,false,false,1,false,false,0,0,0,0,0,false,false,true,false,true,public,0,0,0,false,,
\SweetHome3D\src\com\eteks\sweethome3d\viewcontroller\Object3DFactory.java,Object3DFactory,35,0,0,0,0,false,false,3,false,false,0,0,2,0,0,false,true,false,false,false,public,0,0,0,false,,
\SweetHome3D\src\com\eteks\sweethome3d\viewcontroller\PageSetupController.HomePrintModificationUndoableEdit.java,HomePrintModificationUndoableEdit,59,4,3,0,1,false,false,5,false,false,0,0,6,2,0,true,false,true,true,false,private,3,0,0,false,,
\SweetHome3D\src\com\eteks\sweethome3d\viewcontroller\LabelController.java,LabelController,242,9,14,1,2,false,false,2,true,true,9,16,10,17,0,false,false,false,true,false,public,8,4,2,false,,
\SweetHome3D\src\com\eteks\sweethome3d\viewcontroller\PageSetupController.Property.java,Property,25,1,0,0,0,false,false,1,false,false,0,0,0,0,0,false,false,true,false,true,public,0,0,0,false,,
\SweetHome3D\src\com\eteks\sweethome3d\viewcontroller\PageSetupController.java,PageSetupController,116,7,7,1,2,false,false,3,true,true,2,6,7,5,0,false,false,false,true,false,public,7,0,0,false,,
\SweetHome3D\src\com\eteks\sweethome3d\viewcontroller\PhotoController.CameraChangeListener.java,CameraChangeListener,43,1,1,0,0,false,false,3,true,false,1,1,4,3,0,true,false,true,true,false,private,1,0,0,false,,
\SweetHome3D\src\com\eteks\sweethome3d\viewcontroller\PhotoController.HomeCameraChangeListener.java,HomeCameraChangeListener,46,1,1,0,0,false,false,4,true,false,1,1,5,5,0,true,false,true,true,false,private,1,0,0,false,,
\SweetHome3D\src\com\eteks\sweethome3d\viewcontroller\PhotoController.Property.java,Property,25,8,0,0,0,false,false,1,false,false,0,0,0,0,0,false,false,true,false,true,public,0,0,0,false,,
\SweetHome3D\src\com\eteks\sweethome3d\viewcontroller\PhotoController.HomeEnvironmentChangeListener.java,HomeEnvironmentChangeListener,45,1,1,0,0,false,false,4,true,false,1,1,5,5,0,true,false,true,true,false,private,1,0,0,false,,
\SweetHome3D\src\com\eteks\sweethome3d\viewcontroller\PlanController.AbstractModeChangeState.java,AbstractModeChangeState,58,0,4,1,0,false,false,4,false,false,1,4,0,1,0,false,false,true,true,false,private,4,0,0,true,,
\SweetHome3D\src\com\eteks\sweethome3d\viewcontroller\PhotoController.java,PhotoController,315,16,27,11,12,false,false,2,true,true,16,19,7,35,0,false,false,false,true,false,public,24,2,1,false,,
\SweetHome3D\src\com\eteks\sweethome3d\viewcontroller\PlanController.AbstractRoomState.java,AbstractRoomState,104,2,5,0,3,false,false,3,false,false,5,8,2,4,0,false,false,true,true,false,private,1,0,4,true,,
\SweetHome3D\src\com\eteks\sweethome3d\viewcontroller\PlanController.AbstractWallState.java,AbstractWallState,127,4,5,0,3,false,false,3,false,false,12,7,1,30,0,false,false,true,true,false,private,1,1,3,true,,
\SweetHome3D\src\com\eteks\sweethome3d\viewcontroller\PlanController.CameraElevationState.java,CameraElevationState,88,4,8,0,2,false,false,3,false,false,1,5,1,6,0,false,false,true,true,false,private,7,1,0,false,,
\SweetHome3D\src\com\eteks\sweethome3d\viewcontroller\PlanController.CameraPitchRotationState.java,CameraPitchRotationState,82,3,8,0,2,false,false,4,false,false,0,5,1,5,0,false,false,true,true,false,private,7,1,0,false,,
\SweetHome3D\src\com\eteks\sweethome3d\viewcontroller\PlanController.CameraYawRotationState.java,CameraYawRotationState,101,6,8,0,2,false,false,4,false,false,2,5,1,13,0,false,false,true,true,false,private,7,1,0,false,,
\SweetHome3D\src\com\eteks\sweethome3d\viewcontroller\PlanController.CompassResizeState.java,CompassResizeState,92,5,8,0,2,false,false,3,false,false,0,5,2,10,0,false,false,true,true,false,private,7,1,0,false,,
\SweetHome3D\src\com\eteks\sweethome3d\viewcontroller\PlanController.CompassRotationState.java,CompassRotationState,91,4,8,0,2,false,false,3,false,false,1,5,1,8,0,false,false,true,true,false,private,7,1,0,false,,
\SweetHome3D\src\com\eteks\sweethome3d\viewcontroller\PlanController.ControllerState.java,ControllerState,59,0,15,3,0,false,false,2,false,false,0,18,0,0,0,true,false,true,true,false,protected,15,0,0,true,,
\SweetHome3D\src\com\eteks\sweethome3d\viewcontroller\PlanController.DimensionLineCreationState.java,DimensionLineCreationState,75,1,7,1,1,false,false,4,false,false,3,9,2,2,0,false,false,true,true,false,private,7,0,0,false,,
\SweetHome3D\src\com\eteks\sweethome3d\viewcontroller\PlanController.DimensionLineOffsetState.java,DimensionLineOffsetState,84,4,7,0,1,false,false,4,false,false,0,4,2,12,0,false,false,true,true,false,private,7,0,0,false,,
\SweetHome3D\src\com\eteks\sweethome3d\viewcontroller\PlanController.EditableProperty.java,EditableProperty,25,7,0,0,0,false,false,2,false,false,0,0,0,0,0,true,false,true,false,true,public,0,0,0,false,,
\SweetHome3D\src\com\eteks\sweethome3d\viewcontroller\PlanController.DimensionLineDrawingState.java,DimensionLineDrawingState,323,8,14,2,2,false,false,4,false,false,23,12,6,38,0,false,false,true,true,false,private,11,3,0,false,,
\SweetHome3D\src\com\eteks\sweethome3d\viewcontroller\PlanController.DragAndDropState.java,DragAndDropState,97,8,5,0,1,false,false,4,false,false,4,2,5,9,0,false,false,true,true,false,private,5,0,0,false,,
\SweetHome3D\src\com\eteks\sweethome3d\viewcontroller\PlanController.DimensionLineResizeState.java,DimensionLineResizeState,240,9,10,0,2,false,false,4,false,false,16,5,2,49,0,false,false,true,true,false,private,8,2,0,false,,
\SweetHome3D\src\com\eteks\sweethome3d\viewcontroller\PlanController.LabelCreationState.java,LabelCreationState,39,0,3,0,1,false,false,3,false,false,0,5,0,0,0,false,false,true,true,false,private,3,0,0,false,,
\SweetHome3D\src\com\eteks\sweethome3d\viewcontroller\PlanController.JoinedWall.java,JoinedWall,96,7,9,0,5,false,false,2,false,false,0,2,3,8,0,true,false,true,true,false,private,9,0,0,false,,
\SweetHome3D\src\com\eteks\sweethome3d\viewcontroller\PlanController.LightPowerModificationState.java,LightPowerModificationState,86,4,8,0,2,false,false,4,false,false,0,5,1,7,0,false,false,true,true,false,private,7,1,0,false,,
\SweetHome3D\src\com\eteks\sweethome3d\viewcontroller\PlanController.Mode.java,Mode,44,7,2,0,0,false,false,1,false,false,0,0,0,0,0,true,false,true,true,false,public,2,0,0,false,,
\SweetHome3D\src\com\eteks\sweethome3d\viewcontroller\PlanController.PanningState.java,PanningState,86,2,9,1,1,false,false,2,false,false,3,13,0,3,0,false,false,true,true,false,private,9,0,0,false,,
\SweetHome3D\src\com\eteks\sweethome3d\viewcontroller\PlanController.PieceOfFurnitureElevationState.java,PieceOfFurnitureElevationState,101,5,9,0,2,false,false,5,false,false,1,6,1,10,0,false,false,true,true,false,private,8,1,0,false,,
\SweetHome3D\src\com\eteks\sweethome3d\viewcontroller\PlanController.PieceOfFurnitureNameOffsetState.java,PieceOfFurnitureNameOffsetState,75,5,7,0,1,false,false,6,false,false,0,4,1,7,0,false,false,true,true,false,private,7,0,0,false,,
\SweetHome3D\src\com\eteks\sweethome3d\viewcontroller\PlanController.PieceOfFurnitureHeightState.java,PieceOfFurnitureHeightState,121,6,9,0,2,false,false,5,false,false,2,6,1,18,0,false,false,true,true,false,private,8,1,0,false,,
\SweetHome3D\src\com\eteks\sweethome3d\viewcontroller\PlanController.PieceOfFurnitureResizeState.java,PieceOfFurnitureResizeState,160,7,9,0,2,false,false,5,false,false,7,7,3,31,0,false,false,true,true,false,private,8,1,0,false,,
\SweetHome3D\src\com\eteks\sweethome3d\viewcontroller\PlanController.PieceOfFurnitureRotationState.java,PieceOfFurnitureRotationState,112,7,9,0,2,false,false,5,false,false,3,6,2,11,0,false,false,true,true,false,private,8,1,0,false,,
\SweetHome3D\src\com\eteks\sweethome3d\viewcontroller\PlanController.Property.java,Property,25,3,0,0,0,false,false,1,false,false,0,0,0,0,0,false,false,true,false,true,public,0,0,0,false,,
\SweetHome3D\src\com\eteks\sweethome3d\viewcontroller\PlanController.PointMagnetizedToClosestWallOrRoomPoint.java,PointMagnetizedToClosestWallOrRoomPoint,84,3,4,0,2,false,false,8,false,false,2,4,4,1,0,false,false,true,true,false,private,3,1,0,false,,
\SweetHome3D\src\com\eteks\sweethome3d\viewcontroller\PlanController.PointWithAngleMagnetism.java,PointWithAngleMagnetism,125,3,2,0,2,false,false,4,false,false,5,0,2,0,0,true,false,true,true,false,private,0,0,0,false,,
\SweetHome3D\src\com\eteks\sweethome3d\viewcontroller\PlanController.RectangleSelectionState.java,RectangleSelectionState,138,2,8,0,1,false,false,3,false,false,10,9,5,6,0,false,false,true,true,false,private,7,1,0,false,,
\SweetHome3D\src\com\eteks\sweethome3d\viewcontroller\PlanController.ResizedPieceOfFurniture.java,ResizedPieceOfFurniture,127,12,7,0,5,false,false,4,false,false,5,1,5,20,0,true,false,true,true,false,private,6,1,0,false,,
\SweetHome3D\src\com\eteks\sweethome3d\viewcontroller\PlanController.RoomAreaOffsetState.java,RoomAreaOffsetState,75,5,7,0,1,false,false,4,false,false,0,4,1,7,0,false,false,true,true,false,private,7,0,0,false,,
\SweetHome3D\src\com\eteks\sweethome3d\viewcontroller\PlanController.RoomCreationState.java,RoomCreationState,75,1,7,1,1,false,false,3,false,false,2,9,1,5,0,false,false,true,true,false,private,7,0,0,false,,
\SweetHome3D\src\com\eteks\sweethome3d\viewcontroller\PlanController.RoomNameOffsetState.java,RoomNameOffsetState,75,5,7,0,1,false,false,4,false,false,0,4,1,7,0,false,false,true,true,false,private,7,0,0,false,,
\SweetHome3D\src\com\eteks\sweethome3d\viewcontroller\PlanController.RoomResizeState.java,RoomResizeState,125,8,8,0,1,false,false,3,false,false,2,5,3,16,0,false,false,true,true,false,private,8,0,0,false,,
\SweetHome3D\src\com\eteks\sweethome3d\viewcontroller\PlanController.WallCreationState.java,WallCreationState,56,0,6,1,1,false,false,3,false,false,1,8,1,1,0,false,false,true,true,false,private,6,0,0,false,,
\SweetHome3D\src\com\eteks\sweethome3d\viewcontroller\PlanController.RoomDrawingState.java,RoomDrawingState,456,9,17,2,2,false,false,3,false,false,33,19,14,54,0,false,false,true,true,false,private,11,6,0,false,,
\SweetHome3D\src\com\eteks\sweethome3d\viewcontroller\PlanController.SelectionState.java,SelectionState,167,1,5,0,1,false,false,2,false,false,8,7,9,2,0,false,false,true,true,false,private,5,0,0,false,,
\SweetHome3D\src\com\eteks\sweethome3d\viewcontroller\PlanController.SelectionMoveState.java,SelectionMoveState,284,15,10,1,1,false,false,3,false,false,27,7,13,29,0,false,false,true,true,false,private,9,1,0,false,,
\SweetHome3D\src\com\eteks\sweethome3d\viewcontroller\PlanController.WallResizeState.java,WallResizeState,113,7,8,0,1,false,false,3,false,false,2,5,1,17,0,false,false,true,true,false,private,8,0,0,false,,
\SweetHome3D\src\com\eteks\sweethome3d\viewcontroller\PlanView.CursorType.java,CursorType,25,9,0,0,0,false,false,2,false,false,0,0,0,0,0,false,false,true,false,true,public,0,0,0,false,,
\SweetHome3D\src\com\eteks\sweethome3d\viewcontroller\PlanController.WallDrawingState.java,WallDrawingState,527,17,18,3,3,false,false,3,false,false,35,24,10,68,0,false,false,true,true,false,private,12,6,0,false,,
\SweetHome3D\src\com\eteks\sweethome3d\viewcontroller\PrintPreviewController.java,PrintPreviewController,62,5,2,0,1,false,false,3,true,true,1,1,2,0,0,false,false,false,true,false,public,2,0,0,false,,
\SweetHome3D\src\com\eteks\sweethome3d\viewcontroller\PlanView.java,PlanView,147,0,0,0,0,false,false,2,false,false,0,0,4,0,0,false,true,false,false,false,public,0,0,0,false,,
\SweetHome3D\src\com\eteks\sweethome3d\viewcontroller\RoomController.ModifiedRoom.java,ModifiedRoom,67,11,2,0,1,false,false,2,false,false,0,0,2,10,0,true,false,true,true,false,private,2,0,0,false,,
\SweetHome3D\src\com\eteks\sweethome3d\viewcontroller\RoomController.Property.java,Property,26,10,0,0,0,false,false,1,false,false,0,0,0,0,0,false,false,true,false,true,public,0,0,0,false,,
\SweetHome3D\src\com\eteks\sweethome3d\viewcontroller\RoomController.RoomPaint.java,RoomPaint,25,2,0,0,0,false,false,2,false,false,0,0,0,0,0,false,false,true,false,true,public,0,0,0,false,,
\SweetHome3D\src\com\eteks\sweethome3d\viewcontroller\RoomController.RoomsModificationUndoableEdit.java,RoomsModificationUndoableEdit,95,14,3,0,1,false,false,4,false,false,0,0,8,2,0,true,false,true,true,false,private,3,0,0,false,,
\SweetHome3D\src\com\eteks\sweethome3d\viewcontroller\TextureChoiceController.Property.java,Property,25,1,0,0,0,false,false,1,false,false,0,0,0,0,0,false,false,true,false,true,public,0,0,0,false,,
\SweetHome3D\src\com\eteks\sweethome3d\viewcontroller\TextureChoiceView.java,TextureChoiceView,32,0,0,0,0,false,false,3,false,false,0,0,0,0,0,false,true,false,false,false,public,0,0,0,false,,
\SweetHome3D\src\com\eteks\sweethome3d\viewcontroller\TextureChoiceController.java,TextureChoiceController,121,7,10,1,3,false,false,3,true,true,3,8,5,8,0,false,false,false,true,false,public,10,0,0,false,,
\SweetHome3D\src\com\eteks\sweethome3d\viewcontroller\ThreadedTaskController.ExceptionHandler.java,ExceptionHandler,27,0,0,0,0,false,false,2,true,false,0,0,0,0,0,true,true,true,false,false,public,0,0,0,false,,
\SweetHome3D\src\com\eteks\sweethome3d\viewcontroller\RoomController.java,RoomController,537,19,30,10,13,false,false,2,true,true,42,27,11,51,0,false,false,false,true,false,public,27,2,1,false,,
\SweetHome3D\src\com\eteks\sweethome3d\viewcontroller\ThreadedTaskView.java,ThreadedTaskView,36,0,0,0,0,false,false,3,false,false,0,0,0,0,0,false,true,false,false,false,public,0,0,0,false,,
\SweetHome3D\src\com\eteks\sweethome3d\viewcontroller\ThreadedTaskController.java,ThreadedTaskController,136,8,4,0,1,false,false,3,true,true,3,1,7,9,0,false,false,false,true,false,public,4,0,0,false,,
\SweetHome3D\src\com\eteks\sweethome3d\viewcontroller\UserPreferencesController.Property.java,Property,28,14,0,0,0,false,false,1,false,false,0,0,0,0,0,false,false,true,false,true,public,0,0,0,false,,
\SweetHome3D\src\com\eteks\sweethome3d\viewcontroller\VideoController.HomeEnvironmentChangeListener.java,HomeEnvironmentChangeListener,43,1,1,0,0,false,false,4,true,false,1,1,4,3,0,true,false,true,true,false,private,1,0,0,false,,
\SweetHome3D\src\com\eteks\sweethome3d\viewcontroller\VideoController.Property.java,Property,25,8,0,0,0,false,false,1,false,false,0,0,0,0,0,false,false,true,false,true,public,0,0,0,false,,
\SweetHome3D\src\com\eteks\sweethome3d\viewcontroller\UserPreferencesController.java,UserPreferencesController,368,18,36,14,7,false,false,3,true,true,15,20,5,44,0,false,false,false,true,false,public,35,0,1,false,,
\SweetHome3D\src\com\eteks\sweethome3d\viewcontroller\View.java,View,26,0,0,0,0,false,false,1,false,false,0,0,0,0,0,false,true,false,false,false,public,0,0,0,false,,
\SweetHome3D\src\com\eteks\sweethome3d\viewcontroller\ViewFactory.java,ViewFactory,160,0,0,0,0,false,false,2,false,false,0,0,6,0,0,false,true,false,false,false,public,0,0,0,false,,
\SweetHome3D\src\com\eteks\sweethome3d\viewcontroller\WallController.ModifiedWall.java,ModifiedWall,105,15,15,0,15,false,false,2,false,false,0,0,2,14,0,true,false,true,true,false,private,15,0,0,false,,
\SweetHome3D\src\com\eteks\sweethome3d\viewcontroller\VideoController.java,VideoController,279,14,26,11,11,false,false,2,true,true,11,19,8,33,0,false,false,false,true,false,public,23,2,1,false,,
\SweetHome3D\src\com\eteks\sweethome3d\viewcontroller\WallController.Property.java,Property,28,19,0,0,0,false,false,1,false,false,0,0,0,0,0,false,false,true,false,true,public,0,0,0,false,,
\SweetHome3D\src\com\eteks\sweethome3d\viewcontroller\WallController.WallPaint.java,WallPaint,25,2,0,0,0,false,false,2,false,false,0,0,0,0,0,false,false,true,false,true,public,0,0,0,false,,
\SweetHome3D\src\com\eteks\sweethome3d\viewcontroller\WallController.WallShape.java,WallShape,25,2,0,0,0,false,false,2,false,false,0,0,0,0,0,false,false,true,false,true,public,0,0,0,false,,
\SweetHome3D\src\com\eteks\sweethome3d\viewcontroller\WallController.WallsModificationUndoableEdit.java,WallsModificationUndoableEdit,106,18,3,0,1,false,false,4,false,false,0,0,8,2,0,true,false,true,true,false,private,3,0,0,false,,
\SweetHome3D\src\com\eteks\sweethome3d\viewcontroller\WizardController.Property.java,Property,30,7,0,0,0,false,false,1,false,false,0,0,0,0,0,false,false,true,false,true,public,0,0,0,false,,
\SweetHome3D\src\com\eteks\sweethome3d\viewcontroller\WizardController.WizardControllerStepState.java,WizardControllerStepState,95,4,13,3,1,false,false,4,false,false,3,5,3,3,0,true,false,true,true,false,protected,11,2,0,true,,
\SweetHome3D\src\com\eteks\sweethome3d\viewcontroller\WizardController.java,WizardController,251,13,22,8,5,false,false,2,true,true,10,13,5,23,0,false,false,false,true,false,public,15,5,2,true,,
\SweetHome3D\src\com\eteks\sweethome3d\tools\OperatingSystem.MacOSXFileManager.java,MacOSXFileManager,32,0,1,0,1,false,false,6,true,false,0,0,2,0,0,true,false,true,true,false,private,1,0,0,false,,
\SweetHome3D\src\com\eteks\sweethome3d\tools\ExtensionsClassLoader.java,ExtensionsClassLoader,334,4,6,0,0,false,false,3,true,false,24,9,19,33,0,false,false,false,true,false,public,1,1,4,false,,
\SweetHome3D\src\com\eteks\sweethome3d\tools\ResourceURLContent.java,ResourceURLContent,115,3,2,0,1,false,false,5,false,false,5,2,2,5,0,false,false,false,true,false,public,1,1,0,false,,
\SweetHome3D\src\com\eteks\sweethome3d\tools\OperatingSystem.java,OperatingSystem,217,4,8,0,2,false,false,2,false,false,10,3,9,27,0,false,false,false,true,false,public,7,1,0,false,,
\SweetHome3D\src\com\eteks\sweethome3d\tools\TemporaryURLContent.java,TemporaryURLContent,71,1,1,0,0,false,false,5,false,false,4,1,7,5,0,false,false,false,true,false,public,1,0,0,false,,
\SweetHome3D\src\com\eteks\sweethome3d\viewcontroller\WallController.java,WallController,962,28,53,21,21,false,false,2,true,true,84,49,12,109,0,false,false,false,true,false,public,45,7,1,false,,
\SweetHome3D\src\com\eteks\sweethome3d\tools\URLContent.java,URLContent,106,2,7,0,3,false,false,4,false,false,3,1,5,5,0,false,false,false,true,false,public,7,0,0,false,,
\SweetHome3D\src\com\eteks\sweethome3d\swing\AutoCommitSpinner.java,AutoCommitSpinner,103,0,0,0,0,false,false,3,true,false,5,0,9,10,0,false,false,false,true,false,public,0,0,0,false,,
\SweetHome3D\src\com\eteks\sweethome3d\swing\AutoCompleteTextField.AutoCompleteDocument.java,AutoCompleteDocument,83,0,2,0,0,false,false,3,false,false,5,4,6,7,0,false,false,true,true,false,private,1,1,0,false,,
\SweetHome3D\src\com\eteks\sweethome3d\swing\AutoCompleteTextField.java,AutoCompleteTextField,39,1,0,0,0,false,false,4,false,false,0,0,2,0,0,false,false,false,true,false,public,0,0,0,false,,
\SweetHome3D\src\com\eteks\sweethome3d\swing\BackgroundImageWizardStepsPanel.OriginImagePreviewComponent.java,OriginImagePreviewComponent,143,1,3,0,0,false,false,4,false,false,3,3,20,15,0,true,false,true,true,false,private,1,1,1,false,,
\SweetHome3D\src\com\eteks\sweethome3d\viewcontroller\PlanController.java,PlanController,3881,52,183,5,76,false,false,2,true,true,231,284,40,556,0,false,false,false,true,false,public,44,90,49,false,,
\SweetHome3D\src\com\eteks\sweethome3d\swing\BackgroundImageWizardStepsPanel.ScaleImagePreviewComponent.java,ScaleImagePreviewComponent,191,1,3,0,0,false,false,4,false,false,9,3,20,24,0,true,false,true,true,false,private,1,1,1,false,,
\SweetHome3D\src\com\eteks\sweethome3d\swing\ColorButton.java,ColorButton,181,6,4,2,2,false,false,2,false,false,7,2,23,12,0,false,false,false,true,false,public,4,0,0,false,,
\SweetHome3D\src\com\eteks\sweethome3d\swing\BackgroundImageWizardStepsPanel.java,BackgroundImageWizardStepsPanel,501,18,11,3,0,false,false,5,false,false,12,16,41,55,0,false,false,false,true,false,public,1,10,0,false,,
\SweetHome3D\src\com\eteks\sweethome3d\swing\ControllerAction.java,ControllerAction,98,3,1,0,0,false,false,2,false,false,0,1,4,2,0,false,false,false,true,false,public,1,0,0,false,,
\SweetHome3D\src\com\eteks\sweethome3d\swing\FurnitureCatalogListPanel.CatalogCellRenderer.java,CatalogCellRenderer,82,3,4,0,3,false,false,3,true,false,0,8,13,7,0,true,false,true,true,false,private,2,1,1,false,,
\SweetHome3D\src\com\eteks\sweethome3d\swing\FurnitureCatalogListPanel.CatalogListModel.java,CatalogListModel,99,4,5,2,2,false,false,3,false,false,2,3,11,14,0,true,false,true,true,false,private,4,1,0,false,,
\SweetHome3D\src\com\eteks\sweethome3d\swing\FurnitureCatalogListPanel.PreferencesChangeListener.java,PreferencesChangeListener,80,1,2,0,0,false,false,3,true,false,3,2,12,9,0,true,false,true,true,false,private,2,0,0,false,,
\SweetHome3D\src\com\eteks\sweethome3d\swing\CompassPanel.java,CompassPanel,484,18,4,1,0,false,false,2,false,false,8,5,44,75,0,false,false,false,true,false,public,1,3,0,false,,
\SweetHome3D\src\com\eteks\sweethome3d\swing\FileContentManager.java,FileContentManager,584,2,0,0,0,false,false,3,true,false,27,0,18,56,0,false,false,false,true,false,public,0,0,0,false,,
\SweetHome3D\src\com\eteks\sweethome3d\swing\FurnitureCatalogTransferHandler.java,FurnitureCatalogTransferHandler,145,3,5,0,2,false,false,4,true,false,5,7,18,9,0,false,false,false,true,false,public,4,0,1,false,,
\SweetHome3D\src\com\eteks\sweethome3d\swing\FurnitureCatalogTree.CatalogCellRenderer.java,CatalogCellRenderer,87,3,3,0,2,false,false,3,true,false,2,10,12,9,0,true,false,true,true,false,private,1,1,1,false,,
\SweetHome3D\src\com\eteks\sweethome3d\swing\FurnitureCatalogListPanel.java,FurnitureCatalogListPanel,452,6,11,3,3,false,false,4,false,false,17,10,58,63,0,false,false,false,true,false,public,4,7,0,false,,
\SweetHome3D\src\com\eteks\sweethome3d\swing\FurnitureCatalogTree.CatalogTreeModel.java,CatalogTreeModel,152,2,10,0,4,false,false,3,false,false,7,12,13,20,0,true,false,true,true,false,private,8,2,0,false,,
\SweetHome3D\src\com\eteks\sweethome3d\swing\FurnitureTable.FurnitureFilter.java,FurnitureFilter,33,0,0,0,0,false,false,2,true,false,0,0,2,0,0,true,true,true,false,false,public,0,0,0,false,,
\SweetHome3D\src\com\eteks\sweethome3d\swing\FurnitureCatalogTree.java,FurnitureCatalogTree,220,2,6,0,2,false,false,3,false,false,13,6,23,25,0,false,false,false,true,false,public,1,5,0,false,,
\SweetHome3D\src\com\eteks\sweethome3d\swing\FurnitureTable.FurnitureTableModel.java,FurnitureTableModel,181,3,9,1,6,false,false,3,false,false,14,7,9,17,0,true,false,true,true,false,private,7,2,0,false,,
\SweetHome3D\src\com\eteks\sweethome3d\swing\FurnitureTable.UserPreferencesChangeListener.java,UserPreferencesChangeListener,45,1,1,0,0,false,false,4,true,false,1,1,4,5,0,true,false,true,true,false,private,1,0,0,false,,
\SweetHome3D\src\com\eteks\sweethome3d\swing\HelpPane.ActionType.java,ActionType,25,4,0,0,0,false,false,2,false,false,0,0,0,0,0,false,false,true,false,true,private,0,0,0,false,,
\SweetHome3D\src\com\eteks\sweethome3d\swing\FurnitureTransferHandler.java,FurnitureTransferHandler,158,5,5,0,1,false,false,3,true,false,6,8,15,9,0,false,false,false,true,false,public,3,0,2,false,,
\SweetHome3D\src\com\eteks\sweethome3d\swing\HelpPane.LanguageChangeListener.java,LanguageChangeListener,55,1,1,0,0,false,false,3,true,false,2,1,6,3,0,true,false,true,true,false,private,1,0,0,false,,
\SweetHome3D\src\com\eteks\sweethome3d\swing\FurnitureTable.FurnitureTableColumnModel.java,FurnitureTableColumnModel,648,2,17,0,13,false,false,4,false,false,20,16,29,47,0,true,false,true,true,false,private,0,17,0,false,,
\SweetHome3D\src\com\eteks\sweethome3d\swing\FurnitureTable.java,FurnitureTable,555,2,13,1,1,false,false,2,false,false,25,19,43,59,0,false,false,false,true,false,public,3,10,0,false,,
\SweetHome3D\src\com\eteks\sweethome3d\swing\HomeComponent3D.ActionType.java,ActionType,28,14,0,0,0,false,false,2,false,false,0,0,0,0,0,false,false,true,false,true,private,0,0,0,false,,
\SweetHome3D\src\com\eteks\sweethome3d\swing\HelpPane.java,HelpPane,411,5,13,2,0,false,false,2,false,false,12,16,42,56,0,false,false,false,true,false,public,1,12,0,false,,
\SweetHome3D\src\com\eteks\sweethome3d\swing\HomeComponent3D.CameraInterpolator.java,CameraInterpolator,105,3,2,0,0,false,false,2,true,false,4,3,8,28,0,false,false,true,true,false,private,2,0,0,false,,
\SweetHome3D\src\com\eteks\sweethome3d\swing\HomeComponent3D.NavigationButton.java,NavigationButton,121,1,0,0,0,false,false,2,false,false,1,0,18,12,0,true,false,true,true,false,private,0,0,0,false,,
\SweetHome3D\src\com\eteks\sweethome3d\swing\HomeComponent3D.NavigationPanelChangeListener.java,NavigationPanelChangeListener,46,1,1,0,0,false,false,4,true,false,1,1,5,3,0,true,false,true,true,false,private,1,0,0,false,,
\SweetHome3D\src\com\eteks\sweethome3d\swing\Home3DAttributesPanel.java,Home3DAttributesPanel,408,18,6,1,0,false,false,4,false,false,8,6,25,49,0,false,false,false,true,false,public,1,5,0,false,,
\SweetHome3D\src\com\eteks\sweethome3d\swing\HomePrintableComponent.Variable.java,Variable,69,9,3,0,3,false,false,1,false,false,0,1,1,2,0,false,false,true,false,true,public,3,0,0,false,,
\SweetHome3D\src\com\eteks\sweethome3d\swing\HomePDFPrinter.java,HomePDFPrinter,113,4,1,0,0,false,false,5,true,false,3,1,17,16,0,false,false,false,true,false,public,1,0,0,false,,
\SweetHome3D\src\com\eteks\sweethome3d\swing\HomeTransferableList.java,HomeTransferableList,76,2,3,0,2,false,false,3,false,false,1,2,6,1,0,false,false,false,true,false,public,3,0,0,false,,
\SweetHome3D\src\com\eteks\sweethome3d\swing\IconManager.IconProxy.java,IconProxy,59,1,4,0,3,false,false,2,false,false,1,4,5,5,0,false,false,true,true,false,private,4,0,0,false,,
\SweetHome3D\src\com\eteks\sweethome3d\swing\IconManager.java,IconManager,212,5,11,0,7,false,false,2,true,false,7,12,16,12,0,false,false,false,true,false,public,10,1,0,false,,
\SweetHome3D\src\com\eteks\sweethome3d\swing\HomePrintableComponent.java,HomePrintableComponent,379,12,8,1,5,false,false,3,false,false,30,8,28,75,0,false,false,false,true,false,public,6,1,1,false,,
\SweetHome3D\src\com\eteks\sweethome3d\swing\ImportedFurnitureWizardStepsPanel.AttributesPreviewComponent.java,AttributesPreviewComponent,31,0,0,0,0,false,false,3,false,false,0,0,1,0,0,true,false,true,true,false,private,0,0,0,false,,
\SweetHome3D\src\com\eteks\sweethome3d\swing\ImportedFurnitureWizardStepsPanel.AbstractModelPreviewComponent.java,AbstractModelPreviewComponent,140,0,4,0,0,false,false,4,false,false,1,4,9,14,0,true,false,true,true,false,private,0,0,4,true,,
\SweetHome3D\src\com\eteks\sweethome3d\swing\ImportedFurnitureWizardStepsPanel.AutoRepeatButton.java,AutoRepeatButton,72,1,0,0,0,false,false,3,false,false,2,0,10,9,0,true,false,true,true,false,private,0,0,0,false,,
\SweetHome3D\src\com\eteks\sweethome3d\swing\ImportedFurnitureWizardStepsPanel.IconPreviewComponent.java,IconPreviewComponent,50,1,2,1,1,false,false,3,false,false,0,1,4,0,0,true,false,true,true,false,private,1,0,1,false,,
\SweetHome3D\src\com\eteks\sweethome3d\swing\HomeFurniturePanel.java,HomeFurniturePanel,808,33,7,1,0,false,false,3,false,false,23,9,27,133,0,false,false,false,true,false,public,1,6,0,false,,
\SweetHome3D\src\com\eteks\sweethome3d\swing\ImportedFurnitureWizardStepsPanel.RotationPreviewComponent.java,RotationPreviewComponent,184,7,5,0,2,false,false,3,false,false,1,2,17,10,0,true,false,true,true,false,private,1,4,0,false,,
\SweetHome3D\src\com\eteks\sweethome3d\swing\HomeComponent3D.java,HomeComponent3D,1604,26,41,2,1,false,false,3,false,false,84,73,111,229,0,false,false,false,true,false,public,3,36,0,false,,
\SweetHome3D\src\com\eteks\sweethome3d\swing\InterruptedPrinterException.java,InterruptedPrinterException,39,0,0,0,0,false,false,3,false,false,0,0,1,0,0,false,false,false,true,false,public,0,0,0,false,,
\SweetHome3D\src\com\eteks\sweethome3d\swing\JPEGImagesToVideo.java,JPEGImagesToVideo,195,5,2,0,0,false,false,7,false,false,9,7,26,26,0,false,false,false,true,false,public,1,1,0,false,,
\SweetHome3D\src\com\eteks\sweethome3d\swing\LabelPanel.java,LabelPanel,145,5,4,1,0,false,false,2,false,false,5,6,18,11,0,false,false,false,true,false,public,1,3,0,false,,
\SweetHome3D\src\com\eteks\sweethome3d\swing\LocatedTransferHandler.java,LocatedTransferHandler,192,3,7,0,2,false,false,3,true,false,10,11,17,17,0,false,false,false,true,false,public,1,0,6,true,,
\SweetHome3D\src\com\eteks\sweethome3d\swing\ImportedTextureWizardStepsPanel.java,ImportedTextureWizardStepsPanel,656,18,13,3,0,false,false,5,false,false,24,18,59,89,0,false,false,false,true,false,public,1,12,0,false,,
\SweetHome3D\src\com\eteks\sweethome3d\swing\NullableSpinner.NullableSpinnerLengthModel.java,NullableSpinnerLengthModel,58,1,2,1,1,false,false,4,false,false,2,1,2,7,0,true,false,true,true,false,public,2,0,0,false,,
\SweetHome3D\src\com\eteks\sweethome3d\swing\NullableSpinner.NullableSpinnerNumberModel.java,NullableSpinnerNumberModel,113,2,7,2,4,false,false,4,false,false,9,2,1,6,0,true,false,true,true,false,public,7,0,0,false,,
\SweetHome3D\src\com\eteks\sweethome3d\swing\NullableCheckBox.java,NullableCheckBox,211,7,14,6,3,false,false,3,false,false,9,8,11,12,0,false,false,false,true,false,public,13,1,0,false,,
\SweetHome3D\src\com\eteks\sweethome3d\swing\NullableSpinner.java,NullableSpinner,118,0,0,0,0,false,false,2,true,false,7,0,3,11,0,false,false,false,true,false,public,0,0,0,false,,
\SweetHome3D\src\com\eteks\sweethome3d\swing\PhotoPanel.ActionType.java,ActionType,25,4,0,0,0,false,false,2,false,false,0,0,0,0,0,false,false,true,false,true,private,0,0,0,false,,
\SweetHome3D\src\com\eteks\sweethome3d\swing\PhotoPanel.LanguageChangeListener.java,LanguageChangeListener,48,1,1,0,0,false,false,3,true,false,1,1,6,3,0,true,false,true,true,false,public,1,0,0,false,,
\SweetHome3D\src\com\eteks\sweethome3d\swing\ImportedFurnitureWizardStepsPanel.java,ImportedFurnitureWizardStepsPanel,1175,41,19,5,2,false,false,5,false,false,27,24,67,154,0,false,false,false,true,false,public,2,17,0,false,,
\SweetHome3D\src\com\eteks\sweethome3d\swing\ModelPreviewComponent.java,ModelPreviewComponent,739,7,31,12,11,false,false,3,false,false,37,29,62,85,0,false,false,false,true,false,public,5,14,12,false,,
\SweetHome3D\src\com\eteks\sweethome3d\swing\PlanComponent.ActionType.java,ActionType,30,16,0,0,0,false,false,2,false,false,0,0,0,0,0,false,false,true,false,true,private,0,0,0,false,,
\SweetHome3D\src\com\eteks\sweethome3d\swing\PageSetupPanel.java,PageSetupPanel,437,17,8,1,0,false,false,3,false,false,10,8,42,61,0,false,false,false,true,false,public,2,6,0,false,,
\SweetHome3D\src\com\eteks\sweethome3d\swing\PlanComponent.PaintMode.java,PaintMode,25,4,0,0,0,false,false,2,false,false,0,0,0,0,0,false,false,true,false,true,protected,0,0,0,false,,
\SweetHome3D\src\com\eteks\sweethome3d\swing\PlanComponent.PieceOfFurnitureTopViewIcon.java,PieceOfFurnitureTopViewIcon,51,1,6,1,2,false,false,6,false,false,0,5,3,4,0,true,false,true,true,false,private,5,0,1,true,,
\SweetHome3D\src\com\eteks\sweethome3d\swing\PlanComponent.PieceOfFurnitureModelIcon.java,PieceOfFurnitureModelIcon,236,3,3,0,1,false,false,5,false,false,9,7,37,39,0,true,false,true,true,false,private,0,3,0,false,,
\SweetHome3D\src\com\eteks\sweethome3d\swing\PlanComponent.PieceOfFurniturePlanIcon.java,PieceOfFurniturePlanIcon,136,4,2,1,0,false,false,5,false,false,4,6,16,21,0,true,false,true,true,false,private,1,1,0,false,,
\SweetHome3D\src\com\eteks\sweethome3d\swing\PlanComponent.SVGSupport.java,SVGSupport,74,0,1,0,0,false,false,4,false,false,1,2,11,12,0,true,false,true,true,false,private,1,0,0,false,,
\SweetHome3D\src\com\eteks\sweethome3d\swing\PlanComponent.PlanRulerComponent.java,PlanRulerComponent,258,2,6,0,2,false,false,3,false,false,15,6,20,23,0,false,false,true,true,false,public,1,4,1,false,,
\SweetHome3D\src\com\eteks\sweethome3d\swing\PlanComponent.UserPreferencesChangeListener.java,UserPreferencesChangeListener,74,1,1,0,0,false,false,4,true,false,5,1,7,10,0,true,false,true,true,false,private,1,0,0,false,,
\SweetHome3D\src\com\eteks\sweethome3d\swing\PhotoPanel.java,PhotoPanel,1040,36,15,2,2,false,false,2,false,false,34,12,79,169,0,false,false,false,true,false,public,1,14,0,false,,
\SweetHome3D\src\com\eteks\sweethome3d\swing\PrintPreviewPanel.ActionType.java,ActionType,25,2,0,0,0,false,false,2,false,false,0,0,0,0,0,false,false,true,false,true,private,0,0,0,false,,
\SweetHome3D\src\com\eteks\sweethome3d\swing\PlanTransferHandler.java,PlanTransferHandler,246,6,11,0,2,false,false,3,true,false,12,20,19,20,0,false,false,false,true,false,public,2,3,6,false,,
\SweetHome3D\src\com\eteks\sweethome3d\swing\ProportionalLayout.Constraints.java,Constraints,28,2,0,0,0,false,false,1,false,false,0,0,0,0,0,false,false,true,false,true,public,0,0,0,false,,
\SweetHome3D\src\com\eteks\sweethome3d\swing\PrintPreviewPanel.java,PrintPreviewPanel,217,4,7,0,0,false,false,3,false,false,2,5,29,18,0,false,false,false,true,false,public,1,6,0,false,,
\SweetHome3D\src\com\eteks\sweethome3d\swing\ResourceAction.ButtonAction.java,ButtonAction,39,0,1,0,1,false,false,2,false,false,1,1,2,1,0,true,false,true,true,false,public,1,0,0,false,,
\SweetHome3D\src\com\eteks\sweethome3d\swing\ResourceAction.AbstractDecoratedAction.java,AbstractDecoratedAction,77,2,8,1,1,false,false,3,false,false,2,10,5,5,0,true,false,true,true,false,private,7,0,1,false,,
\SweetHome3D\src\com\eteks\sweethome3d\swing\ProportionalLayout.java,ProportionalLayout,211,3,10,0,2,false,false,2,false,false,14,12,5,23,0,false,false,false,true,false,public,10,0,0,false,,
\SweetHome3D\src\com\eteks\sweethome3d\swing\ResourceAction.LanguageChangeListener.java,LanguageChangeListener,51,3,1,0,0,false,false,3,true,false,1,1,4,3,0,true,false,true,true,false,private,1,0,0,false,,
\SweetHome3D\src\com\eteks\sweethome3d\swing\ResourceAction.MenuItemAction.java,MenuItemAction,41,0,1,0,1,false,false,3,false,false,1,1,2,1,0,true,false,true,true,false,public,1,0,0,false,,
\SweetHome3D\src\com\eteks\sweethome3d\swing\ResourceAction.PopupMenuItemAction.java,PopupMenuItemAction,60,0,1,0,1,false,false,4,false,false,3,1,4,4,0,true,false,true,true,false,public,1,0,0,false,,
\SweetHome3D\src\com\eteks\sweethome3d\swing\ResourceAction.ToolBarAction.java,ToolBarAction,37,0,1,0,1,false,false,3,false,false,1,1,1,0,0,true,false,true,true,false,public,1,0,0,false,,
\SweetHome3D\src\com\eteks\sweethome3d\swing\ResourceAction.java,ResourceAction,143,1,3,0,1,false,false,2,false,false,5,7,5,2,0,false,false,false,true,false,public,1,2,0,false,,
\SweetHome3D\src\com\eteks\sweethome3d\swing\ScaledImageComponent.java,ScaledImageComponent,174,2,8,1,4,false,false,3,false,false,8,6,13,15,0,false,false,false,true,false,public,3,0,5,false,,
\SweetHome3D\src\com\eteks\sweethome3d\swing\SwingTools.MenuItemsVisibilityListener.java,MenuItemsVisibilityListener,117,0,5,0,0,false,false,4,true,false,10,5,7,12,0,true,false,true,true,false,private,3,2,0,false,,
\SweetHome3D\src\com\eteks\sweethome3d\swing\RoomPanel.java,RoomPanel,513,19,9,1,0,false,false,2,false,false,18,12,23,76,0,false,false,false,true,false,public,1,8,0,false,,
\SweetHome3D\src\com\eteks\sweethome3d\swing\SwingViewFactory.java,SwingViewFactory,249,0,23,0,0,false,false,3,false,false,2,63,38,1,0,false,false,false,true,false,public,23,0,0,false,,
\SweetHome3D\src\com\eteks\sweethome3d\swing\TextureChoiceComponent.java,TextureChoiceComponent,119,1,1,0,0,false,false,3,false,false,2,0,19,8,0,false,false,false,true,false,public,1,0,0,false,,
\SweetHome3D\src\com\eteks\sweethome3d\swing\ThreadedTaskPanel.java,ThreadedTaskPanel,155,6,6,3,0,false,false,3,false,false,5,7,16,9,0,false,false,false,true,false,public,4,2,0,false,,
\SweetHome3D\src\com\eteks\sweethome3d\swing\SwingTools.java,SwingTools,528,3,14,0,3,false,false,2,false,false,27,24,53,64,0,false,false,false,true,false,public,13,1,0,false,,
\SweetHome3D\src\com\eteks\sweethome3d\swing\UnfocusableToolBar.java,UnfocusableToolBar,101,0,1,0,0,false,false,3,false,false,4,0,10,3,0,false,false,false,true,false,public,0,1,0,false,,
\SweetHome3D\src\com\eteks\sweethome3d\swing\UserPreferencesPanel.SpinnerLengthModel.java,SpinnerLengthModel,83,1,3,1,1,false,false,3,false,false,1,6,5,3,0,true,false,true,true,false,private,2,1,0,false,,
\SweetHome3D\src\com\eteks\sweethome3d\swing\TextureChoiceComponent.TexturePanel.java,TexturePanel,435,10,8,2,2,false,false,2,false,false,17,7,58,61,0,true,false,true,true,false,private,3,5,0,false,,
\SweetHome3D\src\com\eteks\sweethome3d\swing\VideoPanel.ActionType.java,ActionType,26,13,0,0,0,false,false,2,false,false,0,0,0,0,0,false,false,true,false,true,private,0,0,0,false,,
\SweetHome3D\src\com\eteks\sweethome3d\swing\VideoPanel.FrameGenerator.java,FrameGenerator,40,1,1,0,0,false,false,2,true,false,1,0,4,2,0,true,false,true,true,false,private,0,0,1,true,,
\SweetHome3D\src\com\eteks\sweethome3d\swing\VideoPanel.Image3DGenerator.java,Image3DGenerator,68,3,1,0,0,false,false,3,true,false,1,2,7,7,0,true,false,true,true,false,private,1,0,0,false,,
\SweetHome3D\src\com\eteks\sweethome3d\swing\VideoPanel.ImageDataSource.java,ImageDataSource,85,1,11,1,6,false,false,3,false,false,0,2,8,0,0,true,false,true,true,false,private,11,0,0,false,,
\SweetHome3D\src\com\eteks\sweethome3d\swing\VideoPanel.LanguageChangeListener.java,LanguageChangeListener,48,1,1,0,0,false,false,3,true,false,1,1,6,3,0,true,false,true,true,false,public,1,0,0,false,,
\SweetHome3D\src\com\eteks\sweethome3d\swing\VideoPanel.ImageSourceStream.java,ImageSourceStream,108,6,8,0,5,false,false,3,false,false,1,2,12,3,0,true,false,true,true,false,private,8,0,0,false,,
\SweetHome3D\src\com\eteks\sweethome3d\swing\VideoPanel.PhotoImageGenerator.java,PhotoImageGenerator,54,2,1,0,0,false,false,3,true,false,1,2,6,0,0,true,false,true,true,false,private,1,0,0,false,,
\SweetHome3D\src\com\eteks\sweethome3d\swing\VisualTransferHandler.DragGestureRecognizerWithVisualRepresentation.java,DragGestureRecognizerWithVisualRepresentation,45,0,3,0,0,false,false,6,false,false,0,4,4,2,0,false,false,true,true,false,private,0,0,2,false,,
\SweetHome3D\src\com\eteks\sweethome3d\swing\UserPreferencesPanel.java,UserPreferencesPanel,775,36,5,1,0,false,false,3,false,false,51,5,40,105,0,false,false,false,true,false,public,1,4,0,false,,
\SweetHome3D\src\com\eteks\sweethome3d\swing\VisualTransferHandler.java,VisualTransferHandler,59,1,1,0,0,false,false,3,true,false,1,3,5,1,0,false,false,false,true,false,public,1,0,0,false,,
\SweetHome3D\src\com\eteks\sweethome3d\swing\VisualTransferHandler.DragListenerWithVisualRepresentation.java,DragListenerWithVisualRepresentation,88,2,6,0,0,false,false,5,false,false,3,6,16,10,0,false,false,true,true,false,private,6,0,0,false,,
\SweetHome3D\src\com\eteks\sweethome3d\swing\WizardPane.java,WizardPane,264,6,5,0,0,false,false,2,false,false,10,6,30,36,0,false,false,false,true,false,public,1,4,0,false,,
\SweetHome3D\src\com\eteks\sweethome3d\plugin\Plugin.java,Plugin,193,9,19,9,9,false,false,1,false,false,0,9,3,0,0,false,false,false,true,false,public,10,0,0,true,,
\SweetHome3D\src\com\eteks\sweethome3d\plugin\PluginAction.Property.java,Property,61,7,0,0,0,false,false,1,false,false,0,0,0,0,0,false,false,true,false,true,public,0,0,0,false,,
\SweetHome3D\src\com\eteks\sweethome3d\plugin\PluginAction.java,PluginAction,188,2,8,1,2,false,false,2,false,false,6,11,8,5,0,false,false,false,true,false,public,6,2,0,true,,
\SweetHome3D\src\com\eteks\sweethome3d\plugin\PluginManager.PluginDefinition.java,PluginDefinition,70,7,7,0,7,false,false,2,false,false,0,0,0,0,0,true,false,true,true,false,private,7,0,0,false,,
\SweetHome3D\src\com\eteks\sweethome3d\swing\WallPanel.java,WallPanel,874,37,10,1,0,false,false,2,false,false,23,14,28,147,0,false,false,false,true,false,public,1,9,0,false,,
\SweetHome3D\src\com\eteks\sweethome3d\model\AspectRatio.java,AspectRatio,43,8,1,0,1,false,false,2,false,false,0,0,0,0,0,false,false,false,false,true,public,1,0,0,false,,
\SweetHome3D\src\com\eteks\sweethome3d\model\BackgroundImage.java,BackgroundImage,148,10,11,0,10,false,false,2,false,false,0,5,2,0,0,false,false,false,true,false,public,11,0,0,false,,
\SweetHome3D\src\com\eteks\sweethome3d\model\Camera.Lens.java,Lens,25,4,0,0,0,false,false,1,false,false,0,0,0,0,0,false,false,true,false,true,public,0,0,0,false,,
\SweetHome3D\src\com\eteks\sweethome3d\model\Camera.Property.java,Property,25,9,0,0,0,false,false,1,false,false,0,0,0,0,0,false,false,true,false,true,public,0,0,0,false,,
\SweetHome3D\src\com\eteks\sweethome3d\plugin\PluginManager.java,PluginManager,387,13,8,0,2,false,false,2,true,false,20,14,33,40,0,false,false,false,true,false,public,3,5,0,false,,
\SweetHome3D\src\com\eteks\sweethome3d\swing\VideoPanel.java,VideoPanel,1466,39,27,2,3,false,false,2,false,false,57,18,101,272,0,false,false,false,true,false,public,1,26,0,false,,
\SweetHome3D\src\com\eteks\sweethome3d\swing\PlanComponent.java,PlanComponent,4151,73,120,13,35,false,false,2,false,false,272,334,132,713,0,false,false,false,true,false,public,39,72,9,false,,
\SweetHome3D\src\com\eteks\sweethome3d\model\CatalogDoorOrWindow.java,CatalogDoorOrWindow,200,4,4,0,3,false,false,4,false,false,1,0,1,1,0,false,false,false,true,false,public,4,0,0,false,,
\SweetHome3D\src\com\eteks\sweethome3d\model\CatalogLight.java,CatalogLight,140,2,1,0,1,false,false,2,false,false,1,0,1,1,0,false,false,false,true,false,public,1,0,0,false,,
\SweetHome3D\src\com\eteks\sweethome3d\model\Camera.java,Camera,319,12,26,10,9,false,false,1,false,false,10,16,8,22,0,false,false,false,true,false,public,23,3,0,false,,
\SweetHome3D\src\com\eteks\sweethome3d\model\CollectionChangeSupport.java,CollectionChangeSupport,74,2,4,0,0,false,false,3,false,false,1,7,2,2,0,false,false,false,true,false,public,4,0,0,false,,
\SweetHome3D\src\com\eteks\sweethome3d\model\CatalogTexture.java,CatalogTexture,165,10,12,1,7,false,false,2,false,false,0,3,1,2,0,false,false,false,true,false,public,11,0,0,false,,
\SweetHome3D\src\com\eteks\sweethome3d\model\CollectionEvent.Type.java,Type,26,2,0,0,0,false,false,1,false,false,0,0,0,0,0,false,false,true,false,true,public,0,0,0,false,,
\SweetHome3D\src\com\eteks\sweethome3d\model\CollectionEvent.java,CollectionEvent,67,3,3,0,3,false,false,2,false,false,0,0,1,0,0,false,false,false,true,false,public,3,0,0,false,,
\SweetHome3D\src\com\eteks\sweethome3d\model\CatalogPieceOfFurniture.java,CatalogPieceOfFurniture,480,28,30,1,17,false,false,4,false,false,1,4,2,2,0,false,false,false,true,false,public,28,1,0,false,,
\SweetHome3D\src\com\eteks\sweethome3d\model\CollectionListener.java,CollectionListener,32,0,0,0,0,false,false,2,true,false,0,0,1,0,0,false,true,false,false,false,public,0,0,0,false,,
\SweetHome3D\src\com\eteks\sweethome3d\model\Compass.GeographicPoint.java,GeographicPoint,40,2,2,0,2,false,false,2,false,false,0,0,0,0,0,true,false,true,true,false,private,2,0,0,false,,
\SweetHome3D\src\com\eteks\sweethome3d\model\Compass.Property.java,Property,27,8,0,0,0,false,false,1,false,false,0,0,0,0,0,false,false,true,false,true,public,0,0,0,false,,
\SweetHome3D\src\com\eteks\sweethome3d\model\Content.java,Content,34,0,0,0,0,false,false,1,false,false,0,0,3,0,0,false,true,false,false,false,public,0,0,0,false,,
\SweetHome3D\src\com\eteks\sweethome3d\model\DimensionLine.Property.java,Property,25,6,0,0,0,false,false,1,false,false,0,0,0,0,0,false,false,true,false,true,public,0,0,0,false,,
\SweetHome3D\src\com\eteks\sweethome3d\model\DoorOrWindow.java,DoorOrWindow,42,0,0,0,0,false,false,3,false,false,0,0,0,0,0,false,true,false,false,false,public,0,0,0,false,,
\SweetHome3D\src\com\eteks\sweethome3d\model\FurnitureCatalog.java,FurnitureCatalog,138,3,9,0,3,false,false,2,false,false,6,7,3,8,0,false,false,false,true,false,public,7,2,0,true,,
\SweetHome3D\src\com\eteks\sweethome3d\model\Home.Property.java,Property,27,11,0,0,0,false,false,1,false,false,0,0,0,0,0,false,false,true,false,true,public,0,0,0,false,,
\SweetHome3D\src\com\eteks\sweethome3d\model\DimensionLine.java,DimensionLine,316,9,26,6,9,false,false,2,false,false,8,31,10,9,0,false,false,false,true,false,public,23,3,0,false,,
\SweetHome3D\src\com\eteks\sweethome3d\model\FurnitureCategory.java,FurnitureCategory,127,4,10,0,4,false,false,2,false,false,3,5,4,6,0,false,false,false,true,false,public,7,1,0,false,,
\SweetHome3D\src\com\eteks\sweethome3d\model\HomeApplication.java,HomeApplication,120,2,9,0,4,false,false,2,false,false,1,5,3,2,0,false,false,false,true,false,public,9,0,0,true,,
\SweetHome3D\src\com\eteks\sweethome3d\model\HomeDoorOrWindow.java,HomeDoorOrWindow,141,5,11,5,3,false,false,4,false,false,5,5,0,5,0,false,false,false,true,false,public,11,0,0,false,,
\SweetHome3D\src\com\eteks\sweethome3d\model\HomeEnvironment.DrawingMode.java,DrawingMode,27,3,0,0,0,false,false,2,false,false,0,0,0,0,0,false,false,true,false,true,public,0,0,0,false,,
\SweetHome3D\src\com\eteks\sweethome3d\model\HomeEnvironment.Property.java,Property,27,17,0,0,0,false,false,1,false,false,0,0,0,0,0,false,false,true,false,true,public,0,0,0,false,,
\SweetHome3D\src\com\eteks\sweethome3d\model\HomeEnvironment.java,HomeEnvironment,501,21,40,17,18,false,false,2,false,false,21,23,7,29,0,false,false,false,true,false,public,38,2,0,false,,
\SweetHome3D\src\com\eteks\sweethome3d\model\HomeLight.Property.java,Property,26,1,0,0,0,false,false,1,false,false,0,0,0,0,0,false,false,true,false,true,public,0,0,0,false,,
\SweetHome3D\src\com\eteks\sweethome3d\model\Home.java,Home,1077,43,79,13,27,false,false,1,false,false,39,64,12,69,0,false,false,false,true,false,public,73,6,0,false,,
\SweetHome3D\src\com\eteks\sweethome3d\model\HomePieceOfFurniture.Property.java,Property,26,19,0,0,0,false,false,1,false,false,0,0,0,0,0,false,false,true,false,true,public,0,0,0,false,,
\SweetHome3D\src\com\eteks\sweethome3d\model\HomeLight.java,HomeLight,117,4,7,1,2,false,false,2,false,false,2,4,4,5,0,false,false,false,true,false,public,6,1,0,false,,
\SweetHome3D\src\com\eteks\sweethome3d\model\HomePieceOfFurniture.SortableProperty.java,SortableProperty,27,18,0,0,0,false,false,2,false,false,0,0,0,0,0,false,false,true,false,true,public,0,0,0,false,,
\SweetHome3D\src\com\eteks\sweethome3d\model\Compass.java,Compass,1049,15,30,8,10,false,false,1,false,false,18,32,15,27,0,false,false,false,true,false,public,25,5,0,false,,
\SweetHome3D\src\com\eteks\sweethome3d\model\HomeFurnitureGroup.java,HomeFurnitureGroup,547,15,35,12,14,false,false,3,false,false,26,14,8,70,0,false,false,false,true,false,public,31,4,0,false,,
\SweetHome3D\src\com\eteks\sweethome3d\model\HomePrint.PaperOrientation.java,PaperOrientation,25,3,0,0,0,false,false,2,false,false,0,0,0,0,0,false,false,true,false,true,public,0,0,0,false,,
\SweetHome3D\src\com\eteks\sweethome3d\model\HomeRecorder.Type.java,Type,33,2,0,0,0,false,false,1,false,false,0,0,0,0,0,false,false,true,false,true,public,0,0,0,false,,
\SweetHome3D\src\com\eteks\sweethome3d\model\HomeRecorder.java,HomeRecorder,47,0,0,0,0,false,false,2,true,false,0,0,0,0,0,false,true,false,false,false,public,0,0,0,false,,
\SweetHome3D\src\com\eteks\sweethome3d\model\HomePrint.java,HomePrint,154,14,13,0,10,false,false,2,false,false,0,0,1,0,0,false,false,false,true,false,public,13,0,0,false,,
\SweetHome3D\src\com\eteks\sweethome3d\model\IllegalHomonymException.java,IllegalHomonymException,38,1,0,0,0,false,false,3,false,false,0,0,0,0,0,false,false,false,true,false,public,0,0,0,false,,
\SweetHome3D\src\com\eteks\sweethome3d\model\HomeTexture.java,HomeTexture,93,5,6,0,4,false,false,2,false,false,1,1,1,6,0,false,false,false,true,false,public,6,0,0,false,,
\SweetHome3D\src\com\eteks\sweethome3d\model\InterruptedRecorderException.java,InterruptedRecorderException,39,1,0,0,0,false,false,3,false,false,0,0,0,0,0,false,false,false,true,false,public,0,0,0,false,,
\SweetHome3D\src\com\eteks\sweethome3d\model\Label.Property.java,Property,25,4,0,0,0,false,false,1,false,false,0,0,0,0,0,false,false,true,false,true,public,0,0,0,false,,
\SweetHome3D\src\com\eteks\sweethome3d\model\Label.java,Label,182,6,16,4,5,false,false,1,false,false,4,16,6,6,0,false,false,false,true,false,public,15,1,0,false,,
\SweetHome3D\src\com\eteks\sweethome3d\model\LengthUnit.MeterFamilyFormat.java,MeterFamilyFormat,53,1,3,0,0,false,false,3,false,false,1,8,3,1,0,true,false,true,true,false,private,3,0,0,false,,
\SweetHome3D\src\com\eteks\sweethome3d\model\LengthUnit.SquareMeterAreaFormatWithUnit.java,SquareMeterAreaFormatWithUnit,36,0,1,0,0,false,false,6,false,false,0,3,2,0,0,true,false,true,true,false,private,1,0,0,false,,
\SweetHome3D\src\com\eteks\sweethome3d\model\Light.java,Light,33,0,0,0,0,false,false,1,false,false,0,0,0,0,0,false,true,false,false,false,public,0,0,0,false,,
\SweetHome3D\src\com\eteks\sweethome3d\model\LightSource.java,LightSource,81,6,5,0,5,false,false,2,false,false,0,0,1,0,0,false,false,false,true,false,public,5,0,0,false,,
\SweetHome3D\src\com\eteks\sweethome3d\model\HomePieceOfFurniture.java,HomePieceOfFurniture,926,37,71,19,27,false,false,4,false,false,37,56,17,80,0,false,false,false,true,false,public,66,5,0,false,,
\SweetHome3D\src\com\eteks\sweethome3d\model\ObserverCamera.java,ObserverCamera,189,3,14,4,6,false,false,2,false,false,3,13,6,4,0,false,false,false,true,false,public,12,2,0,false,,
\SweetHome3D\src\com\eteks\sweethome3d\model\PatternsCatalog.java,PatternsCatalog,68,1,4,0,4,false,false,2,false,false,1,2,3,2,0,false,false,false,true,false,public,4,0,0,false,,
\SweetHome3D\src\com\eteks\sweethome3d\model\PieceOfFurniture.java,PieceOfFurniture,112,0,0,0,0,false,false,3,false,false,0,0,1,0,0,false,true,false,false,false,public,0,0,0,false,,
\SweetHome3D\src\com\eteks\sweethome3d\model\RecorderException.java,RecorderException,46,1,0,0,0,false,false,2,false,false,0,0,0,0,0,false,false,false,true,false,public,0,0,0,false,,
\SweetHome3D\src\com\eteks\sweethome3d\model\Room.Property.java,Property,28,17,0,0,0,false,false,1,false,false,0,0,0,0,0,false,false,true,false,true,public,0,0,0,false,,
\SweetHome3D\src\com\eteks\sweethome3d\model\LengthUnit.java,LengthUnit,511,4,5,0,1,false,false,2,false,false,23,6,8,44,0,false,false,false,false,true,public,4,1,0,false,,
\SweetHome3D\src\com\eteks\sweethome3d\model\Sash.java,Sash,84,6,5,0,5,false,false,1,false,false,0,0,1,0,0,false,false,false,true,false,public,5,0,0,false,,
\SweetHome3D\src\com\eteks\sweethome3d\model\Selectable.java,Selectable,52,0,0,0,0,false,false,1,false,false,0,0,0,0,0,false,true,false,false,false,public,0,0,0,false,,
\SweetHome3D\src\com\eteks\sweethome3d\model\SelectionEvent.java,SelectionEvent,42,1,1,0,1,false,false,2,false,false,0,0,2,0,0,false,false,false,true,false,public,1,0,0,false,,
\SweetHome3D\src\com\eteks\sweethome3d\model\SelectionListener.java,SelectionListener,31,0,0,0,0,false,false,2,true,false,0,0,1,0,0,false,true,false,false,false,public,0,0,0,false,,
\SweetHome3D\src\com\eteks\sweethome3d\model\TextStyle.java,TextStyle,140,5,10,0,2,false,false,2,false,false,7,6,5,1,0,false,false,false,true,false,public,8,2,0,false,,
\SweetHome3D\src\com\eteks\sweethome3d\model\TextureImage.java,TextureImage,43,0,0,0,0,false,false,2,false,false,0,0,1,0,0,false,true,false,false,false,public,0,0,0,false,,
\SweetHome3D\src\com\eteks\sweethome3d\model\Room.java,Room,673,21,59,18,21,false,false,1,false,false,28,54,13,35,0,false,false,false,true,false,public,53,6,0,false,,
\SweetHome3D\src\com\eteks\sweethome3d\model\TexturesCatalog.java,TexturesCatalog,135,3,9,0,3,false,false,2,false,false,6,7,3,8,0,false,false,false,true,false,public,7,2,0,true,,
\SweetHome3D\src\com\eteks\sweethome3d\model\TexturesCategory.java,TexturesCategory,126,4,10,0,4,false,false,2,false,false,3,5,4,6,0,false,false,false,true,false,public,7,1,0,false,,
\SweetHome3D\src\com\eteks\sweethome3d\model\UserPreferences.PrefixedResourceBundle.java,PrefixedResourceBundle,49,2,3,0,2,false,false,3,false,false,0,1,3,2,0,true,false,true,true,false,private,2,0,1,false,,
\SweetHome3D\src\com\eteks\sweethome3d\model\UserPreferences.Property.java,Property,29,16,0,0,0,false,false,1,false,false,0,0,0,0,0,false,false,true,false,true,public,0,0,0,false,,
\SweetHome3D\src\com\eteks\sweethome3d\model\Wall.Property.java,Property,29,17,0,0,0,false,false,1,false,false,0,0,0,0,0,false,false,true,false,true,public,0,0,0,false,,
\SweetHome3D\src\com\eteks\sweethome3d\j3d\Component3DManager.RenderingErrorListenerManager.java,RenderingErrorListenerManager,44,0,1,1,0,false,false,4,true,false,1,2,3,1,0,true,false,true,true,false,private,1,0,0,false,,
\SweetHome3D\src\com\eteks\sweethome3d\j3d\Component3DManager.RenderingErrorObserver.java,RenderingErrorObserver,28,0,0,0,0,false,false,3,true,false,0,0,0,0,0,true,true,true,false,false,public,0,0,0,false,,
\SweetHome3D\src\com\eteks\sweethome3d\j3d\Component3DManager.RenderingObserver.java,RenderingObserver,40,0,0,0,0,false,false,2,true,false,0,0,1,0,0,true,true,true,false,false,public,0,0,0,false,,
\SweetHome3D\src\com\eteks\sweethome3d\model\UserPreferences.java,UserPreferences,726,27,54,20,21,false,false,2,false,false,29,40,14,40,0,false,false,false,true,false,public,47,3,4,true,,
\SweetHome3D\src\com\eteks\sweethome3d\j3d\Component3DManager.java,Component3DManager,273,6,9,1,7,false,false,3,true,false,14,9,15,12,0,false,false,false,true,false,public,8,1,0,false,,
\SweetHome3D\src\com\eteks\sweethome3d\j3d\DAELoader.java,DAELoader,128,0,5,0,0,false,false,4,true,false,2,7,19,8,0,false,false,false,true,false,public,3,2,0,false,,
\SweetHome3D\src\com\eteks\sweethome3d\j3d\HomePieceOfFurniture3D.DefaultMaterialAndTexture.java,DefaultMaterialAndTexture,64,6,6,0,6,false,false,4,false,false,0,0,7,6,0,true,false,true,true,false,private,6,0,0,false,,
\SweetHome3D\src\com\eteks\sweethome3d\j3d\HomePieceOfFurniture3D.LightSelectionListener.java,LightSelectionListener,43,1,1,0,0,false,false,3,true,false,1,1,4,3,0,true,false,true,true,false,private,1,0,0,false,,
\SweetHome3D\src\com\eteks\sweethome3d\model\Wall.java,Wall,912,21,60,19,25,false,false,1,false,false,56,57,12,42,0,false,false,false,true,false,public,49,11,0,false,,
\SweetHome3D\src\com\eteks\sweethome3d\j3d\Ground3D.java,Ground3D,212,4,2,0,0,false,false,2,false,false,13,1,16,30,0,false,false,false,true,false,public,1,1,0,false,,
\SweetHome3D\src\com\eteks\sweethome3d\j3d\ModelManager.ModelObserver.java,ModelObserver,34,0,0,0,0,false,false,2,true,false,0,0,1,0,0,true,true,true,false,false,public,0,0,0,false,,
\SweetHome3D\src\com\eteks\sweethome3d\j3d\OBJLoader.Face.java,Face,56,1,2,0,1,false,false,1,false,false,1,0,1,2,0,true,false,true,true,false,private,2,0,0,false,,
\SweetHome3D\src\com\eteks\sweethome3d\j3d\OBJLoader.Geometry.java,Geometry,67,3,4,0,3,false,false,1,false,false,1,0,1,3,0,true,false,true,true,false,private,4,0,0,true,,
\SweetHome3D\src\com\eteks\sweethome3d\j3d\OBJLoader.Group.java,Group,59,3,5,1,2,false,false,1,false,false,0,2,2,1,0,true,false,true,true,false,private,5,0,0,false,,
\SweetHome3D\src\com\eteks\sweethome3d\j3d\HomePieceOfFurniture3D.java,HomePieceOfFurniture3D,622,4,22,8,3,false,false,5,false,false,37,29,35,96,0,false,false,false,true,false,public,1,21,0,false,,
\SweetHome3D\src\com\eteks\sweethome3d\j3d\OBJLoader.Line.java,Line,41,0,0,0,0,false,false,1,false,false,0,0,1,0,0,true,false,true,true,false,private,0,0,0,false,,
\SweetHome3D\src\com\eteks\sweethome3d\j3d\DAELoader.DAEHandler.java,DAEHandler,903,55,16,0,6,false,false,4,true,false,74,25,42,68,0,true,false,true,true,false,private,4,12,0,false,,
\SweetHome3D\src\com\eteks\sweethome3d\j3d\OBJMaterial.java,OBJMaterial,112,3,10,3,3,false,false,4,false,false,3,4,2,0,0,false,false,false,true,false,public,10,0,0,false,,
\SweetHome3D\src\com\eteks\sweethome3d\j3d\OBJWriter.ComparableAppearance.java,ComparableAppearance,176,1,3,0,1,false,false,2,false,false,17,1,6,33,0,true,false,true,true,false,private,3,0,0,false,,
\SweetHome3D\src\com\eteks\sweethome3d\j3d\Object3DBranch.java,Object3DBranch,92,7,2,0,2,false,false,3,false,false,2,4,10,1,0,false,false,false,true,false,public,0,0,2,true,,
\SweetHome3D\src\com\eteks\sweethome3d\j3d\Object3DBranchFactory.java,Object3DBranchFactory,46,0,1,0,0,false,false,4,false,false,1,3,6,1,0,false,false,false,true,false,public,1,0,0,false,,
\SweetHome3D\src\com\eteks\sweethome3d\j3d\PhotoRenderer.BufferedImageDisplay.java,BufferedImageDisplay,99,4,6,0,0,false,false,3,false,false,4,25,5,7,0,true,false,true,true,false,private,5,1,0,false,,
\SweetHome3D\src\com\eteks\sweethome3d\j3d\PhotoRenderer.Quality.java,Quality,26,2,0,0,0,false,false,1,false,false,0,0,0,0,0,false,false,true,false,true,public,0,0,0,false,,
\SweetHome3D\src\com\eteks\sweethome3d\j3d\PhotoRenderer.SphereLightWithNoRepresentation.java,SphereLightWithNoRepresentation,32,0,1,0,0,false,false,5,false,false,0,0,2,0,0,true,false,true,true,false,public,1,0,0,false,,
\SweetHome3D\src\com\eteks\sweethome3d\j3d\ModelManager.java,ModelManager,1244,12,31,0,11,false,false,2,true,false,84,84,67,118,0,false,false,false,true,false,public,13,18,0,false,,
\SweetHome3D\src\com\eteks\sweethome3d\j3d\PhotoRenderer.TransparentTextureKey.java,TransparentTextureKey,43,2,2,0,0,false,false,3,false,false,0,1,1,1,0,true,false,true,true,false,private,2,0,0,false,,
\SweetHome3D\src\com\eteks\sweethome3d\j3d\OBJLoader.java,OBJLoader,1736,9,16,0,2,false,false,4,true,false,73,23,44,123,0,false,false,false,true,false,public,3,13,0,false,,
\SweetHome3D\src\com\eteks\sweethome3d\j3d\PhotoRenderer.Triangle.java,Triangle,70,5,2,0,0,false,false,1,false,false,2,1,1,0,0,true,false,true,true,false,private,2,0,0,false,,
\SweetHome3D\src\com\eteks\sweethome3d\j3d\TextureManager.TextureKey.java,TextureKey,101,5,5,0,2,false,false,2,false,false,6,1,6,14,0,true,false,true,true,false,private,4,1,0,false,,
\SweetHome3D\src\com\eteks\sweethome3d\j3d\TextureManager.TextureObserver.java,TextureObserver,28,0,0,0,0,false,false,2,true,false,0,0,1,0,0,true,true,true,false,false,public,0,0,0,false,,
\SweetHome3D\src\com\eteks\sweethome3d\j3d\Room3D.java,Room3D,365,4,9,0,2,false,false,2,false,false,21,14,25,49,0,false,false,false,true,false,public,1,8,0,false,,
\SweetHome3D\src\com\eteks\sweethome3d\j3d\Wall3D.DoorOrWindowArea.java,DoorOrWindowArea,40,2,2,0,2,false,false,4,false,false,0,0,3,0,0,true,false,true,true,false,private,2,0,0,false,,
\SweetHome3D\src\com\eteks\sweethome3d\j3d\OBJWriter.java,OBJWriter,1237,11,25,0,0,false,false,4,true,false,95,103,61,113,0,false,false,false,true,false,public,8,17,0,false,,
\SweetHome3D\src\com\eteks\sweethome3d\j3d\TextureManager.java,TextureManager,284,7,10,1,2,false,false,2,true,false,14,12,20,25,0,false,false,false,true,false,public,7,3,0,false,,
\SweetHome3D\src\com\eteks\sweethome3d\io\DefaultFurnitureCatalog.PropertyKey.java,PropertyKey,208,34,1,0,1,false,false,2,false,false,0,1,0,0,0,false,false,true,false,true,public,1,0,0,false,,
\SweetHome3D\src\com\eteks\sweethome3d\io\AutoRecoveryManager.java,AutoRecoveryManager,357,10,8,0,1,false,false,3,true,false,22,5,31,53,0,false,false,false,true,false,public,1,7,0,false,,
\SweetHome3D\src\com\eteks\sweethome3d\io\DefaultHomeInputStream.HomeObjectInputStream.java,HomeObjectInputStream,52,0,1,0,0,false,false,4,false,false,2,1,5,3,0,false,false,true,true,false,private,0,0,1,false,,
\SweetHome3D\src\com\eteks\sweethome3d\io\DefaultHomeInputStream.java,DefaultHomeInputStream,98,1,2,0,0,false,false,4,false,false,3,0,12,5,0,false,false,false,true,false,public,1,1,0,false,,
\SweetHome3D\src\com\eteks\sweethome3d\io\DefaultHomeOutputStream.HomeObjectOutputStream.java,HomeObjectOutputStream,85,0,1,0,0,false,false,4,false,false,7,1,9,6,0,false,false,true,true,false,private,0,0,1,false,,
\SweetHome3D\src\com\eteks\sweethome3d\j3d\Wall3D.java,Wall3D,703,4,16,0,4,false,false,2,false,false,52,37,29,103,0,false,false,false,true,false,public,1,15,0,false,,
\SweetHome3D\src\com\eteks\sweethome3d\io\DefaultTexturesCatalog.PropertyKey.java,PropertyKey,71,8,1,0,1,false,false,2,false,false,0,1,0,0,0,false,false,true,false,true,public,1,0,0,false,,
\SweetHome3D\src\com\eteks\sweethome3d\io\DefaultHomeOutputStream.java,DefaultHomeOutputStream,257,4,7,0,1,false,false,4,false,false,13,14,20,30,0,false,false,false,true,false,public,1,6,0,false,,
\SweetHome3D\src\com\eteks\sweethome3d\j3d\PhotoRenderer.java,PhotoRenderer,1213,10,18,0,4,false,false,2,true,false,83,71,81,154,0,false,false,false,true,false,public,2,16,0,false,,
\SweetHome3D\src\com\eteks\sweethome3d\io\DefaultFurnitureCatalog.java,DefaultFurnitureCatalog,608,5,13,0,7,false,false,3,false,false,27,47,30,38,0,false,false,false,true,false,public,0,11,2,false,,
\SweetHome3D\src\com\eteks\sweethome3d\io\DefaultTexturesCatalog.java,DefaultTexturesCatalog,329,4,6,0,2,false,false,3,false,false,10,21,25,17,0,false,false,false,true,false,public,0,6,0,false,,
\SweetHome3D\src\com\eteks\sweethome3d\io\DefaultUserPreferences.java,DefaultUserPreferences,213,3,14,0,4,false,false,3,false,false,2,8,14,5,0,false,false,false,true,false,public,13,1,0,false,,
\SweetHome3D\src\com\eteks\sweethome3d\io\FileUserPreferences.PortablePreferences.java,PortablePreferences,127,3,12,0,1,false,false,2,false,false,2,5,9,8,0,false,false,true,true,false,private,1,2,9,false,,
\SweetHome3D\src\com\eteks\sweethome3d\io\HomeURLContent.java,HomeURLContent,30,0,0,0,0,false,false,5,false,false,0,0,2,0,0,false,false,false,true,false,default,0,0,0,false,,
\SweetHome3D\src\com\eteks\sweethome3d\io\HomeFileRecorder.java,HomeFileRecorder,177,2,3,0,0,false,false,3,true,false,6,4,13,10,0,false,false,false,true,false,public,3,0,0,false,,
\SweetHome3D\src\com\eteks\sweethome3d\applet\AppletApplication.AppletBasicService.java,AppletBasicService,49,2,4,0,1,false,false,3,false,false,0,1,3,0,0,true,false,true,true,false,private,4,0,0,false,,
\SweetHome3D\src\com\eteks\sweethome3d\applet\AppletApplication.StandaloneServiceManager.java,StandaloneServiceManager,46,1,2,0,1,false,false,3,true,false,1,1,5,0,0,true,false,true,true,false,private,2,0,0,false,,
\SweetHome3D\src\com\eteks\sweethome3d\applet\AppletContentManager.java,AppletContentManager,152,2,5,0,1,false,false,3,true,false,8,13,8,3,0,false,false,false,true,false,public,4,1,0,false,,
\SweetHome3D\src\com\eteks\sweethome3d\applet\HomeAppletController.java,HomeAppletController,153,4,5,0,0,false,false,3,true,true,3,0,17,14,0,false,false,false,true,false,public,5,0,0,false,,
\SweetHome3D\src\com\eteks\sweethome3d\io\FileUserPreferences.java,FileUserPreferences,1091,49,37,1,13,false,false,3,false,false,50,31,46,142,0,false,false,false,true,false,public,15,21,1,false,,
\SweetHome3D\src\com\eteks\sweethome3d\applet\AppletApplication.java,AppletApplication,638,27,20,0,13,false,false,2,false,false,41,17,53,82,0,false,false,false,true,false,public,6,10,4,false,,
\SweetHome3D\src\com\eteks\sweethome3d\applet\AppletUserPreferences.java,AppletUserPreferences,445,22,14,1,1,false,false,3,false,false,13,10,33,65,0,false,false,false,true,false,public,10,4,0,false,,
\SweetHome3D\src\com\eteks\sweethome3d\applet\HomeAppletRecorder.java,HomeAppletRecorder,201,4,4,0,1,false,false,3,true,false,7,4,17,20,0,false,false,false,true,false,public,4,0,0,false,,
\SweetHome3D\src\com\eteks\sweethome3d\applet\SweetHome3DViewer.java,SweetHome3DViewer,172,1,6,0,1,false,false,4,true,false,7,2,11,11,0,false,false,false,true,false,public,2,4,0,false,,
\SweetHome3D\src\com\eteks\sweethome3d\applet\SweetHome3DApplet.java,SweetHome3DApplet,368,1,9,0,3,false,false,4,false,false,13,2,19,19,0,false,false,false,true,false,public,3,5,1,false,,
\SweetHome3D\src\com\eteks\sweethome3d\applet\ViewerHelper.java,ViewerHelper,392,3,6,0,0,false,false,2,true,false,6,10,68,33,0,false,false,false,true,false,public,1,5,0,false,,
