sep=,
Fullpathname,Classname,loc,numAttr,numMethod,setters,getters,isPersist,isCollection,numWordName,isOrEr,isController,numIfs,numParameters,numImports,numOutboundInvocation,numInnerClasses,isStaticClass,isInterface,isInnerClass,isClass,isEnum,classPublicity,numPublicMethods,numPrivateMethods,numProtectedMethods,isAbstract,
\SweetHome3D\test\com\eteks\sweethome3d\junit\CatalogTreeTest.java,CatalogTreeTest,125,0,4,0,1,false,false,3,false,false,2,4,17,16,0,false,false,false,true,false,public,3,1,0,false,,
\SweetHome3D\test\com\eteks\sweethome3d\junit\HomeControllerTest.ControllerTest.java,ControllerTest,37,0,0,0,0,false,false,2,false,false,0,0,4,1,0,true,false,true,true,false,private,0,0,0,false,,
\SweetHome3D\test\com\eteks\sweethome3d\junit\HomeControllerTest.ViewTest.java,ViewTest,45,0,1,0,0,false,false,2,false,false,0,0,4,2,0,true,false,true,true,false,private,1,0,0,false,,
\SweetHome3D\test\com\eteks\sweethome3d\junit\BackgroundImageWizardTest.java,BackgroundImageWizardTest,206,0,3,0,0,false,false,4,false,false,0,7,31,35,0,false,false,false,true,false,public,1,2,0,false,,
\SweetHome3D\test\com\eteks\sweethome3d\junit\FurnitureTableTest.java,FurnitureTableTest,238,0,7,0,1,false,false,3,false,false,2,6,27,40,0,false,false,false,true,false,public,4,3,0,false,,
\SweetHome3D\test\com\eteks\sweethome3d\junit\HomeFileRecorderTest.java,HomeFileRecorderTest,140,0,4,0,0,false,false,4,false,false,3,7,14,40,0,false,false,false,true,false,public,1,3,0,false,,
\SweetHome3D\test\com\eteks\sweethome3d\junit\HomeTest.java,HomeTest,125,0,2,0,0,false,false,2,false,false,1,2,10,27,0,false,false,false,true,false,public,1,1,0,false,,
\SweetHome3D\test\com\eteks\sweethome3d\junit\HomeFurniturePanelTest.java,HomeFurniturePanelTest,202,0,5,0,0,false,false,4,false,false,0,18,25,52,0,false,false,false,true,false,public,2,3,0,false,,
\SweetHome3D\test\com\eteks\sweethome3d\junit\IconManagerTest.java,IconManagerTest,141,1,5,0,1,false,false,3,false,false,1,8,16,24,0,false,false,false,true,false,public,1,4,0,false,,
\SweetHome3D\test\com\eteks\sweethome3d\junit\HomeCameraTest.java,HomeCameraTest,454,0,6,0,0,false,false,3,false,false,1,21,40,114,0,false,false,false,true,false,public,1,5,0,false,,
\SweetHome3D\test\com\eteks\sweethome3d\junit\HomeControllerTest.java,HomeControllerTest,518,7,17,1,6,false,false,3,false,false,1,16,31,108,0,false,false,false,true,false,public,6,10,1,false,,
\SweetHome3D\test\com\eteks\sweethome3d\junit\ModelManagerTest.java,ModelManagerTest,62,0,3,0,1,false,false,3,false,false,1,1,10,6,0,false,false,false,true,false,public,2,1,0,false,,
\SweetHome3D\test\com\eteks\sweethome3d\junit\OBJWriterTest.java,OBJWriterTest,170,0,4,0,0,false,false,5,false,false,9,2,23,39,0,false,false,false,true,false,public,3,1,0,false,,
\SweetHome3D\test\com\eteks\sweethome3d\junit\ImportedFurnitureWizardTest.java,ImportedFurnitureWizardTest,446,0,2,0,0,false,false,4,false,false,0,5,45,119,0,false,false,false,true,false,public,1,1,0,false,,
\SweetHome3D\test\com\eteks\sweethome3d\junit\LevelTest.java,LevelTest,287,0,4,0,0,false,false,2,false,false,2,10,45,66,0,false,false,false,true,false,public,1,3,0,false,,
\SweetHome3D\test\com\eteks\sweethome3d\junit\PlanComponentTest.PlanTestFrame.java,PlanTestFrame,130,8,0,0,0,false,false,3,false,false,1,0,21,14,0,true,false,true,true,false,private,0,0,0,false,,
\SweetHome3D\test\com\eteks\sweethome3d\junit\PackageDependenciesTest.java,PackageDependenciesTest,169,0,1,0,0,false,false,3,false,false,0,0,6,1,0,false,false,false,true,false,public,1,0,0,false,,
\SweetHome3D\test\com\eteks\sweethome3d\junit\ImportedTextureWizardTest.java,ImportedTextureWizardTest,502,0,7,0,0,false,false,4,false,false,1,20,50,114,0,false,false,false,true,false,public,1,6,0,false,,
\SweetHome3D\test\com\eteks\sweethome3d\junit\PlanComponentWithFurnitureTest.TestFrame.java,TestFrame,92,8,0,0,0,false,false,2,false,false,0,0,18,4,0,true,false,true,true,false,private,0,0,0,false,,
\SweetHome3D\test\com\eteks\sweethome3d\junit\PhotoCreationTest.java,PhotoCreationTest,312,2,7,1,0,false,false,3,false,false,4,13,45,54,0,false,false,false,true,false,public,3,3,1,false,,
\SweetHome3D\test\com\eteks\sweethome3d\junit\PlanControllerTest.java,PlanControllerTest,244,0,6,0,0,false,false,3,false,false,1,12,19,25,0,false,false,false,true,false,public,1,5,0,false,,
\SweetHome3D\test\com\eteks\sweethome3d\junit\RoomTest.RoomTestFrame.java,RoomTestFrame,65,3,0,0,0,false,false,3,false,false,0,0,14,3,0,true,false,true,true,false,private,0,0,0,false,,
\SweetHome3D\test\com\eteks\sweethome3d\junit\PlanComponentTest.java,PlanComponentTest,415,0,7,0,0,false,false,3,false,false,2,13,18,75,0,false,false,false,true,false,public,3,4,0,false,,
\SweetHome3D\test\com\eteks\sweethome3d\junit\PrintTest.java,PrintTest,285,0,3,0,0,false,false,2,false,false,2,7,39,60,0,false,false,false,true,false,public,1,2,0,false,,
\SweetHome3D\test\com\eteks\sweethome3d\junit\TestUtilities.java,TestUtilities,76,0,4,1,1,false,false,2,false,false,0,11,7,3,0,false,false,false,true,false,public,4,0,0,false,,
\SweetHome3D\test\com\eteks\sweethome3d\junit\ThreadedTaskControllerTest.java,ThreadedTaskControllerTest,150,0,1,0,0,false,false,4,false,false,1,0,15,20,0,false,false,false,true,false,public,1,0,0,false,,
\SweetHome3D\test\com\eteks\sweethome3d\junit\RoomTest.java,RoomTest,212,0,4,0,0,false,false,2,false,false,0,8,21,48,0,false,false,false,true,false,public,2,2,0,false,,
\SweetHome3D\test\com\eteks\sweethome3d\junit\PlanComponentWithFurnitureTest.java,PlanComponentWithFurnitureTest,510,0,6,0,0,false,false,5,false,false,1,21,19,156,0,false,false,false,true,false,public,1,5,0,false,,
\SweetHome3D\test\com\eteks\sweethome3d\junit\WizardControllerTest.ControllerTest.java,ControllerTest,113,1,1,0,0,false,false,2,false,false,0,0,12,1,0,true,false,true,true,false,private,1,0,0,false,,
\SweetHome3D\test\com\eteks\sweethome3d\junit\TransferHandlerTest.java,TransferHandlerTest,241,0,4,0,1,false,false,3,false,false,0,10,31,43,0,false,false,false,true,false,public,1,3,0,false,,
\SweetHome3D\src\com\eteks\sweethome3d\HomeFrameController.java,HomeFrameController,79,7,3,0,2,false,false,3,true,true,2,0,9,1,0,false,false,false,true,false,public,3,0,0,false,,
\SweetHome3D\test\com\eteks\sweethome3d\junit\WallPanelTest.java,WallPanelTest,145,0,3,0,0,false,false,3,false,false,3,14,16,39,0,false,false,false,true,false,public,2,1,0,false,,
\SweetHome3D\src\com\eteks\sweethome3d\HomeFramePane.LanguageChangeListener.java,LanguageChangeListener,52,2,1,0,0,false,false,3,true,false,1,1,7,4,0,true,false,true,true,false,private,1,0,0,false,,
\SweetHome3D\test\com\eteks\sweethome3d\junit\WizardControllerTest.java,WizardControllerTest,130,0,2,0,0,false,false,3,false,false,0,1,11,27,0,false,false,false,true,false,public,2,0,0,false,,
\SweetHome3D\src\com\eteks\sweethome3d\SweetHome3D.FileContentManagerWithRecordedLastDirectories.java,FileContentManagerWithRecordedLastDirectories,122,3,2,1,1,false,false,7,false,false,7,3,5,3,0,true,false,true,true,false,private,0,0,2,false,,
\SweetHome3D\src\com\eteks\sweethome3d\SweetHome3D.StandaloneBasicService.java,StandaloneBasicService,136,0,5,0,1,false,false,3,false,false,4,1,5,4,0,true,false,true,true,false,private,4,1,0,false,,
\SweetHome3D\src\com\eteks\sweethome3d\SweetHome3D.StandaloneServiceManager.java,StandaloneServiceManager,89,1,2,0,1,false,false,3,true,false,1,1,2,0,0,true,false,true,true,false,private,2,0,0,false,,
\SweetHome3D\test\com\eteks\sweethome3d\junit\UserPreferencesPanelTest.java,UserPreferencesPanelTest,336,0,4,0,0,false,false,4,false,false,0,9,45,97,0,false,false,false,true,false,public,3,1,0,false,,
\SweetHome3D\src\com\eteks\sweethome3d\MacOSXConfiguration.java,MacOSXConfiguration,288,0,3,0,0,false,false,5,false,false,13,8,25,37,0,false,false,false,true,false,default,1,2,0,false,,
\SweetHome3D\src\com\eteks\sweethome3d\SweetHome3D.StandaloneSingleInstanceService.java,StandaloneSingleInstanceService,190,3,4,0,0,false,false,4,false,false,5,4,16,17,0,true,false,true,true,false,private,3,1,0,false,,
\SweetHome3D\src\com\eteks\sweethome3d\HomeFramePane.java,HomeFramePane,324,13,5,0,1,false,false,3,false,false,17,9,32,43,0,false,false,false,true,false,public,1,4,0,false,,
\SweetHome3D\src\com\eteks\sweethome3d\SweetHome3DBootstrap.java,SweetHome3DBootstrap,91,0,1,0,0,false,false,4,false,false,1,1,8,4,0,false,false,false,true,false,public,1,0,0,false,,
\SweetHome3D\src\com\eteks\sweethome3d\SweetHome3DJavaWebStartBootstrap.java,SweetHome3DJavaWebStartBootstrap,70,0,1,0,0,false,false,7,false,false,2,1,10,5,0,false,false,false,true,false,public,1,0,0,false,,
\SweetHome3D\src\com\eteks\sweethome3d\viewcontroller\BackgroundImageWizardController.BackgroundImageWizardStepState.java,BackgroundImageWizardStepState,41,1,3,0,2,false,false,5,false,false,0,0,1,0,0,false,false,true,true,false,protected,3,0,0,true,,
\SweetHome3D\src\com\eteks\sweethome3d\viewcontroller\BackgroundImageWizardController.BackgroundImageUndoableEdit.java,BackgroundImageUndoableEdit,79,6,3,0,1,false,false,4,false,false,2,0,7,2,0,true,false,true,true,false,private,3,0,0,false,,
\SweetHome3D\src\com\eteks\sweethome3d\viewcontroller\BackgroundImageWizardController.ImageOriginStepState.java,ImageOriginStepState,41,0,3,0,1,false,false,4,false,false,0,0,0,1,0,false,false,true,true,false,private,3,0,0,false,,
\SweetHome3D\src\com\eteks\sweethome3d\viewcontroller\BackgroundImageWizardController.ImageChoiceStepState.java,ImageChoiceStepState,50,0,3,0,1,false,false,4,false,false,0,0,2,1,0,false,false,true,true,false,private,3,0,0,false,,
\SweetHome3D\src\com\eteks\sweethome3d\viewcontroller\BackgroundImageWizardController.Property.java,Property,25,6,0,0,0,false,false,1,false,false,0,0,0,0,0,false,false,true,false,true,public,0,0,0,false,,
\SweetHome3D\src\com\eteks\sweethome3d\viewcontroller\BackgroundImageWizardController.Step.java,Step,25,3,0,0,0,false,false,1,false,false,0,0,0,0,0,false,false,true,false,true,public,0,0,0,false,,
\SweetHome3D\src\com\eteks\sweethome3d\viewcontroller\BackgroundImageWizardController.ImageScaleStepState.java,ImageScaleStepState,53,0,4,0,1,false,false,4,false,false,0,0,2,1,0,false,false,true,true,false,private,4,0,0,false,,
\SweetHome3D\src\com\eteks\sweethome3d\viewcontroller\CompassController.Property.java,Property,26,8,0,0,0,false,false,1,false,false,0,0,0,0,0,false,false,true,false,true,public,0,0,0,false,,
\SweetHome3D\src\com\eteks\sweethome3d\viewcontroller\CompassController.CompassUndoableEdit.java,CompassUndoableEdit,87,18,3,0,1,false,false,3,false,false,0,0,5,10,0,true,false,true,true,false,private,3,0,0,false,,
\SweetHome3D\src\com\eteks\sweethome3d\viewcontroller\ContentManager.ContentType.java,ContentType,25,13,0,0,0,false,false,2,false,false,0,0,0,0,0,false,false,true,false,true,public,0,0,0,false,,
\SweetHome3D\src\com\eteks\sweethome3d\viewcontroller\ContentManager.java,ContentManager,61,0,0,0,0,false,false,2,true,false,0,0,2,0,0,false,true,false,false,false,public,0,0,0,false,,
\SweetHome3D\src\com\eteks\sweethome3d\viewcontroller\Controller.java,Controller,27,0,0,0,0,false,false,1,true,true,0,0,0,0,0,false,true,false,false,false,public,0,0,0,false,,
\SweetHome3D\src\com\eteks\sweethome3d\viewcontroller\DialogView.java,DialogView,30,0,0,0,0,false,false,2,false,false,0,0,0,0,0,false,true,false,false,false,public,0,0,0,false,,
\SweetHome3D\src\com\eteks\sweethome3d\viewcontroller\FurnitureCatalogController.AddedFurnitureSelector.java,AddedFurnitureSelector,42,1,2,0,0,false,false,3,true,false,2,1,5,3,0,false,false,true,true,false,private,2,0,0,false,,
\SweetHome3D\src\com\eteks\sweethome3d\viewcontroller\FurnitureCatalogController.FurnitureCatalogChangeListener.java,FurnitureCatalogChangeListener,44,1,1,0,0,false,false,4,true,false,1,1,5,4,0,true,false,true,true,false,private,1,0,0,false,,
\SweetHome3D\src\com\eteks\sweethome3d\viewcontroller\BackgroundImageWizardController.java,BackgroundImageWizardController,281,19,20,5,12,false,false,4,true,true,8,13,9,18,0,false,false,false,true,false,public,14,0,6,false,,
\SweetHome3D\src\com\eteks\sweethome3d\viewcontroller\FurnitureCatalogController.FurnitureCatalogViewChangeListener.java,FurnitureCatalogViewChangeListener,45,1,1,0,0,false,false,5,true,false,1,1,4,2,0,true,false,true,true,false,private,1,0,0,false,,
\SweetHome3D\src\com\eteks\sweethome3d\viewcontroller\CompassController.java,CompassController,265,14,23,8,8,false,false,2,true,true,9,22,7,24,0,false,false,false,true,false,public,21,1,1,false,,
\SweetHome3D\src\com\eteks\sweethome3d\viewcontroller\FurnitureController.AlignedPieceOfFurniture.java,AlignedPieceOfFurniture,61,3,4,0,4,false,false,4,false,false,1,2,2,3,0,true,false,true,true,false,private,4,0,0,false,,
\SweetHome3D\src\com\eteks\sweethome3d\viewcontroller\FurnitureController.AlignmentAction.java,AlignmentAction,29,0,0,0,0,false,false,2,false,false,0,0,1,0,0,true,true,true,false,false,private,0,0,0,false,,
\SweetHome3D\src\com\eteks\sweethome3d\viewcontroller\FurnitureCatalogController.java,FurnitureCatalogController,201,7,11,1,2,false,false,3,true,true,10,6,8,19,0,false,false,false,true,false,public,9,2,0,false,,
\SweetHome3D\src\com\eteks\sweethome3d\viewcontroller\HelpController.LanguageChangeListener.java,LanguageChangeListener,47,1,1,0,0,false,false,3,true,false,1,1,4,4,0,true,false,true,true,false,private,1,0,0,false,,
\SweetHome3D\src\com\eteks\sweethome3d\SweetHome3D.java,SweetHome3D,659,12,21,0,9,false,false,3,false,false,41,9,41,67,0,false,false,false,true,false,public,6,8,6,false,,
\SweetHome3D\src\com\eteks\sweethome3d\viewcontroller\HelpController.Property.java,Property,26,5,0,0,0,false,false,1,false,false,0,0,0,0,0,false,false,true,false,true,public,0,0,0,false,,
\SweetHome3D\src\com\eteks\sweethome3d\viewcontroller\HelpController.HelpDocument.java,HelpDocument,166,4,6,0,4,false,false,2,false,false,10,2,14,9,0,false,false,true,true,false,private,5,1,0,false,,
\SweetHome3D\src\com\eteks\sweethome3d\viewcontroller\HelpView.java,HelpView,30,0,0,0,0,false,false,2,false,false,0,0,0,0,0,false,true,false,false,false,public,0,0,0,false,,
\SweetHome3D\src\com\eteks\sweethome3d\viewcontroller\Home3DAttributesController.EnvironmentPaint.java,EnvironmentPaint,25,2,0,0,0,false,false,2,false,false,0,0,0,0,0,false,false,true,false,true,public,0,0,0,false,,
\SweetHome3D\src\com\eteks\sweethome3d\viewcontroller\Home3DAttributesController.Property.java,Property,25,6,0,0,0,false,false,1,false,false,0,0,0,0,0,false,false,true,false,true,public,0,0,0,false,,
\SweetHome3D\src\com\eteks\sweethome3d\viewcontroller\Home3DAttributesController.Home3DAttributesModificationUndoableEdit.java,Home3DAttributesModificationUndoableEdit,92,14,3,0,1,false,false,6,false,false,0,0,6,2,0,true,false,true,true,false,private,3,0,0,false,,
\SweetHome3D\src\com\eteks\sweethome3d\viewcontroller\HomeController.FurnitureCatalogChangeListener.java,FurnitureCatalogChangeListener,45,1,1,0,0,false,false,4,true,false,1,1,5,2,0,true,false,true,true,false,private,1,0,0,false,,
\SweetHome3D\src\com\eteks\sweethome3d\viewcontroller\HomeController.LanguageChangeListener.java,LanguageChangeListener,51,1,1,0,0,false,false,3,true,false,1,1,4,7,0,true,false,true,true,false,private,1,0,0,false,,
\SweetHome3D\src\com\eteks\sweethome3d\viewcontroller\HomeController.TexturesCatalogChangeListener.java,TexturesCatalogChangeListener,45,1,1,0,0,false,false,4,true,false,1,1,5,2,0,true,false,true,true,false,private,1,0,0,false,,
\SweetHome3D\src\com\eteks\sweethome3d\viewcontroller\HomeController.UserPreferencesChangeListener.java,UserPreferencesChangeListener,49,1,1,0,0,false,false,4,true,false,1,1,4,3,0,true,false,true,true,false,private,1,0,0,true,,
\SweetHome3D\src\com\eteks\sweethome3d\viewcontroller\HomeController.UserPreferencesPropertiesChangeListener.java,UserPreferencesPropertiesChangeListener,45,1,1,0,0,false,false,5,true,false,1,1,4,3,0,true,false,true,true,false,private,1,0,0,false,,
\SweetHome3D\src\com\eteks\sweethome3d\viewcontroller\Home3DAttributesController.java,Home3DAttributesController,313,15,21,6,9,false,false,4,true,true,12,18,9,25,0,false,false,false,true,false,public,19,1,1,false,,
\SweetHome3D\src\com\eteks\sweethome3d\viewcontroller\HomeController3D.CameraControllerState.java,CameraControllerState,41,0,7,0,0,false,false,3,false,false,0,5,1,0,0,true,false,true,true,false,protected,7,0,0,true,,
\SweetHome3D\src\com\eteks\sweethome3d\viewcontroller\HelpController.java,HelpController,394,12,23,5,6,false,false,2,true,true,10,16,15,36,0,false,false,false,true,false,public,14,8,1,false,,
\SweetHome3D\src\com\eteks\sweethome3d\viewcontroller\HomeController3D.ObserverCameraState.java,ObserverCameraState,128,3,9,0,1,false,false,3,false,false,4,5,11,21,0,false,false,true,true,false,private,8,1,0,false,,
\SweetHome3D\src\com\eteks\sweethome3d\viewcontroller\HomeController3D.java,HomeController3D,283,9,17,1,4,false,false,3,false,false,10,9,12,50,0,false,false,false,true,false,public,12,2,3,false,,
\SweetHome3D\src\com\eteks\sweethome3d\viewcontroller\HomeController3D.TopCameraState.java,TopCameraState,311,10,12,0,2,false,false,3,false,false,17,10,12,77,0,false,false,true,true,false,private,7,5,0,false,,
\SweetHome3D\src\com\eteks\sweethome3d\viewcontroller\HomeFurnitureController.FurniturePaint.java,FurniturePaint,25,3,0,0,0,false,false,2,false,false,0,0,0,0,0,false,false,true,false,true,public,0,0,0,false,,
\SweetHome3D\src\com\eteks\sweethome3d\viewcontroller\HomeFurnitureController.FurnitureShininess.java,FurnitureShininess,25,3,0,0,0,false,false,2,false,false,0,0,0,0,0,false,false,true,false,true,public,0,0,0,false,,
\SweetHome3D\src\com\eteks\sweethome3d\viewcontroller\HomeFurnitureController.ModifiedDoorOrWindow.java,ModifiedDoorOrWindow,36,1,1,0,0,false,false,4,false,false,0,0,1,2,0,true,false,true,true,false,private,1,0,0,false,,
\SweetHome3D\src\com\eteks\sweethome3d\viewcontroller\HomeFurnitureController.FurnitureModificationUndoableEdit.java,FurnitureModificationUndoableEdit,116,23,3,0,1,false,false,4,false,false,0,0,8,2,0,true,false,true,true,false,private,3,0,0,false,,
\SweetHome3D\src\com\eteks\sweethome3d\viewcontroller\HomeFurnitureController.ModifiedFurnitureGroup.java,ModifiedFurnitureGroup,77,4,2,0,1,false,false,3,false,false,2,1,4,13,0,true,false,true,true,false,private,1,1,0,false,,
\SweetHome3D\src\com\eteks\sweethome3d\viewcontroller\HomeFurnitureController.ModifiedLight.java,ModifiedLight,36,1,1,0,0,false,false,2,false,false,0,0,1,2,0,true,false,true,true,false,private,1,0,0,false,,
\SweetHome3D\src\com\eteks\sweethome3d\viewcontroller\HomeFurnitureController.Property.java,Property,27,21,0,0,0,false,false,1,false,false,0,0,0,0,0,false,false,true,false,true,public,0,0,0,false,,
\SweetHome3D\src\com\eteks\sweethome3d\viewcontroller\HomeFurnitureController.ModifiedPieceOfFurniture.java,ModifiedPieceOfFurniture,86,16,2,0,1,false,false,4,false,false,2,0,2,17,0,true,false,true,true,false,private,2,0,0,false,,
\SweetHome3D\src\com\eteks\sweethome3d\viewcontroller\HomeView.ActionType.java,ActionType,58,122,0,0,0,false,false,2,false,false,0,0,0,0,0,false,false,true,false,true,public,0,0,0,false,,
\SweetHome3D\src\com\eteks\sweethome3d\viewcontroller\HomeView.SaveAnswer.java,SaveAnswer,25,3,0,0,0,false,false,2,true,false,0,0,0,0,0,false,false,true,false,true,public,0,0,0,false,,
\SweetHome3D\src\com\eteks\sweethome3d\viewcontroller\HomeView.java,HomeView,185,0,0,0,0,false,false,2,false,false,0,0,2,0,0,false,true,false,false,false,public,0,0,0,false,,
\SweetHome3D\src\com\eteks\sweethome3d\viewcontroller\FurnitureController.java,FurnitureController,1075,7,55,2,10,false,false,2,true,true,43,60,32,147,0,false,false,false,true,false,public,31,20,4,false,,
\SweetHome3D\src\com\eteks\sweethome3d\viewcontroller\ImportedFurnitureWizardController.FurnitureAttributesStepState.java,FurnitureAttributesStepState,108,4,6,0,1,false,false,4,false,false,3,0,2,4,0,false,false,true,true,false,private,5,1,0,false,,
\SweetHome3D\src\com\eteks\sweethome3d\viewcontroller\ImportedFurnitureWizardController.FurnitureIconStepState.java,FurnitureIconStepState,41,0,3,0,1,false,false,4,false,false,0,0,0,1,0,false,false,true,true,false,private,3,0,0,false,,
\SweetHome3D\src\com\eteks\sweethome3d\viewcontroller\ImportedFurnitureWizardController.FurnitureOrientationStepState.java,FurnitureOrientationStepState,44,0,4,0,1,false,false,4,false,false,0,0,0,1,0,false,false,true,true,false,private,4,0,0,false,,
\SweetHome3D\src\com\eteks\sweethome3d\viewcontroller\ImportedFurnitureWizardController.FurnitureModelStepState.java,FurnitureModelStepState,51,0,3,0,1,false,false,4,false,false,0,0,2,1,0,false,false,true,true,false,private,3,0,0,false,,
\SweetHome3D\src\com\eteks\sweethome3d\viewcontroller\ImportedFurnitureWizardController.ImportedFurnitureWizardStepState.java,ImportedFurnitureWizardStepState,41,1,3,0,2,false,false,5,false,false,0,0,1,0,0,false,false,true,true,false,protected,3,0,0,true,,
\SweetHome3D\src\com\eteks\sweethome3d\viewcontroller\ImportedFurnitureWizardController.Property.java,Property,27,16,0,0,0,false,false,1,false,false,0,0,0,0,0,false,false,true,false,true,public,0,0,0,false,,
\SweetHome3D\src\com\eteks\sweethome3d\viewcontroller\ImportedFurnitureWizardController.Step.java,Step,25,4,0,0,0,false,false,1,false,false,0,0,0,0,0,false,false,true,false,true,public,0,0,0,false,,
\SweetHome3D\src\com\eteks\sweethome3d\viewcontroller\ImportedFurnitureWizardController.PieceOfFurnitureImportationUndoableEdit.java,PieceOfFurnitureImportationUndoableEdit,68,5,3,0,1,false,false,6,false,false,0,0,9,2,0,true,false,true,true,false,private,3,0,0,false,,
\SweetHome3D\src\com\eteks\sweethome3d\viewcontroller\ImportedFurnitureWizardStepsView.java,ImportedFurnitureWizardStepsView,31,0,0,0,0,false,false,5,false,false,0,0,1,0,0,false,true,false,false,false,public,0,0,0,false,,
\SweetHome3D\src\com\eteks\sweethome3d\viewcontroller\ImportedTextureWizardController.ImportedTextureWizardStepState.java,ImportedTextureWizardStepState,41,1,3,0,2,false,false,5,false,false,0,0,1,0,0,false,false,true,true,false,protected,3,0,0,true,,
\SweetHome3D\src\com\eteks\sweethome3d\viewcontroller\ImportedTextureWizardController.Property.java,Property,25,6,0,0,0,false,false,1,false,false,0,0,0,0,0,false,false,true,false,true,public,0,0,0,false,,
\SweetHome3D\src\com\eteks\sweethome3d\viewcontroller\ImportedTextureWizardController.Step.java,Step,25,2,0,0,0,false,false,1,false,false,0,0,0,0,0,false,false,true,false,true,public,0,0,0,false,,
\SweetHome3D\src\com\eteks\sweethome3d\viewcontroller\ImportedTextureWizardController.TextureAttributesStepState.java,TextureAttributesStepState,80,3,4,0,1,false,false,4,false,false,0,0,2,6,0,false,false,true,true,false,private,4,0,0,false,,
\SweetHome3D\src\com\eteks\sweethome3d\viewcontroller\ImportedTextureWizardController.TextureImageStepState.java,TextureImageStepState,50,0,3,0,1,false,false,4,false,false,0,0,2,1,0,false,false,true,true,false,private,3,0,0,false,,
\SweetHome3D\src\com\eteks\sweethome3d\viewcontroller\ImportedTextureWizardController.java,ImportedTextureWizardController,277,15,21,6,11,false,false,4,true,true,9,10,7,13,0,false,false,false,true,false,public,16,0,5,false,,
\SweetHome3D\src\com\eteks\sweethome3d\viewcontroller\LabelController.LabelCreationUndoableEdit.java,LabelCreationUndoableEdit,68,6,3,0,1,false,false,4,false,false,0,0,8,2,0,true,false,true,true,false,private,3,0,0,false,,
\SweetHome3D\src\com\eteks\sweethome3d\viewcontroller\LabelController.LabelModificationUndoableEdit.java,LabelModificationUndoableEdit,66,5,3,0,1,false,false,4,false,false,0,0,7,2,0,true,false,true,true,false,private,3,0,0,false,,
\SweetHome3D\src\com\eteks\sweethome3d\viewcontroller\ImportedFurnitureWizardController.java,ImportedFurnitureWizardController,600,33,48,19,20,false,false,4,true,true,29,27,16,28,0,false,false,false,true,false,public,37,4,7,false,,
\SweetHome3D\src\com\eteks\sweethome3d\viewcontroller\LabelController.Property.java,Property,25,1,0,0,0,false,false,1,false,false,0,0,0,0,0,false,false,true,false,true,public,0,0,0,false,,
\SweetHome3D\src\com\eteks\sweethome3d\viewcontroller\LabelController.ModifiedLabel.java,ModifiedLabel,39,2,2,0,1,false,false,2,false,false,0,0,1,1,0,true,false,true,true,false,private,2,0,0,false,,
\SweetHome3D\src\com\eteks\sweethome3d\viewcontroller\LevelController.LevelModificationUndoableEdit.java,LevelModificationUndoableEdit,63,6,3,0,1,false,false,4,false,false,0,0,4,2,0,true,false,true,true,false,private,3,0,0,false,,
\SweetHome3D\src\com\eteks\sweethome3d\viewcontroller\LevelController.ModifiedLevel.java,ModifiedLevel,48,5,2,0,1,false,false,2,false,false,0,0,1,4,0,true,false,true,true,false,private,2,0,0,false,,
\SweetHome3D\src\com\eteks\sweethome3d\viewcontroller\LevelController.Property.java,Property,25,6,0,0,0,false,false,1,false,false,0,0,0,0,0,false,false,true,false,true,public,0,0,0,false,,
\SweetHome3D\src\com\eteks\sweethome3d\viewcontroller\HomeFurnitureController.java,HomeFurnitureController,1015,35,58,25,20,false,false,3,true,true,93,56,15,107,0,false,false,false,true,false,public,48,9,1,false,,
\SweetHome3D\src\com\eteks\sweethome3d\viewcontroller\Object3DFactory.java,Object3DFactory,35,0,0,0,0,false,false,3,false,false,0,0,2,0,0,false,true,false,false,false,public,0,0,0,false,,
\SweetHome3D\src\com\eteks\sweethome3d\viewcontroller\ObserverCameraController.Property.java,Property,27,8,0,0,0,false,false,1,false,false,0,0,0,0,0,false,false,true,false,true,public,0,0,0,false,,
\SweetHome3D\src\com\eteks\sweethome3d\viewcontroller\LabelController.java,LabelController,242,9,14,1,2,false,false,2,true,true,9,16,10,17,0,false,false,false,true,false,public,8,4,2,false,,
\SweetHome3D\src\com\eteks\sweethome3d\viewcontroller\PageSetupController.HomePrintModificationUndoableEdit.java,HomePrintModificationUndoableEdit,59,4,3,0,1,false,false,5,false,false,0,0,6,2,0,true,false,true,true,false,private,3,0,0,false,,
\SweetHome3D\src\com\eteks\sweethome3d\viewcontroller\PageSetupController.Property.java,Property,25,1,0,0,0,false,false,1,false,false,0,0,0,0,0,false,false,true,false,true,public,0,0,0,false,,
\SweetHome3D\src\com\eteks\sweethome3d\viewcontroller\LevelController.java,LevelController,291,12,22,6,7,false,false,2,true,true,16,19,8,24,0,false,false,false,true,false,public,16,5,1,false,,
\SweetHome3D\src\com\eteks\sweethome3d\viewcontroller\PageSetupController.java,PageSetupController,116,7,7,1,2,false,false,3,true,true,2,6,7,5,0,false,false,false,true,false,public,7,0,0,false,,
\SweetHome3D\src\com\eteks\sweethome3d\viewcontroller\PhotoController.CameraChangeListener.java,CameraChangeListener,43,1,1,0,0,false,false,3,true,false,1,1,4,3,0,true,false,true,true,false,private,1,0,0,false,,
\SweetHome3D\src\com\eteks\sweethome3d\viewcontroller\PhotoController.HomeCameraChangeListener.java,HomeCameraChangeListener,46,1,1,0,0,false,false,4,true,false,1,1,5,5,0,true,false,true,true,false,private,1,0,0,false,,
\SweetHome3D\src\com\eteks\sweethome3d\viewcontroller\PhotoController.HomeEnvironmentChangeListener.java,HomeEnvironmentChangeListener,45,1,1,0,0,false,false,4,true,false,1,1,5,5,0,true,false,true,true,false,private,1,0,0,false,,
\SweetHome3D\src\com\eteks\sweethome3d\viewcontroller\PhotoController.Property.java,Property,25,8,0,0,0,false,false,1,false,false,0,0,0,0,0,false,false,true,false,true,public,0,0,0,false,,
\SweetHome3D\src\com\eteks\sweethome3d\viewcontroller\ObserverCameraController.java,ObserverCameraController,283,13,23,8,8,false,false,3,true,true,12,13,8,35,0,false,false,false,true,false,public,21,1,1,false,,
\SweetHome3D\src\com\eteks\sweethome3d\viewcontroller\PlanController.AbstractModeChangeState.java,AbstractModeChangeState,58,0,4,1,0,false,false,4,false,false,1,4,0,1,0,false,false,true,true,false,private,4,0,0,true,,
\SweetHome3D\src\com\eteks\sweethome3d\viewcontroller\HomeController.java,HomeController,1891,16,87,3,9,false,false,2,true,true,104,43,46,286,0,false,false,false,true,false,public,60,23,4,false,,
\SweetHome3D\src\com\eteks\sweethome3d\viewcontroller\PlanController.AbstractRoomState.java,AbstractRoomState,104,2,5,0,3,false,false,3,false,false,5,8,2,4,0,false,false,true,true,false,private,1,0,4,true,,
\SweetHome3D\src\com\eteks\sweethome3d\viewcontroller\PlanController.AbstractWallState.java,AbstractWallState,127,4,5,0,3,false,false,3,false,false,12,7,1,30,0,false,false,true,true,false,private,1,1,3,true,,
\SweetHome3D\src\com\eteks\sweethome3d\viewcontroller\PlanController.CameraElevationState.java,CameraElevationState,91,4,8,0,2,false,false,3,false,false,1,5,3,10,0,false,false,true,true,false,private,7,1,0,false,,
\SweetHome3D\src\com\eteks\sweethome3d\viewcontroller\PlanController.CameraPitchRotationState.java,CameraPitchRotationState,82,3,8,0,2,false,false,4,false,false,0,5,1,5,0,false,false,true,true,false,private,7,1,0,false,,
\SweetHome3D\src\com\eteks\sweethome3d\viewcontroller\PhotoController.java,PhotoController,322,16,27,11,12,false,false,2,true,true,19,19,7,35,0,false,false,false,true,false,public,24,2,1,false,,
\SweetHome3D\src\com\eteks\sweethome3d\viewcontroller\PlanController.ControllerState.java,ControllerState,59,0,15,3,0,false,false,2,false,false,0,18,0,0,0,true,false,true,true,false,protected,15,0,0,true,,
\SweetHome3D\src\com\eteks\sweethome3d\viewcontroller\PlanController.CameraYawRotationState.java,CameraYawRotationState,101,6,8,0,2,false,false,4,false,false,2,5,1,13,0,false,false,true,true,false,private,7,1,0,false,,
\SweetHome3D\src\com\eteks\sweethome3d\viewcontroller\PlanController.CompassResizeState.java,CompassResizeState,93,5,8,0,2,false,false,3,false,false,0,5,2,11,0,false,false,true,true,false,private,7,1,0,false,,
\SweetHome3D\src\com\eteks\sweethome3d\viewcontroller\PlanController.CompassRotationState.java,CompassRotationState,91,4,8,0,2,false,false,3,false,false,1,5,1,8,0,false,false,true,true,false,private,7,1,0,false,,
\SweetHome3D\src\com\eteks\sweethome3d\viewcontroller\PlanController.DimensionLineCreationState.java,DimensionLineCreationState,75,1,7,1,1,false,false,4,false,false,3,9,2,2,0,false,false,true,true,false,private,7,0,0,false,,
\SweetHome3D\src\com\eteks\sweethome3d\viewcontroller\PlanController.DimensionLineOffsetState.java,DimensionLineOffsetState,84,4,7,0,1,false,false,4,false,false,0,4,2,12,0,false,false,true,true,false,private,7,0,0,false,,
\SweetHome3D\src\com\eteks\sweethome3d\viewcontroller\PlanController.EditableProperty.java,EditableProperty,25,7,0,0,0,false,false,2,false,false,0,0,0,0,0,true,false,true,false,true,public,0,0,0,false,,
\SweetHome3D\src\com\eteks\sweethome3d\viewcontroller\PlanController.DragAndDropState.java,DragAndDropState,98,8,5,0,1,false,false,4,false,false,5,2,5,9,0,false,false,true,true,false,private,5,0,0,false,,
\SweetHome3D\src\com\eteks\sweethome3d\viewcontroller\PlanController.LabelCreationState.java,LabelCreationState,39,0,3,0,1,false,false,3,false,false,0,5,0,0,0,false,false,true,true,false,private,3,0,0,false,,
\SweetHome3D\src\com\eteks\sweethome3d\viewcontroller\PlanController.JoinedWall.java,JoinedWall,102,8,10,0,6,false,false,2,false,false,0,2,4,9,0,true,false,true,true,false,private,10,0,0,false,,
\SweetHome3D\src\com\eteks\sweethome3d\viewcontroller\PlanController.LabelRotationState.java,LabelRotationState,91,5,8,0,1,false,false,3,false,false,2,5,1,9,0,false,false,true,true,false,private,8,0,0,false,,
\SweetHome3D\src\com\eteks\sweethome3d\viewcontroller\PlanController.Mode.java,Mode,44,7,2,0,0,false,false,1,false,false,0,0,0,0,0,true,false,true,true,false,public,2,0,0,false,,
\SweetHome3D\src\com\eteks\sweethome3d\viewcontroller\PlanController.LightPowerModificationState.java,LightPowerModificationState,86,4,8,0,2,false,false,4,false,false,0,5,1,7,0,false,false,true,true,false,private,7,1,0,false,,
\SweetHome3D\src\com\eteks\sweethome3d\viewcontroller\PlanController.DimensionLineResizeState.java,DimensionLineResizeState,240,9,10,0,2,false,false,4,false,false,16,5,2,49,0,false,false,true,true,false,private,8,2,0,false,,
\SweetHome3D\src\com\eteks\sweethome3d\viewcontroller\PlanController.PanningState.java,PanningState,86,2,9,1,1,false,false,2,false,false,3,13,0,3,0,false,false,true,true,false,private,9,0,0,false,,
\SweetHome3D\src\com\eteks\sweethome3d\viewcontroller\PlanController.DimensionLineDrawingState.java,DimensionLineDrawingState,324,8,14,2,2,false,false,4,false,false,23,12,6,39,0,false,false,true,true,false,private,11,3,0,false,,
\SweetHome3D\src\com\eteks\sweethome3d\viewcontroller\PlanController.PieceOfFurnitureElevationState.java,PieceOfFurnitureElevationState,101,5,9,0,2,false,false,5,false,false,1,6,1,11,0,false,false,true,true,false,private,8,1,0,false,,
\SweetHome3D\src\com\eteks\sweethome3d\viewcontroller\PlanController.PieceOfFurnitureNameOffsetState.java,PieceOfFurnitureNameOffsetState,75,5,7,0,1,false,false,6,false,false,0,4,1,7,0,false,false,true,true,false,private,7,0,0,false,,
\SweetHome3D\src\com\eteks\sweethome3d\viewcontroller\PlanController.PieceOfFurnitureHeightState.java,PieceOfFurnitureHeightState,122,6,9,0,2,false,false,5,false,false,2,6,1,19,0,false,false,true,true,false,private,8,1,0,false,,
\SweetHome3D\src\com\eteks\sweethome3d\viewcontroller\PlanController.PieceOfFurnitureNameRotationState.java,PieceOfFurnitureNameRotationState,92,5,8,0,1,false,false,6,false,false,2,5,1,10,0,false,false,true,true,false,private,8,0,0,false,,
\SweetHome3D\src\com\eteks\sweethome3d\viewcontroller\PlanController.PointMagnetizedToClosestWallOrRoomPoint.java,PointMagnetizedToClosestWallOrRoomPoint,89,3,4,0,2,false,false,8,false,false,3,5,3,1,0,false,false,true,true,false,private,3,1,0,false,,
\SweetHome3D\src\com\eteks\sweethome3d\viewcontroller\PlanController.Property.java,Property,25,3,0,0,0,false,false,1,false,false,0,0,0,0,0,false,false,true,false,true,public,0,0,0,false,,
\SweetHome3D\src\com\eteks\sweethome3d\viewcontroller\PlanController.PieceOfFurnitureRotationState.java,PieceOfFurnitureRotationState,112,7,9,0,2,false,false,5,false,false,3,6,2,11,0,false,false,true,true,false,private,8,1,0,false,,
\SweetHome3D\src\com\eteks\sweethome3d\viewcontroller\PlanController.PointWithAngleMagnetism.java,PointWithAngleMagnetism,142,4,5,2,3,false,false,4,false,false,5,2,2,0,0,true,false,true,true,false,private,2,0,3,false,,
\SweetHome3D\src\com\eteks\sweethome3d\viewcontroller\PlanController.PieceOfFurnitureResizeState.java,PieceOfFurnitureResizeState,162,7,9,0,2,false,false,5,false,false,7,7,3,33,0,false,false,true,true,false,private,8,1,0,false,,
\SweetHome3D\src\com\eteks\sweethome3d\viewcontroller\PlanController.RectangleSelectionState.java,RectangleSelectionState,138,2,8,0,1,false,false,3,false,false,10,9,5,6,0,false,false,true,true,false,private,7,1,0,false,,
\SweetHome3D\src\com\eteks\sweethome3d\viewcontroller\PlanController.RoomAreaOffsetState.java,RoomAreaOffsetState,75,5,7,0,1,false,false,4,false,false,0,4,1,7,0,false,false,true,true,false,private,7,0,0,false,,
\SweetHome3D\src\com\eteks\sweethome3d\viewcontroller\PlanController.ResizedPieceOfFurniture.java,ResizedPieceOfFurniture,127,12,7,0,5,false,false,4,false,false,5,1,5,20,0,true,false,true,true,false,private,6,1,0,false,,
\SweetHome3D\src\com\eteks\sweethome3d\viewcontroller\PlanController.RoomAreaRotationState.java,RoomAreaRotationState,92,5,8,0,1,false,false,4,false,false,2,5,1,10,0,false,false,true,true,false,private,8,0,0,false,,
\SweetHome3D\src\com\eteks\sweethome3d\viewcontroller\PlanController.RoomCreationState.java,RoomCreationState,80,1,7,1,1,false,false,3,false,false,3,9,1,7,0,false,false,true,true,false,private,7,0,0,false,,
\SweetHome3D\src\com\eteks\sweethome3d\viewcontroller\PlanController.RoomNameOffsetState.java,RoomNameOffsetState,75,5,7,0,1,false,false,4,false,false,0,4,1,7,0,false,false,true,true,false,private,7,0,0,false,,
\SweetHome3D\src\com\eteks\sweethome3d\viewcontroller\PlanController.RoomNameRotationState.java,RoomNameRotationState,92,5,8,0,1,false,false,4,false,false,2,5,1,10,0,false,false,true,true,false,private,8,0,0,false,,
\SweetHome3D\src\com\eteks\sweethome3d\viewcontroller\PlanController.RoomPointWithAngleMagnetism.java,RoomPointWithAngleMagnetism,108,0,0,0,0,false,false,5,false,false,12,0,3,14,0,false,false,true,true,false,private,0,0,0,false,,
\SweetHome3D\src\com\eteks\sweethome3d\viewcontroller\PlanController.RoomResizeState.java,RoomResizeState,120,7,8,0,1,false,false,3,false,false,2,5,1,13,0,false,false,true,true,false,private,8,0,0,false,,
\SweetHome3D\src\com\eteks\sweethome3d\viewcontroller\PlanController.WallCreationState.java,WallCreationState,70,1,7,1,1,false,false,3,false,false,2,9,1,4,0,false,false,true,true,false,private,7,0,0,false,,
\SweetHome3D\src\com\eteks\sweethome3d\viewcontroller\PlanController.SelectionMoveState.java,SelectionMoveState,286,15,10,1,1,false,false,3,false,false,28,7,13,29,0,false,false,true,true,false,private,9,1,0,false,,
\SweetHome3D\src\com\eteks\sweethome3d\viewcontroller\PlanController.SelectionState.java,SelectionState,190,1,5,0,1,false,false,2,false,false,9,7,10,2,0,false,false,true,true,false,private,5,0,0,false,,
\SweetHome3D\src\com\eteks\sweethome3d\viewcontroller\PlanController.WallResizeState.java,WallResizeState,112,7,8,0,1,false,false,3,false,false,2,5,1,16,0,false,false,true,true,false,private,8,0,0,false,,
\SweetHome3D\src\com\eteks\sweethome3d\viewcontroller\PlanController.WallPointWithAngleMagnetism.java,WallPointWithAngleMagnetism,112,0,1,0,0,false,false,5,false,false,14,3,2,22,0,false,false,true,true,false,private,0,1,0,false,,
\SweetHome3D\src\com\eteks\sweethome3d\viewcontroller\PlanView.CursorType.java,CursorType,25,10,0,0,0,false,false,2,false,false,0,0,0,0,0,false,false,true,false,true,public,0,0,0,false,,
\SweetHome3D\src\com\eteks\sweethome3d\viewcontroller\PlanController.RoomDrawingState.java,RoomDrawingState,463,8,17,2,2,false,false,3,false,false,34,19,13,56,0,false,false,true,true,false,private,11,6,0,false,,
\SweetHome3D\src\com\eteks\sweethome3d\viewcontroller\PrintPreviewController.java,PrintPreviewController,62,5,2,0,1,false,false,3,true,true,1,1,2,0,0,false,false,false,true,false,public,2,0,0,false,,
\SweetHome3D\src\com\eteks\sweethome3d\viewcontroller\PlanView.java,PlanView,151,0,0,0,0,false,false,2,false,false,0,0,4,0,0,false,true,false,false,false,public,0,0,0,false,,
\SweetHome3D\src\com\eteks\sweethome3d\viewcontroller\RoomController.Property.java,Property,26,10,0,0,0,false,false,1,false,false,0,0,0,0,0,false,false,true,false,true,public,0,0,0,false,,
\SweetHome3D\src\com\eteks\sweethome3d\viewcontroller\RoomController.RoomPaint.java,RoomPaint,25,2,0,0,0,false,false,2,false,false,0,0,0,0,0,false,false,true,false,true,public,0,0,0,false,,
\SweetHome3D\src\com\eteks\sweethome3d\viewcontroller\RoomController.ModifiedRoom.java,ModifiedRoom,67,11,2,0,1,false,false,2,false,false,0,0,2,10,0,true,false,true,true,false,private,2,0,0,false,,
\SweetHome3D\src\com\eteks\sweethome3d\viewcontroller\RoomController.RoomsModificationUndoableEdit.java,RoomsModificationUndoableEdit,95,14,3,0,1,false,false,4,false,false,0,0,8,2,0,true,false,true,true,false,private,3,0,0,false,,
\SweetHome3D\src\com\eteks\sweethome3d\viewcontroller\TextureChoiceController.Property.java,Property,25,1,0,0,0,false,false,1,false,false,0,0,0,0,0,false,false,true,false,true,public,0,0,0,false,,
\SweetHome3D\src\com\eteks\sweethome3d\viewcontroller\TextureChoiceController.java,TextureChoiceController,121,7,10,1,3,false,false,3,true,true,3,8,5,8,0,false,false,false,true,false,public,10,0,0,false,,
\SweetHome3D\src\com\eteks\sweethome3d\viewcontroller\TextureChoiceView.java,TextureChoiceView,32,0,0,0,0,false,false,3,false,false,0,0,0,0,0,false,true,false,false,false,public,0,0,0,false,,
\SweetHome3D\src\com\eteks\sweethome3d\viewcontroller\ThreadedTaskController.ExceptionHandler.java,ExceptionHandler,27,0,0,0,0,false,false,2,true,false,0,0,0,0,0,true,true,true,false,false,public,0,0,0,false,,
\SweetHome3D\src\com\eteks\sweethome3d\viewcontroller\ThreadedTaskController.java,ThreadedTaskController,136,8,4,0,1,false,false,3,true,true,3,1,7,9,0,false,false,false,true,false,public,4,0,0,false,,
\SweetHome3D\src\com\eteks\sweethome3d\viewcontroller\ThreadedTaskView.java,ThreadedTaskView,36,0,0,0,0,false,false,3,false,false,0,0,0,0,0,false,true,false,false,false,public,0,0,0,false,,
\SweetHome3D\src\com\eteks\sweethome3d\viewcontroller\UserPreferencesController.Property.java,Property,28,15,0,0,0,false,false,1,false,false,0,0,0,0,0,false,false,true,false,true,public,0,0,0,false,,
\SweetHome3D\src\com\eteks\sweethome3d\viewcontroller\PlanController.WallDrawingState.java,WallDrawingState,531,17,18,3,3,false,false,3,false,false,35,24,10,71,0,false,false,true,true,false,private,12,6,0,false,,
\SweetHome3D\src\com\eteks\sweethome3d\viewcontroller\VideoController.HomeEnvironmentChangeListener.java,HomeEnvironmentChangeListener,43,1,1,0,0,false,false,4,true,false,1,1,4,3,0,true,false,true,true,false,private,1,0,0,false,,
\SweetHome3D\src\com\eteks\sweethome3d\viewcontroller\VideoController.Property.java,Property,25,8,0,0,0,false,false,1,false,false,0,0,0,0,0,false,false,true,false,true,public,0,0,0,false,,
\SweetHome3D\src\com\eteks\sweethome3d\viewcontroller\RoomController.java,RoomController,537,19,30,10,13,false,false,2,true,true,42,27,11,51,0,false,false,false,true,false,public,27,2,1,false,,
\SweetHome3D\src\com\eteks\sweethome3d\viewcontroller\View.java,View,26,0,0,0,0,false,false,1,false,false,0,0,0,0,0,false,true,false,false,false,public,0,0,0,false,,
\SweetHome3D\src\com\eteks\sweethome3d\viewcontroller\VideoController.java,VideoController,279,14,26,11,11,false,false,2,true,true,11,19,8,33,0,false,false,false,true,false,public,23,2,1,false,,
\SweetHome3D\src\com\eteks\sweethome3d\viewcontroller\ViewFactory.java,ViewFactory,169,0,0,0,0,false,false,2,false,false,0,0,6,0,0,false,true,false,false,false,public,0,0,0,false,,
\SweetHome3D\src\com\eteks\sweethome3d\viewcontroller\WallController.Property.java,Property,28,19,0,0,0,false,false,1,false,false,0,0,0,0,0,false,false,true,false,true,public,0,0,0,false,,
\SweetHome3D\src\com\eteks\sweethome3d\viewcontroller\UserPreferencesController.java,UserPreferencesController,419,20,40,15,8,false,false,3,true,true,18,21,5,51,0,false,false,false,true,false,public,39,0,1,false,,
\SweetHome3D\src\com\eteks\sweethome3d\viewcontroller\WallController.WallPaint.java,WallPaint,25,2,0,0,0,false,false,2,false,false,0,0,0,0,0,false,false,true,false,true,public,0,0,0,false,,
\SweetHome3D\src\com\eteks\sweethome3d\viewcontroller\WallController.WallShape.java,WallShape,25,2,0,0,0,false,false,2,false,false,0,0,0,0,0,false,false,true,false,true,public,0,0,0,false,,
\SweetHome3D\src\com\eteks\sweethome3d\viewcontroller\WallController.ModifiedWall.java,ModifiedWall,105,15,15,0,15,false,false,2,false,false,0,0,2,14,0,true,false,true,true,false,private,15,0,0,false,,
\SweetHome3D\src\com\eteks\sweethome3d\viewcontroller\WizardController.Property.java,Property,30,7,0,0,0,false,false,1,false,false,0,0,0,0,0,false,false,true,false,true,public,0,0,0,false,,
\SweetHome3D\src\com\eteks\sweethome3d\viewcontroller\WizardController.WizardControllerStepState.java,WizardControllerStepState,95,4,13,3,1,false,false,4,false,false,3,5,3,3,0,true,false,true,true,false,protected,11,2,0,true,,
\SweetHome3D\src\com\eteks\sweethome3d\viewcontroller\WallController.WallsModificationUndoableEdit.java,WallsModificationUndoableEdit,106,18,3,0,1,false,false,4,false,false,0,0,8,2,0,true,false,true,true,false,private,3,0,0,false,,
\SweetHome3D\src\com\eteks\sweethome3d\viewcontroller\WizardController.java,WizardController,251,13,22,8,5,false,false,2,true,true,10,13,5,23,0,false,false,false,true,false,public,15,5,2,true,,
\SweetHome3D\src\com\eteks\sweethome3d\tools\OperatingSystem.MacOSXFileManager.java,MacOSXFileManager,32,0,1,0,1,false,false,6,true,false,0,0,2,0,0,true,false,true,true,false,private,1,0,0,false,,
\SweetHome3D\src\com\eteks\sweethome3d\tools\ExtensionsClassLoader.java,ExtensionsClassLoader,334,4,6,0,0,false,false,3,true,false,24,9,19,33,0,false,false,false,true,false,public,1,1,4,false,,
\SweetHome3D\src\com\eteks\sweethome3d\tools\OperatingSystem.java,OperatingSystem,223,4,8,0,2,false,false,2,false,false,10,3,10,27,0,false,false,false,true,false,public,7,1,0,false,,
\SweetHome3D\src\com\eteks\sweethome3d\tools\ResourceURLContent.java,ResourceURLContent,115,3,2,0,1,false,false,5,false,false,5,2,2,5,0,false,false,false,true,false,public,1,1,0,false,,
\SweetHome3D\src\com\eteks\sweethome3d\tools\TemporaryURLContent.java,TemporaryURLContent,71,1,1,0,0,false,false,5,false,false,4,1,7,5,0,false,false,false,true,false,public,1,0,0,false,,
\SweetHome3D\src\com\eteks\sweethome3d\tools\URLContent.java,URLContent,106,2,7,0,3,false,false,4,false,false,3,1,5,5,0,false,false,false,true,false,public,7,0,0,false,,
\SweetHome3D\src\com\eteks\sweethome3d\swing\AutoCommitSpinner.java,AutoCommitSpinner,103,0,0,0,0,false,false,3,true,false,5,0,9,10,0,false,false,false,true,false,public,0,0,0,false,,
\SweetHome3D\src\com\eteks\sweethome3d\swing\AutoCompleteTextField.java,AutoCompleteTextField,39,1,0,0,0,false,false,4,false,false,0,0,2,0,0,false,false,false,true,false,public,0,0,0,false,,
\SweetHome3D\src\com\eteks\sweethome3d\swing\AutoCompleteTextField.AutoCompleteDocument.java,AutoCompleteDocument,83,0,2,0,0,false,false,3,false,false,5,4,6,7,0,false,false,true,true,false,private,1,1,0,false,,
\SweetHome3D\src\com\eteks\sweethome3d\swing\BackgroundImageWizardStepsPanel.OriginImagePreviewComponent.java,OriginImagePreviewComponent,138,1,3,0,0,false,false,4,false,false,3,3,18,15,0,true,false,true,true,false,private,1,1,1,false,,
\SweetHome3D\src\com\eteks\sweethome3d\swing\BackgroundImageWizardStepsPanel.ScaleImagePreviewComponent.java,ScaleImagePreviewComponent,186,1,3,0,0,false,false,4,false,false,9,3,18,24,0,true,false,true,true,false,private,1,1,1,false,,
\SweetHome3D\src\com\eteks\sweethome3d\viewcontroller\WallController.java,WallController,962,28,53,21,21,false,false,2,true,true,84,49,12,109,0,false,false,false,true,false,public,45,7,1,false,,
\SweetHome3D\src\com\eteks\sweethome3d\swing\ColorButton.java,ColorButton,164,6,4,2,2,false,false,2,false,false,7,2,19,10,0,false,false,false,true,false,public,4,0,0,false,,
\SweetHome3D\src\com\eteks\sweethome3d\swing\ControllerAction.java,ControllerAction,98,3,1,0,0,false,false,2,false,false,0,1,4,2,0,false,false,false,true,false,public,1,0,0,false,,
\SweetHome3D\src\com\eteks\sweethome3d\swing\BackgroundImageWizardStepsPanel.java,BackgroundImageWizardStepsPanel,519,18,12,3,1,false,false,5,false,false,13,16,43,59,0,false,false,false,true,false,public,1,11,0,false,,
\SweetHome3D\src\com\eteks\sweethome3d\swing\FurnitureCatalogListPanel.CatalogCellRenderer.java,CatalogCellRenderer,191,5,11,0,5,false,false,3,true,false,10,17,25,26,0,true,false,true,true,false,private,9,1,1,false,,
\SweetHome3D\src\com\eteks\sweethome3d\swing\FileContentManager.java,FileContentManager,612,2,0,0,0,false,false,3,true,false,28,0,18,57,0,false,false,false,true,false,public,0,0,0,false,,
\SweetHome3D\src\com\eteks\sweethome3d\swing\FurnitureCatalogListPanel.CatalogListModel.java,CatalogListModel,107,4,5,2,2,false,false,3,false,false,4,3,11,16,0,true,false,true,true,false,private,4,1,0,false,,
\SweetHome3D\src\com\eteks\sweethome3d\swing\FurnitureCatalogListPanel.PreferencesChangeListener.java,PreferencesChangeListener,80,1,2,0,0,false,false,3,true,false,3,2,12,9,0,true,false,true,true,false,private,2,0,0,false,,
\SweetHome3D\src\com\eteks\sweethome3d\swing\CompassPanel.java,CompassPanel,486,18,4,1,0,false,false,2,false,false,8,5,44,77,0,false,false,false,true,false,public,1,3,0,false,,
\SweetHome3D\src\com\eteks\sweethome3d\swing\FurnitureCatalogTransferHandler.java,FurnitureCatalogTransferHandler,145,3,5,0,2,false,false,4,true,false,5,7,18,9,0,false,false,false,true,false,public,4,0,1,false,,
\SweetHome3D\src\com\eteks\sweethome3d\swing\FurnitureCatalogTree.CatalogCellRenderer.java,CatalogCellRenderer,196,5,11,0,5,false,false,3,true,false,11,19,24,28,0,false,false,true,true,false,private,8,2,1,false,,
\SweetHome3D\src\com\eteks\sweethome3d\swing\FurnitureCatalogTree.CatalogTreeModel.java,CatalogTreeModel,152,2,10,0,4,false,false,3,false,false,7,12,13,19,0,true,false,true,true,false,private,8,2,0,false,,
\SweetHome3D\src\com\eteks\sweethome3d\swing\FurnitureTable.FurnitureFilter.java,FurnitureFilter,33,0,0,0,0,false,false,2,true,false,0,0,2,0,0,true,true,true,false,false,public,0,0,0,false,,
\SweetHome3D\src\com\eteks\sweethome3d\swing\FurnitureCatalogTree.java,FurnitureCatalogTree,248,2,6,0,2,false,false,3,false,false,17,6,26,28,0,false,false,false,true,false,public,1,5,0,false,,
\SweetHome3D\src\com\eteks\sweethome3d\swing\FurnitureCatalogListPanel.java,FurnitureCatalogListPanel,501,6,13,3,3,false,false,4,false,false,23,13,61,69,0,false,false,false,true,false,public,4,9,0,false,,
\SweetHome3D\src\com\eteks\sweethome3d\swing\FurnitureTable.UserPreferencesChangeListener.java,UserPreferencesChangeListener,45,1,1,0,0,false,false,4,true,false,1,1,4,5,0,true,false,true,true,false,private,1,0,0,false,,
\SweetHome3D\src\com\eteks\sweethome3d\swing\FurnitureTable.FurnitureTableModel.java,FurnitureTableModel,187,3,10,1,7,false,false,3,false,false,14,7,9,17,0,true,false,true,true,false,private,8,2,0,false,,
\SweetHome3D\src\com\eteks\sweethome3d\swing\FurnitureTransferHandler.java,FurnitureTransferHandler,158,5,5,0,1,false,false,3,true,false,6,8,15,9,0,false,false,false,true,false,public,3,0,2,false,,
\SweetHome3D\src\com\eteks\sweethome3d\swing\HelpPane.ActionType.java,ActionType,25,4,0,0,0,false,false,2,false,false,0,0,0,0,0,false,false,true,false,true,private,0,0,0,false,,
\SweetHome3D\src\com\eteks\sweethome3d\swing\HelpPane.LanguageChangeListener.java,LanguageChangeListener,55,1,1,0,0,false,false,3,true,false,2,1,6,3,0,true,false,true,true,false,private,1,0,0,false,,
\SweetHome3D\src\com\eteks\sweethome3d\swing\FurnitureTable.FurnitureTableColumnModel.java,FurnitureTableColumnModel,681,2,18,0,14,false,false,4,false,false,20,16,30,49,0,true,false,true,true,false,private,0,18,0,false,,
\SweetHome3D\src\com\eteks\sweethome3d\swing\FurnitureTable.java,FurnitureTable,599,2,14,1,2,false,false,2,false,false,27,19,44,76,0,false,false,false,true,false,public,4,10,0,false,,
\SweetHome3D\src\com\eteks\sweethome3d\swing\HomeComponent3D.ActionType.java,ActionType,28,16,0,0,0,false,false,2,false,false,0,0,0,0,0,false,false,true,false,true,private,0,0,0,false,,
\SweetHome3D\src\com\eteks\sweethome3d\swing\HelpPane.java,HelpPane,411,5,13,2,0,false,false,2,false,false,12,16,42,56,0,false,false,false,true,false,public,1,12,0,false,,
\SweetHome3D\src\com\eteks\sweethome3d\swing\HomeComponent3D.CameraInterpolator.java,CameraInterpolator,105,3,2,0,0,false,false,2,true,false,4,3,8,28,0,false,false,true,true,false,private,2,0,0,false,,
\SweetHome3D\src\com\eteks\sweethome3d\swing\HomeComponent3D.JCanvas3DWithNavigationPanel.java,JCanvas3DWithNavigationPanel,39,1,1,0,0,false,false,6,false,false,0,1,3,0,0,true,false,true,true,false,private,1,0,0,false,,
\SweetHome3D\src\com\eteks\sweethome3d\swing\HomeComponent3D.NavigationPanelChangeListener.java,NavigationPanelChangeListener,44,1,1,0,0,false,false,4,true,false,1,1,4,3,0,true,false,true,true,false,private,1,0,0,false,,
\SweetHome3D\src\com\eteks\sweethome3d\swing\HomeComponent3D.NavigationButton.java,NavigationButton,121,1,0,0,0,false,false,2,false,false,1,0,18,12,0,true,false,true,true,false,private,0,0,0,false,,
\SweetHome3D\src\com\eteks\sweethome3d\swing\Home3DAttributesPanel.java,Home3DAttributesPanel,365,18,6,1,0,false,false,4,false,false,9,7,21,40,0,false,false,false,true,false,public,1,5,0,false,,
\SweetHome3D\src\com\eteks\sweethome3d\swing\HomePDFPrinter.java,HomePDFPrinter,113,4,1,0,0,false,false,5,true,false,3,1,17,16,0,false,false,false,true,false,public,1,0,0,false,,
\SweetHome3D\src\com\eteks\sweethome3d\swing\HomePrintableComponent.Variable.java,Variable,69,9,3,0,3,false,false,1,false,false,0,1,1,2,0,false,false,true,false,true,public,3,0,0,false,,
\SweetHome3D\src\com\eteks\sweethome3d\swing\HomePrintableComponent.java,HomePrintableComponent,410,12,8,1,5,false,false,3,false,false,33,8,30,80,0,false,false,false,true,false,public,6,1,1,false,,
\SweetHome3D\src\com\eteks\sweethome3d\swing\HomeTransferableList.java,HomeTransferableList,76,2,3,0,2,false,false,3,false,false,1,2,6,1,0,false,false,false,true,false,public,3,0,0,false,,
\SweetHome3D\src\com\eteks\sweethome3d\swing\IconManager.IconProxy.java,IconProxy,59,1,4,0,3,false,false,2,false,false,1,4,5,5,0,false,false,true,true,false,private,4,0,0,false,,
\SweetHome3D\src\com\eteks\sweethome3d\swing\IconManager.java,IconManager,212,5,11,0,7,false,false,2,true,false,7,12,16,12,0,false,false,false,true,false,public,10,1,0,false,,
\SweetHome3D\src\com\eteks\sweethome3d\swing\ImportedFurnitureWizardStepsPanel.AbstractModelPreviewComponent.java,AbstractModelPreviewComponent,140,0,4,0,0,false,false,4,false,false,1,4,9,14,0,true,false,true,true,false,private,0,0,4,true,,
\SweetHome3D\src\com\eteks\sweethome3d\swing\ImportedFurnitureWizardStepsPanel.AttributesPreviewComponent.java,AttributesPreviewComponent,31,0,0,0,0,false,false,3,false,false,0,0,1,0,0,true,false,true,true,false,private,0,0,0,false,,
\SweetHome3D\src\com\eteks\sweethome3d\swing\HomeFurniturePanel.java,HomeFurniturePanel,809,33,7,1,0,false,false,3,false,false,23,9,27,135,0,false,false,false,true,false,public,1,6,0,false,,
\SweetHome3D\src\com\eteks\sweethome3d\swing\ImportedFurnitureWizardStepsPanel.AutoRepeatButton.java,AutoRepeatButton,86,1,0,0,0,false,false,3,false,false,2,0,10,11,0,false,false,true,true,false,private,0,0,0,false,,
\SweetHome3D\src\com\eteks\sweethome3d\swing\ImportedFurnitureWizardStepsPanel.IconPreviewComponent.java,IconPreviewComponent,50,1,2,1,1,false,false,3,false,false,0,1,4,0,0,true,false,true,true,false,private,1,0,1,false,,
\SweetHome3D\src\com\eteks\sweethome3d\swing\ImportedFurnitureWizardStepsPanel.RotationPreviewComponent.java,RotationPreviewComponent,223,10,6,0,2,false,false,3,false,false,3,3,23,15,0,true,false,true,true,false,private,1,5,0,false,,
\SweetHome3D\src\com\eteks\sweethome3d\viewcontroller\PlanController.java,PlanController,4967,58,221,6,92,false,false,2,true,true,316,348,49,815,0,false,false,false,true,false,public,58,111,52,false,,
\SweetHome3D\src\com\eteks\sweethome3d\swing\InterruptedPrinterException.java,InterruptedPrinterException,39,0,0,0,0,false,false,3,false,false,0,0,1,0,0,false,false,false,true,false,public,0,0,0,false,,
\SweetHome3D\src\com\eteks\sweethome3d\swing\JPEGImagesToVideo.java,JPEGImagesToVideo,195,5,2,0,0,false,false,7,false,false,9,7,26,26,0,false,false,false,true,false,public,1,1,0,false,,
\SweetHome3D\src\com\eteks\sweethome3d\swing\HomeComponent3D.java,HomeComponent3D,1799,28,44,2,1,false,false,3,false,false,103,80,115,270,0,false,false,false,true,false,public,3,39,0,false,,
\SweetHome3D\src\com\eteks\sweethome3d\swing\LevelPanel.LevelsTableModel.java,LevelsTableModel,64,2,4,0,4,false,false,3,false,false,3,3,2,5,0,true,false,true,true,false,private,4,0,0,false,,
\SweetHome3D\src\com\eteks\sweethome3d\swing\LabelPanel.java,LabelPanel,145,5,4,1,0,false,false,2,false,false,5,6,18,11,0,false,false,false,true,false,public,1,3,0,false,,
\SweetHome3D\src\com\eteks\sweethome3d\swing\ImportedTextureWizardStepsPanel.java,ImportedTextureWizardStepsPanel,645,18,12,3,0,false,false,5,false,false,24,17,59,88,0,false,false,false,true,false,public,1,11,0,false,,
\SweetHome3D\src\com\eteks\sweethome3d\swing\LocatedTransferHandler.java,LocatedTransferHandler,192,3,7,0,2,false,false,3,true,false,10,11,17,17,0,false,false,false,true,false,public,1,0,6,true,,
\SweetHome3D\src\com\eteks\sweethome3d\swing\MultipleLevelsPlanPanel.LanguageChangeListener.java,LanguageChangeListener,46,1,1,0,0,false,false,3,true,false,1,1,4,3,0,true,false,true,true,false,private,1,0,0,false,,
\SweetHome3D\src\com\eteks\sweethome3d\swing\MultipleLevelsPlanPanel.LevelLabel.java,LevelLabel,35,1,1,0,1,false,false,2,false,false,0,0,2,0,0,true,false,true,true,false,private,1,0,0,false,,
\SweetHome3D\src\com\eteks\sweethome3d\swing\LevelPanel.java,LevelPanel,364,12,4,1,0,false,false,2,false,false,18,6,32,38,0,false,false,false,true,false,public,1,3,0,false,,
\SweetHome3D\src\com\eteks\sweethome3d\swing\NullableCheckBox.java,NullableCheckBox,211,7,14,6,3,false,false,3,false,false,9,8,11,12,0,false,false,false,true,false,public,13,1,0,false,,
\SweetHome3D\src\com\eteks\sweethome3d\swing\NullableSpinner.NullableSpinnerLengthModel.java,NullableSpinnerLengthModel,58,1,2,1,1,false,false,4,false,false,2,1,2,7,0,true,false,true,true,false,public,2,0,0,false,,
\SweetHome3D\src\com\eteks\sweethome3d\swing\ImportedFurnitureWizardStepsPanel.java,ImportedFurnitureWizardStepsPanel,1255,46,20,5,2,false,false,5,false,false,30,23,71,165,0,false,false,false,true,false,public,1,19,0,false,,
\SweetHome3D\src\com\eteks\sweethome3d\swing\NullableSpinner.NullableSpinnerNumberModel.java,NullableSpinnerNumberModel,113,2,7,2,4,false,false,4,false,false,9,2,1,6,0,true,false,true,true,false,public,7,0,0,false,,
\SweetHome3D\src\com\eteks\sweethome3d\swing\NullableSpinner.java,NullableSpinner,118,0,0,0,0,false,false,2,true,false,7,0,3,11,0,false,false,false,true,false,public,0,0,0,false,,
\SweetHome3D\src\com\eteks\sweethome3d\swing\MultipleLevelsPlanPanel.java,MultipleLevelsPlanPanel,496,6,39,12,6,false,false,4,false,false,14,64,46,60,0,false,false,false,true,false,public,32,6,1,false,,
\SweetHome3D\src\com\eteks\sweethome3d\swing\PhotoPanel.ActionType.java,ActionType,25,4,0,0,0,false,false,2,false,false,0,0,0,0,0,false,false,true,false,true,private,0,0,0,false,,
\SweetHome3D\src\com\eteks\sweethome3d\swing\PhotoPanel.LanguageChangeListener.java,LanguageChangeListener,48,1,1,0,0,false,false,3,true,false,1,1,6,3,0,true,false,true,true,false,public,1,0,0,false,,
\SweetHome3D\src\com\eteks\sweethome3d\swing\ModelPreviewComponent.java,ModelPreviewComponent,787,8,32,12,11,false,false,3,false,false,39,32,68,99,0,false,false,false,true,false,public,5,15,11,false,,
\SweetHome3D\src\com\eteks\sweethome3d\swing\PlanComponent.ActionType.java,ActionType,30,16,0,0,0,false,false,2,false,false,0,0,0,0,0,false,false,true,false,true,private,0,0,0,false,,
\SweetHome3D\src\com\eteks\sweethome3d\swing\PlanComponent.PaintMode.java,PaintMode,25,4,0,0,0,false,false,2,false,false,0,0,0,0,0,false,false,true,false,true,protected,0,0,0,false,,
\SweetHome3D\src\com\eteks\sweethome3d\swing\ObserverCameraPanel.java,ObserverCameraPanel,327,15,4,1,0,false,false,3,false,false,5,5,23,47,0,false,false,false,true,false,public,1,3,0,false,,
\SweetHome3D\src\com\eteks\sweethome3d\swing\PlanComponent.PieceOfFurnitureModelIcon.java,PieceOfFurnitureModelIcon,236,3,3,0,1,false,false,5,false,false,9,7,37,39,0,true,false,true,true,false,private,0,3,0,false,,
\SweetHome3D\src\com\eteks\sweethome3d\swing\PlanComponent.PieceOfFurnitureTopViewIcon.java,PieceOfFurnitureTopViewIcon,51,1,6,1,2,false,false,6,false,false,0,5,3,4,0,true,false,true,true,false,private,5,0,1,true,,
\SweetHome3D\src\com\eteks\sweethome3d\swing\PageSetupPanel.java,PageSetupPanel,446,17,8,1,0,false,false,3,false,false,10,8,43,61,0,false,false,false,true,false,public,2,6,0,false,,
\SweetHome3D\src\com\eteks\sweethome3d\swing\PlanComponent.PieceOfFurniturePlanIcon.java,PieceOfFurniturePlanIcon,136,4,2,1,0,false,false,5,false,false,4,6,16,21,0,true,false,true,true,false,private,1,1,0,false,,
\SweetHome3D\src\com\eteks\sweethome3d\swing\PlanComponent.UserPreferencesChangeListener.java,UserPreferencesChangeListener,74,1,1,0,0,false,false,4,true,false,5,1,7,10,0,true,false,true,true,false,private,1,0,0,false,,
\SweetHome3D\src\com\eteks\sweethome3d\swing\PlanComponent.SVGSupport.java,SVGSupport,73,0,1,0,0,false,false,4,false,false,1,2,10,12,0,true,false,true,true,false,private,1,0,0,false,,
\SweetHome3D\src\com\eteks\sweethome3d\swing\PlanTransferHandler.java,PlanTransferHandler,246,6,11,0,2,false,false,3,true,false,12,20,19,21,0,false,false,false,true,false,public,2,3,6,false,,
\SweetHome3D\src\com\eteks\sweethome3d\swing\PrintPreviewPanel.ActionType.java,ActionType,25,2,0,0,0,false,false,2,false,false,0,0,0,0,0,false,false,true,false,true,private,0,0,0,false,,
\SweetHome3D\src\com\eteks\sweethome3d\swing\PlanComponent.PlanRulerComponent.java,PlanRulerComponent,304,2,6,0,2,false,false,3,false,false,17,6,28,26,0,false,false,true,true,false,public,1,4,1,false,,
\SweetHome3D\src\com\eteks\sweethome3d\swing\ProportionalLayout.Constraints.java,Constraints,28,2,0,0,0,false,false,1,false,false,0,0,0,0,0,false,false,true,false,true,public,0,0,0,false,,
\SweetHome3D\src\com\eteks\sweethome3d\swing\PrintPreviewPanel.java,PrintPreviewPanel,217,4,7,0,0,false,false,3,false,false,2,5,29,18,0,false,false,false,true,false,public,1,6,0,false,,
\SweetHome3D\src\com\eteks\sweethome3d\swing\ProportionalLayout.java,ProportionalLayout,211,3,10,0,2,false,false,2,false,false,14,12,5,23,0,false,false,false,true,false,public,10,0,0,false,,
\SweetHome3D\src\com\eteks\sweethome3d\swing\ResourceAction.ButtonAction.java,ButtonAction,39,0,1,0,1,false,false,2,false,false,1,1,2,1,0,true,false,true,true,false,public,1,0,0,false,,
\SweetHome3D\src\com\eteks\sweethome3d\swing\ResourceAction.AbstractDecoratedAction.java,AbstractDecoratedAction,77,2,8,1,1,false,false,3,false,false,2,10,5,5,0,true,false,true,true,false,private,7,0,1,false,,
\SweetHome3D\src\com\eteks\sweethome3d\swing\ResourceAction.LanguageChangeListener.java,LanguageChangeListener,51,3,1,0,0,false,false,3,true,false,1,1,4,3,0,true,false,true,true,false,private,1,0,0,false,,
\SweetHome3D\src\com\eteks\sweethome3d\swing\ResourceAction.MenuItemAction.java,MenuItemAction,41,0,1,0,1,false,false,3,false,false,1,1,2,1,0,true,false,true,true,false,public,1,0,0,false,,
\SweetHome3D\src\com\eteks\sweethome3d\swing\ResourceAction.ToolBarAction.java,ToolBarAction,37,0,1,0,1,false,false,3,false,false,1,1,1,0,0,true,false,true,true,false,public,1,0,0,false,,
\SweetHome3D\src\com\eteks\sweethome3d\swing\ResourceAction.PopupMenuItemAction.java,PopupMenuItemAction,60,0,1,0,1,false,false,4,false,false,3,1,4,4,0,true,false,true,true,false,public,1,0,0,false,,
\SweetHome3D\src\com\eteks\sweethome3d\swing\ResourceAction.java,ResourceAction,143,2,3,0,1,false,false,2,false,false,5,8,5,2,0,false,false,false,true,false,public,1,2,0,false,,
\SweetHome3D\src\com\eteks\sweethome3d\swing\PhotoPanel.java,PhotoPanel,1048,38,16,3,2,false,false,2,false,false,35,13,80,167,0,false,false,false,true,false,public,1,15,0,false,,
\SweetHome3D\src\com\eteks\sweethome3d\swing\ScaledImageComponent.java,ScaledImageComponent,174,2,8,1,4,false,false,3,false,false,8,6,13,15,0,false,false,false,true,false,public,3,0,5,false,,
\SweetHome3D\src\com\eteks\sweethome3d\swing\SwingTools.BrowserSupport.java,BrowserSupport,46,0,1,0,0,false,false,2,false,false,1,1,4,1,0,true,false,true,true,false,private,1,0,0,false,,
\SweetHome3D\src\com\eteks\sweethome3d\swing\SwingTools.MenuItemsVisibilityListener.java,MenuItemsVisibilityListener,126,0,6,0,0,false,false,4,true,false,11,6,7,13,0,true,false,true,true,false,private,3,3,0,false,,
\SweetHome3D\src\com\eteks\sweethome3d\swing\SwingViewFactory.java,SwingViewFactory,269,0,25,0,0,false,false,3,false,false,2,67,41,1,0,false,false,false,true,false,public,25,0,0,false,,
\SweetHome3D\src\com\eteks\sweethome3d\swing\RoomPanel.java,RoomPanel,512,19,9,1,0,false,false,2,false,false,18,11,23,76,0,false,false,false,true,false,public,1,8,0,false,,
\SweetHome3D\src\com\eteks\sweethome3d\swing\TextureChoiceComponent.java,TextureChoiceComponent,119,1,1,0,0,false,false,3,false,false,2,0,19,8,0,false,false,false,true,false,public,1,0,0,false,,
\SweetHome3D\src\com\eteks\sweethome3d\swing\ThreadedTaskPanel.java,ThreadedTaskPanel,155,6,6,3,0,false,false,3,false,false,5,7,16,9,0,false,false,false,true,false,public,4,2,0,false,,
\SweetHome3D\src\com\eteks\sweethome3d\swing\SwingTools.java,SwingTools,590,3,20,0,3,false,false,2,false,false,29,36,57,76,0,false,false,false,true,false,public,17,3,0,false,,
\SweetHome3D\src\com\eteks\sweethome3d\swing\UnfocusableToolBar.java,UnfocusableToolBar,101,0,1,0,0,false,false,3,false,false,4,0,10,3,0,false,false,false,true,false,public,0,1,0,false,,
\SweetHome3D\src\com\eteks\sweethome3d\swing\UserPreferencesPanel.SpinnerLengthModel.java,SpinnerLengthModel,83,1,3,1,1,false,false,3,false,false,1,6,5,3,0,true,false,true,true,false,private,2,1,0,false,,
\SweetHome3D\src\com\eteks\sweethome3d\swing\TextureChoiceComponent.TexturePanel.java,TexturePanel,435,10,8,2,2,false,false,2,false,false,17,7,58,61,0,true,false,true,true,false,private,3,5,0,false,,
\SweetHome3D\src\com\eteks\sweethome3d\swing\VideoPanel.ActionType.java,ActionType,26,13,0,0,0,false,false,2,false,false,0,0,0,0,0,false,false,true,false,true,private,0,0,0,false,,
\SweetHome3D\src\com\eteks\sweethome3d\swing\UserPreferencesPanel.SupportedLanguagesChangeListener.java,SupportedLanguagesChangeListener,59,1,1,0,0,false,false,4,true,false,2,1,8,5,0,true,false,true,true,false,private,1,0,0,false,,
\SweetHome3D\src\com\eteks\sweethome3d\swing\VideoPanel.FrameGenerator.java,FrameGenerator,40,1,1,0,0,false,false,2,true,false,1,0,4,2,0,true,false,true,true,false,private,0,0,1,true,,
\SweetHome3D\src\com\eteks\sweethome3d\swing\VideoPanel.Image3DGenerator.java,Image3DGenerator,68,3,1,0,0,false,false,3,true,false,1,2,7,7,0,true,false,true,true,false,private,1,0,0,false,,
\SweetHome3D\src\com\eteks\sweethome3d\swing\VideoPanel.ImageDataSource.java,ImageDataSource,85,1,11,1,6,false,false,3,false,false,0,2,8,0,0,true,false,true,true,false,private,11,0,0,false,,
\SweetHome3D\src\com\eteks\sweethome3d\swing\VideoPanel.LanguageChangeListener.java,LanguageChangeListener,48,1,1,0,0,false,false,3,true,false,1,1,6,3,0,true,false,true,true,false,public,1,0,0,false,,
\SweetHome3D\src\com\eteks\sweethome3d\swing\VideoPanel.PhotoImageGenerator.java,PhotoImageGenerator,54,2,1,0,0,false,false,3,true,false,1,2,6,0,0,true,false,true,true,false,private,1,0,0,false,,
\SweetHome3D\src\com\eteks\sweethome3d\swing\VideoPanel.ImageSourceStream.java,ImageSourceStream,108,6,8,0,5,false,false,3,false,false,1,2,12,3,0,true,false,true,true,false,private,8,0,0,false,,
\SweetHome3D\src\com\eteks\sweethome3d\swing\VisualTransferHandler.DragGestureRecognizerWithVisualRepresentation.java,DragGestureRecognizerWithVisualRepresentation,45,0,3,0,0,false,false,6,false,false,0,4,4,2,0,false,false,true,true,false,private,0,0,2,false,,
\SweetHome3D\src\com\eteks\sweethome3d\swing\VisualTransferHandler.DragListenerWithVisualRepresentation.java,DragListenerWithVisualRepresentation,88,2,6,0,0,false,false,5,false,false,3,6,16,10,0,false,false,true,true,false,private,6,0,0,false,,
\SweetHome3D\src\com\eteks\sweethome3d\swing\VisualTransferHandler.java,VisualTransferHandler,59,1,1,0,0,false,false,3,true,false,1,3,5,1,0,false,false,false,true,false,public,1,0,0,false,,
\SweetHome3D\src\com\eteks\sweethome3d\swing\UserPreferencesPanel.java,UserPreferencesPanel,843,39,5,1,0,false,false,3,false,false,56,5,41,112,0,false,false,false,true,false,public,1,4,0,false,,
\SweetHome3D\src\com\eteks\sweethome3d\swing\WizardPane.java,WizardPane,264,6,5,0,0,false,false,2,false,false,10,6,30,36,0,false,false,false,true,false,public,1,4,0,false,,
\SweetHome3D\src\com\eteks\sweethome3d\plugin\HomePluginController.java,HomePluginController,87,3,2,0,1,false,false,3,true,true,3,1,8,4,0,false,false,false,true,false,public,2,0,0,false,,
\SweetHome3D\src\com\eteks\sweethome3d\plugin\Plugin.java,Plugin,209,10,21,10,10,false,false,1,false,false,0,10,4,0,0,false,false,false,true,false,public,11,0,0,true,,
\SweetHome3D\src\com\eteks\sweethome3d\plugin\PluginAction.Property.java,Property,61,7,0,0,0,false,false,1,false,false,0,0,0,0,0,false,false,true,false,true,public,0,0,0,false,,
\SweetHome3D\src\com\eteks\sweethome3d\swing\WallPanel.java,WallPanel,875,37,10,1,0,false,false,2,false,false,23,14,28,148,0,false,false,false,true,false,public,1,9,0,false,,
\SweetHome3D\src\com\eteks\sweethome3d\plugin\PluginManager.PluginDefinition.java,PluginDefinition,70,7,7,0,7,false,false,2,false,false,0,0,0,0,0,true,false,true,true,false,private,7,0,0,false,,
\SweetHome3D\src\com\eteks\sweethome3d\plugin\PluginAction.java,PluginAction,188,2,8,1,2,false,false,2,false,false,6,11,8,5,0,false,false,false,true,false,public,6,2,0,true,,
\SweetHome3D\src\com\eteks\sweethome3d\model\AspectRatio.java,AspectRatio,43,8,1,0,1,false,false,2,false,false,0,0,0,0,0,false,false,false,false,true,public,1,0,0,false,,
\SweetHome3D\src\com\eteks\sweethome3d\model\BackgroundImage.java,BackgroundImage,148,10,11,0,10,false,false,2,false,false,0,5,2,0,0,false,false,false,true,false,public,11,0,0,false,,
\SweetHome3D\src\com\eteks\sweethome3d\model\Camera.Lens.java,Lens,25,4,0,0,0,false,false,1,false,false,0,0,0,0,0,false,false,true,false,true,public,0,0,0,false,,
\SweetHome3D\src\com\eteks\sweethome3d\model\Camera.Property.java,Property,25,9,0,0,0,false,false,1,false,false,0,0,0,0,0,false,false,true,false,true,public,0,0,0,false,,
\SweetHome3D\src\com\eteks\sweethome3d\model\Camera.java,Camera,319,12,26,10,9,false,false,1,false,false,10,16,8,22,0,false,false,false,true,false,public,23,3,0,false,,
\SweetHome3D\src\com\eteks\sweethome3d\plugin\PluginManager.java,PluginManager,401,13,9,0,3,false,false,2,true,false,20,19,34,40,0,false,false,false,true,false,public,3,5,0,false,,
\SweetHome3D\src\com\eteks\sweethome3d\swing\VideoPanel.java,VideoPanel,1471,39,27,2,3,false,false,2,false,false,58,18,103,273,0,false,false,false,true,false,public,1,26,0,false,,
\SweetHome3D\src\com\eteks\sweethome3d\model\CatalogLight.java,CatalogLight,223,1,1,0,1,false,false,2,false,false,1,0,1,1,0,false,false,false,true,false,public,1,0,0,false,,
\SweetHome3D\src\com\eteks\sweethome3d\model\CatalogDoorOrWindow.java,CatalogDoorOrWindow,283,3,4,0,3,false,false,4,false,false,1,0,1,1,0,false,false,false,true,false,public,4,0,0,false,,
\SweetHome3D\src\com\eteks\sweethome3d\model\CollectionChangeSupport.java,CollectionChangeSupport,74,2,4,0,0,false,false,3,false,false,1,7,2,2,0,false,false,false,true,false,public,4,0,0,false,,
\SweetHome3D\src\com\eteks\sweethome3d\model\CollectionEvent.Type.java,Type,26,2,0,0,0,false,false,1,false,false,0,0,0,0,0,false,false,true,false,true,public,0,0,0,false,,
\SweetHome3D\src\com\eteks\sweethome3d\model\CatalogTexture.java,CatalogTexture,172,10,12,1,7,false,false,2,false,false,1,3,1,2,0,false,false,false,true,false,public,11,0,0,false,,
\SweetHome3D\src\com\eteks\sweethome3d\model\CollectionListener.java,CollectionListener,32,0,0,0,0,false,false,2,true,false,0,0,1,0,0,false,true,false,false,false,public,0,0,0,false,,
\SweetHome3D\src\com\eteks\sweethome3d\model\CollectionEvent.java,CollectionEvent,67,3,3,0,3,false,false,2,false,false,0,0,1,0,0,false,false,false,true,false,public,3,0,0,false,,
\SweetHome3D\src\com\eteks\sweethome3d\model\Compass.Property.java,Property,27,8,0,0,0,false,false,1,false,false,0,0,0,0,0,false,false,true,false,true,public,0,0,0,false,,
\SweetHome3D\src\com\eteks\sweethome3d\model\Compass.GeographicPoint.java,GeographicPoint,40,2,2,0,2,false,false,2,false,false,0,0,0,0,0,true,false,true,true,false,private,2,0,0,false,,
\SweetHome3D\src\com\eteks\sweethome3d\model\Content.java,Content,34,0,0,0,0,false,false,1,false,false,0,0,3,0,0,false,true,false,false,false,public,0,0,0,false,,
\SweetHome3D\src\com\eteks\sweethome3d\model\DimensionLine.Property.java,Property,25,7,0,0,0,false,false,1,false,false,0,0,0,0,0,false,false,true,false,true,public,0,0,0,false,,
\SweetHome3D\src\com\eteks\sweethome3d\model\CatalogPieceOfFurniture.java,CatalogPieceOfFurniture,652,33,36,1,23,false,false,4,false,false,2,4,2,3,0,false,false,false,true,false,public,34,1,0,false,,
\SweetHome3D\src\com\eteks\sweethome3d\model\DoorOrWindow.java,DoorOrWindow,42,0,0,0,0,false,false,3,false,false,0,0,0,0,0,false,true,false,false,false,public,0,0,0,false,,
\SweetHome3D\src\com\eteks\sweethome3d\model\Elevatable.java,Elevatable,35,0,0,0,0,false,false,1,false,false,0,0,0,0,0,false,true,false,false,false,public,0,0,0,false,,
\SweetHome3D\src\com\eteks\sweethome3d\model\DimensionLine.java,DimensionLine,344,10,29,7,10,false,false,2,false,false,9,33,10,10,0,false,false,false,true,false,public,26,3,0,false,,
\SweetHome3D\src\com\eteks\sweethome3d\model\FurnitureCatalog.java,FurnitureCatalog,137,3,9,0,3,false,false,2,false,false,6,7,3,6,0,false,false,false,true,false,public,7,2,0,false,,
\SweetHome3D\src\com\eteks\sweethome3d\model\Home.Property.java,Property,27,12,0,0,0,false,false,1,false,false,0,0,0,0,0,false,false,true,false,true,public,0,0,0,false,,
\SweetHome3D\src\com\eteks\sweethome3d\model\FurnitureCategory.java,FurnitureCategory,128,4,11,0,5,false,false,2,false,false,2,6,4,5,0,false,false,false,true,false,public,8,1,0,false,,
\SweetHome3D\src\com\eteks\sweethome3d\model\HomeApplication.java,HomeApplication,120,2,9,0,4,false,false,2,false,false,1,5,3,2,0,false,false,false,true,false,public,9,0,0,true,,
\SweetHome3D\src\com\eteks\sweethome3d\model\HomeDoorOrWindow.java,HomeDoorOrWindow,141,5,11,5,3,false,false,4,false,false,5,5,0,5,0,false,false,false,true,false,public,11,0,0,false,,
\SweetHome3D\src\com\eteks\sweethome3d\model\HomeEnvironment.DrawingMode.java,DrawingMode,27,3,0,0,0,false,false,2,false,false,0,0,0,0,0,false,false,true,false,true,public,0,0,0,false,,
\SweetHome3D\src\com\eteks\sweethome3d\model\HomeEnvironment.Property.java,Property,28,19,0,0,0,false,false,1,false,false,0,0,0,0,0,false,false,true,false,true,public,0,0,0,false,,
\SweetHome3D\src\com\eteks\sweethome3d\model\HomeEnvironment.java,HomeEnvironment,540,23,44,19,18,false,false,2,false,false,23,25,7,31,0,false,false,false,true,false,public,42,2,0,false,,
\SweetHome3D\src\com\eteks\sweethome3d\model\Home.java,Home,1292,47,88,14,30,false,false,1,false,false,56,70,14,99,0,false,false,false,true,false,public,81,7,0,false,,
\SweetHome3D\src\com\eteks\sweethome3d\model\HomeLight.Property.java,Property,26,1,0,0,0,false,false,1,false,false,0,0,0,0,0,false,false,true,false,true,public,0,0,0,false,,
\SweetHome3D\src\com\eteks\sweethome3d\model\HomeLight.java,HomeLight,117,4,7,1,2,false,false,2,false,false,2,4,4,5,0,false,false,false,true,false,public,6,1,0,false,,
\SweetHome3D\src\com\eteks\sweethome3d\model\HomePieceOfFurniture.Property.java,Property,26,21,0,0,0,false,false,1,false,false,0,0,0,0,0,false,false,true,false,true,public,0,0,0,false,,
\SweetHome3D\src\com\eteks\sweethome3d\model\HomeFurnitureGroup.java,HomeFurnitureGroup,666,17,41,13,16,false,false,3,false,false,34,22,11,86,0,false,false,false,true,false,public,37,4,0,false,,
\SweetHome3D\src\com\eteks\sweethome3d\model\HomePieceOfFurniture.SortableProperty.java,SortableProperty,27,19,0,0,0,false,false,2,false,false,0,0,0,0,0,false,false,true,false,true,public,0,0,0,false,,
\SweetHome3D\src\com\eteks\sweethome3d\model\HomePrint.PaperOrientation.java,PaperOrientation,25,3,0,0,0,false,false,2,false,false,0,0,0,0,0,false,false,true,false,true,public,0,0,0,false,,
\SweetHome3D\src\com\eteks\sweethome3d\model\HomePrint.java,HomePrint,154,14,13,0,10,false,false,2,false,false,0,0,1,0,0,false,false,false,true,false,public,13,0,0,false,,
\SweetHome3D\src\com\eteks\sweethome3d\model\HomeRecorder.Type.java,Type,33,2,0,0,0,false,false,1,false,false,0,0,0,0,0,false,false,true,false,true,public,0,0,0,false,,
\SweetHome3D\src\com\eteks\sweethome3d\model\HomeRecorder.java,HomeRecorder,47,0,0,0,0,false,false,2,true,false,0,0,0,0,0,false,true,false,false,false,public,0,0,0,false,,
\SweetHome3D\src\com\eteks\sweethome3d\model\HomeTexture.java,HomeTexture,106,6,7,0,4,false,false,2,false,false,1,1,1,6,0,false,false,false,true,false,public,7,0,0,false,,
\SweetHome3D\src\com\eteks\sweethome3d\model\IllegalHomonymException.java,IllegalHomonymException,38,1,0,0,0,false,false,3,false,false,0,0,0,0,0,false,false,false,true,false,public,0,0,0,false,,
\SweetHome3D\src\com\eteks\sweethome3d\model\InterruptedRecorderException.java,InterruptedRecorderException,39,1,0,0,0,false,false,3,false,false,0,0,0,0,0,false,false,false,true,false,public,0,0,0,false,,
\SweetHome3D\src\com\eteks\sweethome3d\model\Label.Property.java,Property,25,6,0,0,0,false,false,1,false,false,0,0,0,0,0,false,false,true,false,true,public,0,0,0,false,,
\SweetHome3D\src\com\eteks\sweethome3d\model\Label.java,Label,233,9,21,6,7,false,false,1,false,false,6,19,6,8,0,false,false,false,true,false,public,20,1,0,false,,
\SweetHome3D\src\com\eteks\sweethome3d\model\LengthUnit.MeterFamilyFormat.java,MeterFamilyFormat,53,1,3,0,0,false,false,3,false,false,1,8,3,1,0,true,false,true,true,false,private,3,0,0,false,,
\SweetHome3D\src\com\eteks\sweethome3d\model\LengthUnit.SquareMeterAreaFormatWithUnit.java,SquareMeterAreaFormatWithUnit,36,0,1,0,0,false,false,6,false,false,0,3,2,0,0,true,false,true,true,false,private,1,0,0,false,,
\SweetHome3D\src\com\eteks\sweethome3d\model\Compass.java,Compass,1048,15,30,8,10,false,false,1,false,false,18,32,15,27,0,false,false,false,true,false,public,25,5,0,false,,
\SweetHome3D\src\com\eteks\sweethome3d\model\Level.Property.java,Property,26,6,0,0,0,false,false,1,false,false,0,0,0,0,0,false,false,true,false,true,public,0,0,0,false,,
\SweetHome3D\src\com\eteks\sweethome3d\swing\PlanComponent.java,PlanComponent,4481,80,132,14,39,false,false,2,false,false,307,372,136,746,0,false,false,false,true,false,public,40,81,11,false,,
\SweetHome3D\src\com\eteks\sweethome3d\model\Light.java,Light,33,0,0,0,0,false,false,1,false,false,0,0,0,0,0,false,true,false,false,false,public,0,0,0,false,,
\SweetHome3D\src\com\eteks\sweethome3d\model\LightSource.java,LightSource,81,6,5,0,5,false,false,2,false,false,0,0,1,0,0,false,false,false,true,false,public,5,0,0,false,,
\SweetHome3D\src\com\eteks\sweethome3d\model\ObserverCamera.Property.java,Property,25,3,0,0,0,false,false,1,false,false,0,0,0,0,0,false,false,true,false,true,public,0,0,0,false,,
\SweetHome3D\src\com\eteks\sweethome3d\model\Level.java,Level,194,8,16,6,5,false,false,1,false,false,6,9,5,8,0,false,false,false,true,false,public,15,1,0,false,,
\SweetHome3D\src\com\eteks\sweethome3d\model\PatternsCatalog.java,PatternsCatalog,68,1,4,0,4,false,false,2,false,false,1,2,3,2,0,false,false,false,true,false,public,4,0,0,false,,
\SweetHome3D\src\com\eteks\sweethome3d\model\PieceOfFurniture.java,PieceOfFurniture,124,0,0,0,0,false,false,3,false,false,0,0,1,0,0,false,true,false,false,false,public,0,0,0,false,,
\SweetHome3D\src\com\eteks\sweethome3d\model\RecorderException.java,RecorderException,46,1,0,0,0,false,false,2,false,false,0,0,0,0,0,false,false,false,true,false,public,0,0,0,false,,
\SweetHome3D\src\com\eteks\sweethome3d\model\Room.Property.java,Property,28,20,0,0,0,false,false,1,false,false,0,0,0,0,0,false,false,true,false,true,public,0,0,0,false,,
\SweetHome3D\src\com\eteks\sweethome3d\model\ObserverCamera.java,ObserverCamera,267,5,19,5,6,false,false,2,false,false,7,17,10,11,0,false,false,false,true,false,public,16,3,0,false,,
\SweetHome3D\src\com\eteks\sweethome3d\model\Sash.java,Sash,84,6,5,0,5,false,false,1,false,false,0,0,1,0,0,false,false,false,true,false,public,5,0,0,false,,
\SweetHome3D\src\com\eteks\sweethome3d\model\Selectable.java,Selectable,52,0,0,0,0,false,false,1,false,false,0,0,0,0,0,false,true,false,false,false,public,0,0,0,false,,
\SweetHome3D\src\com\eteks\sweethome3d\model\SelectionEvent.java,SelectionEvent,42,1,1,0,1,false,false,2,false,false,0,0,2,0,0,false,false,false,true,false,public,1,0,0,false,,
\SweetHome3D\src\com\eteks\sweethome3d\model\SelectionListener.java,SelectionListener,31,0,0,0,0,false,false,2,true,false,0,0,1,0,0,false,true,false,false,false,public,0,0,0,false,,
\SweetHome3D\src\com\eteks\sweethome3d\model\LengthUnit.java,LengthUnit,549,4,6,0,2,false,false,2,false,false,25,6,8,44,0,false,false,false,false,true,public,5,1,0,false,,
\SweetHome3D\src\com\eteks\sweethome3d\model\TextStyle.java,TextStyle,140,5,10,0,2,false,false,2,false,false,7,6,5,1,0,false,false,false,true,false,public,8,2,0,false,,
\SweetHome3D\src\com\eteks\sweethome3d\model\TextureImage.java,TextureImage,43,0,0,0,0,false,false,2,false,false,0,0,1,0,0,false,true,false,false,false,public,0,0,0,false,,
\SweetHome3D\src\com\eteks\sweethome3d\model\HomePieceOfFurniture.java,HomePieceOfFurniture,1021,41,80,21,32,false,false,4,false,false,41,61,17,90,0,false,false,false,true,false,public,74,6,0,false,,
\SweetHome3D\src\com\eteks\sweethome3d\model\UserPreferences.PrefixedResourceBundle.java,PrefixedResourceBundle,49,2,3,0,2,false,false,3,false,false,0,1,3,2,0,true,false,true,true,false,private,2,0,1,false,,
\SweetHome3D\src\com\eteks\sweethome3d\model\UserPreferences.Property.java,Property,29,18,0,0,0,false,false,1,false,false,0,0,0,0,0,false,false,true,false,true,public,0,0,0,false,,
\SweetHome3D\src\com\eteks\sweethome3d\model\TexturesCategory.java,TexturesCategory,128,4,11,0,5,false,false,2,false,false,2,6,4,5,0,false,false,false,true,false,public,8,1,0,false,,
\SweetHome3D\src\com\eteks\sweethome3d\model\TexturesCatalog.java,TexturesCatalog,135,3,9,0,3,false,false,2,false,false,6,7,3,6,0,false,false,false,true,false,public,7,2,0,false,,
\SweetHome3D\src\com\eteks\sweethome3d\model\Wall.Property.java,Property,29,18,0,0,0,false,false,1,false,false,0,0,0,0,0,false,false,true,false,true,public,0,0,0,false,,
\SweetHome3D\src\com\eteks\sweethome3d\j3d\Component3DManager.RenderingErrorListenerManager.java,RenderingErrorListenerManager,44,0,1,1,0,false,false,4,true,false,1,2,3,1,0,true,false,true,true,false,private,1,0,0,false,,
\SweetHome3D\src\com\eteks\sweethome3d\j3d\Component3DManager.RenderingErrorObserver.java,RenderingErrorObserver,28,0,0,0,0,false,false,3,true,false,0,0,0,0,0,true,true,true,false,false,public,0,0,0,false,,
\SweetHome3D\src\com\eteks\sweethome3d\j3d\Component3DManager.RenderingObserver.java,RenderingObserver,40,0,0,0,0,false,false,2,true,false,0,0,1,0,0,true,true,true,false,false,public,0,0,0,false,,
\SweetHome3D\src\com\eteks\sweethome3d\j3d\Component3DManager.java,Component3DManager,308,6,11,1,8,false,false,3,true,false,16,12,16,15,0,false,false,false,true,false,public,9,2,0,false,,
\SweetHome3D\src\com\eteks\sweethome3d\model\Room.java,Room,751,25,66,21,24,false,false,1,false,false,32,58,13,38,0,false,false,false,true,false,public,60,6,0,false,,
\SweetHome3D\src\com\eteks\sweethome3d\j3d\DAELoader.java,DAELoader,128,0,5,0,0,false,false,4,true,false,2,7,19,8,0,false,false,false,true,false,public,3,2,0,false,,
\SweetHome3D\src\com\eteks\sweethome3d\model\UserPreferences.java,UserPreferences,799,29,59,22,23,false,false,2,false,false,32,42,16,48,0,false,false,false,true,false,public,51,3,5,true,,
\SweetHome3D\src\com\eteks\sweethome3d\j3d\HomePieceOfFurniture3D.DefaultMaterialAndTexture.java,DefaultMaterialAndTexture,64,6,6,0,6,false,false,4,false,false,0,0,7,6,0,true,false,true,true,false,private,6,0,0,false,,
\SweetHome3D\src\com\eteks\sweethome3d\j3d\HomePieceOfFurniture3D.LightSelectionListener.java,LightSelectionListener,43,1,1,0,0,false,false,3,true,false,1,1,4,3,0,true,false,true,true,false,private,1,0,0,false,,
\SweetHome3D\src\com\eteks\sweethome3d\j3d\Ground3D.java,Ground3D,407,4,7,0,1,false,false,2,false,false,26,20,26,73,0,false,false,false,true,false,public,2,5,0,false,,
\SweetHome3D\src\com\eteks\sweethome3d\model\Wall.java,Wall,958,22,64,20,27,false,false,1,false,false,58,59,12,45,0,false,false,false,true,false,public,52,12,0,false,,
\SweetHome3D\src\com\eteks\sweethome3d\j3d\ModelManager.ModelObserver.java,ModelObserver,34,0,0,0,0,false,false,2,true,false,0,0,1,0,0,true,true,true,false,false,public,0,0,0,false,,
\SweetHome3D\src\com\eteks\sweethome3d\j3d\ModelManager.SVGPathSupport.java,SVGPathSupport,48,0,1,0,0,false,false,5,false,false,0,1,5,1,0,true,false,true,true,false,private,1,0,0,false,,
\SweetHome3D\src\com\eteks\sweethome3d\j3d\OBJLoader.Face.java,Face,56,1,2,0,1,false,false,1,false,false,1,0,1,2,0,true,false,true,true,false,private,2,0,0,false,,
\SweetHome3D\src\com\eteks\sweethome3d\j3d\OBJLoader.Geometry.java,Geometry,67,3,4,0,3,false,false,1,false,false,1,0,1,3,0,true,false,true,true,false,private,4,0,0,true,,
\SweetHome3D\src\com\eteks\sweethome3d\j3d\OBJLoader.Group.java,Group,59,3,5,1,2,false,false,1,false,false,0,2,2,1,0,true,false,true,true,false,private,5,0,0,false,,
\SweetHome3D\src\com\eteks\sweethome3d\j3d\OBJLoader.Line.java,Line,41,0,0,0,0,false,false,1,false,false,0,0,1,0,0,true,false,true,true,false,private,0,0,0,false,,
\SweetHome3D\src\com\eteks\sweethome3d\j3d\HomePieceOfFurniture3D.java,HomePieceOfFurniture3D,651,4,22,8,3,false,false,5,false,false,38,29,38,104,0,false,false,false,true,false,public,1,21,0,false,,
\SweetHome3D\src\com\eteks\sweethome3d\j3d\OBJMaterial.java,OBJMaterial,112,3,10,3,3,false,false,4,false,false,3,4,2,0,0,false,false,false,true,false,public,10,0,0,false,,
\SweetHome3D\src\com\eteks\sweethome3d\j3d\OBJWriter.ComparableAppearance.java,ComparableAppearance,176,1,3,0,1,false,false,2,false,false,17,1,6,33,0,true,false,true,true,false,private,3,0,0,false,,
\SweetHome3D\src\com\eteks\sweethome3d\j3d\DAELoader.DAEHandler.java,DAEHandler,918,56,16,0,6,false,false,4,true,false,75,25,42,68,0,true,false,true,true,false,private,4,12,0,false,,
\SweetHome3D\src\com\eteks\sweethome3d\j3d\Object3DBranch.java,Object3DBranch,92,7,2,0,2,false,false,3,false,false,2,4,10,1,0,false,false,false,true,false,public,0,0,2,true,,
\SweetHome3D\src\com\eteks\sweethome3d\j3d\Object3DBranchFactory.java,Object3DBranchFactory,46,0,1,0,0,false,false,4,false,false,1,3,6,1,0,false,false,false,true,false,public,1,0,0,false,,
\SweetHome3D\src\com\eteks\sweethome3d\j3d\PhotoRenderer.BufferedImageDisplay.java,BufferedImageDisplay,99,4,6,0,0,false,false,3,false,false,4,25,5,7,0,true,false,true,true,false,private,5,1,0,false,,
\SweetHome3D\src\com\eteks\sweethome3d\j3d\PhotoRenderer.Quality.java,Quality,26,2,0,0,0,false,false,1,false,false,0,0,0,0,0,false,false,true,false,true,public,0,0,0,false,,
\SweetHome3D\src\com\eteks\sweethome3d\j3d\PhotoRenderer.SphereLightWithNoRepresentation.java,SphereLightWithNoRepresentation,32,0,1,0,0,false,false,5,false,false,0,0,2,0,0,true,false,true,true,false,public,1,0,0,false,,
\SweetHome3D\src\com\eteks\sweethome3d\j3d\PhotoRenderer.TransparentTextureKey.java,TransparentTextureKey,43,2,2,0,0,false,false,3,false,false,0,1,1,1,0,true,false,true,true,false,private,2,0,0,false,,
\SweetHome3D\src\com\eteks\sweethome3d\j3d\PhotoRenderer.Triangle.java,Triangle,70,5,2,0,0,false,false,1,false,false,2,1,1,0,0,true,false,true,true,false,private,2,0,0,false,,
\SweetHome3D\src\com\eteks\sweethome3d\j3d\OBJLoader.java,OBJLoader,1736,9,16,0,2,false,false,4,true,false,73,23,44,123,0,false,false,false,true,false,public,3,13,0,false,,
\SweetHome3D\src\com\eteks\sweethome3d\j3d\ModelManager.java,ModelManager,1328,13,35,0,14,false,false,2,true,false,88,87,72,135,0,false,false,false,true,false,public,14,20,0,false,,
\SweetHome3D\src\com\eteks\sweethome3d\j3d\TextureManager.TextureKey.java,TextureKey,101,5,5,0,2,false,false,2,false,false,6,1,6,14,0,true,false,true,true,false,private,4,1,0,false,,
\SweetHome3D\src\com\eteks\sweethome3d\j3d\TextureManager.TextureObserver.java,TextureObserver,28,0,0,0,0,false,false,2,true,false,0,0,1,0,0,true,true,true,false,false,public,0,0,0,false,,
\SweetHome3D\src\com\eteks\sweethome3d\j3d\TextureManager.java,TextureManager,286,7,10,1,2,false,false,2,true,false,15,12,20,26,0,false,false,false,true,false,public,7,3,0,false,,
\SweetHome3D\src\com\eteks\sweethome3d\j3d\Wall3D.DoorOrWindowArea.java,DoorOrWindowArea,40,2,2,0,2,false,false,4,false,false,0,0,3,0,0,true,false,true,true,false,private,2,0,0,false,,
\SweetHome3D\src\com\eteks\sweethome3d\j3d\OBJWriter.java,OBJWriter,1239,11,25,0,0,false,false,4,true,false,95,103,61,114,0,false,false,false,true,false,public,8,17,0,false,,
\SweetHome3D\src\com\eteks\sweethome3d\j3d\Room3D.java,Room3D,657,4,13,0,4,false,false,2,false,false,38,27,29,111,0,false,false,false,true,false,public,1,12,0,false,,
\SweetHome3D\src\com\eteks\sweethome3d\io\ContentRecording.java,ContentRecording,41,3,0,0,0,false,false,2,false,false,0,0,0,0,0,false,false,false,false,true,public,0,0,0,false,,
\SweetHome3D\src\com\eteks\sweethome3d\io\DefaultFurnitureCatalog.PropertyKey.java,PropertyKey,237,40,1,0,1,false,false,2,false,false,0,1,0,0,0,false,false,true,false,true,public,1,0,0,false,,
\SweetHome3D\src\com\eteks\sweethome3d\io\AutoRecoveryManager.java,AutoRecoveryManager,357,11,8,0,1,false,false,3,true,false,21,5,31,54,0,false,false,false,true,false,public,1,7,0,false,,
\SweetHome3D\src\com\eteks\sweethome3d\io\DefaultHomeInputStream.HomeObjectInputStream.java,HomeObjectInputStream,61,0,1,0,0,false,false,4,false,false,3,1,5,4,0,false,false,true,true,false,private,0,0,1,false,,
\SweetHome3D\src\com\eteks\sweethome3d\io\DefaultHomeInputStream.java,DefaultHomeInputStream,118,2,2,0,0,false,false,4,false,false,5,0,13,6,0,false,false,false,true,false,public,1,1,0,false,,
\SweetHome3D\src\com\eteks\sweethome3d\io\DefaultHomeOutputStream.HomeObjectOutputStream.java,HomeObjectOutputStream,87,0,1,0,0,false,false,4,false,false,8,1,9,6,0,false,false,true,true,false,private,0,0,1,false,,
\SweetHome3D\src\com\eteks\sweethome3d\j3d\PhotoRenderer.java,PhotoRenderer,1219,10,18,0,4,false,false,2,true,false,84,68,82,161,0,false,false,false,true,false,public,2,16,0,false,,
\SweetHome3D\src\com\eteks\sweethome3d\io\DefaultTexturesCatalog.PropertyKey.java,PropertyKey,71,8,1,0,1,false,false,2,false,false,0,1,0,0,0,false,false,true,false,true,public,1,0,0,false,,
\SweetHome3D\src\com\eteks\sweethome3d\io\DefaultHomeOutputStream.java,DefaultHomeOutputStream,271,4,7,0,1,false,false,4,false,false,13,14,20,30,0,false,false,false,true,false,public,1,6,0,false,,
\SweetHome3D\src\com\eteks\sweethome3d\io\DefaultFurnitureCatalog.java,DefaultFurnitureCatalog,596,4,13,0,7,false,false,3,false,false,28,45,32,20,0,false,false,false,true,false,public,0,11,2,false,,
\SweetHome3D\src\com\eteks\sweethome3d\j3d\Wall3D.java,Wall3D,776,5,19,0,7,false,false,2,false,false,61,37,30,117,0,false,false,false,true,false,public,1,18,0,false,,
\SweetHome3D\src\com\eteks\sweethome3d\io\DefaultTexturesCatalog.java,DefaultTexturesCatalog,347,3,8,0,2,false,false,3,false,false,9,23,25,18,0,false,false,false,true,false,public,0,6,2,false,,
\SweetHome3D\src\com\eteks\sweethome3d\io\FileUserPreferences.PortablePreferences.java,PortablePreferences,127,3,12,0,1,false,false,2,false,false,2,5,9,7,0,false,false,true,true,false,private,1,2,9,false,,
\SweetHome3D\src\com\eteks\sweethome3d\io\HomeURLContent.java,HomeURLContent,30,0,0,0,0,false,false,5,false,false,0,0,2,0,0,false,false,false,true,false,default,0,0,0,false,,
\SweetHome3D\src\com\eteks\sweethome3d\applet\AppletApplication.AppletBasicService.java,AppletBasicService,49,2,4,0,1,false,false,3,false,false,0,1,3,0,0,true,false,true,true,false,private,4,0,0,false,,
\SweetHome3D\src\com\eteks\sweethome3d\io\DefaultUserPreferences.java,DefaultUserPreferences,227,3,14,0,4,false,false,3,false,false,3,8,16,5,0,false,false,false,true,false,public,13,1,0,false,,
\SweetHome3D\src\com\eteks\sweethome3d\applet\AppletApplication.StandaloneServiceManager.java,StandaloneServiceManager,46,1,2,0,1,false,false,3,true,false,1,1,5,0,0,true,false,true,true,false,private,2,0,0,false,,
\SweetHome3D\src\com\eteks\sweethome3d\io\HomeFileRecorder.java,HomeFileRecorder,178,2,3,0,0,false,false,3,true,false,6,4,13,10,0,false,false,false,true,false,public,3,0,0,false,,
\SweetHome3D\src\com\eteks\sweethome3d\applet\AppletContentManager.java,AppletContentManager,152,2,5,0,1,false,false,3,true,false,8,13,8,3,0,false,false,false,true,false,public,4,1,0,false,,
\SweetHome3D\src\com\eteks\sweethome3d\applet\HomeAppletController.java,HomeAppletController,158,4,5,0,0,false,false,3,true,true,4,0,17,14,0,false,false,false,true,false,public,5,0,0,false,,
\SweetHome3D\src\com\eteks\sweethome3d\applet\HomeAppletRecorder.java,HomeAppletRecorder,215,4,4,0,1,false,false,3,true,false,7,4,18,20,0,false,false,false,true,false,public,4,0,0,false,,
\SweetHome3D\src\com\eteks\sweethome3d\applet\AppletUserPreferences.java,AppletUserPreferences,493,25,14,1,1,false,false,3,false,false,14,10,34,74,0,false,false,false,true,false,public,10,4,0,false,,
\SweetHome3D\src\com\eteks\sweethome3d\applet\SweetHome3DViewer.java,SweetHome3DViewer,173,1,6,0,1,false,false,4,true,false,7,2,11,11,0,false,false,false,true,false,public,2,4,0,false,,
\SweetHome3D\src\com\eteks\sweethome3d\applet\SweetHome3DApplet.java,SweetHome3DApplet,392,1,12,0,4,false,false,4,false,false,13,5,19,20,0,false,false,false,true,false,public,3,7,2,false,,
\SweetHome3D\src\com\eteks\sweethome3d\applet\AppletApplication.java,AppletApplication,660,27,22,0,13,false,false,2,false,false,44,22,51,83,0,false,false,false,true,false,public,6,12,4,false,,
\SweetHome3D\src\com\eteks\sweethome3d\applet\ViewerHelper.java,ViewerHelper,401,3,6,0,0,false,false,2,true,false,6,10,70,33,0,false,false,false,true,false,public,1,5,0,false,,
\SweetHome3D\src\com\eteks\sweethome3d\io\FileUserPreferences.java,FileUserPreferences,1133,52,38,1,12,false,false,3,false,false,53,36,48,151,0,false,false,false,true,false,public,14,23,1,false,,
