index,fullpathname,classname,loc,numAttr,numMethod,setters,getters,isPersist,isCollection,numWordName,isOrEr,isController,numIfs,numParameters,numImports,numOutboundInvocation,isStaticClass,isInterface,isInnerClass,isClass,isEnum,classPublicity,numPublicMethods,numPrivateMethods,numProtectedMethods,isAbstract,pred_label
0,\wallet\src\de\schildbach\wallet\AddressBookProvider.Helper.java,Helper,67,3,3,0,0,True,False,1,True,False,1,6,3,3,True,False,True,True,False,private,2,1,0,False,Service Provider
1,\wallet\src\de\schildbach\wallet\AddressBookProvider.java,AddressBookProvider,151,8,9,0,1,True,False,3,True,False,10,20,7,32,False,False,False,True,False,public,8,1,0,False,Service Provider
2,\wallet\src\de\schildbach\wallet\Constants.java,Constants,116,86,0,0,0,False,False,1,False,False,0,0,7,2,False,False,False,True,False,public,0,0,0,False,Information Holder
3,\wallet\src\de\schildbach\wallet\DetermineFirstSeenThread.java,DetermineFirstSeenThread,105,3,4,0,0,False,False,4,False,False,2,3,14,8,False,False,False,True,False,public,1,2,1,True,Interfacer
4,\wallet\src\de\schildbach\wallet\ExchangeRatesProvider.ExchangeRate.java,ExchangeRate,39,3,1,0,0,False,False,2,False,False,0,0,2,1,True,False,True,True,False,public,1,0,0,False,Information Holder
5,\wallet\src\de\schildbach\wallet\WalletApplication.WalletAutosaveEventListener.java,WalletAutosaveEventListener,39,0,3,0,0,False,False,4,True,False,1,3,3,0,True,False,True,True,False,private,3,0,0,False,Service Provider
6,\wallet\src\de\schildbach\wallet\ExchangeRatesProvider.java,ExchangeRatesProvider,215,7,10,0,4,False,False,3,True,False,12,17,21,25,False,False,False,True,False,public,8,2,0,False,Service Provider
7,\wallet\src\de\schildbach\wallet\WalletBalanceWidgetProvider.java,WalletBalanceWidgetProvider,69,0,2,0,0,False,False,4,True,False,0,7,18,3,False,False,False,True,False,public,2,0,0,False,Service Provider
8,\wallet\src\de\schildbach\wallet\util\BitmapFragment.java,BitmapFragment,74,3,4,0,0,False,False,2,False,False,0,5,10,2,False,False,False,True,False,public,3,1,0,False,Coordinator
9,\wallet\src\de\schildbach\wallet\util\Base43.java,Base43,106,2,4,0,0,False,False,1,False,False,4,4,3,7,False,False,False,True,False,public,4,0,0,False,Service Provider
10,\wallet\src\de\schildbach\wallet\WalletApplication.java,WalletApplication,346,8,19,0,1,False,False,2,False,False,11,4,35,39,False,False,False,True,False,public,11,8,0,False,Interfacer
11,\wallet\src\de\schildbach\wallet\util\CircularProgressView.java,CircularProgressView,141,9,10,5,1,False,False,3,False,False,3,15,10,4,False,False,False,True,False,public,6,1,3,False,Interfacer
12,\wallet\src\de\schildbach\wallet\util\CrashReporter.ExceptionHandler.java,ExceptionHandler,65,1,3,0,0,False,False,2,True,False,0,3,3,5,True,False,True,True,False,private,1,2,0,False,Service Provider
13,\wallet\src\de\schildbach\wallet\util\CrashReporter.java,CrashReporter,182,5,9,0,0,False,False,2,True,False,6,13,15,31,False,False,False,True,False,public,7,2,0,False,Service Provider
14,\wallet\src\de\schildbach\wallet\util\IOUtils.java,IOUtils,37,0,1,0,0,False,False,3,False,False,0,2,2,0,False,False,False,True,False,public,1,0,0,False,Service Provider
15,\wallet\src\de\schildbach\wallet\util\Iso8601Format.java,Iso8601Format,65,0,8,0,0,False,False,2,False,False,0,4,5,0,False,False,False,True,False,public,8,0,0,False,Service Provider
16,\wallet\src\de\schildbach\wallet\util\EncryptionUtils.java,EncryptionUtils,272,11,8,0,1,False,False,2,False,False,3,14,18,6,False,False,False,True,False,public,2,6,0,False,Service Provider
17,\wallet\src\de\schildbach\wallet\util\PlatformSupportManager.java,PlatformSupportManager,92,3,2,0,0,False,False,3,True,False,3,2,4,4,False,False,False,True,False,public,1,0,1,True,Service Provider
18,\wallet\src\de\schildbach\wallet\util\NfcTools.java,NfcTools,107,3,9,0,0,False,False,2,False,False,5,20,9,8,False,False,False,True,False,public,4,5,0,False,Coordinator
19,\wallet\src\de\schildbach\wallet\util\StrictModeWrapper.java,StrictModeWrapper,31,0,1,0,0,False,False,3,True,False,0,0,3,1,False,False,False,True,False,public,1,0,0,False,Service Provider
20,\wallet\src\de\schildbach\wallet\util\ThrottelingWalletChangeListener.java,ThrottelingWalletChangeListener,109,9,7,0,0,False,False,4,True,False,6,13,8,3,False,False,False,True,False,public,7,0,0,True,Service Provider
21,\wallet\src\de\schildbach\wallet\util\ViewPagerTabs.java,ViewPagerTabs,165,6,9,0,1,False,False,3,False,False,4,10,14,10,False,False,False,True,False,public,6,0,3,False,Interfacer
22,\wallet\src\de\schildbach\wallet\util\WalletUtils.java,WalletUtils,298,5,16,0,3,False,False,2,False,False,9,37,44,32,False,False,False,True,False,public,16,0,0,False,Service Provider
23,\wallet\src\de\schildbach\wallet\ui\AboutActivity.java,AboutActivity,128,10,3,0,0,False,False,2,False,False,3,4,12,6,False,False,False,True,False,public,2,0,1,False,Interfacer
24,\wallet\src\de\schildbach\wallet\ui\AddressBookActivity.PagerAdapter.java,PagerAdapter,43,0,2,0,2,False,False,2,True,False,1,1,3,0,False,False,True,True,False,private,2,0,0,False,Service Provider
25,\wallet\src\de\schildbach\wallet\ui\AbstractWalletActivity.java,AbstractWalletActivity,128,1,11,0,1,False,False,3,False,False,1,18,13,5,False,False,False,True,False,public,0,0,11,True,Coordinator
26,\wallet\src\de\schildbach\wallet\ui\AmountCalculatorFragment.Listener.java,Listener,25,0,0,0,0,False,False,1,True,False,0,0,1,0,True,True,True,False,False,public,0,0,0,False,Service Provider
27,\wallet\src\de\schildbach\wallet\ui\AddressBookActivity.java,AddressBookActivity,99,3,4,0,0,False,False,3,False,False,2,4,13,3,False,False,False,True,False,public,2,0,1,False,Coordinator
28,\wallet\src\de\schildbach\wallet\ui\BlockExplorerActivity.java,BlockExplorerActivity,45,0,2,0,0,False,False,3,False,False,1,2,4,1,False,False,False,True,False,public,1,0,1,False,Service Provider
29,\wallet\src\de\schildbach\wallet\ui\AmountCalculatorFragment.java,AmountCalculatorFragment,208,11,8,0,0,False,False,3,False,False,7,9,24,17,False,False,False,True,False,public,6,2,0,False,Interfacer
30,\wallet\src\de\schildbach\wallet\ui\BlockListFragment.BlockListAdapter.java,BlockListAdapter,65,0,5,0,4,False,False,3,True,False,1,5,9,6,False,False,True,True,False,private,5,0,0,False,Service Provider
31,\wallet\src\de\schildbach\wallet\ui\BlockListFragment.BlockLoader.java,BlockLoader,64,3,3,0,0,False,False,2,True,False,0,0,8,3,True,False,True,True,False,private,1,0,2,False,Service Provider
32,\wallet\src\de\schildbach\wallet\ui\BlockListFragment.java,BlockListFragment,135,9,10,0,0,False,False,3,False,False,0,12,22,12,False,False,False,True,False,public,10,0,0,False,Interfacer
33,\wallet\src\de\schildbach\wallet\ui\BlockchainStateFragment.BlockchainBroadcastReceiver.java,BlockchainBroadcastReceiver,39,1,1,0,0,False,False,3,True,False,1,2,6,1,False,False,True,True,False,private,1,0,0,False,Service Provider
34,\wallet\src\de\schildbach\wallet\ui\CurrencyAmountView.Listener.java,Listener,26,0,0,0,0,False,False,1,True,False,0,0,0,0,True,True,True,False,False,public,0,0,0,False,Service Provider
35,\wallet\src\de\schildbach\wallet\ui\BlockchainStateFragment.java,BlockchainStateFragment,171,10,7,0,0,False,False,3,False,False,4,6,19,6,False,False,False,True,False,public,6,1,0,False,Interfacer
36,\wallet\src\de\schildbach\wallet\ui\CurrencyAmountView.TextViewListener.java,TextViewListener,70,0,5,0,0,False,False,3,True,False,6,14,9,4,False,False,True,True,False,private,5,0,0,False,Service Provider
37,\wallet\src\de\schildbach\wallet\ui\CurrencyCodeDrawable.java,CurrencyCodeDrawable,62,3,5,2,2,False,False,3,False,False,0,3,5,0,False,False,False,True,False,public,5,0,0,False,Information Holder
38,\wallet\src\de\schildbach\wallet\ui\CurrencyAmountView.java,CurrencyAmountView,258,12,19,12,1,False,False,3,False,False,9,15,20,20,False,False,False,True,False,public,13,3,3,False,Interfacer
39,\wallet\src\de\schildbach\wallet\ui\CurrencyTextView.java,CurrencyTextView,131,7,9,7,0,False,False,3,False,False,7,7,13,3,False,False,False,True,False,public,7,1,1,False,Interfacer
40,\wallet\src\de\schildbach\wallet\ui\EditAddressBookEntryFragment.java,EditAddressBookEntryFragment,123,5,5,0,0,False,False,5,False,False,4,9,17,7,False,False,False,True,False,public,4,1,0,False,Interfacer
41,\wallet\src\de\schildbach\wallet\ui\ExchangeRatesActivity.java,ExchangeRatesActivity,46,0,2,0,0,False,False,3,False,False,1,2,4,1,False,False,False,True,False,public,1,0,1,False,Service Provider
42,\wallet\src\de\schildbach\wallet\ui\FileAdapter.java,FileAdapter,50,2,1,0,1,False,False,2,True,False,1,3,9,1,False,False,False,True,False,public,1,0,0,True,Service Provider
43,\wallet\src\de\schildbach\wallet\ui\ExchangeRatesFragment.java,ExchangeRatesFragment,205,8,12,0,0,False,False,3,False,False,3,14,33,17,False,False,False,True,False,public,11,1,0,False,Interfacer
44,\wallet\src\de\schildbach\wallet\ui\PeerListFragment.PeerLoader.java,PeerLoader,64,3,3,0,0,False,False,2,True,False,0,0,8,4,True,False,True,True,False,private,1,0,2,False,Service Provider
45,\wallet\src\de\schildbach\wallet\ui\PeerListFragment.ReverseDnsLoader.java,ReverseDnsLoader,37,1,1,0,0,False,False,3,True,False,0,0,3,1,True,False,True,True,False,private,1,0,0,False,Information Holder
46,\wallet\src\de\schildbach\wallet\ui\PeerMonitorActivity.java,PeerMonitorActivity,45,0,2,0,0,False,False,3,False,False,1,2,4,1,False,False,False,True,False,public,1,0,1,False,Service Provider
47,\wallet\src\de\schildbach\wallet\ui\PeerListFragment.java,PeerListFragment,211,12,7,0,0,False,False,3,False,False,4,5,27,19,False,False,False,True,False,public,7,0,0,False,Interfacer
48,\wallet\src\de\schildbach\wallet\ui\PreferencesActivity.java,PreferencesActivity,174,5,6,0,0,False,False,2,False,False,5,7,16,15,False,False,False,True,False,public,3,1,2,False,Interfacer
49,\wallet\src\de\schildbach\wallet\ui\ReportIssueDialogBuilder.java,ReportIssueDialogBuilder,184,5,2,0,0,False,False,4,True,False,8,5,19,17,False,False,False,True,False,public,1,1,0,True,Service Provider
50,\wallet\src\de\schildbach\wallet\ui\RequestCoinsActivity.java,RequestCoinsActivity,71,1,4,0,0,False,False,3,False,False,1,4,8,2,False,False,False,True,False,public,2,0,2,False,Coordinator
51,\wallet\src\de\schildbach\wallet\ui\RequestCoinsFragment.java,RequestCoinsFragment,247,11,13,0,0,False,False,3,False,False,5,10,37,26,False,False,False,True,False,public,8,5,0,False,Interfacer
52,\wallet\src\de\schildbach\wallet\ui\ScanActivity.java,ScanActivity,306,14,10,0,0,False,False,2,False,False,4,12,36,29,False,False,False,True,False,public,7,0,3,False,Interfacer
53,\wallet\src\de\schildbach\wallet\ui\ScannerView.java,ScannerView,133,12,4,1,0,False,False,2,False,False,3,5,14,12,False,False,False,True,False,public,4,0,0,False,Interfacer
54,\wallet\src\de\schildbach\wallet\ui\SendCoinsActivity.java,SendCoinsActivity,129,3,7,0,0,False,False,3,False,False,3,9,14,10,False,False,False,True,False,public,2,2,3,False,Interfacer
55,\wallet\src\de\schildbach\wallet\ui\SendCoinsFragment.ReceivingAddressListener.java,ReceivingAddressListener,44,0,4,0,0,False,False,3,True,False,1,11,4,0,False,False,True,True,False,private,4,0,0,False,Service Provider
56,\wallet\src\de\schildbach\wallet\ui\SendCoinsFragment.AutoCompleteAddressAdapter.java,AutoCompleteAddressAdapter,67,0,4,0,0,False,False,4,True,False,0,8,11,2,False,False,True,True,False,public,4,0,0,False,Service Provider
57,\wallet\src\de\schildbach\wallet\ui\SendCoinsFragment.State.java,State,24,5,0,0,0,False,False,1,False,False,0,0,0,0,False,False,True,False,True,private,0,0,0,False,Information Holder
58,\wallet\src\de\schildbach\wallet\ui\ShowPasswordCheckListener.java,ShowPasswordCheckListener,37,1,1,0,0,False,False,4,True,False,0,2,4,0,False,False,False,True,False,public,1,0,0,False,Service Provider
59,\wallet\src\de\schildbach\wallet\ui\SendingAddressesFragment.java,SendingAddressesFragment,290,7,17,1,0,False,False,3,False,False,7,23,33,28,False,False,False,True,False,public,11,6,0,False,Interfacer
60,\wallet\src\de\schildbach\wallet\ui\TransactionActivity.java,TransactionActivity,168,4,8,0,0,False,False,2,False,False,7,6,23,14,False,False,False,True,False,public,3,3,2,False,Interfacer
61,\wallet\src\de\schildbach\wallet\ui\SendCoinsFragment.java,SendCoinsFragment,732,34,23,0,0,False,False,3,False,False,42,27,55,82,False,False,False,True,False,public,12,11,0,False,Interfacer
62,\wallet\src\de\schildbach\wallet\ui\TransactionsListFragment.Direction.java,Direction,24,2,0,0,0,False,False,1,False,False,0,0,0,0,False,False,True,False,True,public,0,0,0,False,Information Holder
63,\wallet\src\de\schildbach\wallet\ui\TransactionFragment.java,TransactionFragment,254,6,3,0,0,False,False,2,False,False,11,5,33,36,False,False,False,True,False,public,3,0,0,False,Interfacer
64,\wallet\src\de\schildbach\wallet\ui\TransactionsListFragment.TransactionsLoader.java,TransactionsLoader,109,4,3,0,0,False,False,2,True,False,3,0,13,11,True,False,True,True,False,private,1,0,2,False,Service Provider
65,\wallet\src\de\schildbach\wallet\ui\TransactionsListAdapter.java,TransactionsListAdapter,268,16,11,1,4,False,False,3,True,False,6,9,28,22,False,False,False,True,False,public,10,1,0,False,Structurer
66,\wallet\src\de\schildbach\wallet\ui\WalletActivity.DialogButtonEnablerListener.java,DialogButtonEnablerListener,82,3,6,0,0,False,False,4,True,False,1,14,12,2,True,False,True,True,False,private,6,0,0,False,Service Provider
67,\wallet\src\de\schildbach\wallet\ui\TransactionsListFragment.java,TransactionsListFragment,237,13,12,0,0,False,False,3,False,False,4,16,36,26,False,False,False,True,False,public,11,1,0,False,Interfacer
68,\wallet\src\de\schildbach\wallet\ui\WalletAddressFragment.java,WalletAddressFragment,142,10,6,0,0,False,False,3,False,False,4,4,26,11,False,False,False,True,False,public,4,2,0,False,Interfacer
69,\wallet\src\de\schildbach\wallet\ui\WalletAddressesAdapter.java,WalletAddressesAdapter,111,8,5,1,4,False,False,3,True,False,4,6,17,6,False,False,False,True,False,public,5,0,0,False,Service Provider
70,\wallet\src\de\schildbach\wallet\ui\WalletBalanceFragment.BalanceLoader.java,BalanceLoader,62,2,3,0,0,False,False,2,True,False,0,0,6,3,True,False,True,True,False,private,1,0,2,False,Information Holder
71,\wallet\src\de\schildbach\wallet\ui\WalletActivity.java,WalletActivity,676,8,20,0,0,False,False,2,False,False,27,15,54,74,False,False,False,True,False,public,3,13,4,False,Interfacer
72,\wallet\src\de\schildbach\wallet\ui\WalletAddressesFragment.java,WalletAddressesFragment,238,7,10,0,0,False,False,3,False,False,3,10,33,34,False,False,False,True,False,public,7,3,0,False,Interfacer
73,\wallet\src\de\schildbach\wallet\ui\WalletBalanceFragment.RateLoader.java,RateLoader,64,1,4,0,0,False,False,2,True,False,1,2,7,3,True,False,True,True,False,private,1,1,2,False,Service Provider
74,\wallet\src\de\schildbach\wallet\ui\WalletBalanceFragment.java,WalletBalanceFragment,179,14,6,0,0,False,False,3,False,False,6,6,22,10,False,False,False,True,False,public,5,1,0,False,Interfacer
75,\wallet\src\de\schildbach\wallet\ui\WalletTransactionsFragment.PagerAdapter.java,PagerAdapter,50,0,2,0,2,False,False,2,True,False,1,1,4,0,True,False,True,True,False,private,2,0,0,False,Service Provider
76,\wallet\src\de\schildbach\wallet\ui\WalletTransactionsFragment.java,WalletTransactionsFragment,55,1,2,0,0,False,False,3,False,False,0,4,8,0,False,False,False,True,False,public,2,0,0,False,Service Provider
77,\wallet\src\de\schildbach\wallet\service\AutosyncReceiver.java,AutosyncReceiver,72,1,1,0,0,False,False,2,True,False,3,2,11,4,False,False,False,True,False,public,1,0,0,False,Service Provider
78,\wallet\src\de\schildbach\wallet\service\BlockchainService.java,BlockchainService,45,14,0,0,0,False,False,2,False,False,0,0,5,5,False,True,False,False,False,public,0,0,0,False,Information Holder
79,\wallet\src\de\schildbach\wallet\service\BlockchainServiceImpl.LocalBinder.java,LocalBinder,28,0,1,0,1,False,False,2,True,False,0,0,1,0,False,False,True,True,False,public,1,0,0,False,Information Holder
80,\wallet\src\de\schildbach\wallet\service\BlockchainServiceImpl.PeerConnectivityListener.java,PeerConnectivityListener,93,2,5,0,0,False,False,3,True,False,3,7,11,4,False,False,True,True,False,private,4,1,0,False,Service Provider
81,\wallet\src\de\schildbach\wallet\camera\CameraInterface.java,CameraInterface,25,0,0,0,0,False,False,2,False,False,0,0,1,0,False,True,False,False,False,public,0,0,0,False,Service Provider
82,\wallet\src\de\schildbach\wallet\camera\CameraSupportManager.java,CameraSupportManager,30,0,0,0,0,False,False,3,True,False,0,0,2,1,False,False,False,True,False,public,0,0,0,False,Service Provider
83,\wallet\src\de\schildbach\wallet\camera\DefaultCameraInterface.java,DefaultCameraInterface,28,0,1,0,0,False,False,3,False,False,0,0,1,1,False,False,False,True,False,public,1,0,0,False,Service Provider
84,\wallet\src\de\schildbach\wallet\camera\GingerbreadCameraInterface.java,GingerbreadCameraInterface,43,0,1,0,0,False,False,3,False,False,2,0,3,2,False,False,False,True,False,public,1,0,0,False,Service Provider
85,\sample-integration-android\src\de\schildbach\wallet\integration\sample\SampleActivity.java,SampleActivity,85,4,2,0,0,False,False,2,False,False,3,4,12,5,False,False,False,True,False,public,0,0,2,False,Service Provider
86,\wallet\src\de\schildbach\wallet\service\BlockchainServiceImpl.java,BlockchainServiceImpl,615,28,16,0,2,False,False,3,False,False,31,15,66,84,False,False,False,True,False,public,10,6,0,False,Interfacer
87,\wallet\src\de\schildbach\wallet\camera\CameraManager.java,CameraManager,235,12,13,3,4,False,False,2,True,False,20,14,13,25,False,False,False,True,False,public,8,5,0,False,Information Holder
88,\integration-android\src\de\schildbach\wallet\integration\android\BitcoinIntegration.java,BitcoinIntegration,164,3,10,0,0,False,False,2,False,False,5,23,6,7,False,False,False,True,False,public,6,4,0,False,Service Provider
