index,fullpathname,classname,loc,numAttr,numMethod,setters,getters,isPersist,isCollection,numWordName,isOrEr,isController,numIfs,numParameters,numImports,numOutboundInvocation,isStaticClass,isInterface,isInnerClass,isClass,isEnum,classPublicity,numPublicMethods,numPrivateMethods,numProtectedMethods,isAbstract
0,\src\de\schildbach\wallet\ActionBar.java,ActionBar,87,6,8,3,3,false,false,2,false,false,2,3,10,1,false,false,false,true,false,public,8,0,0,false
1,\src\de\schildbach\wallet\Application.java,Application,94,2,6,0,2,false,false,1,false,false,0,0,8,4,false,false,false,true,false,public,4,2,0,false
2,\src\de\schildbach\wallet\Constants.java,Constants,67,13,0,0,0,false,false,1,false,false,0,0,1,1,false,false,false,true,false,public,0,0,0,false
3,\src\de\schildbach\wallet\FilesBlockStore.java,FilesBlockStore,87,2,2,0,1,false,false,3,false,false,1,2,13,10,false,false,false,true,false,public,2,0,0,false
4,\src\de\schildbach\wallet\PreferencesActivity.java,PreferencesActivity,110,9,3,0,0,false,false,2,false,false,1,3,7,5,false,false,false,true,false,public,1,1,1,false
5,\src\de\schildbach\wallet\WalletActivity.java,WalletActivity,519,8,12,0,2,false,false,2,false,false,11,11,51,72,false,false,false,true,false,public,2,7,3,false
