index,fullpathname,classname,loc,numAttr,numMethod,setters,getters,isPersist,isCollection,numWordName,isOrEr,isController,numIfs,numParameters,numImports,numOutboundInvocation,isStaticClass,isInterface,isInnerClass,isClass,isEnum,classPublicity,numPublicMethods,numPrivateMethods,numProtectedMethods,isAbstract
0,\wallet\test\de\schildbach\wallet\util\Base43Test.java,Base43Test,42,0,2,0,0,false,false,2,false,false,0,0,3,2,false,false,false,true,false,public,2,0,0,false
1,\wallet\src\de\schildbach\wallet\AddressBookProvider.Helper.java,Helper,67,3,3,0,0,true,false,1,true,false,1,6,3,3,true,false,true,true,false,private,2,1,0,false
2,\wallet\test\de\schildbach\wallet\util\GenericUtilsTest.java,GenericUtilsTest,46,0,1,0,0,false,false,3,false,false,0,0,3,0,false,false,false,true,false,public,1,0,0,false
3,\wallet\src\de\schildbach\wallet\AddressBookProvider.java,AddressBookProvider,152,8,9,0,1,true,false,3,true,false,10,20,8,32,false,false,false,true,false,public,8,1,0,false
4,\wallet\src\de\schildbach\wallet\Constants.java,Constants,100,68,0,0,0,false,false,1,false,false,0,0,8,4,false,false,false,true,false,public,0,0,0,false
5,\wallet\src\de\schildbach\wallet\ExchangeRatesProvider.ExchangeRate.java,ExchangeRate,40,3,1,0,0,false,false,2,false,false,0,0,3,1,true,false,true,true,false,public,1,0,0,false
6,\wallet\src\de\schildbach\wallet\WalletApplication.WalletAutosaveEventListener.java,WalletAutosaveEventListener,37,0,2,0,0,false,false,4,true,false,1,2,3,0,true,false,true,true,false,private,2,0,0,false
7,\wallet\src\de\schildbach\wallet\ExchangeRatesProvider.java,ExchangeRatesProvider,256,7,11,0,4,false,false,3,true,false,17,17,25,24,false,false,false,true,false,public,8,3,0,false
8,\wallet\src\de\schildbach\wallet\WalletBalanceWidgetProvider.java,WalletBalanceWidgetProvider,74,0,2,0,0,false,false,4,true,false,0,7,21,3,false,false,false,true,false,public,2,0,0,false
9,\wallet\src\de\schildbach\wallet\util\Base43.java,Base43,136,2,5,0,0,false,false,1,false,false,6,9,2,5,false,false,false,true,false,public,2,3,0,false
10,\wallet\src\de\schildbach\wallet\util\BitmapFragment.java,BitmapFragment,76,3,4,0,0,false,false,2,false,false,0,5,11,2,false,false,false,true,false,public,3,1,0,false
11,\wallet\src\de\schildbach\wallet\WalletApplication.java,WalletApplication,425,10,22,0,1,false,false,2,false,false,17,6,54,51,false,false,false,true,false,public,13,9,0,false
12,\wallet\src\de\schildbach\wallet\util\Bluetooth.java,Bluetooth,39,2,2,0,0,false,false,1,false,false,0,2,2,3,false,false,false,true,false,public,2,0,0,false
13,\wallet\src\de\schildbach\wallet\util\CircularProgressView.java,CircularProgressView,141,9,10,5,1,false,false,3,false,false,3,15,10,4,false,false,false,true,false,public,6,1,3,false
14,\wallet\src\de\schildbach\wallet\util\CrashReporter.ExceptionHandler.java,ExceptionHandler,60,1,3,0,0,false,false,2,true,false,0,3,6,2,true,false,true,true,false,private,1,2,0,false
15,\wallet\src\de\schildbach\wallet\util\CrashReporter.java,CrashReporter,288,8,14,0,0,false,false,2,true,false,9,19,27,42,false,false,false,true,false,public,10,4,0,false
16,\wallet\src\de\schildbach\wallet\util\GenericUtils.java,GenericUtils,55,1,2,0,0,false,false,2,false,false,2,6,4,2,false,false,false,true,false,public,2,0,0,false
17,\wallet\src\de\schildbach\wallet\util\Crypto.java,Crypto,272,10,8,0,1,false,false,1,false,false,4,14,20,4,false,false,false,true,false,public,2,6,0,false
18,\wallet\src\de\schildbach\wallet\util\HttpGetThread.java,HttpGetThread,91,3,1,0,0,false,false,3,false,false,3,0,14,13,false,false,false,true,false,public,1,0,0,true
19,\wallet\src\de\schildbach\wallet\util\Io.java,Io,71,1,3,0,0,false,false,1,false,false,0,6,9,1,false,false,false,true,false,public,3,0,0,false
20,\wallet\src\de\schildbach\wallet\util\Iso8601Format.java,Iso8601Format,69,1,8,0,0,false,false,2,false,false,0,4,7,0,false,false,false,true,false,public,8,0,0,false
21,\wallet\src\de\schildbach\wallet\util\LinuxSecureRandom.LinuxSecureRandomProvider.java,LinuxSecureRandomProvider,31,0,0,0,0,false,false,4,true,false,0,0,1,1,true,false,true,true,false,private,0,0,0,false
22,\wallet\src\de\schildbach\wallet\util\LinuxSecureRandom.java,LinuxSecureRandom,86,2,3,0,0,false,false,3,false,false,1,3,7,2,false,false,false,true,false,public,0,0,3,false
23,\wallet\src\de\schildbach\wallet\util\Nfc.java,Nfc,111,1,9,0,0,false,false,1,false,false,8,20,10,8,false,false,false,true,false,public,4,5,0,false
24,\wallet\src\de\schildbach\wallet\util\Qr.java,Qr,108,2,3,0,0,false,false,1,false,false,1,4,18,8,false,false,false,true,false,public,3,0,0,false
25,\wallet\src\de\schildbach\wallet\util\ThrottelingWalletChangeListener.java,ThrottelingWalletChangeListener,117,9,7,0,0,false,false,4,true,false,6,14,9,3,false,false,false,true,false,public,7,0,0,true
26,\wallet\src\de\schildbach\wallet\util\ViewPagerTabs.java,ViewPagerTabs,168,6,9,0,1,false,false,3,false,false,4,10,14,10,false,false,false,true,false,public,6,0,3,false
27,\wallet\src\de\schildbach\wallet\util\WalletUtils.java,WalletUtils,265,4,14,0,2,false,false,2,false,false,14,29,39,31,false,false,false,true,false,public,14,0,0,false
28,\wallet\src\de\schildbach\wallet\ui\AboutActivity.java,AboutActivity,128,10,3,0,0,false,false,2,false,false,3,4,12,6,false,false,false,true,false,public,2,0,1,false
29,\wallet\src\de\schildbach\wallet\ui\AbstractBindServiceActivity.java,AbstractBindServiceActivity,63,2,3,0,1,false,false,4,false,false,0,1,9,2,false,false,false,true,false,public,0,0,3,true
30,\wallet\src\de\schildbach\wallet\ui\AbstractOnDemandServiceActivity.java,AbstractOnDemandServiceActivity,49,0,1,0,0,false,false,5,false,false,1,1,5,1,false,false,false,true,false,public,0,0,1,true
31,\wallet\src\de\schildbach\wallet\ui\AbstractWalletActivity.java,AbstractWalletActivity,88,1,9,0,1,false,false,3,false,false,0,17,11,3,false,false,false,true,false,public,0,0,9,true
32,\wallet\src\de\schildbach\wallet\ui\AddressBookActivity.PagerAdapter.java,PagerAdapter,43,0,2,0,2,false,false,2,true,false,1,1,3,0,false,false,true,true,false,private,2,0,0,false
33,\wallet\src\de\schildbach\wallet\ui\AddressAndLabel.java,AddressAndLabel,72,3,2,0,0,false,false,3,false,false,0,2,8,5,false,false,false,true,false,public,2,0,0,false
34,\wallet\src\de\schildbach\wallet\ui\AddressBookActivity.java,AddressBookActivity,100,3,4,0,0,false,false,3,false,false,2,4,14,3,false,false,false,true,false,public,2,0,1,false
35,\wallet\src\de\schildbach\wallet\ui\BlockListFragment.BlockLoader.java,BlockLoader,64,3,3,0,0,false,false,2,true,false,0,0,8,3,true,false,true,true,false,private,1,0,2,false
36,\wallet\src\de\schildbach\wallet\ui\BlockListFragment.BlockListAdapter.java,BlockListAdapter,119,4,7,0,4,false,false,3,true,false,5,6,14,12,false,false,true,true,false,private,7,0,0,false
37,\wallet\src\de\schildbach\wallet\ui\BlockListFragment.TransactionsLoader.java,TransactionsLoader,50,1,1,0,0,false,false,2,true,false,1,0,8,3,true,false,true,true,false,private,1,0,0,false
38,\wallet\src\de\schildbach\wallet\ui\CurrencyAmountView.Listener.java,Listener,26,0,0,0,0,false,false,1,true,false,0,0,0,0,true,true,true,false,false,public,0,0,0,false
39,\wallet\src\de\schildbach\wallet\ui\BlockListFragment.java,BlockListFragment,210,14,7,0,0,false,false,3,false,false,2,7,30,22,false,false,false,true,false,public,7,0,0,false
40,\wallet\src\de\schildbach\wallet\ui\CurrencyAmountView.TextViewListener.java,TextViewListener,80,1,6,1,0,false,false,3,true,false,6,15,9,4,false,false,true,true,false,private,6,0,0,false
41,\wallet\src\de\schildbach\wallet\ui\CurrencyCalculatorLink.java,CurrencyCalculatorLink,184,8,8,4,1,false,false,3,false,false,14,4,8,13,false,false,false,true,false,public,7,1,0,false
42,\wallet\src\de\schildbach\wallet\ui\CurrencyAmountView.java,CurrencyAmountView,297,14,21,13,1,false,false,3,false,false,12,19,26,21,false,false,false,true,false,public,14,4,3,false
43,\wallet\src\de\schildbach\wallet\ui\CurrencySymbolDrawable.java,CurrencySymbolDrawable,63,3,5,2,2,false,false,3,false,false,0,3,6,0,false,false,false,true,false,public,5,0,0,false
44,\wallet\src\de\schildbach\wallet\ui\CurrencyTextView.java,CurrencyTextView,133,7,9,7,0,false,false,3,false,false,7,7,15,3,false,false,false,true,false,public,7,1,1,false
45,\wallet\src\de\schildbach\wallet\ui\EditAddressBookEntryFragment.java,EditAddressBookEntryFragment,126,5,5,0,0,false,false,5,false,false,4,9,19,7,false,false,false,true,false,public,4,1,0,false
46,\wallet\src\de\schildbach\wallet\ui\ExchangeRateLoader.java,ExchangeRateLoader,62,1,4,0,0,false,false,3,true,false,1,2,7,3,false,false,false,true,false,public,1,1,2,false
47,\wallet\src\de\schildbach\wallet\ui\ExchangeRatesActivity.java,ExchangeRatesActivity,46,0,2,0,0,false,false,3,false,false,1,2,4,1,false,false,false,true,false,public,1,0,1,false
48,\wallet\src\de\schildbach\wallet\ui\ExchangeRatesFragment.BlockchainBroadcastReceiver.java,BlockchainBroadcastReceiver,33,0,1,0,0,false,false,3,true,false,0,2,4,0,false,false,true,true,false,private,1,0,0,false
49,\wallet\src\de\schildbach\wallet\ui\FileAdapter.java,FileAdapter,51,2,1,0,1,false,false,2,true,false,1,3,10,1,false,false,false,true,false,public,1,0,0,true
50,\wallet\src\de\schildbach\wallet\ui\ExchangeRatesFragment.java,ExchangeRatesFragment,230,14,7,0,0,false,false,3,false,false,4,8,34,16,false,false,false,true,false,public,6,1,0,false
51,\wallet\src\de\schildbach\wallet\ui\HelpDialogFragment.java,HelpDialogFragment,97,3,5,0,0,false,false,3,false,false,1,5,9,3,false,false,false,true,false,public,3,2,0,false
52,\wallet\src\de\schildbach\wallet\ui\ImportDialogButtonEnablerListener.java,ImportDialogButtonEnablerListener,80,2,8,0,0,false,false,5,true,false,0,14,10,1,false,false,false,true,false,public,6,0,2,false
53,\wallet\src\de\schildbach\wallet\ui\ImportKeysActivity.FinishListener.java,FinishListener,34,0,2,0,0,false,false,2,true,false,0,3,1,0,false,false,true,true,false,private,2,0,0,false
54,\wallet\src\de\schildbach\wallet\ui\InputParser.BinaryInputParser.java,BinaryInputParser,55,2,1,0,0,false,false,3,true,false,1,0,5,1,true,false,true,true,false,public,1,0,0,true
55,\wallet\src\de\schildbach\wallet\ui\ImportKeysActivity.java,ImportKeysActivity,212,6,6,0,0,false,false,3,false,false,9,7,27,19,false,false,false,true,false,public,0,3,3,false
56,\wallet\src\de\schildbach\wallet\ui\InputParser.StringInputParser.java,StringInputParser,108,1,1,0,0,false,false,3,true,false,1,0,15,10,true,false,true,true,false,public,1,0,0,true
57,\wallet\src\de\schildbach\wallet\ui\NetworkMonitorActivity.PagerAdapter.java,PagerAdapter,43,0,2,0,2,false,false,2,true,false,1,1,3,0,false,false,true,true,false,private,2,0,0,false
58,\wallet\src\de\schildbach\wallet\ui\InputParser.java,InputParser,57,3,2,0,0,false,false,2,true,false,1,6,12,1,false,false,false,true,false,public,0,0,2,true
59,\wallet\src\de\schildbach\wallet\ui\NetworkMonitorActivity.java,NetworkMonitorActivity,70,2,2,0,0,false,false,3,false,false,2,2,7,1,false,false,false,true,false,public,1,0,1,false
60,\wallet\src\de\schildbach\wallet\ui\PeerListFragment.PeerLoader.java,PeerLoader,65,3,3,0,0,false,false,2,true,false,0,0,9,4,true,false,true,true,false,private,1,0,2,false
61,\wallet\src\de\schildbach\wallet\ui\PeerListFragment.ReverseDnsLoader.java,ReverseDnsLoader,38,1,1,0,0,false,false,3,true,false,0,0,4,1,true,false,true,true,false,private,1,0,0,false
62,\wallet\src\de\schildbach\wallet\ui\PeerListFragment.java,PeerListFragment,220,12,7,0,0,false,false,3,false,false,4,5,27,19,false,false,false,true,false,public,7,0,0,false
63,\wallet\src\de\schildbach\wallet\ui\PreferencesActivity.java,PreferencesActivity,194,7,6,0,0,false,false,2,false,false,5,7,20,16,false,false,false,true,false,public,3,1,2,false
64,\wallet\src\de\schildbach\wallet\ui\RequestCoinsActivity.java,RequestCoinsActivity,56,0,3,0,0,false,false,3,false,false,1,3,5,2,false,false,false,true,false,public,2,0,1,false
65,\wallet\src\de\schildbach\wallet\ui\ReportIssueDialogBuilder.java,ReportIssueDialogBuilder,245,7,2,0,0,false,false,4,true,false,11,5,28,23,false,false,false,true,false,public,1,1,0,true
66,\wallet\src\de\schildbach\wallet\ui\RequestCoinsFragment.java,RequestCoinsFragment,353,23,15,0,0,false,false,3,false,false,11,14,54,30,false,false,false,true,false,public,9,6,0,false
67,\wallet\src\de\schildbach\wallet\ui\ScanActivity.java,ScanActivity,327,15,10,0,0,false,false,2,false,false,4,13,38,28,false,false,false,true,false,public,7,0,3,false
68,\wallet\src\de\schildbach\wallet\ui\ScannerView.java,ScannerView,134,12,4,1,0,false,false,2,false,false,3,5,15,12,false,false,false,true,false,public,4,0,0,false
69,\wallet\src\de\schildbach\wallet\ui\SendCoinsActivity.java,SendCoinsActivity,76,4,4,0,0,false,false,3,false,false,1,8,10,2,false,false,false,true,false,public,3,0,1,false
70,\wallet\src\de\schildbach\wallet\ui\SendCoinsFragment.AutoCompleteAddressAdapter.java,AutoCompleteAddressAdapter,67,0,4,0,0,false,false,4,true,false,0,8,11,2,false,false,true,true,false,public,4,0,0,false
71,\wallet\src\de\schildbach\wallet\ui\SendCoinsFragment.ReceivingAddressActionMode.java,ReceivingAddressActionMode,75,0,6,0,0,false,false,4,false,false,2,7,5,8,false,false,true,true,false,private,4,2,0,false
72,\wallet\src\de\schildbach\wallet\ui\SendCoinsFragment.ReceivingAddressListener.java,ReceivingAddressListener,47,0,4,0,0,false,false,3,true,false,1,11,4,0,false,false,true,true,false,private,4,0,0,false
73,\wallet\src\de\schildbach\wallet\ui\SendCoinsFragment.State.java,State,24,5,0,0,0,false,false,1,false,false,0,0,0,0,false,false,true,false,true,private,0,0,0,false
74,\wallet\src\de\schildbach\wallet\ui\SendCoinsQrActivity.java,SendCoinsQrActivity,80,1,2,0,0,false,false,4,false,false,1,4,9,5,false,false,false,true,false,public,1,0,1,false
75,\wallet\src\de\schildbach\wallet\ui\ShowPasswordCheckListener.java,ShowPasswordCheckListener,39,1,1,0,0,false,false,4,true,false,0,2,5,0,false,false,false,true,false,public,1,0,0,false
76,\wallet\src\de\schildbach\wallet\ui\SendingAddressesFragment.java,SendingAddressesFragment,301,7,17,1,0,false,false,3,false,false,6,23,35,29,false,false,false,true,false,public,11,6,0,false
77,\wallet\src\de\schildbach\wallet\ui\TransactionsListFragment.Direction.java,Direction,24,2,0,0,0,false,false,1,false,false,0,0,0,0,false,false,true,false,true,public,0,0,0,false
78,\wallet\src\de\schildbach\wallet\ui\SendCoinsFragment.java,SendCoinsFragment,782,41,27,0,0,false,false,3,false,false,44,29,66,81,false,false,false,true,false,public,12,15,0,false
79,\wallet\src\de\schildbach\wallet\ui\TransactionsListFragment.TransactionsLoader.java,TransactionsLoader,114,4,3,0,0,false,false,2,true,false,3,0,16,11,true,false,true,true,false,private,1,0,2,false
80,\wallet\src\de\schildbach\wallet\ui\TransactionsListAdapter.java,TransactionsListAdapter,349,20,15,1,6,false,false,3,true,false,16,12,32,26,false,false,false,true,false,public,14,1,0,false
81,\wallet\src\de\schildbach\wallet\ui\WalletActionsFragment.java,WalletActionsFragment,87,1,4,0,0,false,false,3,false,false,0,4,10,8,false,false,false,true,false,public,3,1,0,false
82,\wallet\src\de\schildbach\wallet\ui\TransactionsListFragment.java,TransactionsListFragment,296,15,15,0,0,false,false,3,false,false,6,17,48,33,false,false,false,true,false,public,11,4,0,false
83,\wallet\src\de\schildbach\wallet\ui\WalletAddressFragment.java,WalletAddressFragment,144,10,6,0,0,false,false,3,false,false,2,4,27,11,false,false,false,true,false,public,4,2,0,false
84,\wallet\src\de\schildbach\wallet\ui\WalletAddressesAdapter.java,WalletAddressesAdapter,134,9,7,1,4,false,false,3,true,false,4,7,21,7,false,false,false,true,false,public,7,0,0,false
85,\wallet\src\de\schildbach\wallet\ui\WalletBalanceFragment.BlockchainBroadcastReceiver.java,BlockchainBroadcastReceiver,36,0,1,0,0,false,false,3,true,false,0,2,5,0,false,false,true,true,false,private,1,0,0,false
86,\wallet\src\de\schildbach\wallet\ui\WalletAddressesFragment.java,WalletAddressesFragment,249,9,9,0,0,false,false,3,false,false,3,9,37,32,false,false,false,true,false,public,7,2,0,false
87,\wallet\src\de\schildbach\wallet\ui\WalletActivity.java,WalletActivity,798,8,27,0,0,false,false,2,false,false,32,20,67,80,false,false,false,true,false,public,8,14,5,false
88,\wallet\src\de\schildbach\wallet\ui\WalletBalanceLoader.java,WalletBalanceLoader,63,2,3,0,0,false,false,3,true,false,0,0,7,3,false,false,false,true,false,public,1,0,2,false
89,\wallet\src\de\schildbach\wallet\ui\WalletDisclaimerFragment.BlockchainBroadcastReceiver.java,BlockchainBroadcastReceiver,33,0,1,0,0,false,false,3,true,false,0,2,4,0,false,false,true,true,false,private,1,0,0,false
90,\wallet\src\de\schildbach\wallet\ui\WalletBalanceFragment.java,WalletBalanceFragment,256,21,6,0,0,false,false,3,false,false,11,6,29,12,false,false,false,true,false,public,5,1,0,false
91,\wallet\src\de\schildbach\wallet\ui\WalletTransactionsFragment.PagerAdapter.java,PagerAdapter,50,0,2,0,2,false,false,2,true,false,1,1,4,0,true,false,true,true,false,private,2,0,0,false
92,\wallet\src\de\schildbach\wallet\ui\WalletTransactionsFragment.java,WalletTransactionsFragment,55,1,2,0,0,false,false,3,false,false,0,4,8,0,false,false,false,true,false,public,2,0,0,false
93,\wallet\src\de\schildbach\wallet\ui\WalletDisclaimerFragment.java,WalletDisclaimerFragment,125,5,6,0,0,false,false,3,false,false,9,6,19,7,false,false,false,true,false,public,5,1,0,false
94,\wallet\src\de\schildbach\wallet\service\AutosyncReceiver.java,AutosyncReceiver,58,1,1,0,0,false,false,2,true,false,2,2,10,2,false,false,false,true,false,public,1,0,0,false
95,\wallet\src\de\schildbach\wallet\service\BlockchainService.java,BlockchainService,47,13,0,0,0,false,false,2,false,false,0,0,7,5,false,true,false,false,false,public,0,0,0,false
96,\wallet\src\de\schildbach\wallet\service\BlockchainServiceImpl.ActivityHistoryEntry.java,ActivityHistoryEntry,35,2,1,0,0,false,false,3,false,false,0,0,0,0,true,false,true,true,false,private,1,0,0,false
97,\wallet\src\de\schildbach\wallet\service\BlockchainServiceImpl.LocalBinder.java,LocalBinder,28,0,1,0,1,false,false,2,true,false,0,0,1,0,false,false,true,true,false,public,1,0,0,false
98,\wallet\src\de\schildbach\wallet\service\BlockchainServiceImpl.PeerConnectivityListener.java,PeerConnectivityListener,95,2,5,0,0,false,false,3,true,false,3,7,11,4,false,false,true,true,false,private,4,1,0,false
99,\wallet\src\de\schildbach\wallet\offline\AcceptBluetoothService.java,AcceptBluetoothService,149,9,4,0,0,false,false,3,false,false,2,4,19,16,false,false,false,true,false,public,4,0,0,false
100,\wallet\src\de\schildbach\wallet\offline\AcceptBluetoothThread.java,AcceptBluetoothThread,130,3,2,0,0,false,false,3,false,false,4,0,11,10,false,false,false,true,false,public,2,0,0,true
101,\wallet\src\de\schildbach\wallet\offline\SendBluetoothRunnable.java,SendBluetoothRunnable,122,5,1,0,0,false,false,3,false,false,3,0,13,13,false,false,false,true,false,public,1,0,0,true
102,\wallet\src\de\schildbach\wallet\service\BlockchainServiceImpl.java,BlockchainServiceImpl,632,32,16,0,2,false,false,3,false,false,31,11,69,89,false,false,false,true,false,public,10,6,0,false
103,\sample-integration-android\src\de\schildbach\wallet\integration\sample\SampleActivity.java,SampleActivity,85,4,2,0,0,false,false,2,false,false,3,4,12,5,false,false,false,true,false,public,0,0,2,false
104,\wallet\src\de\schildbach\wallet\camera\CameraManager.java,CameraManager,247,11,13,3,4,false,false,2,true,false,21,14,15,29,false,false,false,true,false,public,8,5,0,false
105,\integration-android\src\de\schildbach\wallet\integration\android\BitcoinIntegration.java,BitcoinIntegration,164,3,10,0,0,false,false,2,false,false,5,23,6,7,false,false,false,true,false,public,6,4,0,false
