index,fullpathname,classname,loc,numAttr,numMethod,setters,getters,isPersist,isCollection,numWordName,isOrEr,isController,numIfs,numParameters,numImports,numOutboundInvocation,isStaticClass,isInterface,isInnerClass,isClass,isEnum,classPublicity,numPublicMethods,numPrivateMethods,numProtectedMethods,isAbstract
0,\wallet\test\de\schildbach\wallet\util\Base43Test.java,Base43Test,42,0,2,0,0,false,false,2,false,false,0,0,3,2,false,false,false,true,false,public,2,0,0,false
1,\wallet\test\de\schildbach\wallet\util\BluetoothTest.java,BluetoothTest,48,0,3,0,1,false,false,2,false,false,0,0,3,0,false,false,false,true,false,public,3,0,0,false
2,\wallet\test\de\schildbach\wallet\util\CryptoTest.java,CryptoTest,101,3,7,0,0,false,false,2,false,false,0,1,11,10,false,false,false,true,false,public,6,1,0,false
3,\wallet\test\de\schildbach\wallet\util\GenericUtilsTest.java,GenericUtilsTest,82,0,3,0,0,false,false,3,false,false,0,0,4,0,false,false,false,true,false,public,3,0,0,false
4,\wallet\src\de\schildbach\wallet\AddressBookProvider.Helper.java,Helper,67,3,3,0,0,true,false,1,true,false,1,6,3,3,true,false,true,true,false,private,2,1,0,false
5,\wallet\src\de\schildbach\wallet\AddressBookProvider.java,AddressBookProvider,152,8,9,0,1,true,false,3,true,false,10,20,8,32,false,false,false,true,false,public,8,1,0,false
6,\wallet\src\de\schildbach\wallet\Constants.Files.java,Files,33,8,0,0,0,false,false,1,false,false,0,0,2,0,true,false,true,true,false,public,0,0,0,false
7,\wallet\src\de\schildbach\wallet\Configuration.java,Configuration,226,21,30,5,15,false,false,1,false,false,6,12,9,16,false,false,false,true,false,public,30,0,0,false
8,\wallet\src\de\schildbach\wallet\ExchangeRatesProvider.ExchangeRate.java,ExchangeRate,40,3,1,0,0,false,false,2,false,false,0,0,3,1,true,false,true,true,false,public,1,0,0,false
9,\wallet\src\de\schildbach\wallet\Constants.java,Constants,94,61,0,0,0,false,false,1,false,false,0,0,7,5,false,false,false,true,false,public,0,0,0,false
10,\wallet\src\de\schildbach\wallet\WalletApplication.WalletAutosaveEventListener.java,WalletAutosaveEventListener,37,0,2,0,0,false,false,4,true,false,1,2,3,0,true,false,true,true,false,private,2,0,0,false
11,\wallet\src\de\schildbach\wallet\ExchangeRatesProvider.java,ExchangeRatesProvider,288,16,11,0,2,false,false,3,true,false,19,22,31,25,false,false,false,true,false,public,8,3,0,false
12,\wallet\src\de\schildbach\wallet\WalletBalanceWidgetProvider.java,WalletBalanceWidgetProvider,73,0,2,0,0,false,false,4,true,false,0,7,20,5,false,false,false,true,false,public,2,0,0,false
13,\wallet\src\de\schildbach\wallet\WalletApplication.java,WalletApplication,473,9,27,0,2,false,false,2,false,false,19,8,46,58,false,false,false,true,false,public,19,8,0,false
14,\wallet\src\de\schildbach\wallet\util\BitmapFragment.java,BitmapFragment,76,3,4,0,0,false,false,2,false,false,0,5,11,2,false,false,false,true,false,public,3,1,0,false
15,\wallet\src\de\schildbach\wallet\util\Base43.java,Base43,136,2,5,0,0,false,false,1,false,false,6,9,2,5,false,false,false,true,false,public,2,3,0,false
16,\wallet\src\de\schildbach\wallet\util\Bluetooth.java,Bluetooth,65,4,5,0,2,false,false,1,false,false,4,5,2,3,false,false,false,true,false,public,5,0,0,false
17,\wallet\src\de\schildbach\wallet\util\CrashReporter.ExceptionHandler.java,ExceptionHandler,53,1,2,0,0,false,false,2,true,false,0,3,6,1,true,false,true,true,false,private,1,1,0,false
18,\wallet\src\de\schildbach\wallet\util\CircularProgressView.java,CircularProgressView,141,9,10,5,1,false,false,3,false,false,3,15,10,4,false,false,false,true,false,public,6,1,3,false
19,\wallet\src\de\schildbach\wallet\util\CrashReporter.java,CrashReporter,258,6,13,0,0,false,false,2,true,false,6,19,28,36,false,false,false,true,false,public,9,4,0,false
20,\wallet\src\de\schildbach\wallet\util\Crypto.java,Crypto,297,12,8,0,1,false,false,1,false,false,4,16,21,6,false,false,false,true,false,public,4,4,0,false
21,\wallet\src\de\schildbach\wallet\util\HttpGetThread.java,HttpGetThread,99,4,1,0,0,false,false,3,false,false,4,0,16,13,false,false,false,true,false,public,1,0,0,true
22,\wallet\src\de\schildbach\wallet\util\GenericUtils.java,GenericUtils,158,6,7,1,0,false,false,2,false,false,9,16,10,8,false,false,false,true,false,public,7,0,0,false
23,\wallet\src\de\schildbach\wallet\util\LinuxSecureRandom.LinuxSecureRandomProvider.java,LinuxSecureRandomProvider,31,0,0,0,0,false,false,4,true,false,0,0,1,1,true,false,true,true,false,private,0,0,0,false
24,\wallet\src\de\schildbach\wallet\util\Iso8601Format.java,Iso8601Format,69,1,8,0,0,false,false,2,false,false,0,4,7,0,false,false,false,true,false,public,8,0,0,false
25,\wallet\src\de\schildbach\wallet\util\Io.java,Io,77,1,4,0,0,false,false,1,false,false,1,9,9,1,false,false,false,true,false,public,4,0,0,false
26,\wallet\src\de\schildbach\wallet\util\LinuxSecureRandom.java,LinuxSecureRandom,86,2,3,0,0,false,false,3,false,false,1,3,7,2,false,false,false,true,false,public,0,0,3,false
27,\wallet\src\de\schildbach\wallet\util\Nfc.java,Nfc,98,0,8,0,0,false,false,1,false,false,7,16,10,6,false,false,false,true,false,public,4,4,0,false
28,\wallet\src\de\schildbach\wallet\util\Qr.java,Qr,116,2,5,0,0,false,false,1,false,false,1,6,18,8,false,false,false,true,false,public,5,0,0,false
29,\wallet\src\de\schildbach\wallet\util\PaymentProtocol.java,PaymentProtocol,173,3,7,0,0,false,false,2,false,false,13,15,19,40,false,false,false,true,false,public,6,1,0,false
30,\wallet\src\de\schildbach\wallet\util\ThrottlingWalletChangeListener.java,ThrottlingWalletChangeListener,123,9,8,0,0,false,false,4,true,false,6,16,10,3,false,false,false,true,false,public,8,0,0,true
31,\wallet\src\de\schildbach\wallet\util\ViewPagerTabs.java,ViewPagerTabs,168,6,9,0,1,false,false,3,false,false,4,10,14,10,false,false,false,true,false,public,6,0,3,false
32,\wallet\src\de\schildbach\wallet\util\WholeStringBuilder.java,WholeStringBuilder,35,0,1,0,0,false,false,3,true,false,0,1,3,1,false,false,false,true,false,public,1,0,0,false
33,\wallet\src\de\schildbach\wallet\ui\AbstractBindServiceActivity.java,AbstractBindServiceActivity,62,2,3,0,1,false,false,4,false,false,0,0,8,3,false,false,false,true,false,public,0,0,3,true
34,\wallet\src\de\schildbach\wallet\ui\AbstractWalletActivity.java,AbstractWalletActivity,83,2,8,0,1,false,false,3,false,false,0,17,10,2,false,false,false,true,false,public,0,0,8,true
35,\wallet\src\de\schildbach\wallet\util\WalletUtils.java,WalletUtils,337,5,16,0,2,false,false,2,false,false,17,31,43,36,false,false,false,true,false,public,16,0,0,false
36,\wallet\src\de\schildbach\wallet\ui\AboutActivity.java,AboutActivity,133,11,3,0,0,false,false,2,false,false,3,4,12,5,false,false,false,true,false,public,2,0,1,false
37,\wallet\src\de\schildbach\wallet\ui\AddressAndLabel.java,AddressAndLabel,72,3,2,0,0,false,false,3,false,false,0,2,8,5,false,false,false,true,false,public,2,0,0,false
38,\wallet\src\de\schildbach\wallet\ui\AddressBookActivity.TwoFragmentAdapter.java,TwoFragmentAdapter,99,5,6,1,1,false,false,3,true,false,6,11,6,5,true,false,true,true,false,private,6,0,0,false
39,\wallet\src\de\schildbach\wallet\ui\BlockListFragment.BlockLoader.java,BlockLoader,72,3,3,0,0,false,false,2,true,false,0,0,9,4,true,false,true,true,false,private,1,0,2,false
40,\wallet\src\de\schildbach\wallet\ui\BlockListFragment.TransactionsLoader.java,TransactionsLoader,50,1,1,0,0,false,false,2,true,false,1,0,8,3,true,false,true,true,false,private,1,0,0,false
41,\wallet\src\de\schildbach\wallet\ui\AddressBookActivity.java,AddressBookActivity,116,5,4,0,0,false,false,3,false,false,5,4,15,9,false,false,false,true,false,public,2,0,1,false
42,\wallet\src\de\schildbach\wallet\ui\BlockListFragment.BlockListAdapter.java,BlockListAdapter,122,4,7,0,4,false,false,3,true,false,5,6,14,14,false,false,true,true,false,private,7,0,0,false
43,\wallet\src\de\schildbach\wallet\ui\CurrencyAmountView.Listener.java,Listener,25,0,0,0,0,false,false,1,true,false,0,0,0,0,true,true,true,false,false,public,0,0,0,false
44,\wallet\src\de\schildbach\wallet\ui\BlockListFragment.java,BlockListFragment,216,16,7,0,0,false,false,3,false,false,2,7,33,23,false,false,false,true,false,public,7,0,0,false
45,\wallet\src\de\schildbach\wallet\ui\CurrencyAmountView.TextViewListener.java,TextViewListener,69,1,5,1,0,false,false,3,true,false,5,12,5,3,false,false,true,true,false,private,5,0,0,false
46,\wallet\src\de\schildbach\wallet\ui\CurrencySymbolDrawable.java,CurrencySymbolDrawable,63,3,5,2,2,false,false,3,false,false,0,3,6,0,false,false,false,true,false,public,5,0,0,false
47,\wallet\src\de\schildbach\wallet\ui\CurrencyTextView.java,CurrencyTextView,135,8,9,7,0,false,false,3,false,false,7,8,15,3,false,false,false,true,false,public,7,1,1,false
48,\wallet\src\de\schildbach\wallet\ui\CurrencyCalculatorLink.java,CurrencyCalculatorLink,185,8,12,6,2,false,false,3,false,false,12,6,8,13,false,false,false,true,false,public,11,1,0,false
49,\wallet\src\de\schildbach\wallet\ui\DialogBuilder.java,DialogBuilder,110,3,8,6,0,false,false,2,true,false,4,9,10,0,false,false,false,true,false,public,8,0,0,false
50,\wallet\src\de\schildbach\wallet\ui\ExchangeRatesActivity.java,ExchangeRatesActivity,46,0,2,0,0,false,false,3,false,false,1,2,4,1,false,false,false,true,false,public,1,0,1,false
51,\wallet\src\de\schildbach\wallet\ui\ExchangeRateLoader.java,ExchangeRateLoader,61,1,4,0,0,false,false,3,true,false,1,2,6,4,false,false,false,true,false,public,1,1,2,false
52,\wallet\src\de\schildbach\wallet\ui\ExchangeRatesFragment.BlockchainBroadcastReceiver.java,BlockchainBroadcastReceiver,33,0,1,0,0,false,false,3,true,false,0,2,4,0,false,false,true,true,false,private,1,0,0,false
53,\wallet\src\de\schildbach\wallet\ui\CurrencyAmountView.java,CurrencyAmountView,296,14,22,14,2,false,false,3,false,false,11,19,25,20,false,false,false,true,false,public,16,3,3,false
54,\wallet\src\de\schildbach\wallet\ui\EditAddressBookEntryFragment.java,EditAddressBookEntryFragment,124,5,5,0,0,false,false,5,false,false,4,9,18,7,false,false,false,true,false,public,4,1,0,false
55,\wallet\src\de\schildbach\wallet\ui\ExchangeRatesFragment.ExchangeRatesAdapter.java,ExchangeRatesAdapter,72,1,2,1,0,false,false,3,true,false,1,4,12,1,false,false,true,true,false,private,2,0,0,false
56,\wallet\src\de\schildbach\wallet\ui\FileAdapter.java,FileAdapter,57,2,2,1,1,false,false,2,true,false,1,4,10,1,false,false,false,true,false,public,2,0,0,true
57,\wallet\src\de\schildbach\wallet\ui\ExchangeRatesFragment.java,ExchangeRatesFragment,273,16,11,0,0,false,false,3,false,false,9,12,32,25,false,false,false,true,false,public,9,2,0,false
58,\wallet\src\de\schildbach\wallet\ui\HelpDialogFragment.java,HelpDialogFragment,61,3,4,0,0,false,false,3,false,false,0,5,6,2,false,false,false,true,false,public,3,1,0,false
59,\wallet\src\de\schildbach\wallet\ui\ImportKeysActivity.FinishListener.java,FinishListener,34,0,2,0,0,false,false,2,true,false,0,3,1,0,false,false,true,true,false,private,2,0,0,false
60,\wallet\src\de\schildbach\wallet\ui\ImportDialogButtonEnablerListener.java,ImportDialogButtonEnablerListener,80,2,8,0,0,false,false,5,true,false,0,14,10,1,false,false,false,true,false,public,6,0,2,false
61,\wallet\src\de\schildbach\wallet\ui\InputParser.BinaryInputParser.java,BinaryInputParser,87,2,3,0,0,false,false,3,true,false,1,2,9,3,true,false,true,true,false,public,1,0,2,true
62,\wallet\src\de\schildbach\wallet\ui\ImportKeysActivity.java,ImportKeysActivity,217,7,6,0,0,false,false,3,false,false,3,7,28,24,false,false,false,true,false,public,0,3,3,false
63,\wallet\src\de\schildbach\wallet\ui\InputParser.StreamInputParser.java,StreamInputParser,105,2,3,0,0,false,false,3,true,false,2,2,12,8,true,false,true,true,false,public,1,0,2,true
64,\wallet\src\de\schildbach\wallet\ui\InputParser.StringInputParser.java,StringInputParser,138,1,1,0,0,false,false,3,true,false,3,0,16,11,true,false,true,true,false,public,1,0,0,true
65,\wallet\src\de\schildbach\wallet\ui\NetworkMonitorActivity.PagerAdapter.java,PagerAdapter,43,0,2,0,2,false,false,2,true,false,1,1,3,0,false,false,true,true,false,private,2,0,0,false
66,\wallet\src\de\schildbach\wallet\ui\InputParser.java,InputParser,75,4,4,0,0,false,false,2,true,false,1,8,18,3,false,false,false,true,false,public,0,0,4,true
67,\wallet\src\de\schildbach\wallet\ui\PeerListFragment.ReverseDnsLoader.java,ReverseDnsLoader,38,1,1,0,0,false,false,3,true,false,0,0,4,1,true,false,true,true,false,private,1,0,0,false
68,\wallet\src\de\schildbach\wallet\ui\NetworkMonitorActivity.java,NetworkMonitorActivity,70,2,2,0,0,false,false,3,false,false,2,2,7,1,false,false,false,true,false,public,1,0,1,false
69,\wallet\src\de\schildbach\wallet\ui\PeerListFragment.PeerLoader.java,PeerLoader,73,3,3,0,0,false,false,2,true,false,0,0,10,5,true,false,true,true,false,private,1,0,2,false
70,\wallet\src\de\schildbach\wallet\ui\PreferencesActivity.java,PreferencesActivity,188,8,6,0,0,false,false,2,false,false,4,7,22,15,false,false,false,true,false,public,3,1,2,false
71,\wallet\src\de\schildbach\wallet\ui\ProgressDialogFragment.java,ProgressDialogFragment,70,3,6,0,0,false,false,3,false,false,0,7,7,2,false,false,false,true,false,public,5,1,0,false
72,\wallet\src\de\schildbach\wallet\ui\PeerListFragment.java,PeerListFragment,224,13,7,0,0,false,false,3,false,false,4,5,30,19,false,false,false,true,false,public,7,0,0,false
73,\wallet\src\de\schildbach\wallet\ui\RequestCoinsActivity.java,RequestCoinsActivity,56,0,3,0,0,false,false,3,false,false,1,3,5,2,false,false,false,true,false,public,2,0,1,false
74,\wallet\src\de\schildbach\wallet\ui\ReportIssueDialogBuilder.java,ReportIssueDialogBuilder,239,7,2,0,0,false,false,4,true,false,10,5,27,23,false,false,false,true,false,public,1,1,0,true
75,\wallet\src\de\schildbach\wallet\ui\ScanActivity.AutoFocusRunnable.java,AutoFocusRunnable,42,1,1,0,0,false,false,3,false,false,0,0,1,1,false,false,true,true,false,private,1,0,0,false
76,\wallet\src\de\schildbach\wallet\ui\RequestCoinsFragment.java,RequestCoinsFragment,338,20,17,0,0,false,false,3,false,false,13,14,47,37,false,false,false,true,false,public,9,8,0,false
77,\wallet\src\de\schildbach\wallet\ui\ScannerView.java,ScannerView,135,12,4,1,0,false,false,2,false,false,3,5,15,12,false,false,false,true,false,public,4,0,0,false
78,\wallet\src\de\schildbach\wallet\ui\SendCoinsQrActivity.java,SendCoinsQrActivity,91,1,2,0,0,false,false,4,false,false,1,4,14,5,false,false,false,true,false,public,1,0,1,false
79,\wallet\src\de\schildbach\wallet\ui\ScanActivity.java,ScanActivity,317,15,10,0,0,false,false,2,false,false,4,13,38,26,false,false,false,true,false,public,7,0,3,false
80,\wallet\src\de\schildbach\wallet\ui\ShowPasswordCheckListener.java,ShowPasswordCheckListener,39,1,1,0,0,false,false,4,true,false,0,2,5,0,false,false,false,true,false,public,1,0,0,false
81,\wallet\src\de\schildbach\wallet\ui\TransactionsListFragment.Direction.java,Direction,24,2,0,0,0,false,false,1,false,false,0,0,0,0,false,false,true,false,true,public,0,0,0,false
82,\wallet\src\de\schildbach\wallet\ui\SendingAddressesFragment.java,SendingAddressesFragment,326,7,18,1,0,false,false,3,false,false,8,24,39,32,false,false,false,true,false,public,12,6,0,false
83,\wallet\src\de\schildbach\wallet\ui\TransactionsListAdapter.java,TransactionsListAdapter,349,21,15,1,6,false,false,3,true,false,16,13,31,27,false,false,false,true,false,public,14,1,0,false
84,\wallet\src\de\schildbach\wallet\ui\TransactionsListFragment.TransactionsLoader.java,TransactionsLoader,117,4,3,0,0,false,false,2,true,false,3,0,18,12,true,false,true,true,false,private,1,0,2,false
85,\wallet\src\de\schildbach\wallet\ui\WalletActionsFragment.java,WalletActionsFragment,87,1,4,0,0,false,false,3,false,false,0,4,10,8,false,false,false,true,false,public,3,1,0,false
86,\wallet\src\de\schildbach\wallet\ui\TransactionsListFragment.java,TransactionsListFragment,302,16,15,0,0,false,false,3,false,false,6,17,51,36,false,false,false,true,false,public,11,4,0,false
87,\wallet\src\de\schildbach\wallet\ui\WalletAddressFragment.java,WalletAddressFragment,133,10,6,0,0,false,false,3,false,false,2,4,25,11,false,false,false,true,false,public,4,2,0,false
88,\wallet\src\de\schildbach\wallet\ui\WalletAddressesAdapter.java,WalletAddressesAdapter,135,9,7,1,4,false,false,3,true,false,3,7,21,7,false,false,false,true,false,public,7,0,0,false
89,\wallet\src\de\schildbach\wallet\ui\WalletBalanceFragment.BlockchainBroadcastReceiver.java,BlockchainBroadcastReceiver,36,0,1,0,0,false,false,3,true,false,0,2,5,0,false,false,true,true,false,private,1,0,0,false
90,\wallet\src\de\schildbach\wallet\ui\WalletAddressesFragment.java,WalletAddressesFragment,268,9,9,0,0,false,false,3,false,false,5,9,38,35,false,false,false,true,false,public,7,2,0,false
91,\wallet\src\de\schildbach\wallet\ui\WalletDisclaimerFragment.BlockchainBroadcastReceiver.java,BlockchainBroadcastReceiver,33,0,1,0,0,false,false,3,true,false,0,2,4,0,false,false,true,true,false,private,1,0,0,false
92,\wallet\src\de\schildbach\wallet\ui\WalletBalanceLoader.java,WalletBalanceLoader,75,3,3,0,0,false,false,3,true,false,0,0,11,4,false,false,false,true,false,public,1,0,2,false
93,\wallet\src\de\schildbach\wallet\ui\WalletTransactionsFragment.PagerAdapter.java,PagerAdapter,50,0,2,0,2,false,false,2,true,false,1,1,4,0,true,false,true,true,false,private,2,0,0,false
94,\wallet\src\de\schildbach\wallet\ui\WalletTransactionsFragment.java,WalletTransactionsFragment,55,1,2,0,0,false,false,3,false,false,0,4,8,0,false,false,false,true,false,public,2,0,0,false
95,\wallet\src\de\schildbach\wallet\ui\WalletDisclaimerFragment.java,WalletDisclaimerFragment,126,5,6,0,0,false,false,3,false,false,9,6,19,12,false,false,false,true,false,public,5,1,0,false
96,\wallet\src\de\schildbach\wallet\ui\send\RequestPaymentRequestTask.BluetoothRequestTask.java,BluetoothRequestTask,138,1,1,0,0,false,false,3,false,false,4,1,15,12,true,false,true,true,false,public,1,0,0,false
97,\wallet\src\de\schildbach\wallet\ui\WalletBalanceFragment.java,WalletBalanceFragment,254,21,6,0,0,false,false,3,false,false,11,6,28,16,false,false,false,true,false,public,5,1,0,false
98,\wallet\src\de\schildbach\wallet\ui\WalletActivity.java,WalletActivity,893,9,28,0,0,false,false,2,false,false,31,22,77,96,false,false,false,true,false,public,8,15,5,false
99,\wallet\src\de\schildbach\wallet\ui\send\RequestPaymentRequestTask.HttpRequestTask.java,HttpRequestTask,119,1,1,0,0,false,false,3,false,false,4,1,13,11,true,false,true,true,false,public,1,0,0,false
100,\wallet\src\de\schildbach\wallet\ui\send\RequestPaymentRequestTask.ResultCallback.java,ResultCallback,26,0,0,0,0,false,false,2,false,false,0,0,1,0,false,true,true,false,false,public,0,0,0,false
101,\wallet\src\de\schildbach\wallet\ui\send\RequestPaymentRequestTask.java,RequestPaymentRequestTask,62,4,2,0,0,false,false,4,false,false,0,3,6,3,false,false,false,true,false,public,0,0,2,true
102,\wallet\src\de\schildbach\wallet\ui\send\RequestWalletBalanceTask.FakeTransaction.java,FakeTransaction,37,1,1,0,1,false,false,2,false,false,0,0,3,0,true,false,true,true,false,private,1,0,0,false
103,\wallet\src\de\schildbach\wallet\ui\send\RequestWalletBalanceTask.ResultCallback.java,ResultCallback,27,0,0,0,0,false,false,2,false,false,0,0,2,0,false,true,true,false,false,public,0,0,0,false
104,\wallet\src\de\schildbach\wallet\ui\send\SendCoinsActivity.java,SendCoinsActivity,70,1,4,0,0,false,false,3,false,false,1,5,11,2,false,false,false,true,false,public,3,0,1,false
105,\wallet\src\de\schildbach\wallet\ui\send\RequestWalletBalanceTask.java,RequestWalletBalanceTask,198,5,3,0,0,false,false,4,false,false,9,4,30,23,false,false,false,true,false,public,1,0,2,false
106,\wallet\src\de\schildbach\wallet\ui\send\SendCoinsFragment.AutoCompleteAddressAdapter.java,AutoCompleteAddressAdapter,67,0,4,0,0,false,false,4,true,false,0,8,11,2,false,false,true,true,false,public,4,0,0,false
107,\wallet\src\de\schildbach\wallet\ui\send\SendCoinsFragment.ReceivingAddressActionMode.java,ReceivingAddressActionMode,83,1,6,0,0,false,false,4,false,false,2,7,7,7,false,false,true,true,false,private,4,2,0,false
108,\wallet\src\de\schildbach\wallet\ui\send\SendCoinsFragment.ReceivingAddressListener.java,ReceivingAddressListener,47,0,4,0,0,false,false,3,true,false,1,11,4,0,false,false,true,true,false,private,4,0,0,false
109,\wallet\src\de\schildbach\wallet\ui\send\SendCoinsFragment.State.java,State,24,5,0,0,0,false,false,1,false,false,0,0,0,0,false,false,true,false,true,private,0,0,0,false
110,\wallet\src\de\schildbach\wallet\ui\send\SendCoinsOfflineTask.java,SendCoinsOfflineTask,91,3,2,0,0,false,false,4,false,false,0,2,9,5,false,false,false,true,false,public,1,0,1,true
111,\wallet\src\de\schildbach\wallet\ui\send\SweepWalletActivity.java,SweepWalletActivity,51,1,3,0,0,false,false,3,false,false,0,4,8,0,false,false,false,true,false,public,3,0,0,false
112,\wallet\src\de\schildbach\wallet\ui\send\SweepWalletFragment.State.java,State,8,5,0,0,0,false,false,1,false,false,0,0,0,0,false,false,true,false,true,private,0,0,0,false
113,\wallet\src\de\schildbach\wallet\service\AutosyncReceiver.java,AutosyncReceiver,38,1,1,0,0,false,false,2,true,false,1,2,6,1,false,false,false,true,false,public,1,0,0,false
114,\wallet\src\de\schildbach\wallet\service\BlockchainServiceImpl.ActivityHistoryEntry.java,ActivityHistoryEntry,35,2,1,0,0,false,false,3,false,false,0,0,0,0,true,false,true,true,false,private,1,0,0,false
115,\wallet\src\de\schildbach\wallet\service\BlockchainService.java,BlockchainService,44,14,0,0,0,false,false,2,false,false,0,0,4,5,false,true,false,false,false,public,0,0,0,false
116,\wallet\src\de\schildbach\wallet\service\BlockchainServiceImpl.LocalBinder.java,LocalBinder,28,0,1,0,1,false,false,2,true,false,0,0,1,0,false,false,true,true,false,public,1,0,0,false
117,\wallet\src\de\schildbach\wallet\service\BlockchainServiceImpl.PeerConnectivityListener.java,PeerConnectivityListener,95,2,5,0,0,false,false,3,true,false,3,7,11,5,false,false,true,true,false,private,4,1,0,false
118,\wallet\src\de\schildbach\wallet\ui\send\SweepWalletFragment.java,SweepWalletFragment,435,21,17,0,0,false,false,3,false,false,21,15,49,46,false,false,false,true,false,public,9,8,0,false
119,\wallet\src\de\schildbach\wallet\ui\send\SendCoinsFragment.java,SendCoinsFragment,1072,45,32,0,0,false,false,3,false,false,65,27,89,135,false,false,false,true,false,public,12,20,0,false
120,\wallet\src\de\schildbach\wallet\offline\AcceptBluetoothThread.ClassicBluetoothThread.java,ClassicBluetoothThread,116,0,1,0,0,false,false,3,false,false,4,0,10,9,true,false,true,true,false,public,1,0,0,true
121,\wallet\src\de\schildbach\wallet\offline\AcceptBluetoothThread.PaymentProtocolThread.java,PaymentProtocolThread,109,0,1,0,0,false,false,3,false,false,4,0,11,7,true,false,true,true,false,public,1,0,0,true
122,\wallet\src\de\schildbach\wallet\offline\AcceptBluetoothService.java,AcceptBluetoothService,155,11,5,0,0,false,false,3,false,false,2,5,17,19,false,false,false,true,false,public,4,1,0,false
123,\wallet\src\de\schildbach\wallet\offline\AcceptBluetoothThread.java,AcceptBluetoothThread,64,3,2,0,0,false,false,3,false,false,0,2,9,1,false,false,false,true,false,public,1,0,1,true
124,\wallet\src\de\schildbach\wallet\offline\DirectPaymentTask.BluetoothPaymentTask.java,BluetoothPaymentTask,119,2,1,0,0,false,false,3,false,false,4,1,13,10,true,false,true,true,false,public,1,0,0,false
125,\wallet\src\de\schildbach\wallet\offline\DirectPaymentTask.ResultCallback.java,ResultCallback,25,0,0,0,0,false,false,2,false,false,0,0,0,0,false,true,true,false,false,public,0,0,0,false
126,\wallet\src\de\schildbach\wallet\offline\DirectPaymentTask.HttpPaymentTask.java,HttpPaymentTask,130,2,1,0,0,false,false,3,false,false,5,1,14,13,true,false,true,true,false,public,1,0,0,false
127,\wallet\src\de\schildbach\wallet\offline\DirectPaymentTask.java,DirectPaymentTask,62,4,2,0,0,false,false,3,false,false,0,3,6,3,false,false,false,true,false,public,0,0,2,true
128,\wallet\src\de\schildbach\wallet\data\PaymentIntent.Output.java,Output,94,3,4,0,0,false,false,1,false,false,1,2,6,12,true,false,true,true,false,public,4,0,0,false
129,\wallet\src\de\schildbach\wallet\data\PaymentIntent.Standard.java,Standard,24,2,0,0,0,false,false,1,false,false,0,0,0,0,false,false,true,false,true,public,0,0,0,false
130,\wallet\src\de\schildbach\wallet\service\BlockchainServiceImpl.java,BlockchainServiceImpl,634,31,15,0,2,false,false,3,false,false,29,10,67,92,false,false,false,true,false,public,9,6,0,false
131,\wallet\src\de\schildbach\wallet\data\PaymentIntent.java,PaymentIntent,365,10,29,0,2,false,false,2,false,false,23,14,19,28,false,false,false,true,false,public,28,1,0,false
132,\sample-integration-android\src\de\schildbach\wallet\integration\sample\SampleActivity.java,SampleActivity,139,7,5,0,0,false,false,2,false,false,4,4,19,17,false,false,false,true,false,public,0,3,2,false
133,\wallet\src\de\schildbach\wallet\camera\CameraManager.java,CameraManager,239,10,12,3,3,false,false,2,true,false,19,15,15,27,false,false,false,true,false,public,7,5,0,false
134,\integration-android\src\de\schildbach\wallet\integration\android\BitcoinIntegration.java,BitcoinIntegration,249,5,16,0,0,false,false,2,false,false,5,33,6,11,false,false,false,true,false,public,11,5,0,false
