index,fullpathname,classname,loc,numAttr,numMethod,setters,getters,isPersist,isCollection,numWordName,isOrEr,isController,numIfs,numParameters,numImports,numOutboundInvocation,isStaticClass,isInterface,isInnerClass,isClass,isEnum,classPublicity,numPublicMethods,numPrivateMethods,numProtectedMethods,isAbstract
0,\wallet\test\de\schildbach\wallet\util\Base43Test.java,Base43Test,42,0,2,0,0,false,false,2,false,false,0,0,3,2,false,false,false,true,false,public,2,0,0,false
1,\wallet\test\de\schildbach\wallet\util\BluetoothTest.java,BluetoothTest,48,0,3,0,1,false,false,2,false,false,0,0,3,0,false,false,false,true,false,public,3,0,0,false
2,\wallet\test\de\schildbach\wallet\util\CryptoTest.java,CryptoTest,101,3,7,0,0,false,false,2,false,false,0,1,11,10,false,false,false,true,false,public,6,1,0,false
3,\wallet\test\de\schildbach\wallet\util\FormatsTest.java,FormatsTest,97,0,1,0,0,false,false,2,false,false,0,0,7,11,false,false,false,true,false,public,1,0,0,false
4,\wallet\src\de\schildbach\wallet\AddressBookProvider.Helper.java,Helper,67,3,3,0,0,true,false,1,true,false,1,6,3,3,true,false,true,true,false,private,2,1,0,false
5,\wallet\src\de\schildbach\wallet\AddressBookProvider.java,AddressBookProvider,152,8,9,0,1,true,false,3,true,false,10,20,8,32,false,false,false,true,false,public,8,1,0,false
6,\wallet\src\de\schildbach\wallet\Constants.Files.java,Files,43,9,0,0,0,false,false,1,false,false,0,0,3,1,true,false,true,true,false,public,0,0,0,false
7,\wallet\src\de\schildbach\wallet\Configuration.java,Configuration,216,21,27,4,14,false,false,1,false,false,5,11,11,15,false,false,false,true,false,public,26,1,0,false
8,\wallet\src\de\schildbach\wallet\Constants.java,Constants,96,49,0,0,0,false,false,1,false,false,0,0,7,5,false,false,false,true,false,public,0,0,0,false
9,\wallet\src\de\schildbach\wallet\ExchangeRatesProvider.ExchangeRate.java,ExchangeRate,40,2,2,0,1,false,false,2,false,false,0,0,1,1,true,false,true,true,false,public,2,0,0,false
10,\wallet\src\de\schildbach\wallet\WalletApplication.WalletAutosaveEventListener.java,WalletAutosaveEventListener,37,0,2,0,0,false,false,4,true,false,1,2,3,0,true,false,true,true,false,private,2,0,0,false
11,\wallet\src\de\schildbach\wallet\ExchangeRatesProvider.java,ExchangeRatesProvider,304,18,11,0,2,false,false,3,true,false,20,23,33,31,false,false,false,true,false,public,8,3,0,false
12,\wallet\src\de\schildbach\wallet\WalletBalanceWidgetProvider.java,WalletBalanceWidgetProvider,164,1,6,0,1,false,false,4,true,false,5,20,29,14,false,false,false,true,false,public,3,3,0,false
13,\wallet\src\de\schildbach\wallet\WalletApplication.java,WalletApplication,455,9,25,0,2,false,false,2,false,false,15,8,46,54,false,false,false,true,false,public,17,8,0,false
14,\wallet\src\de\schildbach\wallet\util\Base43.java,Base43,136,2,5,0,0,false,false,1,false,false,6,9,2,5,false,false,false,true,false,public,2,3,0,false
15,\wallet\src\de\schildbach\wallet\util\BitmapFragment.java,BitmapFragment,76,3,4,0,0,false,false,2,false,false,0,5,11,2,false,false,false,true,false,public,3,1,0,false
16,\wallet\src\de\schildbach\wallet\util\Bluetooth.java,Bluetooth,71,6,5,0,2,false,false,1,false,false,4,5,2,3,false,false,false,true,false,public,5,0,0,false
17,\wallet\src\de\schildbach\wallet\util\CircularProgressView.java,CircularProgressView,141,9,10,5,1,false,false,3,false,false,3,15,10,4,false,false,false,true,false,public,6,1,3,false
18,\wallet\src\de\schildbach\wallet\util\CrashReporter.ExceptionHandler.java,ExceptionHandler,54,1,2,0,0,false,false,2,true,false,0,3,6,1,true,false,true,true,false,private,1,1,0,false
19,\wallet\src\de\schildbach\wallet\util\CrashReporter.java,CrashReporter,259,6,13,0,0,false,false,2,true,false,6,19,29,36,false,false,false,true,false,public,9,4,0,false
20,\wallet\src\de\schildbach\wallet\util\Formats.java,Formats,31,4,0,0,0,false,false,1,false,false,0,0,2,0,false,false,false,true,false,public,0,0,0,false
21,\wallet\src\de\schildbach\wallet\util\Crypto.java,Crypto,297,12,8,0,1,false,false,1,false,false,4,16,21,6,false,false,false,true,false,public,4,4,0,false
22,\wallet\src\de\schildbach\wallet\util\GenericUtils.java,GenericUtils,41,0,2,0,0,false,false,2,false,false,0,3,2,2,false,false,false,true,false,public,2,0,0,false
23,\wallet\src\de\schildbach\wallet\util\LinuxSecureRandom.LinuxSecureRandomProvider.java,LinuxSecureRandomProvider,31,0,0,0,0,false,false,4,true,false,0,0,1,1,true,false,true,true,false,private,0,0,0,false
24,\wallet\src\de\schildbach\wallet\util\Iso8601Format.java,Iso8601Format,69,1,8,0,0,false,false,2,false,false,0,4,7,0,false,false,false,true,false,public,8,0,0,false
25,\wallet\src\de\schildbach\wallet\util\Io.java,Io,77,1,4,0,0,false,false,1,false,false,1,9,9,1,false,false,false,true,false,public,4,0,0,false
26,\wallet\src\de\schildbach\wallet\util\HttpGetThread.java,HttpGetThread,100,4,1,0,0,false,false,3,false,false,4,0,17,13,false,false,false,true,false,public,1,0,0,true
27,\wallet\src\de\schildbach\wallet\util\LinuxSecureRandom.java,LinuxSecureRandom,86,2,3,0,0,false,false,3,false,false,1,3,7,2,false,false,false,true,false,public,0,0,3,false
28,\wallet\src\de\schildbach\wallet\util\MonetarySpannable.java,MonetarySpannable,101,2,3,0,0,false,false,2,false,false,14,11,12,2,false,false,false,true,false,public,2,1,0,false
29,\wallet\src\de\schildbach\wallet\util\Nfc.java,Nfc,98,0,8,0,0,false,false,1,false,false,7,16,10,6,false,false,false,true,false,public,4,4,0,false
30,\wallet\src\de\schildbach\wallet\util\Qr.java,Qr,116,2,5,0,0,false,false,1,false,false,1,6,18,8,false,false,false,true,false,public,5,0,0,false
31,\wallet\src\de\schildbach\wallet\util\ThrottlingWalletChangeListener.java,ThrottlingWalletChangeListener,123,9,8,0,0,false,false,4,true,false,6,15,10,3,false,false,false,true,false,public,8,0,0,true
32,\wallet\src\de\schildbach\wallet\util\WholeStringBuilder.java,WholeStringBuilder,35,0,1,0,0,false,false,3,true,false,0,1,3,1,false,false,false,true,false,public,1,0,0,false
33,\wallet\src\de\schildbach\wallet\util\ViewPagerTabs.java,ViewPagerTabs,168,6,9,0,1,false,false,3,false,false,4,10,14,10,false,false,false,true,false,public,6,0,3,false
34,\wallet\src\de\schildbach\wallet\ui\AbstractBindServiceActivity.java,AbstractBindServiceActivity,62,2,3,0,1,false,false,4,false,false,0,0,8,3,false,false,false,true,false,public,0,0,3,true
35,\wallet\src\de\schildbach\wallet\util\WalletUtils.java,WalletUtils,337,2,15,0,2,false,false,2,false,false,12,27,38,34,false,false,false,true,false,public,15,0,0,false
36,\wallet\src\de\schildbach\wallet\ui\AboutActivity.java,AboutActivity,133,11,3,0,0,false,false,2,false,false,3,4,12,5,false,false,false,true,false,public,2,0,1,false
37,\wallet\src\de\schildbach\wallet\ui\AbstractWalletActivity.java,AbstractWalletActivity,83,2,8,0,1,false,false,3,false,false,0,17,10,2,false,false,false,true,false,public,0,0,8,true
38,\wallet\src\de\schildbach\wallet\ui\AddressAndLabel.java,AddressAndLabel,72,3,2,0,0,false,false,3,false,false,0,2,8,5,false,false,false,true,false,public,2,0,0,false
39,\wallet\src\de\schildbach\wallet\ui\AddressBookActivity.TwoFragmentAdapter.java,TwoFragmentAdapter,99,5,6,1,1,false,false,3,true,false,6,11,6,5,true,false,true,true,false,private,6,0,0,false
40,\wallet\src\de\schildbach\wallet\ui\AddressBookActivity.java,AddressBookActivity,116,5,4,0,0,false,false,3,false,false,5,4,15,9,false,false,false,true,false,public,2,0,1,false
41,\wallet\src\de\schildbach\wallet\ui\BlockListFragment.BlockListAdapter.java,BlockListAdapter,125,5,7,0,4,false,false,3,true,false,6,6,15,14,false,false,true,true,false,private,7,0,0,false
42,\wallet\src\de\schildbach\wallet\ui\BlockListFragment.BlockLoader.java,BlockLoader,74,3,3,0,0,false,false,2,true,false,0,0,10,4,true,false,true,true,false,private,1,0,2,false
43,\wallet\src\de\schildbach\wallet\ui\BlockListFragment.TransactionsLoader.java,TransactionsLoader,50,1,1,0,0,false,false,2,true,false,1,0,8,3,true,false,true,true,false,private,1,0,0,false
44,\wallet\src\de\schildbach\wallet\ui\CurrencyAmountView.Listener.java,Listener,25,0,0,0,0,false,false,1,true,false,0,0,0,0,true,true,true,false,false,public,0,0,0,false
45,\wallet\src\de\schildbach\wallet\ui\BlockListFragment.java,BlockListFragment,216,16,7,0,0,false,false,3,false,false,2,7,33,23,false,false,false,true,false,public,7,0,0,false
46,\wallet\src\de\schildbach\wallet\ui\CurrencyAmountView.TextViewListener.java,TextViewListener,69,1,5,1,0,false,false,3,true,false,5,12,5,3,false,false,true,true,false,private,5,0,0,false
47,\wallet\src\de\schildbach\wallet\ui\CurrencySymbolDrawable.java,CurrencySymbolDrawable,63,3,5,2,2,false,false,3,false,false,0,3,6,0,false,false,false,true,false,public,5,0,0,false
48,\wallet\src\de\schildbach\wallet\ui\CurrencyAmountView.java,CurrencyAmountView,300,15,21,13,2,false,false,3,false,false,11,18,24,23,false,false,false,true,false,public,15,3,3,false
49,\wallet\src\de\schildbach\wallet\ui\CurrencyCalculatorLink.java,CurrencyCalculatorLink,185,8,12,6,2,false,false,3,false,false,12,6,8,13,false,false,false,true,false,public,11,1,0,false
50,\wallet\src\de\schildbach\wallet\ui\CurrencyTextView.java,CurrencyTextView,107,6,8,6,0,false,false,3,false,false,3,6,12,1,false,false,false,true,false,public,6,1,1,false
51,\wallet\src\de\schildbach\wallet\ui\DialogBuilder.java,DialogBuilder,110,3,8,6,0,false,false,2,true,false,4,9,10,0,false,false,false,true,false,public,8,0,0,false
52,\wallet\src\de\schildbach\wallet\ui\EditAddressBookEntryFragment.java,EditAddressBookEntryFragment,124,5,5,0,0,false,false,5,false,false,4,9,18,7,false,false,false,true,false,public,4,1,0,false
53,\wallet\src\de\schildbach\wallet\ui\ExchangeRateLoader.java,ExchangeRateLoader,61,1,4,0,0,false,false,3,true,false,1,2,6,4,false,false,false,true,false,public,1,1,2,false
54,\wallet\src\de\schildbach\wallet\ui\ExchangeRatesActivity.java,ExchangeRatesActivity,46,0,2,0,0,false,false,3,false,false,1,2,4,1,false,false,false,true,false,public,1,0,1,false
55,\wallet\src\de\schildbach\wallet\ui\ExchangeRatesFragment.ExchangeRatesAdapter.java,ExchangeRatesAdapter,70,1,2,1,0,false,false,3,true,false,1,4,10,3,false,false,true,true,false,private,2,0,0,false
56,\wallet\src\de\schildbach\wallet\ui\FancyListFragment.java,FancyListFragment,41,0,2,1,0,false,false,3,false,false,0,4,7,0,false,false,false,true,false,public,2,0,0,false
57,\wallet\src\de\schildbach\wallet\ui\FileAdapter.java,FileAdapter,57,2,2,1,1,false,false,2,true,false,1,4,10,1,false,false,false,true,false,public,2,0,0,true
58,\wallet\src\de\schildbach\wallet\ui\ExchangeRatesFragment.java,ExchangeRatesFragment,285,17,10,0,0,false,false,3,false,false,8,12,32,28,false,false,false,true,false,public,9,1,0,false
59,\wallet\src\de\schildbach\wallet\ui\HelpDialogFragment.java,HelpDialogFragment,61,3,4,0,0,false,false,3,false,false,0,5,6,2,false,false,false,true,false,public,3,1,0,false
60,\wallet\src\de\schildbach\wallet\ui\ImportDialogButtonEnablerListener.java,ImportDialogButtonEnablerListener,80,2,8,0,0,false,false,5,true,false,0,14,10,1,false,false,false,true,false,public,6,0,2,false
61,\wallet\src\de\schildbach\wallet\ui\InputParser.BinaryInputParser.java,BinaryInputParser,86,2,3,0,0,false,false,3,true,false,1,2,8,3,true,false,true,true,false,public,1,0,2,true
62,\wallet\src\de\schildbach\wallet\ui\InputParser.StreamInputParser.java,StreamInputParser,104,2,3,0,0,false,false,3,true,false,2,2,11,8,true,false,true,true,false,public,1,0,2,true
63,\wallet\src\de\schildbach\wallet\ui\InputParser.StringInputParser.java,StringInputParser,134,1,1,0,0,false,false,3,true,false,2,0,15,11,true,false,true,true,false,public,1,0,0,true
64,\wallet\src\de\schildbach\wallet\ui\NetworkMonitorActivity.PagerAdapter.java,PagerAdapter,43,0,2,0,2,false,false,2,true,false,1,1,3,0,false,false,true,true,false,private,2,0,0,false
65,\wallet\src\de\schildbach\wallet\ui\InputParser.java,InputParser,147,5,5,0,0,false,false,2,true,false,6,9,30,17,false,false,false,true,false,public,1,0,4,true
66,\wallet\src\de\schildbach\wallet\ui\NetworkMonitorActivity.java,NetworkMonitorActivity,70,2,2,0,0,false,false,3,false,false,2,2,7,1,false,false,false,true,false,public,1,0,1,false
67,\wallet\src\de\schildbach\wallet\ui\PeerListFragment.PeerLoader.java,PeerLoader,75,3,3,0,0,false,false,2,true,false,0,0,11,5,true,false,true,true,false,private,1,0,2,false
68,\wallet\src\de\schildbach\wallet\ui\PeerListFragment.ReverseDnsLoader.java,ReverseDnsLoader,38,1,1,0,0,false,false,3,true,false,0,0,4,1,true,false,true,true,false,private,1,0,0,false
69,\wallet\src\de\schildbach\wallet\ui\PeerListFragment.java,PeerListFragment,220,13,6,0,0,false,false,3,false,false,4,3,30,19,false,false,false,true,false,public,6,0,0,false
70,\wallet\src\de\schildbach\wallet\ui\PreferencesActivity.java,PreferencesActivity,208,10,6,0,0,false,false,2,false,false,4,7,24,17,false,false,false,true,false,public,3,1,2,false
71,\wallet\src\de\schildbach\wallet\ui\ProgressDialogFragment.java,ProgressDialogFragment,70,3,6,0,0,false,false,3,false,false,0,7,7,2,false,false,false,true,false,public,5,1,0,false
72,\wallet\src\de\schildbach\wallet\ui\RequestCoinsActivity.java,RequestCoinsActivity,56,0,3,0,0,false,false,3,false,false,1,3,5,2,false,false,false,true,false,public,2,0,1,false
73,\wallet\src\de\schildbach\wallet\ui\ReportIssueDialogBuilder.java,ReportIssueDialogBuilder,240,7,2,0,0,false,false,4,true,false,10,5,28,23,false,false,false,true,false,public,1,1,0,true
74,\wallet\src\de\schildbach\wallet\ui\RestoreWalletActivity.FinishListener.java,FinishListener,34,0,2,0,0,false,false,2,true,false,0,3,1,0,false,false,true,true,false,private,2,0,0,false
75,\wallet\src\de\schildbach\wallet\ui\RequestCoinsFragment.java,RequestCoinsFragment,382,21,21,0,0,false,false,3,false,false,14,18,51,37,false,false,false,true,false,public,11,10,0,false
76,\wallet\src\de\schildbach\wallet\ui\ScanActivity.AutoFocusRunnable.java,AutoFocusRunnable,42,1,1,0,0,false,false,3,false,false,0,0,1,1,false,false,true,true,false,private,1,0,0,false
77,\wallet\src\de\schildbach\wallet\ui\RestoreWalletActivity.java,RestoreWalletActivity,200,7,7,0,0,false,false,3,false,false,2,8,28,18,false,false,false,true,false,public,0,4,3,false
78,\wallet\src\de\schildbach\wallet\ui\ScannerView.java,ScannerView,135,12,4,1,0,false,false,2,false,false,3,5,15,12,false,false,false,true,false,public,4,0,0,false
79,\wallet\src\de\schildbach\wallet\ui\SendCoinsQrActivity.java,SendCoinsQrActivity,91,1,2,0,0,false,false,4,false,false,1,4,14,5,false,false,false,true,false,public,1,0,1,false
80,\wallet\src\de\schildbach\wallet\ui\ScanActivity.java,ScanActivity,317,15,10,0,0,false,false,2,false,false,4,13,38,26,false,false,false,true,false,public,7,0,3,false
81,\wallet\src\de\schildbach\wallet\ui\ShowPasswordCheckListener.java,ShowPasswordCheckListener,39,1,1,0,0,false,false,4,true,false,0,2,5,0,false,false,false,true,false,public,1,0,0,false
82,\wallet\src\de\schildbach\wallet\ui\TransactionsListFragment.Direction.java,Direction,24,2,0,0,0,false,false,1,false,false,0,0,0,0,false,false,true,false,true,public,0,0,0,false
83,\wallet\src\de\schildbach\wallet\ui\SendingAddressesFragment.java,SendingAddressesFragment,320,7,17,1,0,false,false,3,false,false,8,22,38,32,false,false,false,true,false,public,11,6,0,false
84,\wallet\src\de\schildbach\wallet\ui\TransactionsListFragment.TransactionsLoader.java,TransactionsLoader,114,4,3,0,0,false,false,2,true,false,3,0,18,13,true,false,true,true,false,private,1,0,2,false
85,\wallet\src\de\schildbach\wallet\ui\TransactionsListAdapter.java,TransactionsListAdapter,361,20,15,1,6,false,false,3,true,false,18,12,32,30,false,false,false,true,false,public,14,1,0,false
86,\wallet\src\de\schildbach\wallet\ui\WalletActionsFragment.java,WalletActionsFragment,87,1,4,0,0,false,false,3,false,false,0,4,10,8,false,false,false,true,false,public,3,1,0,false
87,\wallet\src\de\schildbach\wallet\ui\TransactionsListFragment.java,TransactionsListFragment,294,16,14,0,0,false,false,3,false,false,6,15,50,35,false,false,false,true,false,public,10,4,0,false
88,\wallet\src\de\schildbach\wallet\ui\WalletAddressFragment.java,WalletAddressFragment,141,11,6,0,0,false,false,3,false,false,1,4,27,12,false,false,false,true,false,public,4,2,0,false
89,\wallet\src\de\schildbach\wallet\ui\WalletAddressesAdapter.java,WalletAddressesAdapter,127,8,6,0,4,false,false,3,true,false,3,6,21,6,false,false,false,true,false,public,6,0,0,false
90,\wallet\src\de\schildbach\wallet\ui\WalletAddressesFragment.java,WalletAddressesFragment,234,9,8,0,0,false,false,3,false,false,4,10,38,26,false,false,false,true,false,public,7,1,0,false
91,\wallet\src\de\schildbach\wallet\ui\WalletActivity.java,WalletActivity,878,10,31,0,0,false,false,2,false,false,24,23,76,86,false,false,false,true,false,public,8,17,6,false
92,\wallet\src\de\schildbach\wallet\ui\WalletBalanceLoader.java,WalletBalanceLoader,75,3,3,0,0,false,false,3,true,false,0,0,11,4,false,false,false,true,false,public,1,0,2,false
93,\wallet\src\de\schildbach\wallet\ui\WalletBalanceFragment.java,WalletBalanceFragment,271,22,6,0,0,false,false,3,false,false,11,6,28,18,false,false,false,true,false,public,5,1,0,false
94,\wallet\src\de\schildbach\wallet\ui\WalletDisclaimerFragment.java,WalletDisclaimerFragment,153,7,6,0,0,false,false,3,false,false,10,6,25,14,false,false,false,true,false,public,5,1,0,false
95,\wallet\src\de\schildbach\wallet\ui\WalletTransactionsFragment.PagerAdapter.java,PagerAdapter,50,0,2,0,2,false,false,2,true,false,1,1,4,0,true,false,true,true,false,private,2,0,0,false
96,\wallet\src\de\schildbach\wallet\ui\WalletTransactionsFragment.java,WalletTransactionsFragment,55,1,2,0,0,false,false,3,false,false,0,4,8,0,false,false,false,true,false,public,2,0,0,false
97,\wallet\src\de\schildbach\wallet\ui\send\RequestPaymentRequestTask.BluetoothRequestTask.java,BluetoothRequestTask,138,1,1,0,0,false,false,3,false,false,4,1,15,12,true,false,true,true,false,public,1,0,0,false
98,\wallet\src\de\schildbach\wallet\ui\send\RequestPaymentRequestTask.HttpRequestTask.java,HttpRequestTask,119,1,1,0,0,false,false,3,false,false,4,1,13,11,true,false,true,true,false,public,1,0,0,false
99,\wallet\src\de\schildbach\wallet\ui\send\RequestPaymentRequestTask.ResultCallback.java,ResultCallback,26,0,0,0,0,false,false,2,false,false,0,0,1,0,false,true,true,false,false,public,0,0,0,false
100,\wallet\src\de\schildbach\wallet\ui\send\RequestPaymentRequestTask.java,RequestPaymentRequestTask,62,4,2,0,0,false,false,4,false,false,0,3,6,3,false,false,false,true,false,public,0,0,2,true
101,\wallet\src\de\schildbach\wallet\ui\send\RequestWalletBalanceTask.FakeTransaction.java,FakeTransaction,37,1,1,0,1,false,false,2,false,false,0,0,3,0,true,false,true,true,false,private,1,0,0,false
102,\wallet\src\de\schildbach\wallet\ui\send\RequestWalletBalanceTask.ResultCallback.java,ResultCallback,27,0,0,0,0,false,false,2,false,false,0,0,2,0,false,true,true,false,false,public,0,0,0,false
103,\wallet\src\de\schildbach\wallet\ui\send\SendCoinsActivity.java,SendCoinsActivity,70,1,4,0,0,false,false,3,false,false,1,5,11,2,false,false,false,true,false,public,3,0,1,false
104,\wallet\src\de\schildbach\wallet\ui\send\RequestWalletBalanceTask.java,RequestWalletBalanceTask,199,6,3,0,0,false,false,4,false,false,9,4,30,23,false,false,false,true,false,public,1,0,2,false
105,\wallet\src\de\schildbach\wallet\ui\send\SendCoinsFragment.AutoCompleteAddressAdapter.java,AutoCompleteAddressAdapter,67,0,4,0,0,false,false,4,true,false,0,8,11,2,false,false,true,true,false,public,4,0,0,false
106,\wallet\src\de\schildbach\wallet\ui\send\SendCoinsFragment.State.java,State,24,5,0,0,0,false,false,1,false,false,0,0,0,0,false,false,true,false,true,private,0,0,0,false
107,\wallet\src\de\schildbach\wallet\ui\send\SendCoinsFragment.ReceivingAddressListener.java,ReceivingAddressListener,47,0,4,0,0,false,false,3,true,false,1,11,4,0,false,false,true,true,false,private,4,0,0,false
108,\wallet\src\de\schildbach\wallet\ui\send\SendCoinsFragment.ReceivingAddressActionMode.java,ReceivingAddressActionMode,83,1,6,0,0,false,false,4,false,false,2,7,7,7,false,false,true,true,false,private,4,2,0,false
109,\wallet\src\de\schildbach\wallet\ui\send\SendCoinsOfflineTask.java,SendCoinsOfflineTask,104,3,2,0,0,false,false,4,false,false,0,1,10,6,false,false,false,true,false,public,1,0,1,true
110,\wallet\src\de\schildbach\wallet\ui\send\SweepWalletFragment.State.java,State,8,5,0,0,0,false,false,1,false,false,0,0,0,0,false,false,true,false,true,private,0,0,0,false
111,\wallet\src\de\schildbach\wallet\ui\send\SweepWalletActivity.java,SweepWalletActivity,63,1,4,0,0,false,false,3,false,false,1,5,9,1,false,false,false,true,false,public,4,0,0,false
112,\wallet\src\de\schildbach\wallet\service\AutosyncReceiver.java,AutosyncReceiver,42,1,1,0,0,false,false,2,true,false,1,2,6,1,false,false,false,true,false,public,1,0,0,false
113,\wallet\src\de\schildbach\wallet\service\BlockchainService.java,BlockchainService,38,7,0,0,0,false,false,2,false,false,0,0,4,5,false,true,false,false,false,public,0,0,0,false
114,\wallet\src\de\schildbach\wallet\service\BlockchainServiceImpl.ActivityHistoryEntry.java,ActivityHistoryEntry,35,2,1,0,0,false,false,3,false,false,0,0,0,0,true,false,true,true,false,private,1,0,0,false
115,\wallet\src\de\schildbach\wallet\service\BlockchainServiceImpl.LocalBinder.java,LocalBinder,28,0,1,0,1,false,false,2,true,false,0,0,1,0,false,false,true,true,false,public,1,0,0,false
116,\wallet\src\de\schildbach\wallet\ui\send\SweepWalletFragment.java,SweepWalletFragment,445,21,17,0,0,false,false,3,false,false,21,15,53,43,false,false,false,true,false,public,9,8,0,false
117,\wallet\src\de\schildbach\wallet\ui\send\SendCoinsFragment.java,SendCoinsFragment,1149,47,35,0,0,false,false,3,false,false,70,29,93,141,false,false,false,true,false,public,12,23,0,false
118,\wallet\src\de\schildbach\wallet\service\BlockchainServiceImpl.PeerConnectivityListener.java,PeerConnectivityListener,95,2,5,0,0,false,false,3,true,false,3,7,11,5,false,false,true,true,false,private,4,1,0,false
119,\wallet\src\de\schildbach\wallet\service\BlockchainState.Impediment.java,Impediment,24,2,0,0,0,false,false,1,false,false,0,0,0,0,false,false,true,false,true,public,0,0,0,false
120,\wallet\src\de\schildbach\wallet\service\BlockchainState.java,BlockchainState,57,8,2,0,0,false,false,2,false,false,0,2,4,0,false,false,false,true,false,public,2,0,0,false
121,\wallet\src\de\schildbach\wallet\service\BlockchainStateLoader.java,BlockchainStateLoader,93,5,3,0,0,false,false,3,true,false,0,0,12,6,false,false,false,true,false,public,1,0,2,false
122,\wallet\src\de\schildbach\wallet\service\UpgradeWalletService.java,UpgradeWalletService,66,2,3,0,0,false,false,3,false,false,1,2,8,4,false,false,false,true,false,public,2,0,1,false
123,\wallet\src\de\schildbach\wallet\service\BlockchainServiceImpl.java,BlockchainServiceImpl,614,33,13,0,3,false,false,3,false,false,30,10,70,93,false,false,false,true,false,public,9,4,0,false
124,\wallet\src\de\schildbach\wallet\offline\AcceptBluetoothService.java,AcceptBluetoothService,155,11,5,0,0,false,false,3,false,false,2,5,17,19,false,false,false,true,false,public,4,1,0,false
125,\wallet\src\de\schildbach\wallet\offline\AcceptBluetoothThread.ClassicBluetoothThread.java,ClassicBluetoothThread,116,0,1,0,0,false,false,3,false,false,4,0,10,9,true,false,true,true,false,public,1,0,0,true
126,\wallet\src\de\schildbach\wallet\offline\AcceptBluetoothThread.PaymentProtocolThread.java,PaymentProtocolThread,110,0,1,0,0,false,false,3,false,false,4,0,12,7,true,false,true,true,false,public,1,0,0,true
127,\wallet\src\de\schildbach\wallet\offline\AcceptBluetoothThread.java,AcceptBluetoothThread,64,3,2,0,0,false,false,3,false,false,0,3,9,1,false,false,false,true,false,public,1,0,1,true
128,\wallet\src\de\schildbach\wallet\offline\DirectPaymentTask.BluetoothPaymentTask.java,BluetoothPaymentTask,119,2,1,0,0,false,false,3,false,false,4,1,13,11,true,false,true,true,false,public,1,0,0,false
129,\wallet\src\de\schildbach\wallet\offline\DirectPaymentTask.ResultCallback.java,ResultCallback,25,0,0,0,0,false,false,2,false,false,0,0,0,0,false,true,true,false,false,public,0,0,0,false
130,\wallet\src\de\schildbach\wallet\offline\DirectPaymentTask.java,DirectPaymentTask,62,4,2,0,0,false,false,3,false,false,0,3,6,3,false,false,false,true,false,public,0,0,2,true
131,\wallet\src\de\schildbach\wallet\offline\DirectPaymentTask.HttpPaymentTask.java,HttpPaymentTask,130,2,1,0,0,false,false,3,false,false,5,1,14,14,true,false,true,true,false,public,1,0,0,false
132,\wallet\src\de\schildbach\wallet\data\PaymentIntent.Standard.java,Standard,24,2,0,0,0,false,false,1,false,false,0,0,0,0,false,false,true,false,true,public,0,0,0,false
133,\wallet\src\de\schildbach\wallet\data\PaymentIntent.Output.java,Output,109,3,5,0,0,false,false,1,false,false,1,3,9,12,true,false,true,true,false,public,5,0,0,false
134,\wallet\src\de\schildbach\wallet\data\PaymentIntent.java,PaymentIntent,406,12,30,0,2,false,false,2,false,false,26,15,22,28,false,false,false,true,false,public,28,2,0,false
135,\wallet\src\de\schildbach\wallet\camera\CameraManager.java,CameraManager,246,10,12,3,3,false,false,2,true,false,19,15,15,27,false,false,false,true,false,public,7,5,0,false
136,\sample-integration-android\src\de\schildbach\wallet\integration\sample\SampleActivity.java,SampleActivity,139,7,5,0,0,false,false,2,false,false,4,4,19,17,false,false,false,true,false,public,0,3,2,false
137,\integration-android\src\de\schildbach\wallet\integration\android\BitcoinIntegration.java,BitcoinIntegration,249,5,16,0,0,false,false,2,false,false,5,33,6,11,false,false,false,true,false,public,11,5,0,false
