index,fullpathname,classname,loc,numAttr,numMethod,setters,getters,isPersist,isCollection,numWordName,isOrEr,isController,numIfs,numParameters,numImports,numOutboundInvocation,isStaticClass,isInterface,isInnerClass,isClass,isEnum,classPublicity,numPublicMethods,numPrivateMethods,numProtectedMethods,isAbstract
0,\wallet\test\de\schildbach\wallet\util\Base43Test.java,Base43Test,42,0,2,0,0,false,false,2,false,false,0,0,3,2,false,false,false,true,false,public,2,0,0,false
1,\wallet\test\de\schildbach\wallet\util\BluetoothTest.java,BluetoothTest,48,0,3,0,1,false,false,2,false,false,0,0,3,0,false,false,false,true,false,public,3,0,0,false
2,\wallet\test\de\schildbach\wallet\util\CryptoTest.java,CryptoTest,101,3,7,0,0,false,false,2,false,false,0,1,11,10,false,false,false,true,false,public,6,1,0,false
3,\wallet\test\de\schildbach\wallet\util\WalletUtilsTest.java,WalletUtilsTest,43,0,3,0,0,false,false,3,false,false,0,0,4,4,false,false,false,true,false,public,3,0,0,false
4,\wallet\src\de\schildbach\wallet\AddressBookProvider.Helper.java,Helper,67,3,3,0,0,true,false,1,true,false,1,6,3,3,true,false,true,true,false,private,2,1,0,false
5,\wallet\test\de\schildbach\wallet\util\FormatsTest.java,FormatsTest,107,0,2,0,0,false,false,2,false,false,0,0,7,11,false,false,false,true,false,public,2,0,0,false
6,\wallet\src\de\schildbach\wallet\AddressBookProvider.java,AddressBookProvider,151,8,9,0,1,true,false,3,true,false,10,20,7,32,false,false,false,true,false,public,8,1,0,false
7,\wallet\src\de\schildbach\wallet\Constants.Files.java,Files,45,10,0,0,0,false,false,1,false,false,0,0,3,2,true,false,true,true,false,public,0,0,0,false
8,\wallet\src\de\schildbach\wallet\ExchangeRatesProvider.ExchangeRate.java,ExchangeRate,41,2,2,0,1,false,false,2,false,false,0,0,1,1,true,false,true,true,false,public,2,0,0,false
9,\wallet\src\de\schildbach\wallet\Constants.java,Constants,88,42,0,0,0,false,false,1,false,false,0,0,8,5,false,false,false,true,false,public,0,0,0,false
10,\wallet\src\de\schildbach\wallet\Configuration.java,Configuration,250,26,31,3,18,false,false,1,false,false,7,11,14,16,false,false,false,true,false,public,30,1,0,false
11,\wallet\src\de\schildbach\wallet\WalletApplication.WalletAutosaveEventListener.java,WalletAutosaveEventListener,37,0,2,0,0,false,false,4,true,false,1,2,3,0,true,false,true,true,false,private,2,0,0,false
12,\wallet\src\de\schildbach\wallet\FileAttachmentProvider.java,FileAttachmentProvider,101,0,8,0,1,false,false,3,true,false,5,19,10,10,false,false,false,true,false,public,8,0,0,false
13,\wallet\src\de\schildbach\wallet\ExchangeRatesProvider.java,ExchangeRatesProvider,306,18,11,0,2,false,false,3,true,false,20,23,34,32,false,false,false,true,false,public,8,3,0,false
14,\wallet\src\de\schildbach\wallet\util\BitmapFragment.java,BitmapFragment,123,5,5,0,0,false,false,2,false,false,4,11,16,3,false,false,false,true,false,public,4,1,0,false
15,\wallet\src\de\schildbach\wallet\util\Base43.java,Base43,137,2,5,0,0,false,false,1,false,false,6,9,1,5,false,false,false,true,false,public,2,3,0,false
16,\wallet\src\de\schildbach\wallet\WalletBalanceWidgetProvider.java,WalletBalanceWidgetProvider,169,1,6,0,1,false,false,4,true,false,6,20,29,15,false,false,false,true,false,public,3,3,0,false
17,\wallet\src\de\schildbach\wallet\util\Bluetooth.java,Bluetooth,70,6,5,0,2,false,false,1,false,false,4,5,1,3,false,false,false,true,false,public,5,0,0,false
18,\wallet\src\de\schildbach\wallet\WalletApplication.java,WalletApplication,451,12,26,0,2,false,false,2,false,false,15,8,44,59,false,false,false,true,false,public,18,8,0,false
19,\wallet\src\de\schildbach\wallet\util\CrashReporter.ExceptionHandler.java,ExceptionHandler,53,1,2,0,0,false,false,2,true,false,0,3,5,1,true,false,true,true,false,private,1,1,0,false
20,\wallet\src\de\schildbach\wallet\util\CircularProgressView.java,CircularProgressView,142,9,10,5,1,false,false,3,false,false,3,15,10,4,false,false,false,true,false,public,6,1,3,false
21,\wallet\src\de\schildbach\wallet\util\GenericUtils.java,GenericUtils,40,0,2,0,0,false,false,2,false,false,0,3,1,2,false,false,false,true,false,public,2,0,0,false
22,\wallet\src\de\schildbach\wallet\util\Formats.java,Formats,57,6,2,0,0,false,false,1,false,false,3,2,4,4,false,false,false,true,false,public,2,0,0,false
23,\wallet\src\de\schildbach\wallet\util\CrashReporter.java,CrashReporter,268,6,13,0,0,false,false,2,true,false,6,19,29,40,false,false,false,true,false,public,9,4,0,false
24,\wallet\src\de\schildbach\wallet\util\Crypto.java,Crypto,296,12,8,0,1,false,false,1,false,false,4,16,20,6,false,false,false,true,false,public,4,4,0,false
25,\wallet\src\de\schildbach\wallet\util\HttpGetThread.java,HttpGetThread,98,4,1,0,0,false,false,3,false,false,4,0,15,13,false,false,false,true,false,public,1,0,0,true
26,\wallet\src\de\schildbach\wallet\util\Io.java,Io,76,1,4,0,0,false,false,1,false,false,1,9,8,1,false,false,false,true,false,public,4,0,0,false
27,\wallet\src\de\schildbach\wallet\util\Iso8601Format.java,Iso8601Format,68,1,8,0,0,false,false,2,false,false,0,4,6,0,false,false,false,true,false,public,8,0,0,false
28,\wallet\src\de\schildbach\wallet\util\Nfc.java,Nfc,45,0,2,0,0,false,false,1,false,false,1,4,5,3,false,false,false,true,false,public,2,0,0,false
29,\wallet\src\de\schildbach\wallet\util\MonetarySpannable.java,MonetarySpannable,103,4,3,0,0,false,false,2,false,false,12,9,11,2,false,false,false,true,false,public,2,1,0,false
30,\wallet\src\de\schildbach\wallet\util\Toast.java,Toast,53,1,6,0,0,false,false,1,false,false,0,11,1,1,false,false,false,true,false,public,4,2,0,false
31,\wallet\src\de\schildbach\wallet\util\ThrottlingWalletChangeListener.java,ThrottlingWalletChangeListener,123,9,8,0,0,false,false,4,true,false,6,16,10,3,false,false,false,true,false,public,8,0,0,true
32,\wallet\src\de\schildbach\wallet\util\Qr.java,Qr,115,2,5,0,0,false,false,1,false,false,1,6,17,8,false,false,false,true,false,public,5,0,0,false
33,\wallet\src\de\schildbach\wallet\util\WholeStringBuilder.java,WholeStringBuilder,35,0,1,0,0,false,false,3,true,false,0,1,3,1,false,false,false,true,false,public,1,0,0,false
34,\wallet\src\de\schildbach\wallet\util\ViewPagerTabs.java,ViewPagerTabs,168,6,9,0,1,false,false,3,false,false,4,10,14,10,false,false,false,true,false,public,6,0,3,false
35,\wallet\src\de\schildbach\wallet\ui\AbstractBindServiceActivity.java,AbstractBindServiceActivity,62,2,3,0,1,false,false,4,false,false,0,0,8,3,false,false,false,true,false,public,0,0,3,true
36,\wallet\src\de\schildbach\wallet\ui\AbstractWalletActivity.java,AbstractWalletActivity,40,2,2,0,1,false,false,3,false,false,0,1,5,0,false,false,false,true,false,public,0,0,2,true
37,\wallet\src\de\schildbach\wallet\ui\AddressAndLabel.java,AddressAndLabel,89,3,4,0,0,false,false,3,false,false,2,3,10,5,false,false,false,true,false,public,4,0,0,false
38,\wallet\src\de\schildbach\wallet\ui\AddressBookActivity.TwoFragmentAdapter.java,TwoFragmentAdapter,99,5,6,1,1,false,false,3,true,false,6,11,6,5,true,false,true,true,false,private,6,0,0,false
39,\wallet\src\de\schildbach\wallet\util\WalletUtils.java,WalletUtils,339,2,16,0,2,false,false,2,false,false,11,35,37,30,false,false,false,true,false,public,16,0,0,false
40,\wallet\src\de\schildbach\wallet\ui\AddressBookActivity.java,AddressBookActivity,117,4,4,0,0,false,false,3,false,false,5,3,18,11,false,false,false,true,false,public,2,0,1,false
41,\wallet\src\de\schildbach\wallet\ui\ArchiveBackupDialogFragment.java,ArchiveBackupDialogFragment,108,4,5,0,0,false,false,4,false,false,1,6,16,7,false,false,false,true,false,public,3,2,0,false
42,\wallet\src\de\schildbach\wallet\ui\BlockListAdapter.BlockViewHolder.java,BlockViewHolder,43,5,0,0,0,false,false,3,true,false,0,0,6,0,true,false,true,true,false,public,0,0,0,false
43,\wallet\src\de\schildbach\wallet\ui\BlockListAdapter.OnClickListener.java,OnClickListener,26,0,0,0,0,false,false,3,true,false,0,0,2,0,false,true,true,false,false,public,0,0,0,false
44,\wallet\src\de\schildbach\wallet\ui\BackupWalletDialogFragment.java,BackupWalletDialogFragment,268,12,9,0,0,false,false,4,false,false,6,5,40,33,false,false,false,true,false,public,4,5,0,false
45,\wallet\src\de\schildbach\wallet\ui\BlockListFragment.BlockLoader.java,BlockLoader,74,3,3,0,0,false,false,2,true,false,0,0,10,4,true,false,true,true,false,private,1,0,2,false
46,\wallet\src\de\schildbach\wallet\ui\BlockListAdapter.java,BlockListAdapter,203,11,11,1,3,false,true,3,true,false,9,11,24,18,false,false,false,true,false,public,11,0,0,false
47,\wallet\src\de\schildbach\wallet\ui\BlockListFragment.TransactionsLoader.java,TransactionsLoader,50,1,1,0,0,false,false,2,true,false,1,0,8,3,true,false,true,true,false,private,1,0,0,false
48,\wallet\src\de\schildbach\wallet\ui\CurrencyAmountView.Listener.java,Listener,25,0,0,0,0,false,false,1,true,false,0,0,0,0,true,true,true,false,false,public,0,0,0,false
49,\wallet\src\de\schildbach\wallet\ui\BlockListFragment.java,BlockListFragment,221,18,8,0,0,false,false,3,false,false,3,8,35,20,false,false,false,true,false,public,8,0,0,false
50,\wallet\src\de\schildbach\wallet\ui\CurrencyAmountView.TextViewListener.java,TextViewListener,69,1,5,1,0,false,false,3,true,false,5,12,5,3,false,false,true,true,false,private,5,0,0,false
51,\wallet\src\de\schildbach\wallet\ui\CurrencySymbolDrawable.java,CurrencySymbolDrawable,62,3,5,2,2,false,false,3,false,false,0,3,5,0,false,false,false,true,false,public,5,0,0,false
52,\wallet\src\de\schildbach\wallet\ui\CurrencyCalculatorLink.java,CurrencyCalculatorLink,201,8,13,6,3,false,false,3,false,false,12,6,6,13,false,false,false,true,false,public,12,1,0,false
53,\wallet\src\de\schildbach\wallet\ui\CurrencyTextView.java,CurrencyTextView,114,7,9,7,0,false,false,3,false,false,3,7,12,1,false,false,false,true,false,public,7,1,1,false
54,\wallet\src\de\schildbach\wallet\ui\EncryptKeysDialogFragment.State.java,State,24,3,0,0,0,false,false,1,false,false,0,0,0,0,false,false,true,false,true,private,0,0,0,false
55,\wallet\src\de\schildbach\wallet\ui\CurrencyAmountView.java,CurrencyAmountView,298,15,21,13,2,false,false,3,false,false,11,18,22,23,false,false,false,true,false,public,15,3,3,false
56,\wallet\src\de\schildbach\wallet\ui\DialogBuilder.java,DialogBuilder,111,3,8,6,0,false,false,2,true,false,4,9,12,0,false,false,false,true,false,public,8,0,0,false
57,\wallet\src\de\schildbach\wallet\ui\EditAddressBookEntryFragment.java,EditAddressBookEntryFragment,146,6,6,0,0,false,false,5,false,false,5,11,21,12,false,false,false,true,false,public,5,1,0,false
58,\wallet\src\de\schildbach\wallet\ui\ExchangeRateLoader.java,ExchangeRateLoader,61,1,4,0,0,false,false,3,true,false,1,2,6,4,false,false,false,true,false,public,1,1,2,false
59,\wallet\src\de\schildbach\wallet\ui\ExchangeRatesActivity.java,ExchangeRatesActivity,43,0,2,0,0,false,false,3,false,false,1,2,3,1,false,false,false,true,false,public,1,0,1,false
60,\wallet\src\de\schildbach\wallet\ui\EncryptKeysDialogFragment.java,EncryptKeysDialogFragment,307,19,10,0,0,false,false,4,false,false,6,5,34,33,false,false,false,true,false,public,7,3,0,false
61,\wallet\src\de\schildbach\wallet\ui\ExchangeRatesFragment.ExchangeRatesAdapter.java,ExchangeRatesAdapter,70,1,2,1,0,false,false,3,true,false,1,4,10,3,false,false,true,true,false,private,2,0,0,false
62,\wallet\src\de\schildbach\wallet\ui\FancyListFragment.java,FancyListFragment,41,0,2,1,0,false,false,3,false,false,0,4,7,0,false,false,false,true,false,public,2,0,0,false
63,\wallet\src\de\schildbach\wallet\ui\ExchangeRatesFragment.java,ExchangeRatesFragment,280,17,10,0,0,false,false,3,false,false,8,12,31,28,false,false,false,true,false,public,9,1,0,false
64,\wallet\src\de\schildbach\wallet\ui\FileAdapter.java,FileAdapter,56,2,2,1,1,false,false,2,true,false,1,4,9,1,false,false,false,true,false,public,2,0,0,true
65,\wallet\src\de\schildbach\wallet\ui\HelpDialogFragment.java,HelpDialogFragment,61,3,4,0,0,false,false,3,false,false,0,5,6,2,false,false,false,true,false,public,3,1,0,false
66,\wallet\src\de\schildbach\wallet\ui\ImportDialogButtonEnablerListener.java,ImportDialogButtonEnablerListener,79,2,8,0,0,false,false,5,true,false,0,14,9,1,false,false,false,true,false,public,6,0,2,false
67,\wallet\src\de\schildbach\wallet\ui\InputParser.StreamInputParser.java,StreamInputParser,97,2,2,0,0,false,false,3,true,false,2,1,9,8,true,false,true,true,false,public,1,0,1,true
68,\wallet\src\de\schildbach\wallet\ui\InputParser.BinaryInputParser.java,BinaryInputParser,79,2,2,0,0,false,false,3,true,false,1,1,6,3,true,false,true,true,false,public,1,0,1,true
69,\wallet\src\de\schildbach\wallet\ui\NetworkMonitorActivity.PagerAdapter.java,PagerAdapter,43,0,2,0,2,false,false,2,true,false,1,1,3,0,false,false,true,true,false,private,2,0,0,false
70,\wallet\src\de\schildbach\wallet\ui\InputParser.StringInputParser.java,StringInputParser,153,1,2,0,0,false,false,3,true,false,2,1,15,13,true,false,true,true,false,public,1,0,1,true
71,\wallet\src\de\schildbach\wallet\ui\MaybeMaintenanceFragment.java,MaybeMaintenanceFragment,109,5,6,0,0,false,false,3,false,false,2,3,18,9,false,false,false,true,false,public,5,1,0,false
72,\wallet\src\de\schildbach\wallet\ui\PeerListFragment.PeerLoader.java,PeerLoader,74,3,3,0,0,false,false,2,true,false,0,0,10,5,true,false,true,true,false,private,1,0,2,false
73,\wallet\src\de\schildbach\wallet\ui\NetworkMonitorActivity.java,NetworkMonitorActivity,67,2,2,0,0,false,false,3,false,false,2,2,6,1,false,false,false,true,false,public,1,0,1,false
74,\wallet\src\de\schildbach\wallet\ui\PeerListFragment.PeerViewAdapter.java,PeerViewAdapter,89,2,7,0,3,false,false,3,true,false,0,7,10,10,false,false,true,true,false,private,7,0,0,false
75,\wallet\src\de\schildbach\wallet\ui\PeerListFragment.PeerViewHolder.java,PeerViewHolder,41,5,0,0,0,false,false,3,true,false,0,0,4,0,true,false,true,true,false,private,0,0,0,false
76,\wallet\src\de\schildbach\wallet\ui\InputParser.java,InputParser,141,6,4,0,0,false,false,2,true,false,6,8,27,16,false,false,false,true,false,public,1,0,3,true
77,\wallet\src\de\schildbach\wallet\ui\PeerListFragment.ReverseDnsLoader.java,ReverseDnsLoader,37,1,1,0,0,false,false,3,true,false,0,0,3,1,true,false,true,true,false,private,1,0,0,false
78,\wallet\src\de\schildbach\wallet\ui\ProgressDialogFragment.java,ProgressDialogFragment,69,3,6,0,0,false,false,3,false,false,0,7,6,2,false,false,false,true,false,public,5,1,0,false
79,\wallet\src\de\schildbach\wallet\ui\PeerListFragment.java,PeerListFragment,199,15,7,0,0,false,false,3,false,false,3,6,29,14,false,false,false,true,false,public,7,0,0,false
80,\wallet\src\de\schildbach\wallet\ui\RequestCoinsActivity.java,RequestCoinsActivity,53,0,3,0,0,false,false,3,false,false,1,3,4,2,false,false,false,true,false,public,2,0,1,false
81,\wallet\src\de\schildbach\wallet\ui\ReportIssueDialogBuilder.java,ReportIssueDialogBuilder,240,7,2,0,0,false,false,4,true,false,10,5,29,25,false,false,false,true,false,public,1,1,0,true
82,\wallet\src\de\schildbach\wallet\ui\RestoreWalletActivity.FinishListener.java,FinishListener,34,0,2,0,0,false,false,2,true,false,0,3,1,0,false,false,true,true,false,private,2,0,0,false
83,\wallet\src\de\schildbach\wallet\ui\ScanActivity.AutoFocusRunnable.java,AutoFocusRunnable,42,1,1,0,0,false,false,3,false,false,0,0,1,1,false,false,true,true,false,private,1,0,0,false
84,\wallet\src\de\schildbach\wallet\ui\RestoreWalletActivity.java,RestoreWalletActivity,199,7,7,0,0,false,false,3,false,false,2,8,27,18,false,false,false,true,false,public,0,4,3,false
85,\wallet\src\de\schildbach\wallet\ui\RequestCoinsFragment.java,RequestCoinsFragment,407,22,22,0,0,false,false,3,false,false,16,19,59,41,false,false,false,true,false,public,12,10,0,false
86,\wallet\src\de\schildbach\wallet\ui\SendCoinsQrActivity.java,SendCoinsQrActivity,90,1,2,0,0,false,false,4,false,false,1,4,13,5,false,false,false,true,false,public,1,0,1,false
87,\wallet\src\de\schildbach\wallet\ui\ScanActivity.java,ScanActivity,317,15,10,0,0,false,false,2,false,false,4,13,38,26,false,false,false,true,false,public,7,0,3,false
88,\wallet\src\de\schildbach\wallet\ui\ScannerView.java,ScannerView,134,12,4,1,0,false,false,2,false,false,3,5,14,12,false,false,false,true,false,public,4,0,0,false
89,\wallet\src\de\schildbach\wallet\ui\ShowPasswordCheckListener.java,ShowPasswordCheckListener,40,1,1,0,0,false,false,4,true,false,0,2,5,1,false,false,false,true,false,public,1,0,0,false
90,\wallet\src\de\schildbach\wallet\ui\TransactionsAdapter.OnClickListener.java,OnClickListener,27,0,0,0,0,false,false,3,true,false,0,0,2,0,false,true,true,false,false,public,0,0,0,false
91,\wallet\src\de\schildbach\wallet\ui\SendingAddressesFragment.java,SendingAddressesFragment,395,9,22,1,1,false,false,3,false,false,12,24,47,46,false,false,false,true,false,public,15,7,0,false
92,\wallet\src\de\schildbach\wallet\ui\TransactionsAdapter.TransactionCacheEntry.java,TransactionCacheEntry,42,5,0,0,0,false,false,3,false,false,0,0,3,0,true,false,true,true,false,private,0,0,0,false
93,\wallet\src\de\schildbach\wallet\ui\TransactionsAdapter.Warning.java,Warning,24,2,0,0,0,false,false,1,false,false,0,0,0,0,false,false,true,false,true,public,0,0,0,false
94,\wallet\src\de\schildbach\wallet\ui\TransactionsAdapter.WarningViewHolder.java,WarningViewHolder,44,1,0,0,0,false,false,3,true,false,1,0,4,2,false,false,true,true,false,private,0,0,0,false
95,\wallet\src\de\schildbach\wallet\ui\TransactionsAdapter.TransactionViewHolder.java,TransactionViewHolder,334,15,1,0,0,false,false,3,true,false,11,1,24,36,false,false,true,true,false,private,0,1,0,false
96,\wallet\src\de\schildbach\wallet\ui\WalletActionsFragment.java,WalletActionsFragment,87,1,4,0,0,false,false,3,false,false,0,4,10,8,false,false,false,true,false,public,3,1,0,false
97,\wallet\src\de\schildbach\wallet\ui\TransactionsAdapter.java,TransactionsAdapter,237,21,13,3,3,false,false,2,true,false,11,12,20,12,false,false,false,true,false,public,13,0,0,false
98,\wallet\src\de\schildbach\wallet\ui\WalletAddressFragment.CurrentAddressLoader.java,CurrentAddressLoader,119,7,5,0,0,false,false,3,true,false,1,0,17,8,true,false,true,true,false,public,1,1,3,false
99,\wallet\src\de\schildbach\wallet\ui\WalletAddressDialogFragment.java,WalletAddressDialogFragment,103,4,4,0,0,false,false,4,false,false,0,7,16,5,false,false,false,true,false,public,3,1,0,false
100,\wallet\src\de\schildbach\wallet\ui\WalletAddressFragment.java,WalletAddressFragment,150,11,8,0,0,false,false,3,false,false,3,6,26,12,false,false,false,true,false,public,6,2,0,false
101,\wallet\src\de\schildbach\wallet\ui\WalletAddressesAdapter.java,WalletAddressesAdapter,158,8,11,0,6,false,false,3,true,false,7,11,17,10,false,false,false,true,false,public,9,2,0,false
102,\wallet\src\de\schildbach\wallet\ui\WalletAddressesFragment.java,WalletAddressesFragment,241,11,8,0,0,false,false,3,false,false,4,10,40,28,false,false,false,true,false,public,7,1,0,false
103,\wallet\src\de\schildbach\wallet\ui\WalletBalanceLoader.java,WalletBalanceLoader,103,5,5,0,0,false,false,3,true,false,0,0,15,7,false,false,false,true,false,public,1,1,3,false
104,\wallet\src\de\schildbach\wallet\ui\WalletTransactionsFragment.Direction.java,Direction,24,2,0,0,0,false,false,1,false,false,0,0,0,0,false,false,true,false,true,public,0,0,0,false
105,\wallet\src\de\schildbach\wallet\ui\WalletActivity.java,WalletActivity,745,9,27,0,0,false,false,2,false,false,25,20,63,72,false,false,false,true,false,public,9,12,6,false
106,\wallet\src\de\schildbach\wallet\ui\WalletBalanceFragment.java,WalletBalanceFragment,321,24,11,0,0,false,false,3,false,false,11,11,32,20,false,false,false,true,false,public,9,2,0,false
107,\wallet\src\de\schildbach\wallet\ui\WalletDisclaimerFragment.java,WalletDisclaimerFragment,144,7,6,0,0,false,false,3,false,false,7,6,25,11,false,false,false,true,false,public,5,1,0,false
108,\wallet\src\de\schildbach\wallet\ui\WalletTransactionsFragment.TransactionsLoader.java,TransactionsLoader,145,6,6,0,1,false,false,2,true,false,3,0,21,17,true,false,true,true,false,private,2,1,3,false
109,\wallet\src\de\schildbach\wallet\ui\send\DecodePrivateKeyTask.java,DecodePrivateKeyTask,69,2,1,0,0,false,false,4,false,false,0,2,4,4,false,false,false,true,false,public,1,0,0,true
110,\wallet\src\de\schildbach\wallet\ui\send\DeriveKeyTask.java,DeriveKeyTask,54,2,1,0,0,false,false,3,false,false,0,2,4,3,false,false,false,true,false,public,1,0,0,true
111,\wallet\src\de\schildbach\wallet\ui\send\FeeCategory.java,FeeCategory,42,4,0,0,0,false,false,2,false,false,0,0,1,0,false,false,false,false,true,public,0,0,0,false
112,\wallet\src\de\schildbach\wallet\ui\send\MaintenanceDialogFragment.State.java,State,24,3,0,0,0,false,false,1,false,false,0,0,0,0,false,false,true,false,true,private,0,0,0,false
113,\wallet\src\de\schildbach\wallet\ui\WalletTransactionsFragment.java,WalletTransactionsFragment,352,21,16,0,0,false,false,3,false,false,12,18,55,39,false,false,false,true,false,public,14,2,0,false
114,\wallet\src\de\schildbach\wallet\ui\send\RaiseFeeDialogFragment.State.java,State,24,3,0,0,0,false,false,1,false,false,0,0,0,0,false,false,true,false,true,private,0,0,0,false
115,\wallet\src\de\schildbach\wallet\ui\send\MaintenanceDialogFragment.java,MaintenanceDialogFragment,313,15,13,0,0,false,false,3,false,false,4,6,38,26,false,false,false,true,false,public,7,6,0,false
116,\wallet\src\de\schildbach\wallet\ui\send\RaiseFeeDialogFragment.java,RaiseFeeDialogFragment,292,18,13,0,0,false,false,4,false,false,7,12,40,23,false,false,false,true,false,public,7,6,0,false
117,\wallet\src\de\schildbach\wallet\ui\send\RequestPaymentRequestTask.BluetoothRequestTask.java,BluetoothRequestTask,136,1,1,0,0,false,false,3,false,false,4,1,14,12,true,false,true,true,false,public,1,0,0,false
118,\wallet\src\de\schildbach\wallet\ui\send\RequestPaymentRequestTask.HttpRequestTask.java,HttpRequestTask,116,1,1,0,0,false,false,3,false,false,4,1,11,11,true,false,true,true,false,public,1,0,0,false
119,\wallet\src\de\schildbach\wallet\ui\send\RequestPaymentRequestTask.ResultCallback.java,ResultCallback,26,0,0,0,0,false,false,2,false,false,0,0,1,0,false,true,true,false,false,public,0,0,0,false
120,\wallet\src\de\schildbach\wallet\ui\send\RequestPaymentRequestTask.java,RequestPaymentRequestTask,61,4,2,0,0,false,false,4,false,false,0,3,5,3,false,false,false,true,false,public,0,0,2,true
121,\wallet\src\de\schildbach\wallet\ui\send\RequestWalletBalanceTask.FakeTransaction.java,FakeTransaction,37,1,1,0,1,false,false,2,false,false,0,0,3,0,true,false,true,true,false,private,1,0,0,false
122,\wallet\src\de\schildbach\wallet\ui\send\RequestWalletBalanceTask.ResultCallback.java,ResultCallback,27,0,0,0,0,false,false,2,false,false,0,0,2,0,false,true,true,false,false,public,0,0,0,false
123,\wallet\src\de\schildbach\wallet\ui\send\SendCoinsActivity.java,SendCoinsActivity,66,1,4,0,0,false,false,3,false,false,1,5,9,2,false,false,false,true,false,public,3,0,1,false
124,\wallet\src\de\schildbach\wallet\ui\send\SendCoinsFragment.ReceivingAddressListener.java,ReceivingAddressListener,52,0,4,0,0,false,false,3,true,false,2,11,4,1,false,false,true,true,false,private,4,0,0,false
125,\wallet\src\de\schildbach\wallet\ui\send\RequestWalletBalanceTask.java,RequestWalletBalanceTask,194,5,3,0,0,false,false,4,false,false,8,4,27,22,false,false,false,true,false,public,1,0,2,false
126,\wallet\src\de\schildbach\wallet\ui\send\SendCoinsFragment.State.java,State,26,7,0,0,0,false,false,1,false,false,0,0,0,0,false,false,true,false,true,private,0,0,0,false
127,\wallet\src\de\schildbach\wallet\ui\send\SendCoinsFragment.ReceivingAddressViewAdapter.java,ReceivingAddressViewAdapter,72,0,4,0,0,false,false,4,true,false,1,8,13,1,false,false,true,true,false,private,4,0,0,false
128,\wallet\src\de\schildbach\wallet\ui\send\SweepWalletFragment.State.java,State,26,6,0,0,0,false,false,1,false,false,0,0,0,0,false,false,true,false,true,private,0,0,0,false
129,\wallet\src\de\schildbach\wallet\ui\send\SweepWalletActivity.java,SweepWalletActivity,59,1,4,0,0,false,false,3,false,false,1,5,7,1,false,false,false,true,false,public,4,0,0,false
130,\wallet\src\de\schildbach\wallet\ui\send\SendCoinsOfflineTask.java,SendCoinsOfflineTask,128,3,2,0,0,false,false,4,false,false,0,1,11,8,false,false,false,true,false,public,1,0,1,true
131,\wallet\src\de\schildbach\wallet\ui\preference\AboutFragment.java,AboutFragment,59,6,2,0,0,false,false,2,false,false,1,2,10,5,false,false,false,true,false,public,2,0,0,false
132,\wallet\src\de\schildbach\wallet\ui\preference\DiagnosticsFragment.java,DiagnosticsFragment,143,6,6,0,0,false,false,2,false,false,1,4,18,12,false,false,false,true,false,public,3,3,0,false
133,\wallet\src\de\schildbach\wallet\ui\preference\ExtendedPublicKeyFragment.java,ExtendedPublicKeyFragment,85,3,4,0,0,false,false,4,false,false,0,5,15,4,false,false,false,true,false,public,3,1,0,false
134,\wallet\src\de\schildbach\wallet\ui\preference\PreferenceActivity.java,PreferenceActivity,48,0,3,0,0,false,false,2,false,false,1,3,3,3,false,false,false,true,false,public,2,0,1,false
135,\wallet\src\de\schildbach\wallet\service\AutosyncReceiver.java,AutosyncReceiver,45,1,1,0,0,false,false,2,true,false,2,2,6,2,false,false,false,true,false,public,1,0,0,false
136,\wallet\src\de\schildbach\wallet\service\BlockchainService.java,BlockchainService,38,7,0,0,0,false,false,2,false,false,0,0,4,5,false,true,false,false,false,public,0,0,0,false
137,\wallet\src\de\schildbach\wallet\ui\preference\SettingsFragment.java,SettingsFragment,114,7,5,0,0,false,false,2,false,false,2,5,12,11,false,false,false,true,false,public,4,1,0,false
138,\wallet\src\de\schildbach\wallet\service\BlockchainServiceImpl.ActivityHistoryEntry.java,ActivityHistoryEntry,35,2,1,0,0,false,false,3,false,false,0,0,0,0,true,false,true,true,false,private,1,0,0,false
139,\wallet\src\de\schildbach\wallet\service\BlockchainServiceImpl.LocalBinder.java,LocalBinder,28,0,1,0,1,false,false,2,true,false,0,0,1,0,false,false,true,true,false,public,1,0,0,false
140,\wallet\src\de\schildbach\wallet\service\BlockchainServiceImpl.PeerConnectivityListener.java,PeerConnectivityListener,95,2,5,0,0,false,false,3,true,false,3,7,11,5,false,false,true,true,false,private,4,1,0,false
141,\wallet\src\de\schildbach\wallet\ui\send\SweepWalletFragment.java,SweepWalletFragment,573,29,20,1,0,false,false,3,false,false,26,16,59,45,false,false,false,true,false,public,9,11,0,false
142,\wallet\src\de\schildbach\wallet\service\BlockchainState.Impediment.java,Impediment,24,2,0,0,0,false,false,1,false,false,0,0,0,0,false,false,true,false,true,public,0,0,0,false
143,\wallet\src\de\schildbach\wallet\service\BlockchainState.java,BlockchainState,57,8,2,0,0,false,false,2,false,false,0,2,4,0,false,false,false,true,false,public,2,0,0,false
144,\wallet\src\de\schildbach\wallet\service\BlockchainStateLoader.java,BlockchainStateLoader,93,5,3,0,0,false,false,3,true,false,0,0,12,6,false,false,false,true,false,public,1,0,2,false
145,\wallet\src\de\schildbach\wallet\service\UpgradeWalletService.java,UpgradeWalletService,79,2,4,0,0,false,false,3,false,false,1,3,7,4,false,false,false,true,false,public,2,1,1,false
146,\wallet\src\de\schildbach\wallet\offline\AcceptBluetoothThread.ClassicBluetoothThread.java,ClassicBluetoothThread,116,0,1,0,0,false,false,3,false,false,4,0,9,9,true,false,true,true,false,public,1,0,0,true
147,\wallet\src\de\schildbach\wallet\offline\AcceptBluetoothThread.PaymentProtocolThread.java,PaymentProtocolThread,109,0,1,0,0,false,false,3,false,false,4,0,11,7,true,false,true,true,false,public,1,0,0,true
148,\wallet\src\de\schildbach\wallet\offline\AcceptBluetoothService.java,AcceptBluetoothService,167,11,5,0,0,false,false,3,false,false,2,5,21,21,false,false,false,true,false,public,4,1,0,false
149,\wallet\src\de\schildbach\wallet\offline\AcceptBluetoothThread.java,AcceptBluetoothThread,50,3,1,0,0,false,false,3,false,false,0,0,6,1,false,false,false,true,false,public,1,0,0,true
150,\wallet\src\de\schildbach\wallet\offline\DirectPaymentTask.BluetoothPaymentTask.java,BluetoothPaymentTask,118,2,1,0,0,false,false,3,false,false,4,1,12,11,true,false,true,true,false,public,1,0,0,false
151,\wallet\src\de\schildbach\wallet\offline\DirectPaymentTask.HttpPaymentTask.java,HttpPaymentTask,128,2,1,0,0,false,false,3,false,false,5,1,12,14,true,false,true,true,false,public,1,0,0,false
152,\wallet\src\de\schildbach\wallet\offline\DirectPaymentTask.ResultCallback.java,ResultCallback,25,0,0,0,0,false,false,2,false,false,0,0,0,0,false,true,true,false,false,public,0,0,0,false
153,\wallet\src\de\schildbach\wallet\offline\DirectPaymentTask.java,DirectPaymentTask,61,4,2,0,0,false,false,3,false,false,0,3,5,3,false,false,false,true,false,public,0,0,2,true
154,\wallet\src\de\schildbach\wallet\data\PaymentIntent.Standard.java,Standard,24,2,0,0,0,false,false,1,false,false,0,0,0,0,false,false,true,false,true,public,0,0,0,false
155,\wallet\src\de\schildbach\wallet\data\PaymentIntent.Output.java,Output,107,3,5,0,0,false,false,1,false,false,1,3,8,12,true,false,true,true,false,public,5,0,0,false
156,\wallet\src\de\schildbach\wallet\service\BlockchainServiceImpl.java,BlockchainServiceImpl,594,32,12,0,3,false,false,3,false,false,30,10,69,90,false,false,false,true,false,public,9,3,0,false
157,\wallet\src\de\schildbach\wallet\ui\send\SendCoinsFragment.java,SendCoinsFragment,1264,55,36,1,0,false,false,3,false,false,65,28,93,154,false,false,false,true,false,public,13,23,0,false
158,\sample-integration-android\src\de\schildbach\wallet\integration\sample\SampleActivity.java,SampleActivity,139,7,5,0,0,false,false,2,false,false,4,4,19,17,false,false,false,true,false,public,0,3,2,false
159,\wallet\src\de\schildbach\wallet\camera\CameraManager.java,CameraManager,246,10,12,3,3,false,false,2,true,false,19,15,15,27,false,false,false,true,false,public,7,5,0,false
160,\wallet\src\de\schildbach\wallet\data\PaymentIntent.java,PaymentIntent,404,12,30,0,2,false,false,2,false,false,26,15,20,27,false,false,false,true,false,public,28,2,0,false
161,\integration-android\src\de\schildbach\wallet\integration\android\BitcoinIntegration.java,BitcoinIntegration,249,5,16,0,0,false,false,2,false,false,5,33,6,11,false,false,false,true,false,public,11,5,0,false
