index,fullpathname,classname,loc,numAttr,numMethod,setters,getters,isPersist,isCollection,numWordName,isOrEr,isController,numIfs,numParameters,numImports,numOutboundInvocation,isStaticClass,isInterface,isInnerClass,isClass,isEnum,classPublicity,numPublicMethods,numPrivateMethods,numProtectedMethods,isAbstract
0,\wallet\test\de\schildbach\wallet\util\Base43Test.java,Base43Test,39,0,2,0,0,false,false,2,false,false,0,0,3,2,false,false,false,true,false,public,2,0,0,false
1,\wallet\test\de\schildbach\wallet\util\BluetoothTest.java,BluetoothTest,44,0,3,0,1,false,false,2,false,false,0,0,3,0,false,false,false,true,false,public,3,0,0,false
2,\wallet\test\de\schildbach\wallet\util\WalletUtilsTest.java,WalletUtilsTest,36,0,2,0,0,false,false,3,false,false,0,0,4,4,false,false,false,true,false,public,2,0,0,false
3,\wallet\test\de\schildbach\wallet\util\CryptoTest.java,CryptoTest,94,3,7,0,0,false,false,2,false,false,0,1,12,10,false,false,false,true,false,public,6,1,0,false
4,\wallet\test\de\schildbach\wallet\util\FormatsTest.java,FormatsTest,95,0,1,0,0,false,false,2,false,false,0,0,7,11,false,false,false,true,false,public,1,0,0,false
5,\wallet\src\de\schildbach\wallet\Constants.Files.java,Files,54,13,0,0,0,false,false,1,false,false,0,0,5,2,true,false,true,true,false,public,0,0,0,false
6,\wallet\src\de\schildbach\wallet\Configuration.java,Configuration,233,28,35,4,18,false,false,1,false,false,8,13,13,19,false,false,false,true,false,public,34,1,0,false
7,\wallet\src\de\schildbach\wallet\Logging.java,Logging,78,4,1,0,0,false,false,1,false,false,1,1,10,10,false,false,false,true,false,public,1,0,0,false
8,\wallet\src\de\schildbach\wallet\WalletApplication.OnWalletLoadedListener.java,OnWalletLoadedListener,24,0,0,0,0,false,false,4,true,false,0,0,1,0,true,true,true,false,false,public,0,0,0,false
9,\wallet\src\de\schildbach\wallet\Constants.java,Constants,147,57,0,0,0,false,false,1,false,false,0,0,16,10,false,false,false,true,false,public,0,0,0,false
10,\wallet\src\de\schildbach\wallet\util\Assets.java,Assets,32,0,1,0,0,false,false,1,false,false,0,2,3,0,false,false,false,true,false,public,1,0,0,false
11,\wallet\src\de\schildbach\wallet\WalletApplication.java,WalletApplication,313,11,16,0,3,false,false,2,false,false,18,5,47,53,false,false,false,true,false,public,14,2,0,false
12,\wallet\src\de\schildbach\wallet\WalletBalanceWidgetProvider.java,WalletBalanceWidgetProvider,161,1,6,0,1,false,false,4,true,false,5,23,28,17,false,false,false,true,false,public,3,3,0,false
13,\wallet\src\de\schildbach\wallet\util\Bluetooth.java,Bluetooth,94,8,6,0,3,false,false,1,false,false,7,6,7,5,false,false,false,true,false,public,6,0,0,false
14,\wallet\src\de\schildbach\wallet\util\Base43.java,Base43,125,2,5,0,0,false,false,1,false,false,6,9,1,5,false,false,false,true,false,public,2,3,0,false
15,\wallet\src\de\schildbach\wallet\util\CrashReporter.ExceptionHandler.java,ExceptionHandler,47,1,2,0,0,false,false,2,true,false,0,3,5,1,true,false,true,true,false,private,1,1,0,false
16,\wallet\src\de\schildbach\wallet\util\CheatSheet.java,CheatSheet,138,1,5,3,0,false,false,2,false,false,2,8,6,12,false,false,false,true,false,public,4,1,0,false
17,\wallet\src\de\schildbach\wallet\util\CrashReporter.java,CrashReporter,119,6,9,0,0,false,false,2,true,false,2,11,21,9,false,false,false,true,false,public,7,2,0,false
18,\wallet\src\de\schildbach\wallet\util\Formats.java,Formats,48,5,1,0,0,false,false,1,false,false,2,1,4,2,false,false,false,true,false,public,1,0,0,false
19,\wallet\src\de\schildbach\wallet\util\Crypto.java,Crypto,253,12,8,0,1,false,false,1,false,false,4,16,20,6,false,false,false,true,false,public,4,4,0,false
20,\wallet\src\de\schildbach\wallet\util\GenericUtils.java,GenericUtils,34,0,2,0,0,false,false,2,false,false,0,3,1,2,false,false,false,true,false,public,2,0,0,false
21,\wallet\src\de\schildbach\wallet\util\Installer.java,Installer,64,4,4,0,0,false,false,1,true,false,4,4,4,10,false,false,false,false,true,public,4,0,0,false
22,\wallet\src\de\schildbach\wallet\util\Iso8601Format.java,Iso8601Format,59,1,8,0,0,false,false,2,false,false,0,4,7,0,false,false,false,true,false,public,8,0,0,false
23,\wallet\src\de\schildbach\wallet\util\Nfc.java,Nfc,41,0,2,0,0,false,false,1,false,false,1,4,5,3,false,false,false,true,false,public,2,0,0,false
24,\wallet\src\de\schildbach\wallet\util\MonetarySpannable.java,MonetarySpannable,99,4,3,0,0,false,false,2,false,false,13,9,11,3,false,false,false,true,false,public,2,1,0,false
25,\wallet\src\de\schildbach\wallet\util\OnFirstPreDraw.Callback.java,Callback,23,0,0,0,0,false,false,1,false,false,0,0,0,0,true,true,true,false,false,public,0,0,0,false
26,\wallet\src\de\schildbach\wallet\util\OnFirstPreDraw.java,OnFirstPreDraw,50,4,2,0,0,false,false,4,false,false,2,2,6,3,false,false,false,true,false,public,2,0,0,false
27,\wallet\src\de\schildbach\wallet\util\WalletUtils.MonospaceSpan.java,MonospaceSpan,39,0,2,0,0,false,false,2,false,false,2,1,1,2,true,false,true,true,false,private,2,0,0,false
28,\wallet\src\de\schildbach\wallet\util\Toast.java,Toast,80,2,10,0,0,false,false,1,false,false,0,17,3,6,false,false,false,true,false,public,8,2,0,false
29,\wallet\src\de\schildbach\wallet\util\Qr.java,Qr,101,2,5,0,0,false,false,1,false,false,1,5,17,8,false,false,false,true,false,public,5,0,0,false
30,\wallet\src\de\schildbach\wallet\util\WholeStringBuilder.java,WholeStringBuilder,32,0,1,0,0,false,false,3,true,false,0,1,3,1,false,false,false,true,false,public,1,0,0,false
31,\wallet\src\de\schildbach\wallet\util\ViewPagerTabs.java,ViewPagerTabs,155,6,9,0,1,false,false,3,false,false,4,10,14,10,false,false,false,true,false,public,6,0,3,false
32,\wallet\src\de\schildbach\wallet\ui\AbstractWalletActivity.java,AbstractWalletActivity,63,2,4,1,1,false,false,3,false,false,2,3,11,1,false,false,false,true,false,public,3,0,1,true
33,\wallet\src\de\schildbach\wallet\util\WalletUtils.java,WalletUtils,182,2,12,0,2,false,false,2,false,false,8,28,29,24,false,false,false,true,false,public,12,0,0,false
34,\wallet\src\de\schildbach\wallet\ui\AddressAndLabel.java,AddressAndLabel,89,3,5,0,0,false,false,3,false,false,3,3,8,8,false,false,false,true,false,public,5,0,0,false
35,\wallet\src\de\schildbach\wallet\ui\AddressBookActivity.TwoFragmentAdapter.java,TwoFragmentAdapter,86,5,6,1,1,false,false,3,true,false,6,11,6,5,true,false,true,true,false,private,6,0,0,false
36,\wallet\src\de\schildbach\wallet\ui\AddressBookActivity.java,AddressBookActivity,76,4,2,0,0,false,false,3,false,false,4,2,8,6,false,false,false,true,false,public,1,0,1,false
37,\wallet\src\de\schildbach\wallet\ui\AlertDialogsViewModel.java,AlertDialogsViewModel,29,5,0,0,0,false,false,4,false,false,0,0,2,0,false,false,false,true,false,public,0,0,0,false
38,\wallet\src\de\schildbach\wallet\ui\BitmapFragment.java,BitmapFragment,79,4,5,0,0,false,false,2,false,false,0,6,14,3,false,false,false,true,false,public,4,1,0,false
39,\wallet\src\de\schildbach\wallet\ui\CurrencyAmountView.Listener.java,Listener,24,0,0,0,0,false,false,1,true,false,0,0,0,0,true,true,true,false,false,public,0,0,0,false
40,\wallet\src\de\schildbach\wallet\ui\CurrencyAmountView.TextViewListener.java,TextViewListener,62,1,5,1,0,false,false,3,true,false,5,12,5,3,false,false,true,true,false,private,5,0,0,false
41,\wallet\src\de\schildbach\wallet\ui\AlertDialogsFragment.java,AlertDialogsFragment,351,7,9,0,0,false,false,3,false,false,29,6,42,62,false,false,false,true,false,public,3,6,0,false
42,\wallet\src\de\schildbach\wallet\ui\CircularProgressView.java,CircularProgressView,125,9,10,5,1,false,false,3,false,false,3,15,10,4,false,false,false,true,false,public,6,1,3,false
43,\wallet\src\de\schildbach\wallet\ui\CurrencySymbolDrawable.java,CurrencySymbolDrawable,55,3,5,2,2,false,false,3,false,false,0,3,5,0,false,false,false,true,false,public,5,0,0,false
44,\wallet\src\de\schildbach\wallet\ui\CurrencyCalculatorLink.java,CurrencyCalculatorLink,175,8,13,6,3,false,false,3,false,false,15,6,7,15,false,false,false,true,false,public,12,1,0,false
45,\wallet\src\de\schildbach\wallet\ui\CurrencyTextView.java,CurrencyTextView,102,7,9,7,0,false,false,3,false,false,3,7,14,2,false,false,false,true,false,public,7,1,1,false
46,\wallet\src\de\schildbach\wallet\ui\CurrencyAmountView.java,CurrencyAmountView,270,15,21,13,2,false,false,3,false,false,15,18,24,27,false,false,false,true,false,public,15,3,3,false
47,\wallet\src\de\schildbach\wallet\ui\DialogBuilder.java,DialogBuilder,95,3,8,6,0,false,false,2,true,false,4,9,10,0,false,false,false,true,false,public,8,0,0,false
48,\wallet\src\de\schildbach\wallet\ui\DividerItemDecoration.java,DividerItemDecoration,82,5,5,1,1,false,false,3,false,false,3,10,8,15,false,false,false,true,false,public,5,0,0,false
49,\wallet\src\de\schildbach\wallet\ui\EncryptKeysDialogFragment.State.java,State,23,3,0,0,0,false,false,1,false,false,0,0,0,0,false,false,true,false,true,private,0,0,0,false
50,\wallet\src\de\schildbach\wallet\ui\EditAddressBookEntryFragment.java,EditAddressBookEntryFragment,130,7,6,0,0,false,false,5,false,false,4,10,21,15,false,false,false,true,false,public,4,2,0,false
51,\wallet\src\de\schildbach\wallet\ui\Event.Observer.java,Observer,28,0,1,0,0,false,false,1,true,false,1,1,0,2,true,false,true,true,false,public,1,0,0,true
52,\wallet\src\de\schildbach\wallet\ui\Event.java,Event,45,2,4,0,2,false,false,1,false,false,1,0,1,0,false,false,false,true,false,public,4,0,0,false
53,\wallet\src\de\schildbach\wallet\ui\ExchangeRatesActivity.java,ExchangeRatesActivity,29,0,1,0,0,false,false,3,false,false,0,1,2,0,false,false,false,true,false,public,0,0,1,false
54,\wallet\src\de\schildbach\wallet\ui\ExchangeRatesAdapter.ListItem.java,ListItem,37,5,0,0,0,false,false,2,false,false,0,0,2,1,true,false,true,true,false,public,0,0,0,false
55,\wallet\src\de\schildbach\wallet\ui\ExchangeRatesAdapter.OnClickListener.java,OnClickListener,24,0,0,0,0,false,false,3,true,false,0,0,1,0,false,true,true,false,false,public,0,0,0,false
56,\wallet\src\de\schildbach\wallet\ui\EncryptKeysDialogFragment.java,EncryptKeysDialogFragment,298,18,10,0,0,false,false,4,false,false,10,5,34,34,false,false,false,true,false,public,7,3,0,false
57,\wallet\src\de\schildbach\wallet\ui\ExchangeRatesAdapter.ViewHolder.java,ViewHolder,40,5,0,0,0,false,false,2,true,false,0,0,5,0,true,false,true,true,false,public,0,0,0,false
58,\wallet\src\de\schildbach\wallet\ui\ExchangeRatesAdapter.java,ExchangeRatesAdapter,111,2,3,0,0,false,true,3,true,false,6,9,18,5,false,false,false,true,false,public,3,0,0,false
59,\wallet\src\de\schildbach\wallet\ui\ExchangeRatesViewModel.ExchangeRatesLiveData.java,ExchangeRatesLiveData,52,1,3,1,0,false,false,4,false,false,1,1,6,4,true,false,true,true,false,public,1,0,2,false
60,\wallet\src\de\schildbach\wallet\ui\ExchangeRatesFragment.java,ExchangeRatesFragment,197,7,8,0,0,false,false,3,false,false,10,11,30,25,false,false,false,true,false,public,7,1,0,false
61,\wallet\src\de\schildbach\wallet\ui\FancyListFragment.java,FancyListFragment,39,0,2,1,0,false,false,3,false,false,0,4,7,0,false,false,false,true,false,public,2,0,0,false
62,\wallet\src\de\schildbach\wallet\ui\ExchangeRatesViewModel.java,ExchangeRatesViewModel,52,5,3,0,3,false,false,4,false,false,3,0,6,0,false,false,false,true,false,public,3,0,0,false
63,\wallet\src\de\schildbach\wallet\ui\HelpDialogFragment.java,HelpDialogFragment,65,4,5,0,0,false,false,3,false,false,0,6,9,3,false,false,false,true,false,public,4,1,0,false
64,\wallet\src\de\schildbach\wallet\ui\InputParser.BinaryInputParser.java,BinaryInputParser,62,2,2,0,0,false,false,3,true,false,1,1,6,3,true,false,true,true,false,public,1,0,1,true
65,\wallet\src\de\schildbach\wallet\ui\InputParser.StreamInputParser.java,StreamInputParser,67,2,2,0,0,false,false,3,true,false,1,1,9,6,true,false,true,true,false,public,1,0,1,true
66,\wallet\src\de\schildbach\wallet\ui\InputParser.StringInputParser.java,StringInputParser,106,1,2,0,0,false,false,3,true,false,2,1,16,9,true,false,true,true,false,public,1,0,1,true
67,\wallet\src\de\schildbach\wallet\ui\MaybeMaintenanceFragment.java,MaybeMaintenanceFragment,51,2,2,0,0,false,false,3,false,false,2,2,6,6,false,false,false,true,false,public,2,0,0,false
68,\wallet\src\de\schildbach\wallet\ui\InputParser.java,InputParser,121,2,4,0,0,false,false,2,true,false,6,8,25,14,false,false,false,true,false,public,1,0,3,true
69,\wallet\src\de\schildbach\wallet\ui\MaybeMaintenanceViewModel.WalletMaintenanceRecommendedLiveData.java,WalletMaintenanceRecommendedLiveData,56,0,2,0,0,false,false,5,false,false,0,1,9,2,true,false,true,true,false,public,0,0,2,false
70,\wallet\src\de\schildbach\wallet\ui\MaybeMaintenanceViewModel.java,MaybeMaintenanceViewModel,65,5,3,1,1,false,false,4,false,false,1,0,7,4,false,false,false,true,false,public,2,1,0,false
71,\wallet\src\de\schildbach\wallet\ui\ProgressDialogFragment.Observer.java,Observer,43,1,1,0,0,false,false,1,true,false,2,1,3,1,true,false,true,true,false,public,1,0,0,false
72,\wallet\src\de\schildbach\wallet\ui\ProgressDialogFragment.java,ProgressDialogFragment,47,3,3,0,0,false,false,3,false,false,0,3,6,1,false,false,false,true,false,public,3,0,0,false
73,\wallet\src\de\schildbach\wallet\ui\ReportIssueViewModel.java,ReportIssueViewModel,33,2,0,0,0,false,false,4,false,false,0,0,4,0,false,false,false,true,false,public,0,0,0,false
74,\wallet\src\de\schildbach\wallet\ui\ReportIssueDialogBuilder.java,ReportIssueDialogBuilder,193,7,7,0,0,false,false,4,true,false,11,5,25,23,false,false,false,true,false,public,1,1,5,true
75,\wallet\src\de\schildbach\wallet\ui\RequestCoinsActivity.java,RequestCoinsActivity,77,3,6,0,0,false,false,3,false,false,2,6,12,3,false,false,false,true,false,public,5,0,1,false
76,\wallet\src\de\schildbach\wallet\ui\RequestCoinsActivityViewModel.java,RequestCoinsActivityViewModel,25,1,0,0,0,false,false,5,false,false,0,0,2,0,false,false,false,true,false,public,0,0,0,false
77,\wallet\src\de\schildbach\wallet\ui\ReportIssueDialogFragment.java,ReportIssueDialogFragment,278,11,9,0,0,false,false,4,false,false,7,16,38,42,false,false,false,true,false,public,5,4,0,false
78,\wallet\src\de\schildbach\wallet\ui\RequestCoinsViewModel.FreshReceiveAddressLiveData.java,FreshReceiveAddressLiveData,58,1,4,1,0,false,false,5,false,false,1,3,7,2,true,false,true,true,false,public,2,1,1,false
79,\wallet\src\de\schildbach\wallet\ui\RequestCoinsViewModel.java,RequestCoinsViewModel,162,11,4,0,0,false,false,4,false,false,4,4,20,20,false,false,false,true,false,public,0,4,0,false
80,\wallet\src\de\schildbach\wallet\ui\SendCoinsQrActivity.java,SendCoinsQrActivity,84,1,2,0,0,false,false,4,false,false,3,4,15,5,false,false,false,true,false,public,1,0,1,false
81,\wallet\src\de\schildbach\wallet\ui\SendingAddressesViewModel.AddressesToExcludeLiveData.java,AddressesToExcludeLiveData,57,0,2,0,0,false,false,5,false,false,0,1,13,5,false,false,true,true,false,public,0,1,1,false
82,\wallet\src\de\schildbach\wallet\ui\SendingAddressesViewModel.ClipLiveData.java,ClipLiveData,48,1,4,1,0,false,false,3,false,false,0,1,6,1,true,false,true,true,false,public,2,0,2,false
83,\wallet\src\de\schildbach\wallet\ui\ShowPasswordCheckListener.java,ShowPasswordCheckListener,37,1,1,0,0,false,false,4,true,false,0,2,5,1,false,false,false,true,false,public,1,0,0,false
84,\wallet\src\de\schildbach\wallet\ui\SendingAddressesViewModel.java,SendingAddressesViewModel,46,7,0,0,0,false,false,4,false,false,0,0,10,0,false,false,false,true,false,public,0,0,0,false
85,\wallet\src\de\schildbach\wallet\ui\TransactionsAdapter.ChangeType.java,ChangeType,23,8,0,0,0,false,false,2,false,false,0,0,0,0,false,false,true,false,true,private,0,0,0,false
86,\wallet\src\de\schildbach\wallet\ui\RequestCoinsFragment.java,RequestCoinsFragment,353,15,20,0,0,false,false,3,false,false,15,18,51,43,false,false,false,true,false,public,12,8,0,false
87,\wallet\src\de\schildbach\wallet\ui\StickToTopLinearLayoutManager.java,StickToTopLinearLayoutManager,34,0,1,0,0,false,false,6,true,false,1,3,3,0,false,false,false,true,false,public,1,0,0,false
88,\wallet\src\de\schildbach\wallet\ui\TransactionsAdapter.ItemAnimator.java,ItemAnimator,35,0,1,0,0,false,false,2,true,false,1,2,4,0,true,false,true,true,false,public,1,0,0,false
89,\wallet\src\de\schildbach\wallet\ui\SendingAddressesFragment.java,SendingAddressesFragment,316,7,12,0,1,false,false,3,false,false,11,17,46,43,false,false,false,true,false,public,7,5,0,false
90,\wallet\src\de\schildbach\wallet\ui\TransactionsAdapter.OnClickListener.java,OnClickListener,27,0,0,0,0,false,false,3,true,false,0,0,2,0,false,true,true,false,false,public,0,0,0,false
91,\wallet\src\de\schildbach\wallet\ui\TransactionsAdapter.WarningType.java,WarningType,23,3,0,0,0,false,false,2,false,false,0,0,0,0,false,false,true,false,true,public,0,0,0,false
92,\wallet\src\de\schildbach\wallet\ui\TransactionsAdapter.WarningViewHolder.java,WarningViewHolder,31,1,0,0,0,false,false,3,true,false,0,0,4,0,true,false,true,true,false,public,0,0,0,false
93,\wallet\src\de\schildbach\wallet\ui\TransactionsAdapter.TransactionViewHolder.java,TransactionViewHolder,152,16,9,0,0,false,false,3,true,false,1,9,9,1,true,false,true,true,false,public,1,8,0,false
94,\wallet\src\de\schildbach\wallet\ui\TransactionsAdapter.ListItem.java,ListItem,324,0,0,0,0,false,false,2,false,false,8,0,30,30,true,false,true,true,false,public,0,0,0,false
95,\wallet\src\de\schildbach\wallet\ui\WalletActivity.QuickReturnBehavior.java,QuickReturnBehavior,37,0,2,0,0,false,false,3,true,false,0,14,4,1,true,false,true,true,false,private,2,0,0,false
96,\wallet\src\de\schildbach\wallet\ui\WalletActionsFragment.java,WalletActionsFragment,79,1,4,0,0,false,false,3,false,false,0,4,11,7,false,false,false,true,false,public,3,1,0,false
97,\wallet\src\de\schildbach\wallet\ui\WalletActivityViewModel.EnterAnimationState.java,EnterAnimationState,23,3,0,0,0,false,false,3,false,false,0,0,0,0,true,false,true,false,true,public,0,0,0,false
98,\wallet\src\de\schildbach\wallet\ui\TransactionsAdapter.java,TransactionsAdapter,337,8,5,0,1,false,true,2,true,false,49,16,24,20,false,false,false,true,false,public,5,0,0,false
99,\wallet\src\de\schildbach\wallet\ui\WalletActivityViewModel.WalletEncryptedLiveData.java,WalletEncryptedLiveData,45,0,2,0,0,false,false,4,false,false,0,1,5,2,true,false,true,true,false,public,0,0,2,false
100,\wallet\src\de\schildbach\wallet\ui\WalletActivityViewModel.WalletLegacyFallbackLiveData.java,WalletLegacyFallbackLiveData,47,0,2,0,0,false,false,5,false,false,0,1,6,3,true,false,true,true,false,public,0,0,2,false
101,\wallet\src\de\schildbach\wallet\ui\WalletActivityViewModel.java,WalletActivityViewModel,79,11,7,0,0,false,false,4,false,false,3,0,5,2,false,false,false,true,false,public,6,1,0,false
102,\wallet\src\de\schildbach\wallet\ui\WalletActivity.java,WalletActivity,456,7,13,0,0,false,false,2,false,false,18,11,47,67,false,false,false,true,false,public,7,2,4,false
103,\wallet\src\de\schildbach\wallet\ui\WalletAddressDialogFragment.java,WalletAddressDialogFragment,121,5,5,0,0,false,false,4,false,false,2,8,24,8,false,false,false,true,false,public,4,1,0,false
104,\wallet\src\de\schildbach\wallet\ui\WalletAddressViewModel.CurrentAddressLiveData.java,CurrentAddressLiveData,92,1,5,0,0,false,false,4,false,false,0,4,13,2,true,false,true,true,false,public,0,2,3,false
105,\wallet\src\de\schildbach\wallet\ui\WalletAddressFragment.java,WalletAddressFragment,112,6,4,0,0,false,false,3,false,false,2,6,23,9,false,false,false,true,false,public,3,1,0,false
106,\wallet\src\de\schildbach\wallet\ui\WalletAddressViewModel.java,WalletAddressViewModel,91,6,3,0,0,false,false,4,false,false,2,2,13,9,false,false,false,true,false,public,0,3,0,false
107,\wallet\src\de\schildbach\wallet\ui\WalletAddressesAdapter.java,WalletAddressesAdapter,164,8,13,2,6,false,false,3,true,false,9,13,19,10,false,false,false,true,false,public,11,2,0,false
108,\wallet\src\de\schildbach\wallet\ui\WalletAddressesViewModel.IssuedReceiveAddressesLiveData.java,IssuedReceiveAddressesLiveData,57,0,4,0,0,false,false,5,false,false,0,3,9,2,true,false,true,true,false,public,1,1,2,false
109,\wallet\src\de\schildbach\wallet\ui\WalletAddressesViewModel.ImportedAddressesLiveData.java,ImportedAddressesLiveData,78,0,4,0,0,false,false,4,false,false,2,3,14,5,true,false,true,true,false,public,1,1,2,false
110,\wallet\src\de\schildbach\wallet\ui\WalletAddressesViewModel.java,WalletAddressesViewModel,51,8,0,0,0,false,false,4,false,false,0,0,12,1,false,false,false,true,false,public,0,0,0,false
111,\wallet\src\de\schildbach\wallet\ui\WalletAddressesFragment.java,WalletAddressesFragment,193,7,5,0,0,false,false,3,false,false,2,10,33,24,false,false,false,true,false,public,5,0,0,false
112,\wallet\src\de\schildbach\wallet\ui\WalletBalanceViewModel.java,WalletBalanceViewModel,51,4,3,0,3,false,false,4,false,false,3,0,6,0,false,false,false,true,false,public,3,0,0,false
113,\wallet\src\de\schildbach\wallet\ui\WalletDisclaimerViewModel.DisclaimerEnabledLiveData.java,DisclaimerEnabledLiveData,46,1,3,0,0,false,false,4,false,false,1,2,5,3,true,false,true,true,false,public,1,0,2,false
114,\wallet\src\de\schildbach\wallet\ui\WalletDisclaimerFragment.java,WalletDisclaimerFragment,96,2,3,0,0,false,false,3,false,false,5,4,17,8,false,false,false,true,false,public,2,1,0,false
115,\wallet\src\de\schildbach\wallet\ui\WalletBalanceFragment.java,WalletBalanceFragment,216,11,9,0,0,false,false,3,false,false,11,11,27,17,false,false,false,true,false,public,7,2,0,false
116,\wallet\src\de\schildbach\wallet\ui\WalletDisclaimerViewModel.java,WalletDisclaimerViewModel,43,3,2,0,2,false,false,4,false,false,2,0,4,0,false,false,false,true,false,public,2,0,0,false
117,\wallet\src\de\schildbach\wallet\ui\WalletTransactionsViewModel.Direction.java,Direction,23,2,0,0,0,false,false,1,false,false,0,0,0,0,false,false,true,false,true,public,0,0,0,false
118,\wallet\src\de\schildbach\wallet\ui\WalletTransactionsViewModel.TransactionsConfidenceLiveData.java,TransactionsConfidenceLiveData,48,0,4,0,0,false,false,4,false,false,0,4,6,0,true,false,true,true,false,private,1,0,3,false
119,\wallet\src\de\schildbach\wallet\ui\WalletTransactionsViewModel.TransactionsLiveData.java,TransactionsLiveData,93,2,5,0,0,false,false,3,false,false,0,4,13,1,true,false,true,true,false,public,0,2,3,false
120,\wallet\src\de\schildbach\wallet\ui\send\DecodePrivateKeyTask.java,DecodePrivateKeyTask,57,2,1,0,0,false,false,4,false,false,0,2,4,4,false,false,false,true,false,public,1,0,0,true
121,\wallet\src\de\schildbach\wallet\ui\WalletTransactionsViewModel.java,WalletTransactionsViewModel,170,14,5,3,1,false,false,4,false,false,4,3,28,29,false,false,false,true,false,public,4,1,0,false
122,\wallet\src\de\schildbach\wallet\ui\WalletTransactionsFragment.java,WalletTransactionsFragment,341,14,12,0,0,false,false,3,false,false,14,15,47,56,false,false,false,true,false,public,10,2,0,false
123,\wallet\src\de\schildbach\wallet\ui\send\FeeCategory.java,FeeCategory,35,3,0,0,0,false,false,2,false,false,0,0,0,0,false,false,false,false,true,public,0,0,0,false
124,\wallet\src\de\schildbach\wallet\ui\send\MaintenanceDialogFragment.State.java,State,23,3,0,0,0,false,false,1,false,false,0,0,0,0,false,false,true,false,true,private,0,0,0,false
125,\wallet\src\de\schildbach\wallet\ui\send\DeriveKeyTask.java,DeriveKeyTask,85,4,1,0,0,false,false,3,false,false,2,2,12,7,false,false,false,true,false,public,1,0,0,true
126,\wallet\src\de\schildbach\wallet\ui\send\RaiseFeeDialogFragment.State.java,State,23,3,0,0,0,false,false,1,false,false,0,0,0,0,false,false,true,false,true,private,0,0,0,false
127,\wallet\src\de\schildbach\wallet\ui\send\MaintenanceDialogFragment.java,MaintenanceDialogFragment,268,15,13,0,0,false,false,3,false,false,5,6,40,28,false,false,false,true,false,public,7,6,0,false
128,\wallet\src\de\schildbach\wallet\ui\send\RaiseFeeViewModel.java,RaiseFeeViewModel,37,2,1,0,1,false,false,4,false,false,1,0,4,0,false,false,false,true,false,public,1,0,0,false
129,\wallet\src\de\schildbach\wallet\ui\send\RequestPaymentRequestTask.ResultCallback.java,ResultCallback,25,0,0,0,0,false,false,2,false,false,0,0,1,0,false,true,true,false,false,public,0,0,0,false
130,\wallet\src\de\schildbach\wallet\ui\send\RequestPaymentRequestTask.BluetoothRequestTask.java,BluetoothRequestTask,86,1,1,0,0,false,false,3,false,false,1,1,14,9,true,false,true,true,false,public,1,0,0,false
131,\wallet\src\de\schildbach\wallet\ui\send\RequestPaymentRequestTask.HttpRequestTask.java,HttpRequestTask,85,1,1,0,0,false,false,3,false,false,2,1,13,12,true,false,true,true,false,public,1,0,0,false
132,\wallet\src\de\schildbach\wallet\ui\send\RequestPaymentRequestTask.java,RequestPaymentRequestTask,53,4,2,0,0,false,false,4,false,false,0,3,5,3,false,false,false,true,false,public,0,0,2,true
133,\wallet\src\de\schildbach\wallet\ui\send\RaiseFeeDialogFragment.java,RaiseFeeDialogFragment,287,20,13,0,0,false,false,4,false,false,9,13,44,28,false,false,false,true,false,public,7,6,0,false
134,\wallet\src\de\schildbach\wallet\ui\send\RequestWalletBalanceTask.ElectrumServer.java,ElectrumServer,45,3,0,0,0,false,false,2,true,false,1,0,2,1,true,false,true,true,false,public,0,0,0,false
135,\wallet\src\de\schildbach\wallet\ui\send\RequestWalletBalanceTask.JsonRpcRequest.java,JsonRpcRequest,34,4,0,0,0,false,false,3,false,false,0,0,0,0,true,false,true,true,false,public,0,0,0,false
136,\wallet\src\de\schildbach\wallet\ui\send\RequestWalletBalanceTask.JsonRpcResponse.java,JsonRpcResponse,35,3,0,0,0,false,false,3,false,false,0,0,0,0,true,false,true,true,false,public,0,0,0,false
137,\wallet\src\de\schildbach\wallet\ui\send\RequestWalletBalanceTask.ResultCallback.java,ResultCallback,26,0,0,0,0,false,false,2,false,false,0,0,2,0,false,true,true,false,false,public,0,0,0,false
138,\wallet\src\de\schildbach\wallet\ui\send\SendCoinsActivityViewModel.java,SendCoinsActivityViewModel,26,1,0,0,0,false,false,5,false,false,0,0,3,0,false,false,false,true,false,public,0,0,0,false
139,\wallet\src\de\schildbach\wallet\ui\send\SendCoinsActivity.java,SendCoinsActivity,90,4,6,0,0,false,false,3,false,false,3,13,18,3,false,false,false,true,false,public,5,0,1,false
140,\wallet\src\de\schildbach\wallet\ui\send\SendCoinsFragment.ReceivingAddressListener.java,ReceivingAddressListener,65,0,5,0,0,false,false,3,true,false,2,15,9,4,false,false,true,true,false,private,5,0,0,false
141,\wallet\src\de\schildbach\wallet\ui\send\SendCoinsFragment.ReceivingAddressViewAdapter.java,ReceivingAddressViewAdapter,77,1,2,0,2,false,false,4,true,false,3,3,13,6,false,false,true,true,false,private,2,0,0,false
142,\wallet\src\de\schildbach\wallet\ui\send\RequestWalletBalanceTask.java,RequestWalletBalanceTask,319,5,6,0,0,false,false,4,false,false,13,7,60,54,false,false,false,true,false,public,1,3,2,false
143,\wallet\src\de\schildbach\wallet\ui\send\SendCoinsViewModel.State.java,State,25,7,0,0,0,false,false,1,false,false,0,0,0,0,false,false,true,false,true,public,0,0,0,false
144,\wallet\src\de\schildbach\wallet\ui\send\SendCoinsOfflineTask.java,SendCoinsOfflineTask,119,4,2,0,0,false,false,4,false,false,2,1,14,15,false,false,false,true,false,public,1,0,1,true
145,\wallet\src\de\schildbach\wallet\ui\send\SweepWalletActivity.java,SweepWalletActivity,44,1,3,0,0,false,false,3,false,false,0,4,7,0,false,false,false,true,false,public,3,0,0,false
146,\wallet\src\de\schildbach\wallet\ui\send\SendCoinsViewModel.java,SendCoinsViewModel,73,16,0,0,0,false,false,4,false,false,0,0,18,1,false,false,false,true,false,public,0,0,0,false
147,\wallet\src\de\schildbach\wallet\ui\send\SweepWalletFragment.FakeTransaction.java,FakeTransaction,39,1,2,0,2,false,false,2,false,false,0,0,3,0,true,false,true,true,false,private,2,0,0,false
148,\wallet\src\de\schildbach\wallet\ui\send\SweepWalletViewModel.State.java,State,25,6,0,0,0,false,false,1,false,false,0,0,0,0,false,false,true,false,true,public,0,0,0,false
149,\wallet\src\de\schildbach\wallet\ui\send\SweepWalletViewModel.java,SweepWalletViewModel,47,7,1,0,1,false,false,4,false,false,1,0,9,0,false,false,false,true,false,public,1,0,0,false
150,\wallet\src\de\schildbach\wallet\ui\scan\ScanActivity.AutoFocusRunnable.java,AutoFocusRunnable,42,2,1,0,0,false,false,3,false,false,0,0,1,1,false,false,true,true,false,private,1,0,0,false
151,\wallet\src\de\schildbach\wallet\ui\scan\ScanActivity.WarnDialogFragment.java,WarnDialogFragment,55,1,3,0,0,false,false,3,false,false,0,5,7,6,true,false,true,true,false,public,3,0,0,false
152,\wallet\src\de\schildbach\wallet\ui\scan\CameraManager.java,CameraManager,257,11,15,3,5,false,false,2,true,false,21,15,16,25,false,false,false,true,false,public,9,6,0,false
153,\wallet\src\de\schildbach\wallet\ui\scan\ScanViewModel.java,ScanViewModel,27,2,0,0,0,false,false,3,false,false,0,0,3,0,false,false,false,true,false,public,0,0,0,false
154,\wallet\src\de\schildbach\wallet\ui\send\SweepWalletFragment.java,SweepWalletFragment,526,26,15,1,0,false,false,3,false,false,26,13,68,57,false,false,false,true,false,public,7,8,0,false
155,\wallet\src\de\schildbach\wallet\ui\preference\AboutFragment.java,AboutFragment,65,5,2,0,0,false,false,2,false,false,2,2,12,4,false,false,false,true,false,public,2,0,0,false
156,\wallet\src\de\schildbach\wallet\ui\scan\ScannerView.java,ScannerView,128,13,4,2,0,false,false,2,false,false,3,8,17,12,false,false,false,true,false,public,4,0,0,false
157,\wallet\src\de\schildbach\wallet\ui\preference\DiagnosticsFragment.java,DiagnosticsFragment,92,5,5,0,0,false,false,2,false,false,1,4,18,10,false,false,false,true,false,public,3,2,0,false
158,\wallet\src\de\schildbach\wallet\ui\scan\ScanActivity.java,ScanActivity,386,19,19,0,0,false,false,2,false,false,10,23,51,35,false,false,false,true,false,public,13,3,3,false
159,\wallet\src\de\schildbach\wallet\ui\preference\ExtendedPublicKeyFragment.java,ExtendedPublicKeyFragment,87,4,4,0,0,false,false,4,false,false,0,5,16,6,false,false,false,true,false,public,3,1,0,false
160,\wallet\src\de\schildbach\wallet\ui\send\SendCoinsFragment.java,SendCoinsFragment,1128,41,33,1,0,false,false,3,false,false,66,27,96,170,false,false,false,true,false,public,12,21,0,false
161,\wallet\src\de\schildbach\wallet\ui\preference\PreferenceActivity.java,PreferenceActivity,44,0,3,0,0,false,false,2,false,false,1,3,3,4,false,false,false,true,false,public,2,0,1,false
162,\wallet\src\de\schildbach\wallet\ui\preference\ResolveDnsTask.java,ResolveDnsTask,57,2,1,0,0,false,false,3,false,false,0,1,4,4,false,false,false,true,false,public,1,0,0,true
163,\wallet\src\de\schildbach\wallet\ui\monitor\BlockListAdapter.OnClickListener.java,OnClickListener,25,0,0,0,0,false,false,3,true,false,0,0,2,0,false,true,true,false,false,public,0,0,0,false
164,\wallet\src\de\schildbach\wallet\ui\preference\SettingsFragment.java,SettingsFragment,119,10,5,0,0,false,false,2,false,false,2,4,17,11,false,false,false,true,false,public,4,1,0,false
165,\wallet\src\de\schildbach\wallet\ui\monitor\BlockListAdapter.ListItem.java,ListItem,115,7,2,0,0,false,false,2,false,false,7,2,20,14,true,false,true,true,false,public,0,2,0,false
166,\wallet\src\de\schildbach\wallet\ui\monitor\BlockListAdapter.ViewHolder.java,ViewHolder,45,7,0,0,0,false,false,2,true,false,0,0,6,0,true,false,true,true,false,public,0,0,0,false
167,\wallet\src\de\schildbach\wallet\ui\monitor\BlockListViewModel.BlocksLiveData.java,BlocksLiveData,69,4,4,0,0,false,false,3,false,false,1,3,13,1,true,false,true,true,false,public,2,0,2,false
168,\wallet\src\de\schildbach\wallet\ui\monitor\BlockListViewModel.TransactionsLiveData.java,TransactionsLiveData,58,0,2,0,0,false,false,3,false,false,2,1,10,4,true,false,true,true,false,public,1,0,1,false
169,\wallet\src\de\schildbach\wallet\ui\monitor\BlockListViewModel.java,BlockListViewModel,63,7,4,0,4,false,false,4,false,false,4,0,9,1,false,false,false,true,false,public,4,0,0,false
170,\wallet\src\de\schildbach\wallet\ui\monitor\BlockListAdapter.java,BlockListAdapter,127,4,4,0,0,false,true,3,true,false,4,14,23,6,false,false,false,true,false,public,3,1,0,false
171,\wallet\src\de\schildbach\wallet\ui\monitor\BlockListFragment.java,BlockListFragment,143,8,5,0,0,false,false,3,false,false,2,7,33,17,false,false,false,true,false,public,4,1,0,false
172,\wallet\src\de\schildbach\wallet\ui\monitor\NetworkMonitorActivity.PagerAdapter.java,PagerAdapter,39,0,2,0,2,false,false,2,true,false,1,1,3,0,false,false,true,true,false,private,2,0,0,false
173,\wallet\src\de\schildbach\wallet\ui\monitor\NetworkMonitorActivity.java,NetworkMonitorActivity,51,2,1,0,0,false,false,3,false,false,1,1,6,0,false,false,false,true,false,public,0,0,1,false
174,\wallet\src\de\schildbach\wallet\ui\monitor\PeerListAdapter.ListItem.java,ListItem,50,8,0,0,0,false,false,2,false,false,0,0,7,5,true,false,true,true,false,public,0,0,0,false
175,\wallet\src\de\schildbach\wallet\ui\monitor\PeerListAdapter.ViewHolder.java,ViewHolder,41,6,0,0,0,false,false,2,true,false,0,0,4,0,true,false,true,true,false,public,0,0,0,false
176,\wallet\src\de\schildbach\wallet\ui\monitor\PeerListViewModel.HostnamesLiveData.java,HostnamesLiveData,51,1,1,0,0,false,false,3,false,false,1,1,7,3,true,false,true,true,false,public,1,0,0,false
177,\wallet\src\de\schildbach\wallet\ui\monitor\PeerListAdapter.java,PeerListAdapter,81,1,3,0,0,false,true,3,true,false,3,7,13,3,false,false,false,true,false,public,3,0,0,false
178,\wallet\src\de\schildbach\wallet\ui\monitor\PeerListFragment.java,PeerListFragment,88,5,4,0,0,false,false,3,false,false,2,5,18,7,false,false,false,true,false,public,3,1,0,false
179,\wallet\src\de\schildbach\wallet\ui\monitor\PeerListViewModel.java,PeerListViewModel,42,3,2,0,2,false,false,4,false,false,2,0,3,0,false,false,false,true,false,public,2,0,0,false
180,\wallet\src\de\schildbach\wallet\ui\monitor\PeerListViewModel.PeersLiveData.java,PeersLiveData,68,4,4,0,0,false,false,3,false,false,1,3,13,3,true,false,true,true,false,public,2,0,2,false
181,\wallet\src\de\schildbach\wallet\ui\backup\BackupWalletActivity.java,BackupWalletActivity,36,0,2,0,0,false,false,3,false,false,0,2,5,1,false,false,false,true,false,public,1,0,1,false
182,\wallet\src\de\schildbach\wallet\ui\backup\BackupWalletDialogFragment.ErrorDialogFragment.java,ErrorDialogFragment,60,3,3,0,0,false,false,3,false,false,0,4,9,5,true,false,true,true,false,public,3,0,0,false
183,\wallet\src\de\schildbach\wallet\ui\backup\BackupWalletDialogFragment.SuccessDialogFragment.java,SuccessDialogFragment,61,3,3,0,0,false,false,3,false,false,0,4,10,4,true,false,true,true,false,public,3,0,0,false
184,\wallet\src\de\schildbach\wallet\ui\backup\BackupWalletViewModel.java,BackupWalletViewModel,35,3,0,0,0,false,false,4,false,false,0,0,5,0,false,false,false,true,false,public,0,0,0,false
185,\wallet\src\de\schildbach\wallet\ui\backup\FileAdapter.java,FileAdapter,52,2,2,1,1,false,false,2,true,false,1,4,9,1,false,false,false,true,false,public,2,0,0,true
186,\wallet\src\de\schildbach\wallet\ui\backup\ImportDialogButtonEnablerListener.java,ImportDialogButtonEnablerListener,69,2,8,0,0,false,false,5,true,false,0,14,9,1,false,false,false,true,false,public,6,0,2,false
187,\wallet\src\de\schildbach\wallet\ui\backup\RestoreWalletDialogFragment.FailureDialogFragment.java,FailureDialogFragment,53,2,2,0,0,false,false,3,false,false,0,3,7,5,true,false,true,true,false,public,2,0,0,false
188,\wallet\src\de\schildbach\wallet\ui\backup\RestoreWalletDialogFragment.PermissionDeniedDialogFragment.java,PermissionDeniedDialogFragment,49,1,2,0,0,false,false,4,false,false,0,2,7,4,true,false,true,true,false,public,2,0,0,false
189,\wallet\src\de\schildbach\wallet\ui\backup\BackupWalletDialogFragment.java,BackupWalletDialogFragment,310,13,11,0,0,false,false,4,false,false,10,10,52,45,false,false,false,true,false,public,7,4,0,false
190,\wallet\src\de\schildbach\wallet\ui\backup\RestoreWalletDialogFragment.SuccessDialogFragment.java,SuccessDialogFragment,69,3,3,0,0,false,false,3,false,false,1,4,10,5,true,false,true,true,false,public,3,0,0,false
191,\wallet\src\de\schildbach\wallet\ui\backup\RestoreWalletFromExternalActivity.java,RestoreWalletFromExternalActivity,34,1,1,0,0,false,false,5,false,false,0,1,5,1,false,false,false,true,false,public,0,0,1,false
192,\wallet\src\de\schildbach\wallet\ui\backup\RestoreWalletFromExternalDialogFragment.FailureDialogFragment.java,FailureDialogFragment,78,4,3,0,0,false,false,3,false,false,0,5,12,9,true,false,true,true,false,public,3,0,0,false
193,\wallet\src\de\schildbach\wallet\ui\backup\RestoreWalletFromExternalDialogFragment.SuccessDialogFragment.java,SuccessDialogFragment,69,3,3,0,0,false,false,3,false,false,1,4,10,4,true,false,true,true,false,public,3,0,0,false
194,\wallet\src\de\schildbach\wallet\ui\backup\RestoreWalletDialogFragment.java,RestoreWalletDialogFragment,300,13,10,0,0,false,false,4,false,false,9,11,50,41,false,false,false,true,false,public,6,4,0,false
195,\wallet\src\de\schildbach\wallet\ui\backup\RestoreWalletViewModel.java,RestoreWalletViewModel,37,4,0,0,0,false,false,4,false,false,0,0,6,0,false,false,false,true,false,public,0,0,0,false
196,\wallet\src\de\schildbach\wallet\service\BlockchainService.LocalBinder.java,LocalBinder,26,0,1,0,1,false,false,2,true,false,0,0,1,0,false,false,true,true,false,public,1,0,0,false
197,\wallet\src\de\schildbach\wallet\ui\backup\RestoreWalletFromExternalDialogFragment.java,RestoreWalletFromExternalDialogFragment,172,12,6,0,0,false,false,6,false,false,0,8,39,21,false,false,false,true,false,public,4,2,0,false
198,\wallet\src\de\schildbach\wallet\service\BlockchainService.NewTransactionLiveData.java,NewTransactionLiveData,56,2,2,0,0,false,false,4,false,false,0,0,7,0,true,false,true,true,false,private,0,0,2,false
199,\wallet\src\de\schildbach\wallet\service\BlockchainService.ImpedimentsLiveData.java,ImpedimentsLiveData,96,4,3,0,0,false,false,3,false,false,7,1,11,10,true,false,true,true,false,private,0,1,2,false
200,\wallet\src\de\schildbach\wallet\service\BlockchainService.PeerConnectivityListener.java,PeerConnectivityListener,87,2,5,0,0,false,false,3,true,false,3,7,13,5,false,false,true,true,false,private,4,1,0,false
201,\wallet\src\de\schildbach\wallet\service\BlockchainState.Impediment.java,Impediment,23,2,0,0,0,false,false,1,false,false,0,0,0,0,false,false,true,false,true,public,0,0,0,false
202,\wallet\src\de\schildbach\wallet\service\BlockchainState.java,BlockchainState,58,8,2,0,0,false,false,2,false,false,1,2,4,0,false,false,false,true,false,public,2,0,0,false
203,\wallet\src\de\schildbach\wallet\service\BootstrapReceiver.java,BootstrapReceiver,50,1,1,0,0,false,false,2,true,false,3,2,8,6,false,false,false,true,false,public,1,0,0,false
204,\wallet\src\de\schildbach\wallet\service\InactivityNotificationService.java,InactivityNotificationService,147,7,7,0,0,false,false,3,false,false,6,4,21,19,false,false,false,true,false,public,2,4,1,false
205,\wallet\src\de\schildbach\wallet\service\UpgradeWalletService.java,UpgradeWalletService,78,2,3,0,0,false,false,3,false,false,2,2,12,6,false,false,false,true,false,public,2,0,1,false
206,\wallet\src\de\schildbach\wallet\offline\AcceptBluetoothThread.ClassicBluetoothThread.java,ClassicBluetoothThread,66,0,1,0,0,false,false,3,false,false,1,0,9,6,true,false,true,true,false,public,1,0,0,true
207,\wallet\src\de\schildbach\wallet\offline\AcceptBluetoothThread.PaymentProtocolThread.java,PaymentProtocolThread,64,0,1,0,0,false,false,3,false,false,1,0,11,4,true,false,true,true,false,public,1,0,0,true
208,\wallet\src\de\schildbach\wallet\offline\AcceptBluetoothService.java,AcceptBluetoothService,156,11,5,0,0,false,false,3,false,false,4,5,25,22,false,false,false,true,false,public,4,1,0,false
209,\wallet\src\de\schildbach\wallet\offline\AcceptBluetoothThread.java,AcceptBluetoothThread,44,3,1,0,0,false,false,3,false,false,0,0,6,1,false,false,false,true,false,public,1,0,0,true
210,\wallet\src\de\schildbach\wallet\service\BlockchainService.java,BlockchainService,623,35,18,0,3,false,false,2,false,false,38,18,71,105,false,false,false,true,false,public,14,4,0,false
211,\wallet\src\de\schildbach\wallet\offline\DirectPaymentTask.BluetoothPaymentTask.java,BluetoothPaymentTask,72,2,1,0,0,false,false,3,false,false,1,1,12,8,true,false,true,true,false,public,1,0,0,false
212,\wallet\src\de\schildbach\wallet\offline\DirectPaymentTask.HttpPaymentTask.java,HttpPaymentTask,97,2,1,0,0,false,false,3,false,false,2,1,16,15,true,false,true,true,false,public,1,0,0,false
213,\wallet\src\de\schildbach\wallet\offline\DirectPaymentTask.ResultCallback.java,ResultCallback,24,0,0,0,0,false,false,2,false,false,0,0,0,0,false,true,true,false,false,public,0,0,0,false
214,\wallet\src\de\schildbach\wallet\offline\DirectPaymentTask.java,DirectPaymentTask,53,4,2,0,0,false,false,3,false,false,0,3,5,3,false,false,false,true,false,public,0,0,2,true
215,\wallet\src\de\schildbach\wallet\data\AbstractWalletLiveData.java,AbstractWalletLiveData,88,6,5,0,1,false,false,4,false,false,2,1,9,1,false,false,false,true,false,public,0,1,4,true
216,\wallet\src\de\schildbach\wallet\data\AddressBookDao.java,AddressBookDao,42,0,0,0,0,false,false,3,false,false,0,0,7,0,false,true,false,false,false,public,0,0,0,false
217,\wallet\src\de\schildbach\wallet\data\AddressBookEntry.java,AddressBookEntry,54,2,3,0,2,false,false,3,false,false,1,1,7,1,false,false,false,true,false,public,3,0,0,false
218,\wallet\src\de\schildbach\wallet\data\AppDatabase.java,AppDatabase,53,2,1,0,1,true,false,2,false,false,2,1,6,2,false,false,false,true,false,public,1,0,0,true
219,\wallet\src\de\schildbach\wallet\data\BlockchainStateLiveData.java,BlockchainStateLiveData,64,3,4,0,0,false,false,4,false,false,0,3,12,2,false,false,false,true,false,public,2,0,2,false
220,\wallet\src\de\schildbach\wallet\data\ConfigFormatLiveData.java,ConfigFormatLiveData,46,1,3,0,0,false,false,4,false,false,1,2,5,3,false,false,false,true,false,public,1,0,2,false
221,\wallet\src\de\schildbach\wallet\data\ConfigOwnNameLiveData.java,ConfigOwnNameLiveData,45,1,3,0,0,false,false,5,false,false,1,2,4,3,false,false,false,true,false,public,1,0,2,false
222,\wallet\src\de\schildbach\wallet\data\ExchangeRate.java,ExchangeRate,37,2,2,0,1,false,false,2,false,false,0,0,1,1,false,false,false,true,false,public,2,0,0,false
223,\wallet\src\de\schildbach\wallet\data\DynamicFeeLiveData.java,DynamicFeeLiveData,190,6,4,0,0,false,false,4,false,false,10,5,34,31,false,false,false,true,false,public,0,3,1,false
224,\wallet\src\de\schildbach\wallet\data\PaymentIntent.Output.java,Output,97,3,5,0,0,false,false,1,false,false,1,3,9,8,true,false,true,true,false,public,5,0,0,false
225,\wallet\src\de\schildbach\wallet\data\PaymentIntent.Standard.java,Standard,23,2,0,0,0,false,false,1,false,false,0,0,0,0,false,false,true,false,true,public,0,0,0,false
226,\wallet\src\de\schildbach\wallet\data\ExchangeRatesProvider.java,ExchangeRatesProvider,244,14,12,0,2,false,false,3,true,false,17,21,34,39,false,false,false,true,false,public,8,4,0,false
227,\wallet\src\de\schildbach\wallet\data\SelectedExchangeRateLiveData.java,SelectedExchangeRateLiveData,66,2,4,0,0,false,false,5,false,false,2,2,7,8,false,false,false,true,false,public,1,1,2,false
228,\wallet\src\de\schildbach\wallet\data\ThrottelingLiveData.java,ThrottelingLiveData,60,4,3,0,0,false,false,3,false,false,1,0,3,4,false,false,false,true,false,public,0,0,3,true
229,\wallet\src\de\schildbach\wallet\data\TimeLiveData.java,TimeLiveData,48,2,2,0,0,false,false,3,false,false,0,0,7,0,false,false,false,true,false,public,0,0,2,false
230,\wallet\src\de\schildbach\wallet\data\WalletBalanceLiveData.WalletListener.java,WalletListener,48,0,4,0,0,false,false,2,true,false,0,10,7,0,false,false,true,true,false,private,4,0,0,false
231,\wallet\src\de\schildbach\wallet\data\WalletLiveData.java,WalletLiveData,31,0,1,0,0,false,false,3,false,false,0,1,2,0,false,false,false,true,false,public,0,0,1,false
232,\wallet\src\de\schildbach\wallet\data\WalletBalanceLiveData.java,WalletBalanceLiveData,83,3,6,0,0,false,false,4,false,false,1,6,10,2,false,false,false,true,false,public,1,2,3,false
233,\wallet\src\de\schildbach\wallet\data\PaymentIntent.java,PaymentIntent,346,12,31,0,2,false,false,2,false,false,26,18,20,26,false,false,false,true,false,public,29,2,0,false
234,\sample-integration-android\src\de\schildbach\wallet\integration\sample\SampleActivity.java,SampleActivity,124,7,5,0,0,false,false,2,false,false,4,4,19,18,false,false,false,true,false,public,0,3,2,false
235,\integration-android\src\de\schildbach\wallet\integration\android\BitcoinIntegration.java,BitcoinIntegration,241,5,16,0,0,false,false,2,false,false,5,33,6,11,false,false,false,true,false,public,11,5,0,false
