index,fullpathname,classname,loc,numAttr,numMethod,setters,getters,isPersist,isCollection,numWordName,isOrEr,isController,numIfs,numParameters,numImports,numOutboundInvocation,isStaticClass,isInterface,isInnerClass,isClass,isEnum,classPublicity,numPublicMethods,numPrivateMethods,numProtectedMethods,isAbstract,pred_label
1,\src\com\fsck\k9\Account.FolderMode.java,FolderMode,9,5,0,0,0,False,False,2,False,False,0,0,0,0,False,False,True,False,True,public,0,0,0,False,Information Holder
2,\src\com\fsck\k9\Account.MessageFormat.java,MessageFormat,9,2,0,0,0,False,False,2,False,False,0,0,0,0,False,False,True,False,True,public,0,0,0,False,Information Holder
3,\src\com\fsck\k9\Account.QuoteStyle.java,QuoteStyle,9,2,0,0,0,False,False,2,False,False,0,0,0,0,False,False,True,False,True,public,0,0,0,False,Information Holder
4,\src\com\fsck\k9\Account.ScrollButtons.java,ScrollButtons,9,3,0,0,0,False,False,2,False,False,0,0,0,0,False,False,True,False,True,public,0,0,0,False,Information Holder
5,\src\com\fsck\k9\Account.Searchable.java,Searchable,9,3,0,0,0,False,False,1,False,False,0,0,0,0,False,False,True,False,True,public,0,0,0,False,Information Holder
6,\src\com\fsck\k9\Account.ShowPictures.java,ShowPictures,9,3,0,0,0,False,False,2,False,False,0,0,0,0,False,False,True,False,True,public,0,0,0,False,Information Holder
7,\src\com\fsck\k9\AccountStats.java,AccountStats,12,4,0,0,0,False,False,2,False,False,0,0,1,0,False,False,False,True,False,public,0,0,0,False,Information Holder
8,\src\com\fsck\k9\BaseAccount.java,BaseAccount,9,0,0,0,0,False,False,2,False,False,0,0,0,0,False,True,False,False,False,public,0,0,0,False,Information Holder
9,\src\com\fsck\k9\EmailAddressAdapter.java,EmailAddressAdapter,61,2,4,0,1,False,False,3,True,False,1,6,7,1,False,False,False,True,False,public,4,0,0,False,Service Provider
10,\src\com\fsck\k9\EmailAddressValidator.java,EmailAddressValidator,18,0,3,0,0,False,False,3,True,False,0,3,2,1,False,False,False,True,False,public,3,0,0,False,Service Provider
11,\src\com\fsck\k9\EmailReceivedIntent.java,EmailReceivedIntent,13,9,0,0,0,False,False,3,False,False,0,0,0,0,False,False,False,True,False,public,0,0,0,False,Information Holder
12,\src\com\fsck\k9\Identity.java,Identity,65,7,13,6,6,False,False,1,False,False,0,6,1,0,False,False,False,True,False,public,13,0,0,False,Information Holder
13,\src\com\fsck\k9\FontSizes.java,FontSizes,336,39,35,16,17,False,False,2,False,False,2,18,2,1,False,False,False,True,False,public,35,0,0,False,Information Holder
14,\src\com\fsck\k9\K9.ApplicationAware.java,ApplicationAware,12,0,0,0,0,False,False,2,False,False,0,0,0,0,True,True,True,False,False,public,0,0,0,False,Service Provider
15,\src\com\fsck\k9\K9.BACKGROUND_OPS.java,OPS,5,4,0,0,0,False,False,3,False,False,0,0,0,0,False,False,False,False,True,public,0,0,0,False,Information Holder
16,\src\com\fsck\k9\Account.java,Account,1342,71,141,56,54,False,False,1,False,False,31,76,23,77,False,False,False,True,False,public,136,4,1,False,Information Holder
17,\src\com\fsck\k9\K9.Intents.java,Intents,19,0,0,0,0,False,False,1,False,False,0,0,0,0,True,False,True,True,False,public,0,0,0,False,Information Holder
18,\src\com\fsck\k9\NotificationSetting.java,NotificationSetting,140,7,16,7,6,False,False,2,False,False,1,9,0,0,False,False,False,True,False,public,16,0,0,False,Information Holder
19,\src\com\fsck\k9\Preferences.java,Preferences,174,6,11,1,6,False,False,1,False,False,15,4,9,14,False,False,False,True,False,public,10,1,0,False,Structurer
20,\src\com\fsck\k9\SearchAccount.java,SearchAccount,116,11,20,8,8,False,False,2,False,False,1,10,4,1,False,False,False,True,False,public,19,0,1,False,Information Holder
21,\src\com\fsck\k9\SearchSpecification.java,SearchSpecification,11,0,0,0,0,False,False,2,False,False,0,0,1,0,False,True,False,False,False,public,0,0,0,False,Service Provider
22,\src\com\fsck\k9\K9.java,K9,831,72,73,33,9,False,False,1,False,False,12,40,31,30,False,False,False,True,False,public,69,2,2,False,Coordinator
23,\src\com\fsck\k9\view\AccessibleWebView.java,AccessibleWebView,96,3,7,0,1,False,False,3,False,False,2,9,9,1,False,False,False,True,False,public,5,2,0,False,Coordinator
24,\src\com\fsck\k9\view\ColorChip.java,ColorChip,27,2,1,0,0,False,False,2,False,False,0,0,3,2,False,False,False,True,False,public,1,0,0,False,Information Holder
25,\src\com\fsck\k9\view\AttachmentView.java,AttachmentView,272,12,10,0,1,False,False,2,False,False,13,6,25,24,False,False,False,True,False,public,7,3,0,False,Interfacer
26,\src\com\fsck\k9\view\ColorPickerBox.java,ColorPickerBox,61,8,2,1,0,False,False,3,False,False,1,2,6,1,False,False,False,True,False,public,1,0,1,False,Interfacer
27,\src\com\fsck\k9\view\MessageHeader.HeaderEntry.java,HeaderEntry,11,2,0,0,0,False,False,2,False,False,0,0,0,0,True,False,True,True,False,private,0,0,0,False,Information Holder
28,\src\com\fsck\k9\view\MessageWebView.java,MessageWebView,116,1,3,0,0,False,False,3,False,False,4,1,11,9,False,False,False,True,False,public,3,0,0,False,Interfacer
29,\src\com\fsck\k9\view\ToggleScrollView.YScrollDetector.java,YScrollDetector,26,0,1,0,0,False,True,3,True,False,1,4,2,0,False,False,True,True,False,default,1,0,0,False,Service Provider
30,\src\com\fsck\k9\view\MessageHeader.java,MessageHeader,309,21,9,1,1,False,False,2,True,False,10,5,31,31,False,False,False,True,False,public,4,5,0,False,Interfacer
31,\src\com\fsck\k9\view\ToggleScrollView.java,ToggleScrollView,45,2,3,1,0,False,False,3,False,False,2,3,5,1,False,False,False,True,False,public,3,0,0,False,Interfacer
32,\src\com\fsck\k9\service\BootReceiver.java,BootReceiver,146,5,5,0,0,False,False,2,True,False,9,11,10,8,False,False,False,True,False,public,4,1,0,False,Service Provider
33,\src\com\fsck\k9\service\CoreReceiver.java,CoreReceiver,89,4,5,0,1,False,False,2,True,False,9,9,10,3,False,False,False,True,False,public,3,2,0,False,Service Provider
34,\src\com\fsck\k9\service\CoreService.java,CoreService,162,6,8,0,0,False,False,2,False,False,15,11,14,19,False,False,False,True,False,public,6,0,2,True,Interfacer
35,\src\com\fsck\k9\service\PollService.Listener.java,Listener,91,3,9,1,1,False,False,1,True,False,6,12,9,8,False,False,True,True,False,default,8,1,0,False,Service Provider
36,\src\com\fsck\k9\service\PollService.java,PollService,67,3,4,0,0,False,False,2,False,False,6,5,6,6,False,False,False,True,False,public,4,0,0,False,Service Provider
37,\src\com\fsck\k9\service\PushService.java,PushService,48,2,4,0,0,False,False,2,False,False,3,5,5,2,False,False,False,True,False,public,4,0,0,False,Service Provider
38,\src\com\fsck\k9\service\MailService.java,MailService,468,11,19,1,1,False,False,2,False,False,44,28,17,54,False,False,False,True,False,public,11,8,0,False,Controller
39,\src\com\fsck\k9\service\RemoteControlReceiver.java,RemoteControlReceiver,49,0,1,0,0,False,False,3,True,False,2,3,9,5,False,False,False,True,False,public,1,0,0,False,Service Provider
40,\src\com\fsck\k9\service\ShutdownReceiver.java,ShutdownReceiver,37,0,1,0,0,False,False,2,True,False,1,2,5,1,False,False,False,True,False,public,1,0,0,False,Service Provider
41,\src\com\fsck\k9\service\RemoteControlService.java,RemoteControlService,176,4,2,1,0,False,False,3,False,False,23,5,14,17,False,False,False,True,False,public,2,0,0,False,Controller
42,\src\com\fsck\k9\service\SleepService.SleepDatum.java,SleepDatum,10,4,0,0,0,False,False,2,False,False,0,0,2,0,True,False,True,True,False,private,0,0,0,False,Information Holder
43,\src\com\fsck\k9\service\SleepService.java,SleepService,140,4,4,0,0,False,False,2,False,False,17,8,9,13,False,False,False,True,False,public,2,2,0,False,Service Provider
44,\src\com\fsck\k9\service\StorageGoneReceiver.java,StorageGoneReceiver,42,0,1,0,0,False,False,3,True,False,3,2,7,5,False,False,False,True,False,public,1,0,0,False,Service Provider
45,\src\com\fsck\k9\service\StorageReceiver.java,StorageReceiver,34,0,1,0,0,False,False,2,True,False,3,2,7,5,False,False,False,True,False,public,1,0,0,False,Service Provider
46,\src\com\fsck\k9\remotecontrol\AccountReceiver.java,AccountReceiver,28,1,1,0,0,False,False,2,True,False,2,2,5,1,False,False,False,True,False,default,1,0,0,False,Service Provider
47,\src\com\fsck\k9\remotecontrol\K9AccountReceptor.java,K9AccountReceptor,11,0,0,0,0,False,False,3,True,False,0,0,0,0,False,True,False,False,False,public,0,0,0,False,Structurer
48,\src\com\fsck\k9\remotecontrol\K9RemoteControl.java,K9RemoteControl,121,30,2,1,0,False,False,3,False,False,0,4,3,0,False,False,False,True,False,public,2,0,0,False,Information Holder
49,\src\com\fsck\k9\provider\AttachmentProvider.AttachmentProviderColumns.java,AttachmentProviderColumns,13,4,0,0,0,False,False,3,False,False,0,0,1,0,True,False,True,True,False,public,0,0,0,False,Information Holder
50,\src\com\fsck\k9\provider\MessageProvider.AccountExtractor.java,AccountExtractor,10,0,1,0,1,False,False,2,True,False,0,1,1,1,True,False,True,True,False,public,1,0,0,False,Coordinator
51,\src\com\fsck\k9\provider\AttachmentProvider.java,AttachmentProvider,296,3,14,0,5,False,False,2,True,False,12,31,20,28,False,False,False,True,False,public,10,4,0,False,Service Provider
52,\src\com\fsck\k9\provider\MessageProvider.AccountsQueryHandler.java,AccountsQueryHandler,33,0,3,0,2,False,False,3,True,False,0,5,5,3,False,False,True,True,False,protected,3,0,0,False,Service Provider
53,\src\com\fsck\k9\provider\MessageProvider.CountExtractor.java,CountExtractor,14,1,1,0,1,False,False,2,True,False,0,1,0,0,True,False,True,True,False,public,1,0,0,False,Information Holder
54,\src\com\fsck\k9\provider\MessageProvider.DeleteUriExtractor.java,DeleteUriExtractor,14,0,1,0,1,False,False,3,True,False,0,1,2,2,True,False,True,True,False,public,1,0,0,False,Coordinator
55,\src\com\fsck\k9\provider\MessageProvider.FieldExtractor.java,FieldExtractor,5,0,0,0,0,False,False,2,True,False,0,0,0,0,True,True,True,False,False,public,0,0,0,False,Service Provider
56,\src\com\fsck\k9\provider\MessageProvider.IdExtractor.java,IdExtractor,10,0,1,0,1,False,False,2,True,False,0,1,1,1,True,False,True,True,False,public,1,0,0,False,Coordinator
57,\src\com\fsck\k9\provider\MessageProvider.IncrementExtractor.java,IncrementExtractor,13,1,1,0,1,False,False,2,True,False,0,1,1,0,True,False,True,True,False,public,1,0,0,False,Information Holder
58,\src\com\fsck\k9\provider\MessageProvider.MessageColumns.java,MessageColumns,31,8,0,0,0,False,False,2,False,False,0,0,1,0,True,True,True,False,False,public,0,0,0,False,Information Holder
59,\src\com\fsck\k9\provider\MessageProvider.MessagesQueryHandler.java,MessagesQueryHandler,126,0,4,0,2,False,False,3,True,False,3,8,13,15,False,False,True,True,False,protected,2,0,2,False,Structurer
60,\src\com\fsck\k9\provider\MessageProvider.MesssageInfoHolderRetrieverListener.java,MesssageInfoHolderRetrieverListener,59,2,2,0,0,False,False,5,True,False,0,4,14,2,False,False,True,True,False,protected,2,0,0,False,Structurer
61,\src\com\fsck\k9\provider\MessageProvider.PreviewExtractor.java,PreviewExtractor,10,0,1,0,1,False,False,2,True,False,0,1,1,1,True,False,True,True,False,public,1,0,0,False,Coordinator
62,\src\com\fsck\k9\provider\MessageProvider.MonitoredCursor.java,MonitoredCursor,312,3,43,1,17,False,False,2,True,False,2,26,12,24,True,False,True,True,False,protected,41,0,2,False,Service Provider
63,\src\com\fsck\k9\provider\MessageProvider.QueryHandler.java,QueryHandler,24,0,0,0,0,False,False,2,True,False,0,0,2,0,True,True,True,False,False,protected,0,0,0,False,Service Provider
64,\src\com\fsck\k9\provider\MessageProvider.SendDateExtractor.java,SendDateExtractor,10,0,1,0,1,False,False,3,True,False,0,1,1,1,True,False,True,True,False,public,1,0,0,False,Coordinator
65,\src\com\fsck\k9\provider\MessageProvider.SenderExtractor.java,SenderExtractor,10,0,1,0,1,False,False,2,True,False,0,1,1,0,True,False,True,True,False,public,1,0,0,False,Coordinator
66,\src\com\fsck\k9\provider\MessageProvider.SubjectExtractor.java,SubjectExtractor,10,0,1,0,1,False,False,2,True,False,0,1,1,1,True,False,True,True,False,public,1,0,0,False,Coordinator
67,\src\com\fsck\k9\provider\MessageProvider.ThrottlingQueryHandler.java,ThrottlingQueryHandler,60,1,2,0,1,False,False,3,True,False,2,5,7,6,False,False,True,True,False,protected,2,0,0,False,Service Provider
68,\src\com\fsck\k9\provider\MessageProvider.UnreadQueryHandler.java,UnreadQueryHandler,65,0,3,0,2,False,False,3,True,False,2,6,10,6,False,False,True,True,False,protected,3,0,0,False,Service Provider
69,\src\com\fsck\k9\provider\MessageProvider.UriExtractor.java,UriExtractor,10,0,1,0,1,False,False,2,True,False,0,1,1,0,True,False,True,True,False,public,1,0,0,False,Coordinator
70,\src\com\fsck\k9\provider\MessageProvider.java,MessageProvider,263,8,7,0,1,False,False,2,True,False,16,16,22,11,False,False,False,True,False,public,6,0,1,False,Coordinator
71,\src\com\fsck\k9\preferences\CheckBoxListPreference.java,CheckBoxListPreference,69,3,5,2,1,False,False,4,False,False,1,4,5,1,False,False,False,True,False,public,3,0,2,False,Service Provider
72,\src\com\fsck\k9\preferences\Editor.java,Editor,148,5,11,0,0,False,False,1,True,False,6,12,6,12,False,False,False,True,False,public,11,0,0,False,Service Provider
73,\src\com\fsck\k9\preferences\TimePickerPreference.java,TimePickerPreference,135,2,7,1,3,False,False,3,False,False,5,4,5,1,False,False,False,True,False,public,3,3,1,False,Interfacer
74,\src\com\fsck\k9\mail\AuthenticationFailedException.java,AuthenticationFailedException,13,1,0,0,0,False,False,3,False,False,0,0,0,0,False,False,False,True,False,public,0,0,0,False,Information Holder
75,\src\com\fsck\k9\preferences\Storage.java,Storage,402,9,21,0,7,True,False,1,False,False,31,24,14,36,False,False,False,True,False,public,12,5,4,False,Structurer
76,\src\com\fsck\k9\mail\Body.java,Body,9,0,0,0,0,False,False,1,False,False,0,0,3,0,False,True,False,False,False,public,0,0,0,False,Service Provider
77,\src\com\fsck\k9\mail\Address.java,Address,391,4,18,2,2,False,False,1,False,False,28,13,17,28,False,False,False,True,False,public,18,0,0,False,Service Provider
78,\src\com\fsck\k9\mail\BodyPart.java,BodyPart,13,1,2,1,1,False,False,2,False,False,0,1,0,0,False,False,False,True,False,public,2,0,0,True,Information Holder
79,\src\com\fsck\k9\mail\CertificateValidationException.java,CertificateValidationException,13,1,0,0,0,False,False,3,False,False,0,0,0,0,False,False,False,True,False,public,0,0,0,False,Information Holder
80,\src\com\fsck\k9\mail\FetchProfile.Item.java,Item,43,5,0,0,0,False,False,1,False,False,0,0,0,0,False,False,True,False,True,public,0,0,0,False,Information Holder
81,\src\com\fsck\k9\mail\FetchProfile.java,FetchProfile,23,1,0,0,0,False,True,2,False,False,0,0,1,0,False,False,False,True,False,public,0,0,0,False,Structurer
82,\src\com\fsck\k9\mail\Flag.java,Flag,49,13,0,0,0,False,False,1,False,False,0,0,0,0,False,False,False,False,True,public,0,0,0,False,Information Holder
83,\src\com\fsck\k9\mail\Folder.FolderClass.java,FolderClass,5,5,0,0,0,False,False,2,False,False,0,0,0,0,False,False,True,False,True,public,0,0,0,False,Information Holder
84,\src\com\fsck\k9\mail\Folder.FolderType.java,FolderType,5,2,0,0,0,False,False,2,False,False,0,0,0,0,False,False,True,False,True,public,0,0,0,False,Information Holder
85,\src\com\fsck\k9\mail\Folder.OpenMode.java,OpenMode,5,2,0,0,0,False,False,2,False,False,0,0,0,0,False,False,True,False,True,public,0,0,0,False,Information Holder
86,\src\com\fsck\k9\mail\Message.RecipientType.java,RecipientType,5,3,0,0,0,False,False,2,False,False,0,0,0,0,False,False,True,False,True,public,0,0,0,False,Information Holder
87,\src\com\fsck\k9\mail\Folder.java,Folder,178,4,23,3,10,False,False,1,True,False,1,19,6,3,False,False,False,True,False,public,23,0,0,True,Structurer
88,\src\com\fsck\k9\mail\Message.java,Message,172,6,18,5,4,False,False,1,False,False,6,14,5,8,False,False,False,True,False,public,18,0,0,True,Structurer
89,\src\com\fsck\k9\mail\MessagingException.java,MessagingException,32,2,2,1,0,False,False,2,False,False,0,1,0,0,False,False,False,True,False,public,2,0,0,False,Information Holder
90,\src\com\fsck\k9\mail\Multipart.java,Multipart,82,3,11,3,4,False,False,1,False,False,3,9,4,4,False,False,False,True,False,public,11,0,0,True,Structurer
91,\src\com\fsck\k9\mail\Part.java,Part,19,0,0,0,0,False,False,1,False,False,0,0,2,0,False,True,False,False,False,public,0,0,0,False,Service Provider
92,\src\com\fsck\k9\mail\PushReceiver.java,PushReceiver,16,0,0,0,0,False,False,2,True,False,0,0,3,0,False,True,False,False,False,public,0,0,0,False,Service Provider
93,\src\com\fsck\k9\mail\Pusher.java,Pusher,15,0,0,0,0,False,False,1,True,False,0,0,1,0,False,True,False,False,False,public,0,0,0,False,Service Provider
94,\src\com\fsck\k9\mail\Store.java,Store,119,5,10,0,4,False,False,1,False,False,6,5,8,3,False,False,False,True,False,public,10,0,0,True,Structurer
95,\src\com\fsck\k9\mail\Transport.java,Transport,29,2,1,0,1,False,False,1,False,False,1,1,3,1,False,False,False,True,False,public,1,0,0,True,Service Provider
96,\src\com\fsck\k9\mail\transport\TrustedSocketFactory.java,TrustedSocketFactory,64,2,4,0,0,False,False,3,False,False,0,11,15,3,False,False,False,True,False,public,4,0,0,False,Interfacer
97,\src\com\fsck\k9\mail\transport\WebDavTransport.java,WebDavTransport,41,1,3,0,0,False,False,3,False,False,3,1,7,3,False,False,False,True,False,public,3,0,0,False,Service Provider
98,\src\com\fsck\k9\mail\transport\imap\ImapSettings.java,ImapSettings,21,0,0,0,0,False,False,2,False,False,0,0,1,0,False,True,False,False,False,public,0,0,0,False,Service Provider
99,\src\com\fsck\k9\mail\store\ImapResponseParser.IImapResponseCallback.java,IImapResponseCallback,25,0,0,0,0,False,False,4,False,False,0,0,2,0,False,True,True,False,False,public,0,0,0,False,Service Provider
100,\src\com\fsck\k9\mail\transport\SmtpTransport.java,SmtpTransport,602,16,12,0,0,False,False,2,False,False,31,15,29,44,False,False,False,True,False,public,3,9,0,False,Interfacer
101,\src\com\fsck\k9\mail\store\ImapResponseParser.ImapList.java,ImapList,138,1,15,0,13,False,True,2,False,False,5,15,5,0,False,False,True,True,False,public,14,1,0,False,Structurer
102,\src\com\fsck\k9\mail\store\ImapResponseParser.ImapResponse.java,ImapResponse,44,5,3,0,1,False,False,2,False,False,2,0,1,3,False,False,True,True,False,public,3,0,0,False,Information Holder
103,\src\com\fsck\k9\mail\store\ImapStore.AuthType.java,AuthType,8,2,0,0,0,False,False,2,False,False,0,0,0,0,False,False,True,False,True,public,0,0,0,False,Information Holder
104,\src\com\fsck\k9\mail\store\ImapStore.FetchBodyCallback.java,FetchBodyCallback,37,1,1,0,0,False,False,3,False,False,1,2,6,0,True,False,True,True,False,private,1,0,0,False,Service Provider
105,\src\com\fsck\k9\mail\store\ImapResponseParser.java,ImapResponseParser,418,6,16,0,0,False,False,3,True,False,18,10,5,18,False,False,False,True,False,public,3,13,0,False,Service Provider
106,\src\com\fsck\k9\mail\store\ImapStore.FetchPartCallback.java,FetchPartCallback,35,1,1,0,0,False,False,3,False,False,1,2,6,0,True,False,True,True,False,private,1,0,0,False,Service Provider
107,\src\com\fsck\k9\mail\store\ImapStore.ImapBodyPart.java,ImapBodyPart,20,0,1,1,0,False,False,3,False,False,0,1,2,0,True,False,True,True,False,default,1,0,0,False,Service Provider
108,\src\com\fsck\k9\mail\store\ImapStore.ImapException.java,ImapException,31,2,2,1,1,False,False,2,False,False,0,1,1,0,True,False,True,True,False,default,2,0,0,False,Information Holder
109,\src\com\fsck\k9\mail\store\ImapStore.ImapMessage.java,ImapMessage,46,0,5,3,0,False,False,2,False,False,0,7,7,0,True,False,True,True,False,default,5,0,0,False,Service Provider
110,\src\com\fsck\k9\mail\store\ImapStore.ImapPushState.java,ImapPushState,52,1,2,0,0,False,False,3,False,False,3,1,3,6,True,False,True,True,False,protected,1,0,1,False,Service Provider
111,\src\com\fsck\k9\mail\store\ImapStore.ImapConnection.java,ImapConnection,654,7,16,1,1,False,False,2,False,False,68,13,41,84,True,False,True,True,False,public,10,1,5,False,Interfacer
112,\src\com\fsck\k9\mail\store\ImapStore.ImapPusher.java,ImapPusher,94,4,6,1,2,False,False,2,True,False,3,2,6,11,False,False,True,True,False,public,6,0,0,False,Service Provider
113,\src\com\fsck\k9\mail\store\ImapStore.ImapSearcher.java,ImapSearcher,15,0,0,0,0,False,False,2,True,False,0,0,4,0,False,True,True,False,False,private,0,0,0,False,Service Provider
114,\src\com\fsck\k9\mail\store\ImapStore.StoreImapSettings.java,StoreImapSettings,76,0,13,3,9,False,False,3,False,False,0,4,1,0,False,False,True,True,False,public,13,0,0,False,Information Holder
115,\src\com\fsck\k9\mail\store\ImapStore.ImapFolderPusher.java,ImapFolderPusher,584,10,13,0,0,False,False,3,True,False,72,14,20,76,False,False,True,True,False,public,4,6,3,False,Service Provider
116,\src\com\fsck\k9\mail\store\ImapStore.UntaggedHandler.java,UntaggedHandler,12,0,0,0,0,False,False,2,True,False,0,0,1,0,False,True,True,False,False,private,0,0,0,False,Service Provider
117,\src\com\fsck\k9\mail\store\ImapStore.ImapFolder.java,ImapFolder,1455,8,50,2,20,False,False,2,True,False,119,64,29,90,False,False,True,True,False,default,31,8,11,False,Structurer
118,\src\com\fsck\k9\mail\store\LockableDatabase.DbCallback.java,DbCallback,14,0,0,0,0,True,False,2,False,False,0,0,1,0,True,True,True,False,False,public,0,0,0,False,Service Provider
119,\src\com\fsck\k9\mail\store\LockableDatabase.SchemaDefinition.java,SchemaDefinition,10,0,0,0,0,True,False,2,False,False,0,0,1,0,True,True,True,False,False,public,0,0,0,False,Service Provider
120,\src\com\fsck\k9\mail\store\ImapStore.java,ImapStore,451,34,15,0,5,False,False,2,False,False,22,9,28,30,False,False,False,True,False,public,8,7,0,False,Structurer
121,\src\com\fsck\k9\mail\store\LockableDatabase.StorageListener.java,StorageListener,54,0,2,0,0,False,False,2,True,False,4,2,2,1,False,False,True,True,False,private,2,0,0,False,Service Provider
122,\src\com\fsck\k9\mail\store\LockableDatabase.WrappedException.java,WrappedException,12,1,0,0,0,False,False,2,False,False,0,0,0,0,True,False,True,True,False,protected,0,0,0,False,Information Holder
123,\src\com\fsck\k9\mail\store\Pop3Store.Pop3Capabilities.java,Pop3Capabilities,22,5,1,0,0,False,False,2,False,False,0,0,3,0,True,False,True,True,False,default,1,0,0,False,Service Provider
124,\src\com\fsck\k9\mail\store\LockableDatabase.java,LockableDatabase,456,9,17,1,2,True,False,2,False,False,16,10,11,37,False,False,False,True,False,public,7,2,8,False,Service Provider
125,\src\com\fsck\k9\mail\store\Pop3Store.Pop3Message.java,Pop3Message,42,0,4,2,0,False,False,2,False,False,0,5,4,0,True,False,True,True,False,default,3,0,1,False,Service Provider
126,\src\com\fsck\k9\mail\store\Pop3Store.Pop3ResponseInputStream.java,Pop3ResponseInputStream,35,3,1,0,0,False,False,4,False,False,3,0,3,3,True,False,True,True,False,default,1,0,0,False,Service Provider
127,\src\com\fsck\k9\mail\store\Pop3Store.java,Pop3Store,137,13,3,0,2,False,False,2,False,False,6,2,10,9,False,False,False,True,False,public,3,0,0,False,Interfacer
128,\src\com\fsck\k9\mail\store\StorageManager.ExternalStorageProvider.java,ExternalStorageProvider,62,3,8,0,5,False,False,3,True,False,0,9,4,3,True,False,True,True,False,public,8,0,0,False,Information Holder
129,\src\com\fsck\k9\mail\store\Pop3Store.Pop3Folder.java,Pop3Folder,867,8,36,2,12,False,False,2,True,False,63,37,17,43,False,False,True,True,False,default,25,11,0,False,Controller
130,\src\com\fsck\k9\mail\store\StorageManager.FixedStorageProviderBase.java,FixedStorageProviderBase,80,2,6,0,3,False,False,4,False,False,0,8,6,3,True,False,True,True,False,public,6,0,0,True,Information Holder
131,\src\com\fsck\k9\mail\store\StorageManager.HtcIncredibleStorageProvider.java,HtcIncredibleStorageProvider,33,1,4,0,2,False,False,4,True,False,0,2,4,0,True,False,True,True,False,public,2,0,2,False,Information Holder
132,\src\com\fsck\k9\mail\store\StorageManager.InternalStorageProvider.java,InternalStorageProvider,55,2,8,0,5,False,False,3,True,False,0,9,3,0,True,False,True,True,False,public,8,0,0,False,Information Holder
133,\src\com\fsck\k9\mail\store\StorageManager.SamsungGalaxySStorageProvider.java,SamsungGalaxySStorageProvider,37,1,4,0,2,False,False,5,True,False,0,2,5,1,True,False,True,True,False,public,2,0,2,False,Information Holder
134,\src\com\fsck\k9\mail\store\StorageManager.StorageListener.java,StorageListener,24,0,0,0,0,False,False,2,True,False,0,0,0,0,True,True,True,False,False,public,0,0,0,False,Structurer
135,\src\com\fsck\k9\mail\store\StorageManager.StorageProvider.java,StorageProvider,94,0,0,0,0,False,False,2,True,False,0,0,2,0,True,True,True,False,False,public,0,0,0,False,Information Holder
136,\src\com\fsck\k9\mail\store\StorageManager.SynchronizationAid.java,SynchronizationAid,23,3,0,0,0,False,False,2,False,False,0,0,3,2,True,False,True,True,False,public,0,0,0,False,Information Holder
137,\src\com\fsck\k9\mail\store\TrustManagerFactory.SecureX509TrustManager.java,SecureX509TrustManager,71,2,4,0,2,False,False,4,True,False,3,5,7,2,True,False,True,True,False,private,4,0,0,False,Service Provider
138,\src\com\fsck\k9\mail\store\StorageManager.java,StorageManager,393,5,16,0,6,False,False,2,True,False,13,17,11,19,False,False,False,True,False,public,14,0,2,False,Service Provider
139,\src\com\fsck\k9\mail\store\TrustManagerFactory.SimpleX509TrustManager.java,SimpleX509TrustManager,19,0,3,0,1,False,False,4,True,False,0,4,3,0,True,False,True,True,False,private,3,0,0,False,Service Provider
140,\src\com\fsck\k9\mail\store\UnavailableAccountException.java,UnavailableAccountException,39,1,0,0,0,False,False,3,False,False,0,0,0,0,False,False,False,True,False,public,0,0,0,False,Service Provider
141,\src\com\fsck\k9\mail\store\TrustManagerFactory.java,TrustManagerFactory,169,7,5,1,3,False,False,3,False,False,7,5,14,12,False,False,False,True,False,public,5,0,0,False,Interfacer
142,\src\com\fsck\k9\mail\store\UnavailableStorageException.java,UnavailableStorageException,24,1,0,0,0,False,False,3,False,False,0,0,1,0,False,False,False,True,False,public,0,0,0,False,Information Holder
143,\src\com\fsck\k9\mail\store\WebDavStore.ConnectionInfo.java,ConnectionInfo,17,4,0,0,0,False,False,2,False,False,0,0,3,0,True,False,True,True,False,private,0,0,0,False,Information Holder
144,\src\com\fsck\k9\mail\store\WebDavStore.DataSet.java,DataSet,190,3,8,0,6,False,False,2,False,False,8,2,10,8,False,False,True,True,False,public,8,0,0,False,Structurer
145,\src\com\fsck\k9\mail\store\WebDavStore.HttpGeneric.java,HttpGeneric,96,1,2,1,1,False,False,2,False,False,5,1,7,2,False,False,True,True,False,public,2,0,0,False,Information Holder
146,\src\com\fsck\k9\mail\store\WebDavStore.ParsedMessageEnvelope.java,ParsedMessageEnvelope,74,5,7,2,4,False,False,3,False,False,2,4,5,0,True,False,True,True,False,public,7,0,0,False,Information Holder
147,\src\com\fsck\k9\mail\store\WebDavStore.WebDavHandler.java,WebDavHandler,55,2,6,0,1,False,False,3,True,False,1,10,7,4,False,False,True,True,False,public,6,0,0,False,Service Provider
148,\src\com\fsck\k9\mail\store\WebDavStore.WebDavHttpClient.java,WebDavHttpClient,61,0,3,0,1,False,False,4,False,False,4,4,9,3,True,False,True,True,False,public,3,0,0,False,Service Provider
149,\src\com\fsck\k9\mail\store\WebDavStore.WebDavMessage.java,WebDavMessage,122,1,8,5,1,False,False,3,False,False,5,9,7,4,False,False,True,True,False,default,8,0,0,False,Service Provider
150,\src\com\fsck\k9\mail\store\WebDavStore.WebDavFolder.java,WebDavFolder,757,6,38,3,14,False,False,3,True,False,47,46,16,46,False,False,True,True,False,default,28,9,1,False,Service Provider
151,\src\com\fsck\k9\mail\internet\BinaryTempFileBody.BinaryTempFileBodyInputStream.java,BinaryTempFileBodyInputStream,21,0,1,0,0,False,False,6,False,False,0,0,1,2,False,False,True,True,False,default,1,0,0,False,Service Provider
152,\src\com\fsck\k9\mail\internet\BinaryTempFileBody.java,BinaryTempFileBody,54,2,4,1,2,False,False,4,False,False,1,2,5,3,False,False,False,True,False,public,4,0,0,False,Information Holder
153,\src\com\fsck\k9\mail\internet\Iso2022JpToShiftJisInputStream.Charset.java,Charset,5,3,0,0,0,False,False,1,False,False,0,0,0,0,False,False,True,False,True,private,0,0,0,False,Information Holder
154,\src\com\fsck\k9\mail\internet\DecoderUtil.java,DecoderUtil,202,0,4,0,0,False,False,2,False,False,12,10,10,4,False,False,False,True,False,public,1,3,0,False,Service Provider
155,\src\com\fsck\k9\mail\internet\Iso2022JpToShiftJisInputStream.java,Iso2022JpToShiftJisInputStream,72,4,1,0,0,False,False,7,False,False,9,0,3,6,False,False,False,True,False,default,1,0,0,False,Service Provider
156,\src\com\fsck\k9\mail\internet\MimeBodyPart.java,MimeBodyPart,150,3,14,2,8,False,False,3,False,False,8,10,7,5,False,False,False,True,False,public,13,0,1,False,Structurer
157,\src\com\fsck\k9\mail\internet\MimeHeader.Field.java,Field,19,2,1,0,0,False,False,1,False,False,0,0,1,1,True,False,True,True,False,default,1,0,0,False,Information Holder
158,\src\com\fsck\k9\mail\store\WebDavStore.java,WebDavStore,1019,31,30,0,17,False,False,3,False,False,53,28,35,60,False,False,False,True,False,public,15,15,0,False,Interfacer
159,\src\com\fsck\k9\mail\internet\MimeHeader.java,MimeHeader,133,8,9,1,3,False,False,2,True,False,9,9,7,4,False,False,False,True,False,public,9,0,0,False,Structurer
160,\src\com\fsck\k9\mail\internet\MimeMessage.MimeMessageBuilder.java,MimeMessageBuilder,170,1,15,0,0,False,False,3,True,False,2,9,9,19,False,False,True,True,False,default,14,1,0,False,Structurer
161,\src\com\fsck\k9\mail\internet\MimeMultipart.java,MimeMultipart,90,4,7,2,3,False,False,2,False,False,3,3,4,6,False,False,False,True,False,public,7,0,0,False,Structurer
162,\src\com\fsck\k9\mail\internet\MimeMessage.java,MimeMessage,471,13,37,13,17,False,False,2,False,False,25,24,11,13,False,False,False,True,False,public,34,1,2,False,Information Holder
163,\src\com\fsck\k9\mail\internet\TextBody.java,TextBody,96,6,9,4,4,False,False,2,False,False,3,5,4,1,False,False,False,True,False,public,9,0,0,False,Information Holder
164,\src\com\fsck\k9\mail\filter\Base64OutputStream.java,Base64OutputStream,196,3,5,0,0,False,False,3,False,False,6,5,3,3,False,False,False,True,False,public,4,1,0,False,Coordinator
165,\src\com\fsck\k9\mail\filter\CountingOutputStream.java,CountingOutputStream,23,1,2,0,1,False,False,3,False,False,0,1,2,0,False,False,False,True,False,public,2,0,0,False,Information Holder
166,\src\com\fsck\k9\mail\filter\EOLConvertingOutputStream.java,EOLConvertingOutputStream,41,2,2,0,0,False,False,6,False,False,3,1,3,1,False,False,False,True,False,public,2,0,0,False,Service Provider
167,\src\com\fsck\k9\mail\filter\Base64.java,Base64,781,18,23,1,0,False,False,1,False,False,39,29,6,7,False,False,False,True,False,public,12,3,0,False,Service Provider
168,\src\com\fsck\k9\mail\filter\FixedLengthInputStream.java,FixedLengthInputStream,68,3,5,0,0,False,False,4,False,False,3,4,2,2,False,False,False,True,False,public,5,0,0,False,Service Provider
169,\src\com\fsck\k9\mail\filter\LineWrapOutputStream.java,LineWrapOutputStream,88,5,2,0,0,False,False,4,False,False,7,1,3,1,False,False,False,True,False,public,2,0,0,False,Service Provider
170,\src\com\fsck\k9\mail\filter\PeekableInputStream.java,PeekableInputStream,73,3,5,0,0,False,False,3,False,False,4,4,2,2,False,False,False,True,False,public,5,0,0,False,Service Provider
171,\src\com\fsck\k9\mail\filter\SmtpDataStuffing.java,SmtpDataStuffing,38,4,1,0,0,False,False,3,False,False,1,1,3,0,False,False,False,True,False,public,1,0,0,False,Service Provider
172,\src\com\fsck\k9\mail\filter\StatusOutputStream.java,StatusOutputStream,28,1,1,0,0,False,False,3,False,False,2,1,6,0,False,False,False,True,False,public,1,0,0,False,Service Provider
173,\src\com\fsck\k9\mail\internet\MimeUtility.java,MimeUtility,2368,2,31,1,12,False,False,2,False,False,52,45,12,45,False,False,False,True,False,public,21,8,0,False,Service Provider
174,\src\com\fsck\k9\helper\AutoSyncHelper.java,AutoSyncHelper,124,3,3,0,1,False,False,3,True,False,5,0,3,2,False,False,False,True,False,public,2,1,0,False,Service Provider
175,\src\com\fsck\k9\helper\AutoSyncSdk3.java,AutoSyncSdk3,44,2,2,0,1,False,False,3,False,False,0,1,5,2,False,False,False,True,False,public,2,0,0,False,Information Holder
176,\src\com\fsck\k9\helper\AutoSyncSdk4.java,AutoSyncSdk4,44,2,2,0,1,False,False,3,False,False,0,1,5,1,False,False,False,True,False,public,2,0,0,False,Information Holder
177,\src\com\fsck\k9\helper\AutoSyncSdk5.java,AutoSyncSdk5,18,0,2,0,1,False,False,3,False,False,0,1,2,1,False,False,False,True,False,public,2,0,0,False,Service Provider
178,\src\com\fsck\k9\helper\Contacts.java,Contacts,173,3,1,0,1,False,False,1,False,False,2,1,9,1,False,False,False,True,False,public,1,0,0,True,Information Holder
179,\src\com\fsck\k9\helper\ContactsSdk3_4.java,4,235,5,9,0,5,False,False,1,False,False,12,8,6,17,False,False,False,True,False,public,8,1,0,False,Structurer
180,\src\com\fsck\k9\helper\ContactsSdk5.java,ContactsSdk5,202,5,9,0,5,False,False,2,False,False,10,8,11,15,False,False,False,True,False,public,8,1,0,False,Structurer
181,\src\com\fsck\k9\helper\ContactsSdk5p.java,ContactsSdk5p,107,0,1,0,0,False,False,2,False,False,4,1,6,7,False,False,False,True,False,public,1,0,0,False,Service Provider
182,\src\com\fsck\k9\helper\DateFormatter.java,DateFormatter,85,7,6,1,5,False,False,2,True,False,3,9,9,5,False,False,False,True,False,public,6,0,0,False,Structurer
183,\src\com\fsck\k9\helper\HtmlConverter.HtmlToTextTagHandler.java,HtmlToTextTagHandler,89,3,3,0,1,False,False,5,True,False,4,7,5,7,True,False,True,True,False,private,1,2,0,False,Service Provider
184,\src\com\fsck\k9\helper\DomainNameChecker.java,DomainNameChecker,327,3,6,0,0,False,False,3,True,False,34,11,13,27,False,False,False,True,False,public,1,5,0,False,Service Provider
185,\src\com\fsck\k9\helper\IAutoSync.java,IAutoSync,24,0,0,0,0,False,False,3,False,False,0,0,1,0,False,True,False,False,False,public,0,0,0,False,Service Provider
186,\src\com\fsck\k9\helper\MediaScannerNotifier.java,MediaScannerNotifier,40,3,2,0,0,False,False,3,True,False,1,2,6,3,False,False,False,True,False,public,2,0,0,False,Service Provider
187,\src\com\fsck\k9\helper\HtmlConverter.java,HtmlConverter,1030,5,8,0,1,False,False,2,True,False,10,6,6,18,False,False,False,True,False,public,4,4,0,False,Service Provider
188,\src\com\fsck\k9\helper\MessageHelper.java,MessageHelper,99,4,3,0,1,False,False,2,True,False,5,6,17,10,False,False,False,True,False,public,3,0,0,False,Service Provider
189,\src\com\fsck\k9\helper\Regex.java,Regex,218,9,2,0,0,False,False,1,False,False,2,2,2,5,False,False,False,True,False,public,2,0,0,False,Information Holder
190,\src\com\fsck\k9\helper\SizeFormatter.java,SizeFormatter,26,0,1,0,0,False,False,2,True,False,3,2,2,0,False,False,False,True,False,public,1,0,0,False,Service Provider
191,\src\com\fsck\k9\helper\power\TracingPowerManager.TracingWakeLock.java,TracingWakeLock,134,6,6,1,0,False,False,3,False,False,13,2,4,9,False,False,True,True,False,public,4,2,0,False,Service Provider
192,\src\com\fsck\k9\helper\power\TracingPowerManager.java,TracingPowerManager,39,5,2,0,1,False,False,3,True,False,3,3,6,0,False,False,False,True,False,public,2,0,0,False,Service Provider
193,\src\com\fsck\k9\crypto\Apg.Intent.java,Intent,15,8,0,0,0,False,False,1,False,False,0,0,0,0,True,False,True,True,False,public,0,0,0,False,Information Holder
194,\src\com\fsck\k9\helper\Utility.java,Utility,673,6,21,1,0,False,False,1,False,False,50,33,16,66,False,False,False,True,False,public,21,0,0,False,Service Provider
195,\src\com\fsck\k9\crypto\CryptoProvider.java,CryptoProvider,35,1,1,0,0,False,False,2,True,False,1,1,4,2,False,False,False,True,False,public,1,0,0,True,Service Provider
196,\src\com\fsck\k9\crypto\None.java,None,78,2,13,0,3,False,False,1,False,False,0,24,3,0,False,False,False,True,False,public,13,0,0,False,Information Holder
197,\src\com\fsck\k9\crypto\Apg.java,Apg,510,32,13,0,3,False,False,1,False,False,27,24,19,47,False,False,False,True,False,public,13,0,0,False,Structurer
198,\src\com\fsck\k9\crypto\PgpData.java,PgpData,77,8,16,7,7,False,False,2,False,False,0,7,1,0,False,False,False,True,False,public,16,0,0,False,Information Holder
199,\src\com\fsck\k9\controller\MessageDateComparator.java,MessageDateComparator,26,0,1,0,0,False,False,3,True,False,1,2,2,3,False,False,False,True,False,public,1,0,0,False,Service Provider
200,\src\com\fsck\k9\controller\MessageRemovalListener.java,MessageRemovalListener,6,0,0,0,0,False,False,3,True,False,0,0,1,0,False,True,False,False,False,public,0,0,0,False,Service Provider
201,\src\com\fsck\k9\controller\MessageRetrievalListener.java,MessageRetrievalListener,13,0,0,0,0,False,False,3,True,False,0,0,1,0,False,True,False,False,False,public,0,0,0,False,Service Provider
202,\src\com\fsck\k9\controller\MessagingController.Command.java,Command,38,5,1,0,0,False,False,1,False,False,1,1,1,1,True,False,True,True,False,default,1,0,0,False,Controller
203,\src\com\fsck\k9\controller\MessagingController.MemorizingState.java,MemorizingState,15,3,0,0,0,False,False,2,False,False,0,0,1,0,False,False,True,False,True,default,0,0,0,False,Information Holder
204,\src\com\fsck\k9\controller\MessagingController.MemorizingListener.java,MemorizingListener,210,1,14,1,1,False,False,2,True,False,15,28,2,2,True,False,True,True,False,default,12,0,0,False,Information Holder
205,\src\com\fsck\k9\controller\MessagingController.Memory.java,Memory,39,12,1,0,1,False,False,1,False,False,0,0,2,0,True,False,True,True,False,default,0,0,0,False,Information Holder
206,\src\com\fsck\k9\controller\MessagingController.MessageActor.java,MessageActor,21,0,0,0,0,False,False,2,True,False,0,0,4,0,False,True,True,False,False,default,0,0,0,False,Service Provider
207,\src\com\fsck\k9\controller\MessagingController.SORT_TYPE.java,TYPE,48,9,2,0,1,False,False,4,False,False,1,1,2,0,False,False,False,False,True,public,2,0,0,False,Information Holder
208,\src\com\fsck\k9\controller\MessagingControllerPushReceiver.java,MessagingControllerPushReceiver,124,3,9,1,2,False,False,4,True,False,5,14,15,13,False,False,False,True,False,public,9,0,0,False,Coordinator
209,\src\com\fsck\k9\controller\MessagingListener.java,MessagingListener,184,0,49,1,0,False,False,2,True,False,0,129,8,0,False,False,False,True,False,public,49,0,0,False,Service Provider
210,\src\com\fsck\k9\activity\AccessibleEmailContentActivity.java,AccessibleEmailContentActivity,79,1,2,0,0,False,False,4,False,False,4,3,6,7,False,False,False,True,False,public,1,1,0,False,Service Provider
211,\src\com\fsck\k9\activity\Accounts.AccountClickListener.java,AccountClickListener,67,2,1,0,0,False,False,3,True,False,1,1,6,5,False,False,True,True,False,private,1,0,0,False,Service Provider
212,\src\com\fsck\k9\activity\Accounts.AccountsAdapter.java,AccountsAdapter,158,0,1,0,1,False,False,2,True,False,11,3,8,25,False,False,True,True,False,default,1,0,0,False,Interfacer
213,\src\com\fsck\k9\activity\Accounts.AccountsHandler.java,AccountsHandler,92,0,7,1,0,False,False,2,True,False,3,7,6,12,False,False,True,True,False,default,6,1,0,False,Service Provider
214,\src\com\fsck\k9\activity\ActivityListener.java,ActivityListener,168,8,17,0,2,False,False,2,True,False,5,36,7,4,False,False,False,True,False,public,17,0,0,False,Service Provider
215,\src\com\fsck\k9\activity\ChooseAccount.IdentitiesAdapter.java,IdentitiesAdapter,132,2,11,0,9,False,False,2,True,False,3,18,12,17,True,False,True,True,False,public,10,1,0,False,Structurer
216,\src\com\fsck\k9\activity\ChooseAccount.java,ChooseAccount,111,2,2,0,0,False,False,2,False,False,5,1,13,10,False,False,False,True,False,public,0,1,1,False,Interfacer
217,\src\com\fsck\k9\activity\ChooseFolder.ChooseFolderHandler.java,ChooseFolderHandler,49,3,4,1,0,False,False,3,True,False,1,3,2,3,False,False,True,True,False,default,4,0,0,False,Service Provider
218,\src\com\fsck\k9\activity\Accounts.java,Accounts,763,19,35,0,1,False,False,1,False,False,33,34,25,75,False,False,False,True,False,public,15,20,0,False,Service Provider
219,\src\com\fsck\k9\activity\ChooseIdentity.java,ChooseIdentity,83,6,4,1,0,False,False,2,False,False,2,1,13,11,False,False,False,True,False,public,2,0,2,False,Interfacer
220,\src\com\fsck\k9\activity\ColorPickerDialog.OnColorChangedListener.java,OnColorChangedListener,15,0,0,0,0,False,False,4,True,False,0,0,3,0,False,True,True,False,False,public,0,0,0,False,Service Provider
221,\src\com\fsck\k9\activity\ChooseFolder.java,ChooseFolder,312,21,4,1,0,False,False,2,True,False,23,4,21,16,False,False,False,True,False,public,3,1,0,False,Interfacer
222,\src\com\fsck\k9\activity\ColorPickerDialog.java,ColorPickerDialog,166,18,4,0,0,False,False,3,False,False,12,0,8,19,False,False,False,True,False,public,1,1,2,False,Interfacer
223,\src\com\fsck\k9\activity\EditIdentity.java,EditIdentity,139,13,5,0,0,False,False,2,False,False,7,4,12,21,False,False,False,True,False,public,4,1,0,False,Interfacer
224,\src\com\fsck\k9\activity\FolderInfoHolder.java,FolderInfoHolder,131,10,6,0,0,False,False,3,True,False,10,10,7,16,False,False,False,True,False,public,5,1,0,False,Service Provider
225,\src\com\fsck\k9\activity\FolderList.FolderClickListener.java,FolderClickListener,65,4,1,0,0,False,False,3,True,False,0,1,5,2,False,False,True,True,False,private,1,0,0,False,Service Provider
226,\src\com\fsck\k9\activity\FolderList.FolderListHandler.java,FolderListHandler,97,0,7,0,0,False,False,3,True,False,1,7,7,10,False,False,True,True,False,default,7,0,0,False,Service Provider
227,\src\com\fsck\k9\activity\FolderList.FolderViewHolder.java,FolderViewHolder,18,7,0,0,0,False,False,3,True,False,0,0,3,0,True,False,True,True,False,default,0,0,0,False,Information Holder
228,\src\com\fsck\k9\activity\FolderList.FolderListAdapter.java,FolderListAdapter,521,2,12,0,8,False,False,3,True,False,38,13,17,49,False,False,True,True,False,default,12,0,0,False,Interfacer
229,\src\com\fsck\k9\activity\FolderListFilter.java,FolderListFilter,122,2,3,0,0,False,False,3,True,False,5,3,6,8,False,False,False,True,False,public,1,0,2,False,Service Provider
230,\src\com\fsck\k9\activity\InsertableHtmlContent.InsertionLocation.java,InsertionLocation,15,2,0,0,0,False,False,2,False,False,0,0,0,0,False,False,True,False,True,public,0,0,0,False,Information Holder
231,\src\com\fsck\k9\activity\InsertableHtmlContent.java,InsertableHtmlContent,151,6,12,5,2,False,False,3,False,False,1,7,1,5,False,False,False,True,False,default,12,0,0,False,Information Holder
232,\src\com\fsck\k9\activity\FolderList.java,FolderList,619,16,37,1,0,False,False,2,False,False,24,47,29,49,False,False,False,True,False,public,18,19,0,False,Interfacer
233,\src\com\fsck\k9\activity\K9Activity.MyGestureDetector.java,MyGestureDetector,60,3,2,0,0,False,False,3,True,False,5,5,4,8,False,False,True,True,False,default,2,0,0,False,Service Provider
234,\src\com\fsck\k9\activity\K9Activity.java,K9Activity,109,4,13,2,2,False,False,2,False,False,2,8,13,10,False,False,False,True,False,public,7,2,4,False,Coordinator
235,\src\com\fsck\k9\activity\K9ExpandableListActivity.java,K9ExpandableListActivity,16,0,1,0,0,False,False,4,False,False,0,1,3,1,False,False,False,True,False,public,0,0,1,False,Interfacer
236,\src\com\fsck\k9\activity\K9ListActivity.java,K9ListActivity,99,2,7,1,2,False,False,3,False,False,10,5,8,15,False,False,False,True,False,public,6,1,0,False,Interfacer
237,\src\com\fsck\k9\activity\K9PreferenceActivity.PreferenceChangeListener.java,PreferenceChangeListener,23,1,1,0,0,False,False,3,True,False,0,2,2,2,True,False,True,True,False,private,1,0,0,False,Service Provider
238,\src\com\fsck\k9\controller\MessagingController.java,MessagingController,4613,29,118,8,11,False,False,2,True,True,344,330,59,524,False,False,False,True,False,public,64,53,0,False,Controller
239,\src\com\fsck\k9\activity\K9PreferenceActivity.java,K9PreferenceActivity,61,0,3,1,0,False,False,3,False,False,0,7,4,4,False,False,False,True,False,public,1,0,2,False,Coordinator
240,\src\com\fsck\k9\activity\LauncherShortcuts.AccountsAdapter.java,AccountsAdapter,65,0,1,0,1,False,False,2,True,False,4,3,7,10,False,False,True,True,False,default,1,0,0,False,Interfacer
241,\src\com\fsck\k9\activity\LauncherShortcuts.java,LauncherShortcuts,61,2,4,1,0,False,False,2,False,False,2,6,12,6,False,False,False,True,False,public,2,2,0,False,Interfacer
242,\src\com\fsck\k9\activity\MessageCompose.Attachment.java,Attachment,14,5,0,0,0,False,False,1,False,False,0,0,5,0,True,False,True,True,False,default,0,0,0,False,Information Holder
243,\src\com\fsck\k9\activity\ManageIdentities.java,ManageIdentities,141,3,9,1,0,False,False,2,False,False,7,9,10,12,False,False,False,True,False,public,6,2,1,False,Interfacer
244,\src\com\fsck\k9\activity\MessageCompose.IdentityField.java,IdentityField,33,8,2,0,1,False,False,2,False,False,0,0,3,0,False,False,True,False,True,private,2,0,0,False,Information Holder
245,\src\com\fsck\k9\activity\MessageCompose.Listener.java,Listener,84,0,5,0,0,False,False,1,True,False,9,19,6,3,False,False,True,True,False,default,5,0,0,False,Service Provider
246,\src\com\fsck\k9\activity\MessageCompose.SaveMessageTask.java,SaveMessageTask,57,0,1,0,0,False,False,3,False,False,3,1,9,3,False,False,True,True,False,private,0,0,1,False,Service Provider
247,\src\com\fsck\k9\activity\MessageCompose.SendMessageTask.java,SendMessageTask,49,0,1,0,0,False,False,3,False,False,1,1,10,2,False,False,True,True,False,private,0,0,1,False,Service Provider
248,\src\com\fsck\k9\activity\MessageInfoHolder.java,MessageInfoHolder,54,19,3,0,1,False,False,3,True,False,2,2,3,2,False,False,False,True,False,public,3,0,0,False,Information Holder
249,\src\com\fsck\k9\activity\MessageList.AttachmentComparator.java,AttachmentComparator,15,0,1,0,0,False,False,2,True,False,0,2,1,1,True,False,True,True,False,public,1,0,0,False,Service Provider
250,\src\com\fsck\k9\activity\MessageList.ComparatorChain.java,ComparatorChain,34,1,1,0,0,False,False,2,False,False,1,2,2,0,True,False,True,True,False,public,1,0,0,False,Service Provider
251,\src\com\fsck\k9\activity\MessageList.DateComparator.java,DateComparator,15,0,1,0,0,False,False,2,True,False,0,2,1,0,True,False,True,True,False,public,1,0,0,False,Service Provider
252,\src\com\fsck\k9\activity\MessageList.FlaggedComparator.java,FlaggedComparator,15,0,1,0,0,False,False,2,True,False,0,2,1,0,True,False,True,True,False,public,1,0,0,False,Service Provider
253,\src\com\fsck\k9\activity\MessageList.FooterViewHolder.java,FooterViewHolder,13,2,0,0,0,False,False,3,True,False,0,0,2,0,True,False,True,True,False,default,0,0,0,False,Information Holder
254,\src\com\fsck\k9\activity\MessageList.MessageViewHolder.java,MessageViewHolder,58,9,1,0,0,False,False,3,True,False,5,2,5,0,False,False,True,True,False,default,1,0,0,False,Service Provider
255,\src\com\fsck\k9\activity\MessageList.MessageListHandler.java,MessageListHandler,229,0,12,2,1,False,False,3,True,False,17,5,8,10,False,False,True,True,False,default,4,7,1,False,Service Provider
256,\src\com\fsck\k9\activity\MessageList.MyGestureDetector.java,MyGestureDetector,39,0,1,0,0,False,False,3,True,False,4,4,3,4,False,False,True,True,False,default,1,0,0,False,Service Provider
257,\src\com\fsck\k9\activity\MessageList.ReverseComparator.java,ReverseComparator,25,1,1,0,0,False,False,2,True,False,0,2,1,0,True,False,True,True,False,public,1,0,0,False,Coordinator
258,\src\com\fsck\k9\activity\MessageList.SenderComparator.java,SenderComparator,15,0,1,0,0,False,False,2,True,False,0,2,1,1,True,False,True,True,False,public,1,0,0,False,Service Provider
259,\src\com\fsck\k9\activity\MessageList.MessageListAdapter.java,MessageListAdapter,770,7,21,0,10,False,False,3,True,False,53,34,29,71,False,False,True,True,False,default,16,5,0,False,Controller
260,\src\com\fsck\k9\activity\MessageList.StorageListenerImplementation.java,StorageListenerImplementation,30,0,2,0,0,False,False,3,False,False,1,2,1,1,False,False,True,True,False,private,2,0,0,False,Service Provider
261,\src\com\fsck\k9\activity\MessageList.SubjectComparator.java,SubjectComparator,25,0,1,0,0,False,False,2,True,False,2,2,2,2,True,False,True,True,False,public,1,0,0,False,Service Provider
262,\src\com\fsck\k9\activity\MessageList.UnreadComparator.java,UnreadComparator,15,0,1,0,0,False,False,2,True,False,0,2,1,0,True,False,True,True,False,public,1,0,0,False,Service Provider
263,\src\com\fsck\k9\activity\MessageCompose.java,MessageCompose,2493,78,58,1,2,False,False,2,False,False,212,62,62,260,False,False,False,True,False,public,17,38,3,False,Interfacer
264,\src\com\fsck\k9\activity\MessageReference.java,MessageReference,44,4,3,0,0,False,False,2,False,False,2,1,1,3,False,False,False,True,False,public,3,0,0,False,Service Provider
265,\src\com\fsck\k9\activity\MessageView.Listener.java,Listener,160,0,8,0,0,False,False,1,True,False,13,33,7,15,False,False,True,True,False,default,8,0,0,False,Service Provider
266,\src\com\fsck\k9\activity\MessageView.MessageViewHandler.java,MessageViewHandler,142,0,9,2,0,False,False,3,True,False,2,5,9,6,False,False,True,True,False,default,9,0,0,False,Service Provider
267,\src\com\fsck\k9\activity\MessageView.StorageListenerImplementation.java,StorageListenerImplementation,28,0,2,0,0,False,False,3,False,False,1,2,6,1,False,False,True,True,False,private,2,0,0,False,Service Provider
268,\src\com\fsck\k9\activity\ProgressListener.java,ProgressListener,32,0,0,0,0,False,False,2,True,False,0,0,1,0,False,True,False,False,False,public,0,0,0,False,Service Provider
269,\src\com\fsck\k9\activity\Search.java,Search,5,0,0,0,0,False,False,1,False,False,0,0,1,0,False,False,False,True,False,public,0,0,0,False,Information Holder
270,\src\com\fsck\k9\activity\SearchModifier.java,SearchModifier,19,5,0,0,0,False,False,2,True,False,0,0,2,0,False,False,False,False,True,default,0,0,0,False,Information Holder
271,\src\com\fsck\k9\activity\setup\AccountSettings.PopulateFolderPrefsTask.java,PopulateFolderPrefsTask,77,3,3,0,0,False,False,4,False,False,0,2,7,14,False,False,True,True,False,private,0,0,3,False,Service Provider
272,\src\com\fsck\k9\activity\MessageList.java,MessageList,1875,55,75,3,0,False,False,2,False,False,132,80,50,131,False,False,False,True,False,public,28,45,2,False,Interfacer
273,\src\com\fsck\k9\activity\setup\AccountSetupAccountType.java,AccountSetupAccountType,113,4,7,0,0,False,False,4,False,False,1,6,14,14,False,False,False,True,False,public,3,4,0,False,Interfacer
274,\src\com\fsck\k9\activity\setup\AccountSetupBasics.Provider.java,Provider,24,9,0,0,0,False,False,1,True,False,0,0,3,0,True,False,True,True,False,default,0,0,0,False,Information Holder
275,\src\com\fsck\k9\activity\MessageView.java,MessageView,1412,44,61,6,0,False,False,2,False,False,101,40,34,110,False,False,False,True,False,public,15,37,9,False,Interfacer
276,\src\com\fsck\k9\activity\setup\AccountSetupBasics.java,AccountSetupBasics,412,12,19,0,3,False,False,3,False,False,17,21,23,37,False,False,False,True,False,public,10,8,1,False,Structurer
277,\src\com\fsck\k9\activity\setup\AccountSetupCheckSettings.java,AccountSetupCheckSettings,333,12,9,1,0,False,False,4,False,False,20,14,24,34,False,False,False,True,False,public,5,4,0,False,Interfacer
278,\src\com\fsck\k9\activity\setup\AccountSetupComposition.java,AccountSetupComposition,135,10,7,0,0,False,False,3,False,False,5,9,14,19,False,False,False,True,False,public,6,1,0,False,Interfacer
279,\src\com\fsck\k9\activity\setup\AccountSettings.java,AccountSettings,851,109,17,0,0,False,False,2,False,False,17,11,25,216,False,False,False,True,False,public,8,9,0,False,Interfacer
280,\src\com\fsck\k9\activity\setup\AccountSetupNames.java,AccountSetupNames,95,5,5,0,0,False,False,3,False,False,4,4,14,8,False,False,False,True,False,public,3,1,1,False,Interfacer
281,\src\com\fsck\k9\activity\setup\AccountSetupOptions.java,AccountSetupOptions,151,8,4,0,0,False,False,3,False,False,4,5,12,15,False,False,False,True,False,public,3,1,0,False,Interfacer
282,\src\com\fsck\k9\activity\setup\AccountSetupIncoming.java,AccountSetupIncoming,485,28,10,0,0,False,False,3,False,False,24,12,18,54,False,False,False,True,False,public,6,3,1,False,Interfacer
283,\src\com\fsck\k9\activity\setup\FolderSettings.java,FolderSettings,169,14,5,0,0,False,False,2,False,False,2,6,17,33,False,False,False,True,False,public,4,1,0,False,Interfacer
284,\src\com\fsck\k9\activity\setup\AccountSetupOutgoing.java,AccountSetupOutgoing,343,16,11,0,0,False,False,3,False,False,16,14,20,31,False,False,False,True,False,public,7,3,1,False,Interfacer
285,\src\com\fsck\k9\activity\setup\FontSizeSettings.java,FontSizeSettings,156,32,4,0,0,False,False,3,False,False,1,4,9,37,False,False,False,True,False,public,3,1,0,False,Interfacer
286,\src\com\fsck\k9\activity\setup\SpinnerHelper.EntryValue.java,EntryValue,27,2,3,0,2,False,False,2,False,False,0,0,0,0,True,False,True,True,False,private,3,0,0,False,Information Holder
287,\src\com\fsck\k9\activity\setup\SpinnerHelper.java,SpinnerHelper,61,0,4,0,2,False,False,2,True,False,4,12,3,6,False,False,False,True,False,public,4,0,0,False,Service Provider
288,\src\com\fsck\k9\activity\setup\SpinnerOption.java,SpinnerOption,32,2,2,1,0,False,False,2,False,False,1,2,1,1,False,False,False,True,False,public,2,0,0,False,Information Holder
289,\src\com\fsck\k9\activity\setup\Prefs.java,Prefs,326,62,6,0,0,False,False,1,False,False,8,4,24,76,False,False,False,True,False,public,3,3,0,False,Interfacer
