index,fullpathname,classname,loc,numAttr,numMethod,setters,getters,isPersist,isCollection,numWordName,isOrEr,isController,numIfs,numParameters,numImports,numOutboundInvocation,isStaticClass,isInterface,isInnerClass,isClass,isEnum,classPublicity,numPublicMethods,numPrivateMethods,numProtectedMethods,isAbstract,pred_label
15,\src\com\nobu_games\android\view\web\TitleBarWebView.TouchBlockView.java,TouchBlockView,50,0,1,0,0,False,False,3,False,False,2,1,3,1,False,False,True,True,False,private,1,0,0,False,Service Provider
16,\src\com\fsck\k9\Account.FolderMode.java,FolderMode,8,5,0,0,0,False,False,2,False,False,0,0,0,0,False,False,True,False,True,public,0,0,0,False,Information Holder
17,\src\com\fsck\k9\Account.MessageFormat.java,MessageFormat,8,3,0,0,0,False,False,2,False,False,0,0,0,0,False,False,True,False,True,public,0,0,0,False,Information Holder
18,\src\com\fsck\k9\Account.QuoteStyle.java,QuoteStyle,8,2,0,0,0,False,False,2,False,False,0,0,0,0,False,False,True,False,True,public,0,0,0,False,Information Holder
19,\src\com\nobu_games\android\view\web\TitleBarWebView.java,TitleBarWebView,285,9,13,2,3,False,False,4,False,False,21,14,15,19,False,False,False,True,False,public,4,3,6,False,Interfacer
20,\src\com\fsck\k9\Account.Searchable.java,Searchable,8,3,0,0,0,False,False,1,False,False,0,0,0,0,False,False,True,False,True,public,0,0,0,False,Information Holder
21,\src\com\fsck\k9\Account.ShowPictures.java,ShowPictures,8,3,0,0,0,False,False,2,False,False,0,0,0,0,False,False,True,False,True,public,0,0,0,False,Information Holder
22,\src\com\fsck\k9\Account.SortType.java,SortType,32,9,2,0,1,False,False,2,False,False,1,1,0,0,False,False,True,False,True,public,2,0,0,False,Information Holder
23,\src\com\fsck\k9\AccountStats.java,AccountStats,12,5,0,0,0,False,False,2,False,False,0,0,1,0,False,False,False,True,False,public,0,0,0,False,Information Holder
24,\src\com\fsck\k9\BaseAccount.java,BaseAccount,8,0,0,0,0,False,False,2,False,False,0,0,0,0,False,True,False,False,False,public,0,0,0,False,Information Holder
25,\src\com\fsck\k9\EmailAddressAdapter.java,EmailAddressAdapter,47,1,3,0,0,False,False,3,True,False,0,5,7,2,False,False,False,True,False,public,3,0,0,False,Service Provider
26,\src\com\fsck\k9\EmailAddressValidator.java,EmailAddressValidator,14,0,3,0,0,False,False,3,True,False,0,3,2,1,False,False,False,True,False,public,3,0,0,False,Service Provider
27,\src\com\fsck\k9\EmailReceivedIntent.java,EmailReceivedIntent,12,9,0,0,0,False,False,3,False,False,0,0,0,0,False,False,False,True,False,public,0,0,0,False,Information Holder
28,\src\com\fsck\k9\Identity.java,Identity,51,7,13,6,6,False,False,1,False,False,0,6,1,0,False,False,False,True,False,public,13,0,0,False,Information Holder
29,\src\com\fsck\k9\K9.ApplicationAware.java,ApplicationAware,11,0,0,0,0,False,False,2,False,False,0,0,0,0,True,True,True,False,False,public,0,0,0,False,Service Provider
30,\src\com\fsck\k9\FontSizes.java,FontSizes,311,41,37,17,18,False,False,2,False,False,2,19,2,1,False,False,False,True,False,public,37,0,0,False,Information Holder
31,\src\com\fsck\k9\K9.BACKGROUND_OPS.java,OPS,4,4,0,0,0,False,False,3,False,False,0,0,0,0,False,False,False,False,True,public,0,0,0,False,Information Holder
32,\src\com\fsck\k9\K9.Intents.java,Intents,25,0,0,0,0,False,False,1,False,False,0,0,0,0,True,False,True,True,False,public,0,0,0,False,Information Holder
33,\src\com\fsck\k9\K9.NotificationHideSubject.java,NotificationHideSubject,6,3,0,0,0,False,False,3,False,False,0,0,0,0,False,False,True,False,True,public,0,0,0,False,Information Holder
34,\src\com\fsck\k9\Account.java,Account,1433,107,173,65,57,False,False,1,False,False,42,97,37,84,False,False,False,True,False,public,168,4,1,False,Information Holder
35,\src\com\fsck\k9\NotificationSetting.java,NotificationSetting,121,7,16,7,6,False,False,2,False,False,1,9,0,0,False,False,False,True,False,public,16,0,0,False,Information Holder
36,\src\com\fsck\k9\Preferences.java,Preferences,133,7,10,1,6,False,False,1,False,False,12,4,11,14,False,False,False,True,False,public,10,0,0,False,Structurer
37,\src\com\fsck\k9\view\AccessibleWebView.java,AccessibleWebView,94,4,8,1,1,False,False,3,False,False,3,10,11,2,False,False,False,True,False,public,6,2,0,False,Interfacer
38,\src\com\fsck\k9\view\AttachmentView.AttachmentFileDownloadCallback.java,AttachmentFileDownloadCallback,13,0,0,0,0,False,False,4,False,False,0,0,0,0,False,True,True,False,False,public,0,0,0,False,Service Provider
39,\src\com\fsck\k9\K9.java,K9,868,86,99,44,15,False,False,1,False,False,16,54,35,35,False,False,False,True,False,public,94,3,2,False,Controller
40,\src\com\fsck\k9\view\ColorChip.java,ColorChip,69,7,1,0,0,False,False,2,False,False,3,0,5,10,False,False,False,True,False,public,1,0,0,False,Coordinator
41,\src\com\fsck\k9\view\AttachmentView.java,AttachmentView,296,13,15,1,2,False,False,2,False,False,17,10,32,24,False,False,False,True,False,public,12,3,0,False,Interfacer
42,\src\com\fsck\k9\view\ColorPickerBox.java,ColorPickerBox,54,8,2,1,0,False,False,3,False,False,1,2,6,1,False,False,False,True,False,public,1,0,1,False,Interfacer
43,\src\com\fsck\k9\view\ImageButtonAnchor.java,ImageButtonAnchor,25,0,2,0,0,False,False,3,True,False,0,2,5,0,False,False,False,True,False,public,2,0,0,False,Coordinator
44,\src\com\fsck\k9\view\MessageHeader.HeaderEntry.java,HeaderEntry,9,2,0,0,0,False,False,2,False,False,0,0,0,0,True,False,True,True,False,private,0,0,0,False,Information Holder
45,\src\com\fsck\k9\view\MessageCryptoView.java,MessageCryptoView,123,7,4,2,0,False,False,3,False,False,11,4,14,10,False,False,False,True,False,public,4,0,0,False,Interfacer
46,\src\com\fsck\k9\view\MessageHeader.OnLayoutChangedListener.java,OnLayoutChangedListener,4,0,0,0,0,False,False,4,True,False,0,0,0,0,False,True,True,False,False,public,0,0,0,False,Service Provider
47,\src\com\fsck\k9\view\MessageHeader.SavedState.java,SavedState,30,2,1,0,0,False,False,2,False,False,0,2,2,2,True,False,True,True,False,default,1,0,0,False,Information Holder
48,\src\com\fsck\k9\view\MessageTitleView.java,MessageTitleView,48,2,2,1,0,False,False,3,False,False,4,2,6,1,False,False,False,True,False,public,2,0,0,False,Interfacer
49,\src\com\fsck\k9\view\MessageHeader.java,MessageHeader,349,26,17,2,1,False,False,2,True,False,15,10,35,36,False,False,False,True,False,public,9,8,0,False,Interfacer
50,\src\com\fsck\k9\view\MessageWebView.java,MessageWebView,151,1,7,1,0,False,False,3,False,False,7,3,13,11,False,False,False,True,False,public,5,2,0,False,Interfacer
51,\src\com\fsck\k9\view\SingleMessageView.DownloadImageTask.java,DownloadImageTask,115,0,2,0,0,False,False,3,False,False,12,2,18,15,False,False,True,True,False,default,0,0,2,False,Service Provider
52,\src\com\fsck\k9\view\SingleMessageView.SavedState.java,SavedState,38,4,1,0,0,False,False,2,False,False,0,2,4,4,True,False,True,True,False,default,1,0,0,False,Information Holder
53,\src\com\fsck\k9\service\BootReceiver.java,BootReceiver,118,5,5,0,0,False,False,2,True,False,9,11,9,8,False,False,False,True,False,public,4,1,0,False,Service Provider
54,\src\com\fsck\k9\service\CoreReceiver.java,CoreReceiver,72,4,5,0,1,False,False,2,True,False,9,9,10,3,False,False,False,True,False,public,3,2,0,False,Service Provider
55,\src\com\fsck\k9\view\SingleMessageView.java,SingleMessageView,672,38,42,8,2,False,False,3,False,False,36,40,42,57,False,False,False,True,False,public,37,5,0,False,Interfacer
56,\src\com\fsck\k9\service\PollService.Listener.java,Listener,77,3,9,1,1,False,False,1,True,False,6,12,9,8,False,False,True,True,False,default,8,1,0,False,Service Provider
57,\src\com\fsck\k9\service\CoreService.java,CoreService,388,8,12,1,0,False,False,2,False,False,19,19,15,22,False,False,False,True,False,public,6,0,6,True,Service Provider
58,\src\com\fsck\k9\service\PollService.java,PollService,62,3,5,0,0,False,False,2,False,False,6,5,6,7,False,False,False,True,False,public,5,0,0,False,Service Provider
59,\src\com\fsck\k9\service\PushService.java,PushService,48,2,5,0,0,False,False,2,False,False,3,5,5,3,False,False,False,True,False,public,5,0,0,False,Service Provider
60,\src\com\fsck\k9\service\RemoteControlReceiver.java,RemoteControlReceiver,40,0,1,0,0,False,False,3,True,False,2,3,9,5,False,False,False,True,False,public,1,0,0,False,Service Provider
61,\src\com\fsck\k9\service\MailService.java,MailService,376,14,23,1,1,False,False,2,False,False,40,32,16,56,False,False,False,True,False,public,12,11,0,False,Controller
62,\src\com\fsck\k9\service\ShutdownReceiver.java,ShutdownReceiver,34,0,1,0,0,False,False,2,True,False,1,2,5,1,False,False,False,True,False,public,1,0,0,False,Service Provider
63,\src\com\fsck\k9\service\RemoteControlService.java,RemoteControlService,143,4,2,1,0,False,False,3,False,False,22,5,14,17,False,False,False,True,False,public,2,0,0,False,Controller
64,\src\com\fsck\k9\service\SleepService.SleepDatum.java,SleepDatum,9,4,0,0,0,False,False,2,False,False,0,0,2,0,True,False,True,True,False,private,0,0,0,False,Information Holder
65,\src\com\fsck\k9\service\StorageGoneReceiver.java,StorageGoneReceiver,35,0,1,0,0,False,False,3,True,False,3,2,7,5,False,False,False,True,False,public,1,0,0,False,Service Provider
66,\src\com\fsck\k9\service\SleepService.java,SleepService,114,4,4,0,0,False,False,2,False,False,17,8,9,13,False,False,False,True,False,public,2,2,0,False,Service Provider
67,\src\com\fsck\k9\service\StorageReceiver.java,StorageReceiver,29,0,1,0,0,False,False,2,True,False,3,2,7,5,False,False,False,True,False,public,1,0,0,False,Service Provider
68,\src\com\fsck\k9\search\ConditionsTreeNode.Operator.java,Operator,11,3,0,0,0,False,False,1,True,False,0,0,0,0,False,False,True,False,True,public,0,0,0,False,Information Holder
69,\src\com\fsck\k9\search\ConditionsTreeNode.java,ConditionsTreeNode,361,8,18,0,3,False,False,3,False,False,16,15,10,17,False,False,False,True,False,public,11,6,0,False,Structurer
70,\src\com\fsck\k9\search\SearchAccount.java,SearchAccount,74,4,8,2,4,False,False,2,False,False,2,4,6,1,False,False,False,True,False,public,8,0,0,False,Structurer
71,\src\com\fsck\k9\search\LocalSearch.java,LocalSearch,369,6,23,1,6,False,False,2,False,False,11,16,7,19,False,False,False,True,False,public,23,0,0,False,Structurer
72,\src\com\fsck\k9\search\SearchModifier.java,SearchModifier,18,5,0,0,0,False,False,2,True,False,0,0,2,0,False,False,False,False,True,public,0,0,0,False,Information Holder
73,\src\com\fsck\k9\search\SearchSpecification.Attribute.java,Attribute,11,8,0,0,0,False,False,1,False,False,0,0,0,0,False,False,True,False,True,public,0,0,0,False,Information Holder
74,\src\com\fsck\k9\search\SearchSpecification.SearchCondition.java,SearchCondition,58,4,5,0,0,False,False,2,False,False,2,3,2,7,False,False,True,True,False,public,5,0,0,False,Information Holder
75,\src\com\fsck\k9\search\SearchSpecification.Searchfield.java,Searchfield,19,16,0,0,0,False,False,1,False,False,0,0,0,0,False,False,True,False,True,public,0,0,0,False,Information Holder
76,\src\com\fsck\k9\search\SearchSpecification.java,SearchSpecification,55,1,0,0,0,False,False,2,False,False,0,0,1,0,False,True,False,False,False,public,0,0,0,False,Information Holder
77,\src\com\fsck\k9\search\SqlQueryBuilder.java,SqlQueryBuilder,206,0,7,0,2,False,False,3,True,False,10,18,8,4,False,False,False,True,False,public,1,6,0,False,Service Provider
78,\src\com\fsck\k9\remotecontrol\AccountReceiver.java,AccountReceiver,23,1,1,0,0,False,False,2,True,False,2,2,5,1,False,False,False,True,False,default,1,0,0,False,Service Provider
79,\src\com\fsck\k9\remotecontrol\K9AccountReceptor.java,K9AccountReceptor,10,0,0,0,0,False,False,3,True,False,0,0,0,0,False,True,False,False,False,public,0,0,0,False,Service Provider
80,\src\com\fsck\k9\provider\AttachmentProvider.AttachmentProviderColumns.java,AttachmentProviderColumns,16,4,0,0,0,False,False,3,False,False,0,0,1,0,True,False,True,True,False,public,0,0,0,False,Information Holder
81,\src\com\fsck\k9\remotecontrol\K9RemoteControl.java,K9RemoteControl,118,30,2,1,0,False,False,3,False,False,0,4,3,0,False,False,False,True,False,public,2,0,0,False,Information Holder
82,\src\com\fsck\k9\provider\EmailProvider.IdTrickeryCursor.java,IdTrickeryCursor,34,0,2,0,2,False,False,3,True,False,2,2,2,0,True,False,True,True,False,default,2,0,0,False,Service Provider
83,\src\com\fsck\k9\provider\EmailProvider.InternalMessageColumns.java,InternalMessageColumns,20,5,0,0,0,False,False,3,False,False,0,0,0,0,False,True,True,False,False,private,0,0,0,False,Information Holder
84,\src\com\fsck\k9\provider\AttachmentProvider.java,AttachmentProvider,268,5,18,0,8,False,False,2,True,False,14,43,20,31,False,False,False,True,False,public,12,6,0,False,Service Provider
85,\src\com\fsck\k9\provider\EmailProvider.MessageColumns.java,MessageColumns,33,18,0,0,0,False,False,2,False,False,0,0,0,0,False,True,True,False,False,public,0,0,0,False,Information Holder
86,\src\com\fsck\k9\provider\EmailProvider.SpecialColumns.java,SpecialColumns,18,3,0,0,0,False,False,2,False,False,0,0,0,0,False,True,True,False,False,public,0,0,0,False,Information Holder
87,\src\com\fsck\k9\provider\EmailProvider.SpecialColumnsCursor.java,SpecialColumnsCursor,144,3,14,0,13,False,False,3,True,False,12,12,4,2,True,False,True,True,False,default,14,0,0,False,Information Holder
88,\src\com\fsck\k9\provider\MessageProvider.AccountColorExtractor.java,AccountColorExtractor,8,0,1,0,1,False,False,3,True,False,0,1,1,1,True,False,True,True,False,public,1,0,0,False,Coordinator
89,\src\com\fsck\k9\provider\MessageProvider.AccountExtractor.java,AccountExtractor,8,0,1,0,1,False,False,2,True,False,0,1,1,1,True,False,True,True,False,public,1,0,0,False,Coordinator
90,\src\com\fsck\k9\provider\MessageProvider.AccountNumberExtractor.java,AccountNumberExtractor,8,0,1,0,1,False,False,3,True,False,0,1,1,1,True,False,True,True,False,public,1,0,0,False,Coordinator
91,\src\com\fsck\k9\provider\EmailProvider.java,EmailProvider,302,9,11,0,5,True,False,2,True,False,15,30,22,9,False,False,False,True,False,public,6,3,2,False,Service Provider
92,\src\com\fsck\k9\provider\MessageProvider.AccountsQueryHandler.java,AccountsQueryHandler,49,4,3,0,2,False,False,3,True,False,2,6,5,5,False,False,True,True,False,protected,3,0,0,False,Service Provider
93,\src\com\fsck\k9\provider\MessageProvider.CountExtractor.java,CountExtractor,11,1,1,0,1,False,False,2,True,False,0,1,0,0,True,False,True,True,False,public,1,0,0,False,Information Holder
94,\src\com\fsck\k9\provider\MessageProvider.DeleteUriExtractor.java,DeleteUriExtractor,12,0,1,0,1,False,False,3,True,False,0,1,2,2,True,False,True,True,False,public,1,0,0,False,Coordinator
95,\src\com\fsck\k9\provider\MessageProvider.FieldExtractor.java,FieldExtractor,4,0,0,0,0,False,False,2,True,False,0,0,0,0,True,True,True,False,False,public,0,0,0,False,Service Provider
96,\src\com\fsck\k9\provider\MessageProvider.HasAttachmentsExtractor.java,HasAttachmentsExtractor,8,0,1,0,1,False,False,3,True,False,0,1,1,1,True,False,True,True,False,public,1,0,0,False,Coordinator
97,\src\com\fsck\k9\provider\MessageProvider.HasStarExtractor.java,HasStarExtractor,9,0,1,0,1,False,False,3,True,False,0,1,2,0,True,False,True,True,False,public,1,0,0,False,Coordinator
98,\src\com\fsck\k9\provider\MessageProvider.IdExtractor.java,IdExtractor,8,0,1,0,1,False,False,2,True,False,0,1,1,1,True,False,True,True,False,public,1,0,0,False,Coordinator
99,\src\com\fsck\k9\provider\MessageProvider.IncrementExtractor.java,IncrementExtractor,11,1,1,0,1,False,False,2,True,False,0,1,1,0,True,False,True,True,False,public,1,0,0,False,Coordinator
100,\src\com\fsck\k9\provider\MessageProvider.MessageColumns.java,MessageColumns,57,14,0,0,0,False,False,2,False,False,0,0,1,0,True,True,True,False,False,public,0,0,0,False,Information Holder
101,\src\com\fsck\k9\provider\MessageProvider.MessagesQueryHandler.java,MessagesQueryHandler,105,0,4,0,2,False,False,3,True,False,3,8,12,23,False,False,True,True,False,protected,2,0,2,False,Structurer
102,\src\com\fsck\k9\provider\MessageProvider.MesssageInfoHolderRetrieverListener.java,MesssageInfoHolderRetrieverListener,51,2,2,0,0,False,False,5,True,False,0,4,14,2,False,False,True,True,False,protected,2,0,0,False,Structurer
103,\src\com\fsck\k9\provider\MessageProvider.PreviewExtractor.java,PreviewExtractor,8,0,1,0,1,False,False,2,True,False,0,1,1,1,True,False,True,True,False,public,1,0,0,False,Coordinator
104,\src\com\fsck\k9\provider\MessageProvider.MonitoredCursor.java,MonitoredCursor,270,3,44,1,18,False,False,2,True,False,2,27,12,24,True,False,True,True,False,protected,42,0,2,False,Service Provider
105,\src\com\fsck\k9\provider\MessageProvider.QueryHandler.java,QueryHandler,23,0,0,0,0,False,False,2,True,False,0,0,2,0,True,True,True,False,False,protected,0,0,0,False,Service Provider
106,\src\com\fsck\k9\provider\MessageProvider.ReverseDateComparator.java,ReverseDateComparator,15,0,1,0,0,False,False,3,True,False,1,2,2,0,True,False,True,True,False,public,1,0,0,False,Service Provider
107,\src\com\fsck\k9\provider\MessageProvider.SendDateExtractor.java,SendDateExtractor,8,0,1,0,1,False,False,3,True,False,0,1,1,1,True,False,True,True,False,public,1,0,0,False,Coordinator
108,\src\com\fsck\k9\provider\MessageProvider.SenderAddressExtractor.java,SenderAddressExtractor,8,0,1,0,1,False,False,3,True,False,0,1,1,0,True,False,True,True,False,public,1,0,0,False,Coordinator
109,\src\com\fsck\k9\provider\MessageProvider.SenderExtractor.java,SenderExtractor,8,0,1,0,1,False,False,2,True,False,0,1,1,0,True,False,True,True,False,public,1,0,0,False,Coordinator
110,\src\com\fsck\k9\provider\MessageProvider.SubjectExtractor.java,SubjectExtractor,8,0,1,0,1,False,False,2,True,False,0,1,1,1,True,False,True,True,False,public,1,0,0,False,Coordinator
111,\src\com\fsck\k9\provider\MessageProvider.ThrottlingQueryHandler.java,ThrottlingQueryHandler,49,1,2,0,1,False,False,3,True,False,2,5,7,6,False,False,True,True,False,protected,2,0,0,False,Service Provider
112,\src\com\fsck\k9\provider\MessageProvider.UnreadExtractor.java,UnreadExtractor,8,0,1,0,1,False,False,2,True,False,0,1,1,0,True,False,True,True,False,public,1,0,0,False,Coordinator
113,\src\com\fsck\k9\provider\MessageProvider.UnreadQueryHandler.java,UnreadQueryHandler,53,0,3,0,2,False,False,3,True,False,2,6,10,6,False,False,True,True,False,protected,3,0,0,False,Service Provider
114,\src\com\fsck\k9\provider\MessageProvider.UriExtractor.java,UriExtractor,8,0,1,0,1,False,False,2,True,False,0,1,1,0,True,False,True,True,False,public,1,0,0,False,Coordinator
115,\src\com\fsck\k9\provider\MessageProvider.java,MessageProvider,227,8,7,0,1,False,False,2,True,False,16,16,21,11,False,False,False,True,False,public,6,0,1,False,Coordinator
116,\src\com\fsck\k9\provider\UnreadWidgetProvider.java,UnreadWidgetProvider,110,1,4,0,0,False,False,3,True,False,5,10,18,8,False,False,False,True,False,public,4,0,0,False,Service Provider
117,\src\com\fsck\k9\preferences\AccountSettings.DeletePolicySetting.java,DeletePolicySetting,31,1,2,0,1,False,True,3,False,False,1,1,5,0,True,False,True,True,False,public,1,0,1,False,Structurer
118,\src\com\fsck\k9\preferences\AccountSettings.IntegerResourceSetting.java,IntegerResourceSetting,31,1,2,0,1,False,True,3,False,False,0,1,5,1,True,False,True,True,False,public,1,0,1,False,Structurer
119,\src\com\fsck\k9\preferences\AccountSettings.RingtoneSetting.java,RingtoneSetting,12,0,1,0,0,False,False,2,False,False,0,1,1,0,True,False,True,True,False,public,1,0,0,False,Service Provider
120,\src\com\fsck\k9\preferences\AccountSettings.StorageProviderSetting.java,StorageProviderSetting,23,0,2,0,1,False,False,3,False,False,1,1,4,2,True,False,True,True,False,public,2,0,0,False,Service Provider
121,\src\com\fsck\k9\preferences\AccountSettings.StringResourceSetting.java,StringResourceSetting,29,1,2,0,1,False,True,3,False,False,1,1,5,1,True,False,True,True,False,public,1,0,1,False,Structurer
122,\src\com\fsck\k9\preferences\CheckBoxListPreference.java,CheckBoxListPreference,58,3,5,2,1,False,False,4,False,False,1,4,5,1,False,False,False,True,False,public,3,0,2,False,Service Provider
123,\src\com\fsck\k9\preferences\AccountSettings.java,AccountSettings,270,2,4,0,1,False,False,2,False,False,1,8,14,1,False,False,False,True,False,public,4,0,0,False,Coordinator
124,\src\com\fsck\k9\preferences\Editor.java,Editor,124,5,12,0,0,False,False,1,True,False,6,14,7,12,False,False,False,True,False,public,12,0,0,False,Structurer
125,\src\com\fsck\k9\preferences\FolderSettings.java,FolderSettings,62,2,4,0,1,False,False,2,False,False,1,9,9,1,False,False,False,True,False,public,4,0,0,False,Coordinator
126,\src\com\fsck\k9\preferences\GlobalSettings.DateFormatSetting.java,DateFormatSetting,24,0,1,0,0,False,False,3,False,False,1,1,3,0,True,False,True,True,False,public,1,0,0,False,Service Provider
127,\src\com\fsck\k9\preferences\GlobalSettings.DirectorySetting.java,DirectorySetting,17,0,1,0,0,False,False,2,False,False,1,1,2,1,True,False,True,True,False,public,1,0,0,False,Service Provider
128,\src\com\fsck\k9\preferences\GlobalSettings.GalleryBugWorkaroundSetting.java,GalleryBugWorkaroundSetting,12,0,1,0,1,False,False,4,False,False,0,0,2,1,True,False,True,True,False,public,1,0,0,False,Service Provider
129,\src\com\fsck\k9\preferences\GlobalSettings.LanguageSetting.java,LanguageSetting,34,1,2,0,1,False,True,2,False,False,2,1,6,2,True,False,True,True,False,public,1,0,1,False,Structurer
130,\src\com\fsck\k9\preferences\GlobalSettings.SettingsUpgraderV12.java,SettingsUpgraderV12,21,0,1,0,0,False,False,3,False,False,1,1,6,1,True,False,True,True,False,public,1,0,0,False,Service Provider
131,\src\com\fsck\k9\preferences\GlobalSettings.ThemeSetting.java,ThemeSetting,39,2,3,0,0,False,False,2,False,False,2,3,2,1,True,False,True,True,False,public,3,0,0,False,Service Provider
132,\src\com\fsck\k9\preferences\GlobalSettings.TimeSetting.java,TimeSetting,14,0,1,0,0,False,False,2,False,False,1,1,1,0,True,False,True,True,False,public,1,0,0,False,Service Provider
133,\src\com\fsck\k9\preferences\IdentitySettings.OptionalEmailAddressSetting.java,OptionalEmailAddressSetting,29,1,4,0,0,False,False,4,False,False,1,4,2,2,True,False,True,True,False,public,4,0,0,False,Service Provider
134,\src\com\fsck\k9\preferences\IdentitySettings.SignatureSetting.java,SignatureSetting,17,0,2,0,1,False,False,2,False,False,0,1,3,1,True,False,True,True,False,public,2,0,0,False,Coordinator
135,\src\com\fsck\k9\preferences\GlobalSettings.java,GlobalSettings,272,2,4,0,1,False,False,2,False,False,1,6,15,3,False,False,False,True,False,public,4,0,0,False,Coordinator
136,\src\com\fsck\k9\preferences\IdentitySettings.java,IdentitySettings,66,2,5,0,1,False,False,2,False,False,1,10,9,1,False,False,False,True,False,public,5,0,0,False,Service Provider
137,\src\com\fsck\k9\preferences\Settings.BooleanSetting.java,BooleanSetting,23,0,1,0,0,False,False,2,False,False,1,1,0,2,True,False,True,True,False,public,1,0,0,False,Service Provider
138,\src\com\fsck\k9\preferences\Settings.ColorSetting.java,ColorSetting,36,0,3,0,0,False,False,2,False,False,1,3,0,1,True,False,True,True,False,public,3,0,0,False,Service Provider
139,\src\com\fsck\k9\preferences\Settings.EnumSetting.java,EnumSetting,25,1,1,0,0,False,False,2,False,False,0,1,0,0,True,False,True,True,False,public,1,0,0,False,Service Provider
140,\src\com\fsck\k9\preferences\Settings.FontSizeSetting.java,FontSizeSetting,42,1,2,0,1,False,True,3,False,False,1,1,4,0,True,False,True,True,False,public,1,0,1,False,Structurer
141,\src\com\fsck\k9\preferences\Settings.IntegerRangeSetting.java,IntegerRangeSetting,28,2,1,0,0,False,False,3,False,False,1,1,0,0,True,False,True,True,False,public,1,0,0,False,Service Provider
142,\src\com\fsck\k9\preferences\Settings.InvalidSettingValueException.java,InvalidSettingValueException,12,1,0,0,0,False,False,4,False,False,0,0,0,0,True,False,True,True,False,public,0,0,0,False,Information Holder
143,\src\com\fsck\k9\preferences\Settings.PseudoEnumSetting.java,PseudoEnumSetting,30,0,2,0,0,False,False,3,False,False,1,2,2,3,True,False,True,True,False,public,2,0,0,True,Service Provider
144,\src\com\fsck\k9\preferences\Settings.SettingsDescription.java,SettingsDescription,75,1,4,0,1,False,False,2,False,False,0,3,0,1,True,False,True,True,False,public,4,0,0,True,Information Holder
145,\src\com\fsck\k9\preferences\Settings.SettingsUpgrader.java,SettingsUpgrader,24,0,0,0,0,False,False,2,True,False,0,0,2,0,False,True,True,False,False,public,0,0,0,False,Service Provider
146,\src\com\fsck\k9\preferences\Settings.StringSetting.java,StringSetting,18,0,1,0,0,False,False,2,False,False,0,1,0,0,True,False,True,True,False,public,1,0,0,False,Service Provider
147,\src\com\fsck\k9\preferences\Settings.V.java,V,17,2,0,0,0,False,False,1,False,False,0,0,0,0,True,False,True,True,False,public,0,0,0,False,Information Holder
148,\src\com\fsck\k9\preferences\Settings.WebFontSizeSetting.java,WebFontSizeSetting,39,1,2,0,1,False,True,4,False,False,1,1,3,0,True,False,True,True,False,public,1,0,1,False,Structurer
149,\src\com\fsck\k9\preferences\Settings.java,Settings,275,1,4,0,0,False,False,1,False,False,13,11,9,18,False,False,False,True,False,public,4,0,0,False,Service Provider
150,\src\com\fsck\k9\preferences\SettingsImportExportException.java,SettingsImportExportException,15,0,0,0,0,False,False,4,False,False,0,0,0,0,False,False,False,True,False,public,0,0,0,False,Information Holder
151,\src\com\fsck\k9\preferences\SettingsImporter.AccountDescription.java,AccountDescription,15,2,0,0,0,False,False,2,False,False,0,0,0,0,True,False,True,True,False,public,0,0,0,False,Information Holder
152,\src\com\fsck\k9\preferences\SettingsImporter.AccountDescriptionPair.java,AccountDescriptionPair,12,3,0,0,0,False,False,3,False,False,0,0,0,0,True,False,True,True,False,public,0,0,0,False,Information Holder
153,\src\com\fsck\k9\preferences\SettingsImporter.ImportContents.java,ImportContents,16,2,0,0,0,False,False,2,False,False,0,0,1,0,True,False,True,True,False,public,0,0,0,False,Information Holder
154,\src\com\fsck\k9\preferences\SettingsImporter.ImportResults.java,ImportResults,14,3,0,0,0,False,False,2,False,False,0,0,1,0,True,False,True,True,False,public,0,0,0,False,Information Holder
155,\src\com\fsck\k9\preferences\SettingsExporter.java,SettingsExporter,427,30,8,0,0,False,False,2,True,False,31,26,27,48,False,False,False,True,False,public,2,6,0,False,Service Provider
156,\src\com\fsck\k9\preferences\SettingsImporter.Imported.java,Imported,7,3,0,0,0,False,False,1,False,False,0,0,1,0,True,False,True,True,False,private,0,0,0,False,Information Holder
157,\src\com\fsck\k9\preferences\SettingsImporter.ImportedAccount.java,ImportedAccount,11,7,0,0,0,False,False,2,False,False,0,0,1,0,True,False,True,True,False,private,0,0,0,False,Information Holder
158,\src\com\fsck\k9\preferences\SettingsImporter.ImportedFolder.java,ImportedFolder,5,2,0,0,0,False,False,2,True,False,0,0,0,0,True,False,True,True,False,private,0,0,0,False,Information Holder
159,\src\com\fsck\k9\preferences\SettingsImporter.ImportedIdentity.java,ImportedIdentity,7,4,0,0,0,False,False,2,False,False,0,0,0,0,True,False,True,True,False,private,0,0,0,False,Information Holder
160,\src\com\fsck\k9\preferences\SettingsImporter.ImportedServer.java,ImportedServer,11,8,0,0,0,False,False,2,True,False,0,0,0,0,True,False,True,True,False,private,0,0,0,False,Information Holder
161,\src\com\fsck\k9\preferences\SettingsImporter.ImportedServerSettings.java,ImportedServerSettings,33,1,3,0,1,False,False,3,False,False,0,2,4,0,True,False,True,True,False,private,1,2,0,False,Service Provider
162,\src\com\fsck\k9\preferences\SettingsImporter.ImportedSettings.java,ImportedSettings,6,1,0,0,0,False,False,2,False,False,0,0,2,0,True,False,True,True,False,private,0,0,0,False,Information Holder
163,\src\com\fsck\k9\preferences\TimePickerPreference.java,TimePickerPreference,148,4,8,1,3,False,False,3,False,False,6,5,6,2,False,False,False,True,False,public,3,3,2,False,Interfacer
164,\src\com\fsck\k9\preferences\Storage.java,Storage,359,9,25,0,8,True,False,1,False,False,29,31,16,41,False,False,False,True,False,public,13,7,5,False,Structurer
165,\src\com\fsck\k9\mail\Authentication.java,Authentication,71,1,2,0,0,False,False,1,False,False,1,6,3,0,False,False,False,True,False,public,2,0,0,False,Service Provider
166,\src\com\fsck\k9\mail\AuthenticationFailedException.java,AuthenticationFailedException,10,1,0,0,0,False,False,3,False,False,0,0,0,0,False,False,False,True,False,public,0,0,0,False,Information Holder
167,\src\com\fsck\k9\mail\Address.java,Address,316,4,18,2,2,False,False,1,False,False,28,13,18,27,False,False,False,True,False,public,18,0,0,False,Service Provider
168,\src\com\fsck\k9\mail\Body.java,Body,8,0,0,0,0,False,False,1,False,False,0,0,3,0,False,True,False,False,False,public,0,0,0,False,Service Provider
169,\src\com\fsck\k9\mail\BodyPart.java,BodyPart,10,1,2,1,1,False,False,2,False,False,0,1,0,0,False,False,False,True,False,public,2,0,0,True,Information Holder
170,\src\com\fsck\k9\preferences\SettingsImporter.java,SettingsImporter,860,0,24,0,2,False,False,2,True,False,90,64,25,95,False,False,False,True,False,public,2,22,0,False,Service Provider
171,\src\com\fsck\k9\mail\CertificateValidationException.java,CertificateValidationException,10,1,0,0,0,False,False,3,False,False,0,0,0,0,False,False,False,True,False,public,0,0,0,False,Information Holder
172,\src\com\fsck\k9\mail\ConnectionSecurity.java,ConnectionSecurity,18,5,0,0,0,False,False,2,False,False,0,0,0,0,False,False,False,False,True,public,0,0,0,False,Information Holder
173,\src\com\fsck\k9\mail\FetchProfile.Item.java,Item,42,5,0,0,0,False,False,1,False,False,0,0,0,0,False,False,True,False,True,public,0,0,0,False,Information Holder
174,\src\com\fsck\k9\mail\FetchProfile.java,FetchProfile,22,1,0,0,0,False,True,2,False,False,0,0,1,0,False,False,False,True,False,public,0,0,0,False,Structurer
175,\src\com\fsck\k9\mail\Flag.java,Flag,49,14,0,0,0,False,False,1,False,False,0,0,0,0,False,False,False,False,True,public,0,0,0,False,Information Holder
176,\src\com\fsck\k9\mail\Folder.FolderClass.java,FolderClass,4,5,0,0,0,False,False,2,False,False,0,0,0,0,False,False,True,False,True,public,0,0,0,False,Information Holder
177,\src\com\fsck\k9\mail\Folder.FolderType.java,FolderType,4,2,0,0,0,False,False,2,False,False,0,0,0,0,False,False,True,False,True,public,0,0,0,False,Information Holder
178,\src\com\fsck\k9\mail\Folder.OpenMode.java,OpenMode,4,2,0,0,0,False,False,2,False,False,0,0,0,0,False,False,True,False,True,public,0,0,0,False,Information Holder
179,\src\com\fsck\k9\mail\Message.RecipientType.java,RecipientType,4,3,0,0,0,False,False,2,False,False,0,0,0,0,False,False,True,False,True,public,0,0,0,False,Information Holder
180,\src\com\fsck\k9\mail\Folder.java,Folder,172,5,25,3,10,False,False,1,True,False,1,23,8,3,False,False,False,True,False,public,25,0,0,True,Structurer
181,\src\com\fsck\k9\mail\MessagingException.java,MessagingException,25,2,2,1,0,False,False,2,False,False,0,1,0,0,False,False,False,True,False,public,2,0,0,False,Information Holder
182,\src\com\fsck\k9\mail\Message.java,Message,188,6,19,5,4,False,False,1,False,False,6,14,10,10,False,False,False,True,False,public,18,0,1,True,Structurer
183,\src\com\fsck\k9\mail\Multipart.java,Multipart,64,3,11,3,4,False,False,1,False,False,3,9,4,4,False,False,False,True,False,public,11,0,0,True,Structurer
184,\src\com\fsck\k9\mail\Part.java,Part,18,0,0,0,0,False,False,1,False,False,0,0,2,0,False,True,False,False,False,public,0,0,0,False,Service Provider
185,\src\com\fsck\k9\mail\PushReceiver.java,PushReceiver,15,0,0,0,0,False,False,2,True,False,0,0,3,0,False,True,False,False,False,public,0,0,0,False,Service Provider
186,\src\com\fsck\k9\mail\Pusher.java,Pusher,14,0,0,0,0,False,False,1,True,False,0,0,1,0,False,True,False,False,False,public,0,0,0,False,Service Provider
187,\src\com\fsck\k9\mail\ServerSettings.java,ServerSettings,161,8,3,0,1,False,False,2,False,False,1,4,3,0,False,False,False,True,False,public,2,0,1,False,Information Holder
188,\src\com\fsck\k9\mail\Store.java,Store,144,5,12,0,4,False,False,1,False,False,8,7,8,3,False,False,False,True,False,public,12,0,0,True,Structurer
189,\src\com\fsck\k9\mail\Transport.java,Transport,63,2,3,0,1,False,False,1,False,False,3,3,3,1,False,False,False,True,False,public,3,0,0,True,Service Provider
190,\src\com\fsck\k9\mail\transport\SmtpTransport.NegativeSmtpReplyException.java,NegativeSmtpReplyException,20,3,2,0,2,False,False,4,False,False,0,0,3,0,True,False,True,True,False,default,2,0,0,False,Information Holder
191,\src\com\fsck\k9\mail\transport\TrustedSocketFactory.java,TrustedSocketFactory,57,2,4,0,0,False,False,3,False,False,0,11,15,3,False,False,False,True,False,public,4,0,0,False,Interfacer
192,\src\com\fsck\k9\mail\transport\WebDavTransport.java,WebDavTransport,57,2,5,0,0,False,False,3,False,False,3,3,8,3,False,False,False,True,False,public,5,0,0,False,Service Provider
193,\src\com\fsck\k9\mail\transport\imap\ImapSettings.java,ImapSettings,20,0,0,0,0,False,False,2,False,False,0,0,1,0,False,True,False,False,False,public,0,0,0,False,Service Provider
194,\src\com\fsck\k9\mail\store\ImapResponseParser.IImapResponseCallback.java,IImapResponseCallback,24,0,0,0,0,False,False,4,False,False,0,0,2,0,False,True,True,False,False,public,0,0,0,False,Service Provider
195,\src\com\fsck\k9\mail\transport\SmtpTransport.java,SmtpTransport,638,21,15,0,0,False,False,2,False,False,46,18,24,48,False,False,False,True,False,public,5,10,0,False,Interfacer
196,\src\com\fsck\k9\mail\store\ImapResponseParser.ImapList.java,ImapList,99,1,15,0,13,False,True,2,False,False,5,15,4,0,True,False,True,True,False,public,13,2,0,False,Structurer
197,\src\com\fsck\k9\mail\store\ImapResponseParser.ImapResponse.java,ImapResponse,26,4,2,0,1,False,False,2,False,False,1,0,0,3,False,False,True,True,False,public,2,0,0,False,Information Holder
198,\src\com\fsck\k9\mail\store\ImapStore.AuthType.java,AuthType,8,2,0,0,0,False,False,2,False,False,0,0,0,0,False,False,True,False,True,public,0,0,0,False,Information Holder
199,\src\com\fsck\k9\mail\store\ImapStore.FetchBodyCallback.java,FetchBodyCallback,33,1,1,0,0,False,False,3,False,False,1,2,6,0,True,False,True,True,False,private,1,0,0,False,Service Provider
200,\src\com\fsck\k9\mail\store\ImapStore.FetchPartCallback.java,FetchPartCallback,31,1,1,0,0,False,False,3,False,False,1,2,6,0,True,False,True,True,False,private,1,0,0,False,Service Provider
201,\src\com\fsck\k9\mail\store\ImapResponseParser.java,ImapResponseParser,359,7,19,0,0,False,False,3,True,False,22,12,6,21,False,False,False,True,False,public,4,15,0,False,Service Provider
202,\src\com\fsck\k9\mail\store\ImapStore.ImapBodyPart.java,ImapBodyPart,17,0,1,1,0,False,False,3,False,False,0,1,2,0,True,False,True,True,False,default,1,0,0,False,Service Provider
203,\src\com\fsck\k9\mail\store\ImapStore.ImapException.java,ImapException,22,2,2,1,1,False,False,2,False,False,0,1,1,0,True,False,True,True,False,default,2,0,0,False,Information Holder
204,\src\com\fsck\k9\mail\store\ImapStore.ImapConnection.java,ImapConnection,490,7,16,1,1,False,False,2,False,False,63,13,42,76,True,False,True,True,False,public,10,1,5,False,Interfacer
205,\src\com\fsck\k9\mail\store\ImapStore.ImapMessage.java,ImapMessage,39,0,5,3,0,False,False,2,False,False,0,7,7,0,True,False,True,True,False,default,5,0,0,False,Service Provider
206,\src\com\fsck\k9\mail\store\ImapStore.ImapPushState.java,ImapPushState,41,1,2,0,0,False,False,3,False,False,3,1,3,6,True,False,True,True,False,protected,1,0,1,False,Service Provider
207,\src\com\fsck\k9\mail\store\ImapStore.ImapPusher.java,ImapPusher,73,4,6,1,2,False,False,2,True,False,3,2,6,11,False,False,True,True,False,public,6,0,0,False,Service Provider
208,\src\com\fsck\k9\mail\store\ImapStore.ImapSearcher.java,ImapSearcher,14,0,0,0,0,False,False,2,True,False,0,0,4,0,False,True,True,False,False,private,0,0,0,False,Service Provider
209,\src\com\fsck\k9\mail\store\ImapStore.ImapFolderPusher.java,ImapFolderPusher,454,10,13,0,0,False,False,3,True,False,72,14,21,76,False,False,True,True,False,public,4,6,3,False,Service Provider
210,\src\com\fsck\k9\mail\store\ImapStore.ImapStoreSettings.java,ImapStoreSettings,37,4,2,0,1,False,False,3,False,False,0,1,4,1,True,False,True,True,False,public,2,0,0,False,Information Holder
211,\src\com\fsck\k9\mail\store\ImapStore.StoreImapSettings.java,StoreImapSettings,62,0,13,3,9,False,False,3,False,False,0,4,1,0,False,False,True,True,False,public,13,0,0,False,Information Holder
212,\src\com\fsck\k9\mail\store\ImapStore.UntaggedHandler.java,UntaggedHandler,11,0,0,0,0,False,False,2,True,False,0,0,1,0,False,True,True,False,False,private,0,0,0,False,Service Provider
213,\src\com\fsck\k9\mail\store\LockableDatabase.DbCallback.java,DbCallback,13,0,0,0,0,True,False,2,False,False,0,0,1,0,True,True,True,False,False,public,0,0,0,False,Service Provider
214,\src\com\fsck\k9\mail\store\LockableDatabase.SchemaDefinition.java,SchemaDefinition,9,0,0,0,0,True,False,2,False,False,0,0,1,0,True,True,True,False,False,public,0,0,0,False,Service Provider
215,\src\com\fsck\k9\mail\store\LockableDatabase.StorageListener.java,StorageListener,38,0,2,0,0,False,False,2,True,False,4,2,2,1,False,False,True,True,False,private,2,0,0,False,Service Provider
216,\src\com\fsck\k9\mail\store\ImapStore.ImapFolder.java,ImapFolder,1371,9,51,2,19,False,False,2,True,False,138,68,33,106,False,False,True,True,False,default,31,9,11,False,Structurer
217,\src\com\fsck\k9\mail\store\LockableDatabase.WrappedException.java,WrappedException,10,1,0,0,0,False,False,2,False,False,0,0,0,0,True,False,True,True,False,public,0,0,0,False,Service Provider
218,\src\com\fsck\k9\mail\store\ImapStore.java,ImapStore,585,35,18,0,5,False,False,2,False,False,38,12,36,42,False,False,False,True,False,public,10,8,0,False,Interfacer
219,\src\com\fsck\k9\mail\store\Pop3Store.AuthType.java,AuthType,8,2,0,0,0,False,False,2,False,False,0,0,3,0,False,False,True,False,True,private,0,0,0,False,Information Holder
220,\src\com\fsck\k9\mail\store\Pop3Store.Pop3Capabilities.java,Pop3Capabilities,20,5,1,0,0,False,False,2,False,False,0,0,3,0,True,False,True,True,False,default,1,0,0,False,Service Provider
221,\src\com\fsck\k9\mail\store\Pop3Store.Pop3ErrorResponse.java,Pop3ErrorResponse,9,0,0,0,0,False,False,3,False,False,0,0,3,0,True,False,True,True,False,default,0,0,0,False,Information Holder
222,\src\com\fsck\k9\mail\store\LockableDatabase.java,LockableDatabase,383,9,17,1,2,True,False,2,False,False,18,10,12,39,False,False,False,True,False,public,7,2,8,False,Service Provider
223,\src\com\fsck\k9\mail\store\Pop3Store.Pop3Message.java,Pop3Message,36,0,4,2,0,False,False,2,False,False,0,5,4,0,True,False,True,True,False,default,3,0,1,False,Service Provider
224,\src\com\fsck\k9\mail\store\Pop3Store.Pop3ResponseInputStream.java,Pop3ResponseInputStream,29,3,1,0,0,False,False,4,False,False,3,0,3,3,True,False,True,True,False,default,1,0,0,False,Service Provider
225,\src\com\fsck\k9\mail\store\StorageManager.ExternalStorageProvider.java,ExternalStorageProvider,53,3,8,0,5,False,False,3,True,False,0,9,4,3,True,False,True,True,False,public,8,0,0,False,Information Holder
226,\src\com\fsck\k9\mail\store\Pop3Store.java,Pop3Store,242,32,5,0,2,False,False,2,False,False,9,4,8,13,False,False,False,True,False,public,5,0,0,False,Service Provider
227,\src\com\fsck\k9\mail\store\StorageManager.FixedStorageProviderBase.java,FixedStorageProviderBase,70,2,6,0,3,False,False,4,False,False,0,8,6,3,True,False,True,True,False,public,6,0,0,True,Information Holder
228,\src\com\fsck\k9\mail\store\StorageManager.HtcIncredibleStorageProvider.java,HtcIncredibleStorageProvider,28,1,4,0,2,False,False,4,True,False,0,2,4,0,True,False,True,True,False,public,2,0,2,False,Information Holder
229,\src\com\fsck\k9\mail\store\Pop3Store.Pop3Folder.java,Pop3Folder,723,8,36,2,11,False,False,2,True,False,70,38,18,48,False,False,True,True,False,default,25,11,0,False,Controller
230,\src\com\fsck\k9\mail\store\StorageManager.InternalStorageProvider.java,InternalStorageProvider,46,2,8,0,5,False,False,3,True,False,0,9,3,0,True,False,True,True,False,public,8,0,0,False,Information Holder
231,\src\com\fsck\k9\mail\store\StorageManager.SamsungGalaxySStorageProvider.java,SamsungGalaxySStorageProvider,32,1,4,0,2,False,False,5,True,False,0,2,5,1,True,False,True,True,False,public,2,0,2,False,Information Holder
232,\src\com\fsck\k9\mail\store\StorageManager.StorageListener.java,StorageListener,23,0,0,0,0,False,False,2,True,False,0,0,0,0,True,True,True,False,False,public,0,0,0,False,Structurer
233,\src\com\fsck\k9\mail\store\StorageManager.StorageProvider.java,StorageProvider,93,0,0,0,0,False,False,2,True,False,0,0,2,0,True,True,True,False,False,public,0,0,0,False,Information Holder
234,\src\com\fsck\k9\mail\store\StorageManager.SynchronizationAid.java,SynchronizationAid,22,3,0,0,0,False,False,2,False,False,0,0,3,2,True,False,True,True,False,public,0,0,0,False,Information Holder
235,\src\com\fsck\k9\mail\store\TrustManagerFactory.SecureX509TrustManager.java,SecureX509TrustManager,56,2,4,0,2,False,False,4,True,False,3,5,7,2,True,False,True,True,False,private,4,0,0,False,Service Provider
236,\src\com\fsck\k9\mail\store\StorageManager.java,StorageManager,348,5,16,0,6,False,False,2,True,False,13,17,10,19,False,False,False,True,False,public,14,0,2,False,Service Provider
237,\src\com\fsck\k9\mail\store\TrustManagerFactory.SimpleX509TrustManager.java,SimpleX509TrustManager,15,0,3,0,1,False,False,4,True,False,0,4,3,0,True,False,True,True,False,private,3,0,0,False,Service Provider
238,\src\com\fsck\k9\mail\store\UnavailableAccountException.java,UnavailableAccountException,34,1,0,0,0,False,False,3,False,False,0,0,0,0,False,False,False,True,False,public,0,0,0,False,Service Provider
239,\src\com\fsck\k9\mail\store\TrustManagerFactory.java,TrustManagerFactory,127,7,5,1,3,False,False,3,False,False,6,5,15,10,False,False,False,True,False,public,5,0,0,False,Interfacer
240,\src\com\fsck\k9\mail\store\UnavailableStorageException.java,UnavailableStorageException,19,1,0,0,0,False,False,3,False,False,0,0,1,0,False,False,False,True,False,public,0,0,0,False,Information Holder
241,\src\com\fsck\k9\mail\store\WebDavStore.ConnectionInfo.java,ConnectionInfo,17,4,0,0,0,False,False,2,False,False,0,0,4,0,True,False,True,True,False,private,0,0,0,False,Information Holder
242,\src\com\fsck\k9\mail\store\WebDavStore.DataSet.java,DataSet,172,3,9,0,7,False,False,2,False,False,8,2,8,14,False,False,True,True,False,public,9,0,0,False,Structurer
243,\src\com\fsck\k9\mail\store\WebDavStore.HttpGeneric.java,HttpGeneric,78,1,2,1,1,False,False,2,False,False,5,1,8,2,False,False,True,True,False,public,2,0,0,False,Information Holder
244,\src\com\fsck\k9\mail\store\WebDavStore.ParsedMessageEnvelope.java,ParsedMessageEnvelope,63,5,7,2,4,False,False,3,False,False,2,4,4,0,True,False,True,True,False,public,7,0,0,False,Information Holder
245,\src\com\fsck\k9\mail\store\WebDavStore.WebDavHandler.java,WebDavHandler,47,2,6,0,1,False,False,3,True,False,1,10,7,4,False,False,True,True,False,public,6,0,0,False,Service Provider
246,\src\com\fsck\k9\mail\store\WebDavStore.WebDavHttpClient.java,WebDavHttpClient,57,0,3,0,1,False,False,4,False,False,4,4,10,3,True,False,True,True,False,public,3,0,0,False,Service Provider
247,\src\com\fsck\k9\mail\store\WebDavStore.WebDavMessage.java,WebDavMessage,98,1,8,5,1,False,False,3,False,False,5,9,7,3,False,False,True,True,False,default,8,0,0,False,Service Provider
248,\src\com\fsck\k9\mail\store\WebDavStore.WebDavStoreSettings.java,WebDavStoreSettings,45,8,2,0,1,False,False,4,False,False,0,1,4,0,True,False,True,True,False,public,2,0,0,False,Information Holder
249,\src\com\fsck\k9\mail\store\WebDavStore.WebDavFolder.java,WebDavFolder,614,6,36,3,13,False,False,3,True,False,48,46,15,46,False,False,True,True,False,default,26,9,1,False,Service Provider
250,\src\com\fsck\k9\mail\store\imap\ImapUtility.java,ImapUtility,121,0,4,0,2,False,False,2,False,False,8,4,4,0,False,False,False,True,False,public,2,2,0,False,Service Provider
251,\src\com\fsck\k9\mail\internet\BinaryTempFileBody.BinaryTempFileBodyInputStream.java,BinaryTempFileBodyInputStream,24,0,2,0,0,False,False,6,False,False,0,0,1,3,False,False,True,True,False,default,2,0,0,False,Service Provider
252,\src\com\fsck\k9\mail\internet\BinaryTempFileBody.java,BinaryTempFileBody,50,2,4,1,2,False,False,4,False,False,1,2,5,3,False,False,False,True,False,public,4,0,0,False,Information Holder
253,\src\com\fsck\k9\mail\internet\EncoderUtil.Encoding.java,Encoding,16,2,0,0,0,False,False,1,False,False,0,0,0,0,False,False,True,False,True,public,0,0,0,False,Information Holder
254,\src\com\fsck\k9\mail\internet\DecoderUtil.java,DecoderUtil,163,0,4,0,0,False,False,2,False,False,12,10,10,4,False,False,False,True,False,public,1,3,0,False,Service Provider
255,\src\com\fsck\k9\mail\internet\Iso2022JpToShiftJisInputStream.Charset.java,Charset,4,3,0,0,0,False,False,1,False,False,0,0,0,0,False,False,True,False,True,private,0,0,0,False,Information Holder
256,\src\com\fsck\k9\mail\internet\EncoderUtil.java,EncoderUtil,148,4,9,0,0,False,False,2,False,False,11,17,4,11,False,False,False,True,False,public,1,8,0,False,Service Provider
257,\src\com\fsck\k9\mail\internet\Iso2022JpToShiftJisInputStream.java,Iso2022JpToShiftJisInputStream,62,4,1,0,0,False,False,7,False,False,8,0,3,6,False,False,False,True,False,default,1,0,0,False,Service Provider
258,\src\com\fsck\k9\mail\internet\MimeHeader.Field.java,Field,16,2,1,0,0,False,False,1,False,False,0,0,1,1,True,False,True,True,False,default,1,0,0,False,Information Holder
259,\src\com\fsck\k9\mail\internet\MimeBodyPart.java,MimeBodyPart,102,3,14,2,8,False,False,3,False,False,5,10,7,5,False,False,False,True,False,public,13,0,1,False,Structurer
260,\src\com\fsck\k9\mail\store\WebDavStore.java,WebDavStore,1083,37,36,0,19,False,False,3,False,False,77,33,33,70,False,False,False,True,False,public,17,19,0,False,Information Holder
261,\src\com\fsck\k9\mail\internet\MimeHeader.java,MimeHeader,121,9,11,2,3,False,False,2,True,False,9,10,7,4,False,False,False,True,False,public,11,0,0,False,Structurer
262,\src\com\fsck\k9\mail\internet\MimeMessage.MimeMessageBuilder.java,MimeMessageBuilder,118,1,14,0,0,False,False,3,True,False,2,8,11,17,False,False,True,True,False,default,13,1,0,False,Structurer
263,\src\com\fsck\k9\mail\internet\MimeMultipart.java,MimeMultipart,82,4,7,2,3,False,False,2,False,False,3,3,6,5,False,False,False,True,False,public,7,0,0,False,Structurer
264,\src\com\fsck\k9\mail\internet\MimeUtility.Alternative.java,Alternative,17,2,2,0,2,False,False,1,False,False,0,0,2,0,True,False,True,True,False,default,2,0,0,False,Information Holder
265,\src\com\fsck\k9\mail\internet\MimeUtility.Html.java,Html,7,0,0,0,0,False,False,1,False,False,0,0,1,0,True,False,True,True,False,default,0,0,0,False,Information Holder
266,\src\com\fsck\k9\mail\internet\MimeUtility.MessageHeader.java,MessageHeader,16,2,2,0,2,False,False,2,True,False,0,0,1,0,True,False,True,True,False,default,2,0,0,False,Information Holder
267,\src\com\fsck\k9\mail\internet\MimeMessage.java,MimeMessage,405,13,41,13,19,False,False,2,False,False,23,25,22,13,False,False,False,True,False,public,37,1,3,False,Coordinator
268,\src\com\fsck\k9\mail\internet\MimeUtility.Text.java,Text,7,0,0,0,0,False,False,1,False,False,0,0,1,0,True,False,True,True,False,default,0,0,0,False,Information Holder
269,\src\com\fsck\k9\mail\internet\MimeUtility.Textual.java,Textual,11,1,1,0,1,False,False,1,False,False,0,0,1,0,True,False,True,True,False,default,1,0,0,True,Information Holder
270,\src\com\fsck\k9\mail\internet\MimeUtility.Viewable.java,Viewable,3,0,0,0,0,False,False,1,False,False,0,0,1,0,True,False,True,True,False,default,0,0,0,True,Information Holder
271,\src\com\fsck\k9\mail\internet\MimeUtility.ViewableContainer.java,ViewableContainer,22,3,0,0,0,False,False,2,True,False,0,0,2,0,True,False,True,True,False,public,0,0,0,False,Information Holder
272,\src\com\fsck\k9\mail\internet\TextBody.java,TextBody,75,6,9,4,4,False,False,2,False,False,3,5,4,1,False,False,False,True,False,public,9,0,0,False,Information Holder
273,\src\com\fsck\k9\mail\filter\Base64.DecoderException.java,DecoderException,35,0,0,0,0,False,False,2,False,False,0,0,0,0,True,False,True,True,False,default,0,0,0,False,Information Holder
274,\src\com\fsck\k9\mail\filter\Base64.EncoderException.java,EncoderException,35,0,0,0,0,False,False,2,False,False,0,0,0,0,True,False,True,True,False,default,0,0,0,False,Information Holder
275,\src\com\fsck\k9\mail\filter\Base64OutputStream.java,Base64OutputStream,171,3,5,0,0,False,False,3,False,False,6,5,3,3,False,False,False,True,False,public,4,1,0,False,Coordinator
276,\src\com\fsck\k9\mail\filter\CountingOutputStream.java,CountingOutputStream,27,1,4,0,1,False,False,3,False,False,0,5,2,0,False,False,False,True,False,public,4,0,0,False,Information Holder
277,\src\com\fsck\k9\mail\filter\EOLConvertingOutputStream.java,EOLConvertingOutputStream,34,2,2,0,0,False,False,6,False,False,3,1,3,1,False,False,False,True,False,public,2,0,0,False,Service Provider
278,\src\com\fsck\k9\mail\filter\FixedLengthInputStream.java,FixedLengthInputStream,59,3,6,0,0,False,False,4,False,False,5,5,2,3,False,False,False,True,False,public,6,0,0,False,Coordinator
279,\src\com\fsck\k9\mail\filter\Hex.java,Hex,48,1,1,0,0,False,False,1,False,False,0,1,0,0,False,False,False,True,False,public,1,0,0,False,Service Provider
280,\src\com\fsck\k9\mail\filter\Base64.java,Base64,689,18,23,1,0,False,False,1,False,False,39,29,2,7,False,False,False,True,False,public,12,3,0,False,Service Provider
281,\src\com\fsck\k9\mail\filter\LineWrapOutputStream.java,LineWrapOutputStream,73,5,2,0,0,False,False,4,False,False,7,1,3,1,False,False,False,True,False,public,2,0,0,False,Service Provider
282,\src\com\fsck\k9\mail\filter\PeekableInputStream.java,PeekableInputStream,56,3,5,0,0,False,False,3,False,False,4,4,2,3,False,False,False,True,False,public,5,0,0,False,Service Provider
283,\src\com\fsck\k9\mail\filter\SmtpDataStuffing.java,SmtpDataStuffing,28,4,1,0,0,False,False,3,False,False,1,1,3,0,False,False,False,True,False,public,1,0,0,False,Service Provider
284,\src\com\fsck\k9\helper\ClipboardManager.java,ClipboardManager,53,2,1,0,1,False,False,2,True,False,2,1,2,1,False,False,False,True,False,public,1,0,0,True,Service Provider
285,\src\com\fsck\k9\helper\ClipboardManagerApi1.java,ClipboardManagerApi1,18,0,1,1,0,False,False,3,False,False,0,2,2,0,False,False,False,True,False,public,1,0,0,False,Service Provider
286,\src\com\fsck\k9\helper\ClipboardManagerApi11.java,ClipboardManagerApi11,21,0,1,1,0,False,False,3,False,False,0,2,4,0,False,False,False,True,False,public,1,0,0,False,Service Provider
287,\src\com\fsck\k9\helper\ContactItem.java,ContactItem,13,3,0,0,0,False,False,2,False,False,0,0,3,0,False,False,False,True,False,public,0,0,0,False,Information Holder
288,\src\com\fsck\k9\helper\Contacts.java,Contacts,156,4,2,0,1,False,False,1,False,False,3,1,6,4,False,False,False,True,False,public,2,0,0,True,Service Provider
289,\src\com\fsck\k9\mail\internet\MimeUtility.java,MimeUtility,3148,10,53,1,18,False,False,2,False,False,99,86,24,99,False,False,False,True,False,public,28,23,0,False,Structurer
290,\src\com\fsck\k9\helper\ContactsSdk5p.java,ContactsSdk5p,97,0,1,0,0,False,False,2,False,False,4,1,6,7,False,False,False,True,False,public,1,0,0,False,Service Provider
291,\src\com\fsck\k9\helper\ContactsSdk5.java,ContactsSdk5,218,5,11,0,4,False,False,2,False,False,14,10,13,18,False,False,False,True,False,public,10,1,0,False,Structurer
292,\src\com\fsck\k9\helper\DateFormatter.java,DateFormatter,77,7,7,1,5,False,False,2,True,False,3,9,11,5,False,False,False,True,False,public,7,0,0,False,Structurer
293,\src\com\fsck\k9\helper\FileBrowserHelper.FileBrowserFailOverCallback.java,FileBrowserFailOverCallback,12,0,0,0,0,False,False,5,False,False,0,0,0,0,False,True,True,False,False,public,0,0,0,False,Service Provider
294,\src\com\fsck\k9\helper\DomainNameChecker.java,DomainNameChecker,255,3,6,0,0,False,False,3,True,False,30,11,13,23,False,False,False,True,False,public,1,5,0,False,Service Provider
295,\src\com\fsck\k9\helper\FileBrowserHelper.java,FileBrowserHelper,132,2,4,0,1,False,False,3,True,False,6,11,12,11,False,False,False,True,False,public,3,1,0,False,Service Provider
296,\src\com\fsck\k9\helper\HtmlConverter.HtmlToTextTagHandler.java,HtmlToTextTagHandler,77,3,3,0,1,False,False,5,True,False,4,7,6,5,True,False,True,True,False,private,1,2,0,False,Service Provider
297,\src\com\fsck\k9\helper\MediaScannerNotifier.java,MediaScannerNotifier,32,3,2,0,0,False,False,3,True,False,1,2,6,3,False,False,False,True,False,public,2,0,0,False,Service Provider
298,\src\com\fsck\k9\helper\MenuPopup.java,MenuPopup,18,1,1,1,0,False,False,2,False,False,0,1,5,1,False,False,False,True,False,public,1,0,0,False,Service Provider
299,\src\com\fsck\k9\helper\MergeCursorWithUniqueId.java,MergeCursorWithUniqueId,62,5,6,0,6,False,False,5,False,False,8,3,2,3,False,False,False,True,False,public,4,0,2,False,Information Holder
300,\src\com\fsck\k9\helper\HtmlConverter.java,HtmlConverter,1158,16,13,0,4,False,False,2,True,False,20,12,6,28,False,False,False,True,False,public,6,6,1,False,Service Provider
301,\src\com\fsck\k9\helper\MergeCursor.java,MergeCursor,381,6,40,1,17,False,False,2,True,False,28,23,9,17,False,False,False,True,False,public,39,1,0,False,Service Provider
302,\src\com\fsck\k9\helper\MessageHelper.java,MessageHelper,105,4,6,0,2,False,False,2,True,False,8,11,16,12,False,False,False,True,False,public,6,0,0,False,Service Provider
303,\src\com\fsck\k9\helper\NotificationBuilder.java,NotificationBuilder,142,1,1,0,0,False,False,2,True,False,1,1,5,1,False,False,False,True,False,public,1,0,0,True,Service Provider
304,\src\com\fsck\k9\helper\NotificationBuilderApi1.java,NotificationBuilderApi1,107,15,13,12,1,False,False,3,False,False,5,14,5,0,False,False,False,True,False,public,13,0,0,False,Information Holder
305,\src\com\fsck\k9\helper\NotificationBuilderApi11.java,NotificationBuilderApi11,71,1,13,12,1,False,False,3,False,False,0,14,6,1,False,False,False,True,False,public,13,0,0,False,Information Holder
306,\src\com\fsck\k9\helper\Regex.java,Regex,211,9,2,0,0,False,False,1,False,False,2,2,2,5,False,False,False,True,False,public,2,0,0,False,Information Holder
307,\src\com\fsck\k9\helper\SizeFormatter.java,SizeFormatter,21,0,1,0,0,False,False,2,True,False,3,2,2,0,False,False,False,True,False,public,1,0,0,False,Service Provider
308,\src\com\fsck\k9\helper\StringUtils.java,StringUtils,6,0,1,0,0,False,False,2,False,False,0,1,0,1,False,False,False,True,False,public,1,0,0,False,Service Provider
309,\src\com\fsck\k9\helper\power\TracingPowerManager.TracingWakeLock.java,TracingWakeLock,101,6,6,1,0,False,False,3,False,False,13,2,4,9,False,False,True,True,False,public,4,2,0,False,Service Provider
310,\src\com\fsck\k9\helper\power\TracingPowerManager.java,TracingPowerManager,33,5,2,0,1,False,False,3,True,False,3,3,6,1,False,False,False,True,False,public,2,0,0,False,Service Provider
311,\src\com\fsck\k9\fragment\ConfirmationDialogFragment.ConfirmationDialogFragmentListener.java,ConfirmationDialogFragmentListener,6,0,0,0,0,False,False,4,True,False,0,0,0,0,False,True,True,False,False,public,0,0,0,False,Service Provider
312,\src\com\fsck\k9\fragment\ConfirmationDialogFragment.java,ConfirmationDialogFragment,71,5,6,0,2,False,False,3,False,False,1,9,7,6,False,False,False,True,False,public,4,2,0,False,Coordinator
313,\src\com\fsck\k9\helper\Utility.java,Utility,669,10,26,1,0,False,False,1,False,False,54,38,23,74,False,False,False,True,False,public,26,0,0,False,Service Provider
314,\src\com\fsck\k9\fragment\MessageListFragment.ArrivalComparator.java,ArrivalComparator,17,0,1,0,0,False,False,2,True,False,1,2,2,0,True,False,True,True,False,public,1,0,0,False,Service Provider
315,\src\com\fsck\k9\fragment\MessageListFragment.ActionModeCallback.java,ActionModeCallback,196,5,9,1,1,False,False,3,False,False,14,12,11,7,False,False,True,True,False,default,7,2,0,False,Interfacer
316,\src\com\fsck\k9\fragment\MessageListFragment.AttachmentComparator.java,AttachmentComparator,11,0,1,0,0,False,False,2,True,False,0,2,2,0,True,False,True,True,False,public,1,0,0,False,Service Provider
317,\src\com\fsck\k9\fragment\MessageListFragment.ComparatorChain.java,ComparatorChain,24,1,1,0,0,False,False,2,False,False,1,2,2,0,True,False,True,True,False,public,1,0,0,False,Service Provider
318,\src\com\fsck\k9\fragment\MessageListFragment.DateComparator.java,DateComparator,17,0,1,0,0,False,False,2,True,False,1,2,2,0,True,False,True,True,False,public,1,0,0,False,Service Provider
319,\src\com\fsck\k9\fragment\MessageListFragment.FlaggedComparator.java,FlaggedComparator,11,0,1,0,0,False,False,2,True,False,0,2,2,0,True,False,True,True,False,public,1,0,0,False,Service Provider
320,\src\com\fsck\k9\fragment\MessageListFragment.FolderOperation.java,FolderOperation,4,2,0,0,0,False,False,2,False,False,0,0,0,0,True,False,True,False,True,private,0,0,0,False,Information Holder
321,\src\com\fsck\k9\fragment\MessageListFragment.FooterViewHolder.java,FooterViewHolder,7,2,0,0,0,False,False,3,True,False,0,0,2,0,True,False,True,True,False,default,0,0,0,False,Information Holder
322,\src\com\fsck\k9\fragment\MessageListFragment.MessageListActivityListener.java,MessageListActivityListener,91,0,11,0,0,False,False,4,True,False,6,27,8,7,False,False,True,True,False,default,10,1,0,False,Coordinator
323,\src\com\fsck\k9\fragment\MessageListFragment.MessageListFragmentListener.java,MessageListFragmentListener,20,0,0,0,0,False,False,4,True,False,0,0,3,0,False,True,True,False,False,public,0,0,0,False,Service Provider
324,\src\com\fsck\k9\fragment\MessageListFragment.MessageListHandler.java,MessageListHandler,50,3,5,0,0,False,False,3,True,False,1,6,1,1,False,False,True,True,False,default,5,0,0,False,Service Provider
325,\src\com\fsck\k9\fragment\MessageListFragment.MessageListAdapter.java,MessageListAdapter,203,4,3,0,0,False,False,3,True,False,13,8,21,17,False,False,True,True,False,default,2,1,0,False,Service Provider
326,\src\com\fsck\k9\fragment\MessageListFragment.MessageViewHolder.java,MessageViewHolder,12,7,0,0,0,False,False,3,True,False,0,0,2,0,False,False,True,True,False,default,0,0,0,False,Information Holder
327,\src\com\fsck\k9\fragment\MessageListFragment.ReverseComparator.java,ReverseComparator,17,1,1,0,0,False,False,2,True,False,0,2,1,0,True,False,True,True,False,public,1,0,0,False,Service Provider
328,\src\com\fsck\k9\fragment\MessageListFragment.ReverseIdComparator.java,ReverseIdComparator,15,1,1,0,0,False,False,3,True,False,1,2,2,0,True,False,True,True,False,public,1,0,0,False,Service Provider
329,\src\com\fsck\k9\fragment\MessageListFragment.SubjectComparator.java,SubjectComparator,11,0,1,0,0,False,False,2,True,False,0,2,2,0,True,False,True,True,False,public,1,0,0,False,Service Provider
330,\src\com\fsck\k9\fragment\MessageListFragment.UnreadComparator.java,UnreadComparator,11,0,1,0,0,False,False,2,True,False,0,2,2,0,True,False,True,True,False,public,1,0,0,False,Service Provider
331,\src\com\fsck\k9\fragment\MessageViewFragment.MessageViewFragmentListener.java,MessageViewFragmentListener,14,0,0,0,0,False,False,4,True,False,0,0,3,0,False,True,True,False,False,public,0,0,0,False,Service Provider
332,\src\com\fsck\k9\fragment\MessageViewFragment.Listener.java,Listener,174,0,8,0,0,False,False,1,True,False,14,33,13,23,False,False,True,True,False,default,8,0,0,False,Service Provider
333,\src\com\fsck\k9\fragment\MessageViewFragment.MessageViewHandler.java,MessageViewHandler,38,0,6,0,0,False,False,3,True,False,0,4,4,1,False,False,True,True,False,default,5,1,0,False,Service Provider
334,\src\com\fsck\k9\fragment\ProgressDialogFragment.java,ProgressDialogFragment,24,1,2,0,0,False,False,3,False,False,0,2,4,0,False,False,False,True,False,public,2,0,0,False,Coordinator
335,\src\com\fsck\k9\crypto\Apg.Intent.java,Intent,14,8,0,0,0,False,False,1,False,False,0,0,0,0,True,False,True,True,False,public,0,0,0,False,Information Holder
336,\src\com\fsck\k9\crypto\CryptoProvider.CryptoDecryptCallback.java,CryptoDecryptCallback,9,0,0,0,0,False,False,3,False,False,0,0,0,0,False,True,True,False,False,public,0,0,0,False,Service Provider
337,\src\com\fsck\k9\fragment\MessageViewFragment.java,MessageViewFragment,581,19,42,1,1,False,False,3,False,False,44,38,40,52,False,False,False,True,False,public,27,15,0,False,Interfacer
338,\src\com\fsck\k9\crypto\CryptoProvider.java,CryptoProvider,38,1,1,0,0,False,False,2,True,False,1,1,5,2,False,False,False,True,False,public,1,0,0,True,Service Provider
339,\src\com\fsck\k9\crypto\None.java,None,83,2,17,0,4,False,False,1,False,False,0,35,5,0,False,False,False,True,False,public,17,0,0,False,Information Holder
340,\src\com\fsck\k9\crypto\Apg.java,Apg,524,32,17,0,4,False,False,1,False,False,34,35,20,66,False,False,False,True,False,public,17,0,0,False,Service Provider
341,\src\com\fsck\k9\crypto\PgpData.java,PgpData,60,8,16,7,7,False,False,2,False,False,0,7,1,0,False,False,False,True,False,public,16,0,0,False,Information Holder
342,\src\com\fsck\k9\controller\MessageDateComparator.java,MessageDateComparator,17,0,1,0,0,False,False,3,True,False,1,2,2,3,False,False,False,True,False,public,1,0,0,False,Service Provider
343,\src\com\fsck\k9\fragment\MessageListFragment.java,MessageListFragment,1702,67,110,6,13,True,False,3,False,False,133,94,73,136,False,False,False,True,False,public,56,53,1,False,Interfacer
344,\src\com\fsck\k9\controller\MessageRemovalListener.java,MessageRemovalListener,5,0,0,0,0,False,False,3,True,False,0,0,1,0,False,True,False,False,False,public,0,0,0,False,Service Provider
345,\src\com\fsck\k9\controller\MessageRetrievalListener.java,MessageRetrievalListener,12,0,0,0,0,False,False,3,True,False,0,0,1,0,False,True,False,False,False,public,0,0,0,False,Service Provider
346,\src\com\fsck\k9\controller\MessagingController.Command.java,Command,31,5,1,0,0,False,False,1,False,False,1,1,1,1,True,False,True,True,False,default,1,0,0,False,Service Provider
347,\src\com\fsck\k9\controller\MessagingController.MemorizingState.java,MemorizingState,15,3,0,0,0,False,False,2,False,False,0,0,1,0,False,False,True,False,True,default,0,0,0,False,Information Holder
348,\src\com\fsck\k9\controller\MessagingController.MemorizingListener.java,MemorizingListener,178,1,14,1,1,False,False,2,True,False,15,28,3,2,True,False,True,True,False,default,12,0,0,False,Information Holder
349,\src\com\fsck\k9\controller\MessagingController.Memory.java,Memory,36,12,1,0,1,False,False,1,False,False,0,0,2,0,True,False,True,True,False,default,0,0,0,False,Information Holder
350,\src\com\fsck\k9\controller\MessagingController.MessageActor.java,MessageActor,21,0,0,0,0,False,False,2,True,False,0,0,5,0,False,True,True,False,False,default,0,0,0,False,Service Provider
351,\src\com\fsck\k9\controller\MessagingController.UidReverseComparator.java,UidReverseComparator,37,0,1,0,0,False,False,3,True,False,3,2,3,3,True,False,True,True,False,public,1,0,0,False,Service Provider
352,\src\com\fsck\k9\controller\MessagingControllerPushReceiver.java,MessagingControllerPushReceiver,99,3,9,1,2,False,False,4,True,False,5,14,15,13,False,False,False,True,False,public,9,0,0,False,Coordinator
353,\src\com\fsck\k9\controller\MessagingListener.java,MessagingListener,133,0,55,1,0,False,False,2,True,False,0,144,8,0,False,False,False,True,False,public,55,0,0,False,Service Provider
354,\src\com\fsck\k9\activity\AccessibleEmailContentActivity.java,AccessibleEmailContentActivity,66,1,2,0,0,False,False,4,False,False,4,3,6,7,False,False,False,True,False,public,1,1,0,False,Service Provider
355,\src\com\fsck\k9\activity\AccountList.AccountsAdapter.java,AccountsAdapter,72,0,1,0,1,False,False,2,True,False,5,3,9,11,False,False,True,True,False,default,1,0,0,False,Interfacer
356,\src\com\fsck\k9\activity\AccountList.LoadAccounts.java,LoadAccounts,23,0,2,0,0,False,False,2,False,False,0,2,3,1,False,False,True,True,False,default,0,0,2,False,Service Provider
357,\src\com\fsck\k9\activity\AccountList.java,AccountList,84,1,4,0,0,False,False,2,False,False,1,6,14,5,False,False,False,True,False,public,4,0,0,True,Interfacer
358,\src\com\fsck\k9\activity\Accounts.ACCOUNT_LOCATION.java,LOCATION,5,3,0,0,0,False,False,8,False,False,0,0,1,0,False,False,False,False,True,private,0,0,0,False,Information Holder
359,\src\com\fsck\k9\activity\Accounts.AccountClickListener.java,AccountClickListener,32,2,1,0,0,False,False,3,True,False,1,1,8,3,False,False,True,True,False,private,1,0,0,False,Service Provider
360,\src\com\fsck\k9\activity\Accounts.AccountsAdapter.java,AccountsAdapter,123,0,1,0,1,False,False,2,True,False,9,3,19,20,False,False,True,True,False,default,1,0,0,False,Interfacer
361,\src\com\fsck\k9\activity\Accounts.AccountsHandler.java,AccountsHandler,95,0,7,1,0,False,False,2,True,False,7,7,10,14,False,False,True,True,False,default,6,1,0,False,Interfacer
362,\src\com\fsck\k9\activity\Accounts.AccountsImportedDialog.java,AccountsImportedDialog,42,2,2,0,0,False,False,3,False,False,2,2,7,5,True,False,True,True,False,private,0,0,2,False,Coordinator
363,\src\com\fsck\k9\activity\Accounts.ExportAsyncTask.java,ExportAsyncTask,52,3,3,0,0,False,False,3,False,False,1,2,8,0,True,False,True,True,False,private,0,0,3,False,Service Provider
364,\src\com\fsck\k9\activity\Accounts.ImportAsyncTask.java,ImportAsyncTask,84,5,3,0,0,False,False,3,False,False,2,2,13,5,True,False,True,True,False,private,0,0,3,False,Service Provider
365,\src\com\fsck\k9\activity\Accounts.ImportSelectionDialog.java,ImportSelectionDialog,111,4,4,0,0,False,False,3,False,False,4,4,12,13,True,False,True,True,False,private,4,0,0,False,Interfacer
366,\src\com\fsck\k9\activity\Accounts.ListImportContentsAsyncTask.java,ListImportContentsAsyncTask,67,2,3,0,0,False,False,5,False,False,1,2,14,3,True,False,True,True,False,private,0,0,3,False,Service Provider
367,\src\com\fsck\k9\activity\Accounts.MoveAccountAsyncTask.java,MoveAccountAsyncTask,35,2,3,0,0,False,False,4,False,False,0,2,7,1,True,False,True,True,False,private,0,0,3,False,Service Provider
368,\src\com\fsck\k9\activity\Accounts.PasswordPromptDialog.java,PasswordPromptDialog,200,9,7,0,0,False,False,3,False,False,9,13,20,25,True,False,True,True,False,private,6,1,0,False,Interfacer
369,\src\com\fsck\k9\activity\Accounts.SetPasswordsAsyncTask.java,SetPasswordsAsyncTask,81,5,3,0,0,False,False,4,False,False,2,2,14,6,True,False,True,True,False,private,0,0,3,False,Service Provider
370,\src\com\fsck\k9\activity\Accounts.SimpleDialog.java,SimpleDialog,68,4,5,0,0,False,False,2,False,False,1,4,7,4,True,False,True,True,False,private,3,0,2,False,Coordinator
371,\src\com\fsck\k9\activity\ChooseFolder.ChooseFolderHandler.java,ChooseFolderHandler,31,2,3,1,0,False,False,3,True,False,1,3,1,2,False,False,True,True,False,default,3,0,0,False,Service Provider
372,\src\com\fsck\k9\activity\ActivityListener.java,ActivityListener,178,9,22,0,3,False,False,2,True,False,5,42,7,7,False,False,False,True,False,public,22,0,0,False,Service Provider
373,\src\com\fsck\k9\activity\ChooseIdentity.java,ChooseIdentity,70,5,4,1,0,False,False,2,False,False,2,1,13,11,False,False,False,True,False,public,2,0,2,False,Interfacer
374,\src\com\fsck\k9\activity\ColorPickerDialog.OnColorChangedListener.java,OnColorChangedListener,14,0,0,0,0,False,False,4,True,False,0,0,3,0,False,True,True,False,False,public,0,0,0,False,Service Provider
375,\src\com\fsck\k9\activity\ChooseFolder.java,ChooseFolder,337,21,6,1,0,False,False,2,True,False,20,4,30,32,False,False,False,True,False,public,3,3,0,False,Interfacer
376,\src\com\fsck\k9\activity\ConfirmationDialog.java,ConfirmationDialog,83,0,3,0,0,False,False,2,False,False,1,22,4,5,False,False,False,True,False,public,3,0,0,False,Interfacer
377,\src\com\fsck\k9\activity\Accounts.java,Accounts,890,31,44,2,1,False,False,1,False,False,52,50,48,75,False,False,False,True,False,public,17,26,1,False,Coordinator
378,\src\com\fsck\k9\activity\ColorPickerDialog.java,ColorPickerDialog,172,20,8,1,0,False,False,3,False,False,11,3,9,17,False,False,False,True,False,public,3,3,2,False,Interfacer
379,\src\com\fsck\k9\activity\EditIdentity.java,EditIdentity,108,13,4,0,0,False,False,2,False,False,6,2,11,21,False,False,False,True,False,public,3,1,0,False,Interfacer
380,\src\com\fsck\k9\activity\EmailAddressList.java,EmailAddressList,41,2,2,0,0,False,False,3,False,False,1,5,10,1,False,False,False,True,False,public,2,0,0,False,Interfacer
381,\src\com\fsck\k9\activity\FolderInfoHolder.java,FolderInfoHolder,123,10,7,0,1,False,False,3,True,False,4,13,7,16,False,False,False,True,False,public,6,1,0,False,Service Provider
382,\src\com\fsck\k9\activity\FolderList.FolderClickListener.java,FolderClickListener,40,4,1,0,0,False,False,3,True,False,0,1,6,3,False,False,True,True,False,private,1,0,0,False,Service Provider
383,\src\com\fsck\k9\activity\FolderList.FolderListHandler.java,FolderListHandler,93,0,7,0,0,False,False,3,True,False,5,7,6,12,False,False,True,True,False,default,7,0,0,False,Service Provider
384,\src\com\fsck\k9\activity\FolderList.FolderViewHolder.java,FolderViewHolder,19,8,0,0,0,False,False,3,True,False,0,0,4,0,True,False,True,True,False,default,0,0,0,False,Information Holder
385,\src\com\fsck\k9\controller\MessagingController.java,MessagingController,3961,30,123,7,11,False,False,2,True,True,356,351,67,574,False,False,False,True,False,public,65,57,0,False,Controller
386,\src\com\fsck\k9\activity\FolderList.FolderListAdapter.java,FolderListAdapter,438,4,14,1,9,False,False,3,True,False,40,14,29,38,False,False,True,True,False,default,14,0,0,False,Interfacer
387,\src\com\fsck\k9\activity\FolderListFilter.java,FolderListFilter,109,2,3,0,0,False,False,3,True,False,5,3,6,8,False,False,False,True,False,public,1,0,2,False,Service Provider
388,\src\com\fsck\k9\activity\InsertableHtmlContent.InsertionLocation.java,InsertionLocation,14,2,0,0,0,False,False,2,False,False,0,0,0,0,False,False,True,False,True,public,0,0,0,False,Information Holder
389,\src\com\fsck\k9\activity\InsertableHtmlContent.java,InsertableHtmlContent,151,6,13,5,3,False,False,3,False,False,3,7,1,7,False,False,False,True,False,default,13,0,0,False,Information Holder
390,\src\com\fsck\k9\activity\K9Activity.java,K9Activity,27,1,4,1,1,False,False,2,False,False,0,3,5,1,False,False,False,True,False,public,4,0,0,False,Coordinator
391,\src\com\fsck\k9\activity\K9ActivityCommon.K9ActivityMagic.java,K9ActivityMagic,13,0,0,0,0,False,False,3,False,False,0,0,1,0,False,True,True,False,False,public,0,0,0,False,Service Provider
392,\src\com\fsck\k9\activity\FolderList.java,FolderList,508,21,33,1,0,False,False,2,False,False,19,37,48,54,False,False,False,True,False,public,16,17,0,False,Interfacer
393,\src\com\fsck\k9\activity\K9ActivityCommon.java,K9ActivityCommon,93,2,5,2,1,False,False,3,False,False,2,5,12,8,False,False,False,True,False,public,5,0,0,False,Coordinator
394,\src\com\fsck\k9\activity\K9FragmentActivity.java,K9FragmentActivity,27,1,4,1,1,False,False,3,False,False,0,3,5,1,False,False,False,True,False,public,4,0,0,False,Coordinator
395,\src\com\fsck\k9\activity\K9ListActivity.java,K9ListActivity,82,3,10,2,3,False,False,3,False,False,4,7,11,8,False,False,False,True,False,public,9,1,0,False,Structurer
396,\src\com\fsck\k9\activity\K9PreferenceActivity.PreferenceChangeListener.java,PreferenceChangeListener,20,1,1,0,0,False,False,3,True,False,0,2,2,2,True,False,True,True,False,private,1,0,0,False,Service Provider
397,\src\com\fsck\k9\activity\K9PreferenceActivity.java,K9PreferenceActivity,62,0,3,1,0,False,False,3,False,False,1,7,5,4,False,False,False,True,False,public,1,0,2,False,Coordinator
398,\src\com\fsck\k9\activity\LauncherShortcuts.java,LauncherShortcuts,45,0,3,0,0,False,False,2,False,False,3,2,7,4,False,False,False,True,False,public,1,0,2,False,Interfacer
399,\src\com\fsck\k9\activity\MessageCompose.Action.java,Action,8,5,0,0,0,False,False,1,False,False,0,0,0,0,False,False,True,False,True,default,0,0,0,False,Information Holder
400,\src\com\fsck\k9\activity\ManageIdentities.java,ManageIdentities,121,3,9,1,0,False,False,2,False,False,6,7,13,13,False,False,False,True,False,public,6,2,1,False,Interfacer
401,\src\com\fsck\k9\activity\MessageCompose.Attachment.java,Attachment,10,5,0,0,0,False,False,1,False,False,0,0,2,0,True,False,True,True,False,default,0,0,0,False,Information Holder
402,\src\com\fsck\k9\activity\MessageCompose.IdentityContainer.java,IdentityContainer,11,2,0,0,0,False,False,2,True,False,0,0,2,0,True,False,True,True,False,default,0,0,0,False,Information Holder
403,\src\com\fsck\k9\activity\MessageCompose.IdentityAdapter.java,IdentityAdapter,104,2,8,0,6,False,False,2,True,False,3,7,12,11,True,False,True,True,False,default,8,0,0,False,Structurer
404,\src\com\fsck\k9\activity\MessageCompose.IdentityField.java,IdentityField,37,15,2,0,1,False,False,2,False,False,0,0,0,0,False,False,True,False,True,private,2,0,0,False,Information Holder
405,\src\com\fsck\k9\activity\MessageCompose.Listener.java,Listener,78,0,5,0,0,False,False,1,True,False,9,19,7,1,False,False,True,True,False,default,5,0,0,False,Service Provider
406,\src\com\fsck\k9\activity\MessageCompose.QuotedTextMode.java,QuotedTextMode,6,3,0,0,0,False,False,3,False,False,0,0,0,0,False,False,True,False,True,private,0,0,0,False,Information Holder
407,\src\com\fsck\k9\activity\MessageCompose.SaveMessageTask.java,SaveMessageTask,40,0,1,0,0,False,False,3,False,False,2,1,7,1,False,False,True,True,False,private,0,0,1,False,Service Provider
408,\src\com\fsck\k9\activity\MessageCompose.SendMessageTask.java,SendMessageTask,37,0,1,0,0,False,False,3,False,False,1,1,7,2,False,False,True,True,False,private,0,0,1,False,Service Provider
409,\src\com\fsck\k9\activity\MessageCompose.SimpleMessageFormat.java,SimpleMessageFormat,5,2,0,0,0,False,False,3,False,False,0,0,0,0,False,False,True,False,True,default,0,0,0,False,Information Holder
410,\src\com\fsck\k9\activity\MessageInfoHolder.java,MessageInfoHolder,47,19,3,0,1,False,False,3,True,False,2,2,3,2,False,False,False,True,False,public,3,0,0,False,Information Holder
411,\src\com\fsck\k9\activity\MessageList.StorageListenerImplementation.java,StorageListenerImplementation,24,0,2,0,0,False,False,3,False,False,1,2,1,1,False,False,True,True,False,private,2,0,0,False,Service Provider
412,\src\com\fsck\k9\activity\MessageView.StorageListenerImplementation.java,StorageListenerImplementation,18,0,2,0,0,False,False,3,False,False,1,2,1,1,False,False,True,True,False,private,2,0,0,False,Service Provider
413,\src\com\fsck\k9\activity\MessageReference.java,MessageReference,135,7,6,0,0,False,False,2,False,False,9,3,8,18,False,False,False,True,False,public,6,0,0,False,Interfacer
414,\src\com\fsck\k9\activity\ProgressListener.java,ProgressListener,31,0,0,0,0,False,False,2,True,False,0,0,1,0,False,True,False,False,False,public,0,0,0,False,Service Provider
415,\src\com\fsck\k9\activity\Search.java,Search,20,1,4,1,0,False,False,1,False,False,0,1,0,2,False,False,False,True,False,public,4,0,0,False,Interfacer
416,\src\com\fsck\k9\activity\MessageList.java,MessageList,581,18,41,7,0,False,False,2,False,False,35,51,35,59,False,False,False,True,False,public,32,8,1,False,Interfacer
417,\src\com\fsck\k9\activity\UnreadWidgetConfiguration.java,UnreadWidgetConfiguration,85,3,6,0,1,False,False,3,False,False,3,9,10,6,False,False,False,True,False,public,3,1,2,False,Interfacer
418,\src\com\fsck\k9\activity\MessageView.java,MessageView,478,16,31,2,0,False,False,2,False,False,33,32,32,56,False,False,False,True,False,public,19,6,6,False,Interfacer
419,\src\com\fsck\k9\activity\setup\AccountSettings.PopulateFolderPrefsTask.java,PopulateFolderPrefsTask,84,3,3,0,0,False,False,4,False,False,3,2,9,16,False,False,True,True,False,private,0,0,3,False,Interfacer
420,\src\com\fsck\k9\activity\setup\AccountSetupBasics.Provider.java,Provider,22,9,0,0,0,False,False,1,True,False,0,0,3,0,True,False,True,True,False,default,0,0,0,False,Information Holder
421,\src\com\fsck\k9\activity\setup\AccountSetupAccountType.java,AccountSetupAccountType,95,4,7,0,0,False,False,4,False,False,1,6,14,14,False,False,False,True,False,public,3,4,0,False,Interfacer
422,\src\com\fsck\k9\activity\setup\AccountSetupBasics.java,AccountSetupBasics,345,11,19,0,3,False,False,3,False,False,18,21,21,37,False,False,False,True,False,public,10,8,1,False,Structurer
423,\src\com\fsck\k9\activity\setup\AccountSetupComposition.java,AccountSetupComposition,108,10,6,0,0,False,False,3,False,False,4,7,13,19,False,False,False,True,False,public,5,1,0,False,Interfacer
424,\src\com\fsck\k9\activity\setup\AccountSetupCheckSettings.java,AccountSetupCheckSettings,365,12,9,1,0,False,False,4,False,False,25,14,31,43,False,False,False,True,False,public,5,4,0,False,Interfacer
425,\src\com\fsck\k9\activity\setup\AccountSetupNames.java,AccountSetupNames,82,5,5,0,0,False,False,3,False,False,4,4,15,8,False,False,False,True,False,public,3,1,1,False,Interfacer
426,\src\com\fsck\k9\activity\setup\AccountSettings.java,AccountSettings,866,128,19,0,0,False,False,2,False,False,30,13,31,229,False,False,False,True,False,public,8,10,1,False,Interfacer
427,\src\com\fsck\k9\activity\setup\AccountSetupOptions.java,AccountSetupOptions,133,8,4,0,0,False,False,3,False,False,4,5,12,15,False,False,False,True,False,public,3,1,0,False,Interfacer
428,\src\com\fsck\k9\activity\setup\AccountSetupIncoming.java,AccountSetupIncoming,385,27,10,0,0,False,False,3,False,False,20,12,28,41,False,False,False,True,False,public,6,3,1,False,Interfacer
429,\src\com\fsck\k9\activity\setup\FolderSettings.java,FolderSettings,134,14,4,0,0,False,False,2,False,False,1,4,17,34,False,False,False,True,False,public,3,1,0,False,Interfacer
430,\src\com\fsck\k9\activity\setup\AccountSetupOutgoing.java,AccountSetupOutgoing,287,16,11,0,0,False,False,3,False,False,16,14,21,31,False,False,False,True,False,public,7,3,1,False,Interfacer
431,\src\com\fsck\k9\activity\setup\FontSizeSettings.java,FontSizeSettings,153,34,4,0,0,False,False,3,False,False,0,2,8,40,False,False,False,True,False,public,3,1,0,False,Interfacer
432,\src\com\fsck\k9\activity\setup\SpinnerHelper.EntryValue.java,EntryValue,22,2,3,0,2,False,False,2,False,False,0,0,0,0,True,False,True,True,False,private,3,0,0,False,Information Holder
433,\src\com\fsck\k9\activity\MessageCompose.java,MessageCompose,2901,119,72,1,5,False,False,2,False,False,273,76,89,334,False,False,False,True,False,public,18,50,4,False,Interfacer
434,\src\com\fsck\k9\activity\setup\SpinnerHelper.java,SpinnerHelper,47,0,4,0,2,False,False,2,True,False,4,12,3,6,False,False,False,True,False,public,4,0,0,False,Service Provider
435,\src\com\fsck\k9\activity\setup\SpinnerOption.java,SpinnerOption,26,2,2,1,0,False,False,2,False,False,1,2,1,1,False,False,False,True,False,public,2,0,0,False,Information Holder
436,\src\com\fsck\k9\activity\setup\WelcomeMessage.java,WelcomeMessage,27,0,3,0,0,False,False,2,False,False,1,3,8,1,False,False,False,True,False,public,3,0,0,False,Interfacer
437,\src\com\fsck\k9\activity\setup\Prefs.java,Prefs,421,77,7,0,0,False,False,1,False,False,14,5,31,110,False,False,False,True,False,public,2,3,2,False,Interfacer
438,\src\com\fsck\k9\activity\misc\ExtendedAsyncTask.java,ExtendedAsyncTask,102,3,4,0,0,False,False,3,False,False,1,1,4,2,False,False,False,True,False,public,2,0,2,True,Coordinator
439,\src\com\fsck\k9\activity\misc\ActionBarNavigationSpinner.java,ActionBarNavigationSpinner,73,7,6,2,4,False,False,4,True,False,3,10,8,0,False,False,False,True,False,public,6,0,0,False,Structurer
440,\src\com\fsck\k9\activity\misc\NonConfigurationInstance.java,NonConfigurationInstance,34,0,0,0,0,False,False,3,False,False,0,0,1,0,False,True,False,False,False,public,0,0,0,False,Service Provider
441,\src\com\fsck\k9\activity\misc\SwipeGestureDetector.OnSwipeGestureListener.java,OnSwipeGestureListener,28,0,0,0,0,False,False,4,True,False,0,0,1,0,False,True,True,False,False,public,0,0,0,False,Service Provider
442,\src\com\fsck\k9\activity\misc\SwipeGestureDetector.java,SwipeGestureDetector,69,7,2,0,0,False,False,3,True,False,5,5,3,3,False,False,False,True,False,public,2,0,0,False,Interfacer
443,\src\android\webkit\WebViewClassic.TitleBarDelegate.java,TitleBarDelegate,9,0,0,0,0,False,False,3,False,False,0,0,1,0,False,True,True,False,False,public,0,0,0,False,Service Provider
444,\src\android\webkit\WebViewClassic.java,WebViewClassic,6,0,0,0,0,False,False,3,False,False,0,0,0,0,False,False,False,True,False,public,0,0,0,False,Information Holder
