sep=,
Fullpathname,Classname,loc,numAttr,numMethod,setters,getters,isPersist,isCollection,numWordName,isOrEr,isController,numIfs,numParameters,numImports,numOutboundInvocation,numInnerClasses,isStaticClass,isInterface,isInnerClass,isClass,isEnum,classPublicity,numPublicMethods,numPrivateMethods,numProtectedMethods,isAbstract,
\src\de\schildbach\wallet\ActionBar.java,ActionBar,60,3,4,3,1,false,false,2,false,false,0,3,8,0,0,false,false,false,true,false,public,4,0,0,false,,
\src\de\schildbach\wallet\Application.java,Application,135,5,6,0,3,false,false,1,false,false,0,0,15,8,0,false,false,false,true,false,public,5,1,0,false,,
\src\de\schildbach\wallet\Constants.java,Constants,38,13,0,0,0,false,false,1,false,false,0,0,2,1,0,false,false,false,true,false,public,0,0,0,false,,
\src\de\schildbach\wallet\PreferencesActivity.java,PreferencesActivity,110,9,3,0,0,false,false,2,false,false,1,3,7,5,0,false,false,false,true,false,public,1,1,1,false,,
\src\de\schildbach\wallet\Service.LocalBinder.java,LocalBinder,9,0,1,0,1,false,false,2,true,false,0,0,1,0,0,false,false,true,true,false,public,1,0,0,false,,
\src\de\schildbach\wallet\Service.java,Service,205,12,5,0,0,false,false,1,false,false,2,3,31,31,0,false,false,false,true,false,public,5,0,0,false,,
\src\de\schildbach\wallet\WalletActivity.java,WalletActivity,460,10,14,0,2,false,false,2,false,false,9,11,52,55,0,false,false,false,true,false,public,2,7,5,false,,
