sep=,
Fullpathname,Classname,loc,numAttr,numMethod,setters,getters,isPersist,isCollection,numWordName,isOrEr,isController,numIfs,numParameters,numImports,numOutboundInvocation,numInnerClasses,isStaticClass,isInterface,isInnerClass,isClass,isEnum,classPublicity,numPublicMethods,numPrivateMethods,numProtectedMethods,isAbstract,
\wallet\src\de\schildbach\wallet\AddressBookProvider.Helper.java,Helper,67,3,3,0,0,true,false,1,true,false,1,6,3,3,0,true,false,true,true,false,private,2,1,0,false,,
\wallet\src\de\schildbach\wallet\AddressBookProvider.java,AddressBookProvider,148,9,8,0,1,true,false,3,true,false,10,19,7,31,0,false,false,false,true,false,public,7,1,0,false,,
\wallet\src\de\schildbach\wallet\DetermineFirstSeenThread.java,DetermineFirstSeenThread,78,2,3,0,0,false,false,4,false,false,1,2,12,5,0,false,false,false,true,false,public,1,0,2,false,,
\wallet\src\de\schildbach\wallet\Constants.java,Constants,105,76,0,0,0,false,false,1,false,false,0,0,6,2,0,false,false,false,true,false,public,0,0,0,false,,
\wallet\src\de\schildbach\wallet\ExchangeRatesProvider.java,ExchangeRatesProvider,135,4,7,0,2,false,false,3,true,false,7,15,18,12,0,false,false,false,true,false,public,6,1,0,false,,
\wallet\src\de\schildbach\wallet\WalletBalanceWidgetProvider.java,WalletBalanceWidgetProvider,53,0,1,0,0,false,false,4,true,false,0,3,12,3,0,false,false,false,true,false,public,1,0,0,false,,
\wallet\src\de\schildbach\wallet\util\Base43.java,Base43,106,2,4,0,0,false,false,1,false,false,4,4,3,7,0,false,false,false,true,false,public,4,0,0,false,,
\wallet\src\de\schildbach\wallet\WalletApplication.java,WalletApplication,407,4,15,0,1,false,false,2,false,false,6,4,35,54,0,false,false,false,true,false,public,7,8,0,false,,
\wallet\src\de\schildbach\wallet\util\BitmapFragment.java,BitmapFragment,81,3,4,0,0,false,false,2,false,false,1,5,12,3,0,false,false,false,true,false,public,3,1,0,false,,
\wallet\src\de\schildbach\wallet\util\CircularProgressView.java,CircularProgressView,122,7,8,3,1,false,false,3,false,false,3,12,10,4,0,false,false,false,true,false,public,4,1,3,false,,
\wallet\src\de\schildbach\wallet\util\IOUtils.java,IOUtils,37,0,1,0,0,false,false,3,false,false,0,2,2,0,0,false,false,false,true,false,public,1,0,0,false,,
\wallet\src\de\schildbach\wallet\util\Iso8601Format.java,Iso8601Format,63,0,8,0,0,false,false,2,false,false,0,4,4,0,0,false,false,false,true,false,public,8,0,0,false,,
\wallet\src\de\schildbach\wallet\util\StrictModeWrapper.java,StrictModeWrapper,28,0,1,0,0,false,false,3,true,false,0,0,1,1,0,false,false,false,true,false,public,1,0,0,false,,
\wallet\src\de\schildbach\wallet\util\NfcTools.java,NfcTools,105,3,9,0,0,false,false,2,false,false,5,19,8,6,0,false,false,false,true,false,public,4,5,0,false,,
\wallet\src\de\schildbach\wallet\util\ErrorReporter.java,ErrorReporter,275,10,12,0,3,false,false,2,true,false,3,14,27,50,0,false,false,false,true,false,public,5,7,0,false,,
\wallet\src\de\schildbach\wallet\util\ViewPagerTabs.java,ViewPagerTabs,164,5,9,0,1,false,false,3,false,false,4,10,14,9,0,false,false,false,true,false,public,6,0,3,false,,
\wallet\src\de\schildbach\wallet\util\WalletUtils.java,WalletUtils,117,1,7,0,1,false,false,2,false,false,2,20,17,10,0,false,false,false,true,false,public,7,0,0,false,,
\wallet\src\de\schildbach\wallet\ui\AboutActivity.java,AboutActivity,107,10,2,0,0,false,false,2,false,false,1,3,9,4,0,false,false,false,true,false,public,1,0,1,false,,
\wallet\src\de\schildbach\wallet\ui\AddressBookActivity.PagerAdapter.java,PagerAdapter,43,0,2,0,2,false,false,2,true,false,1,1,3,0,0,false,false,true,true,false,private,2,0,0,false,,
\wallet\src\de\schildbach\wallet\ui\AbstractWalletActivity.java,AbstractWalletActivity,147,1,13,0,1,false,false,3,false,false,2,19,16,6,0,false,false,false,true,false,public,0,0,13,true,,
\wallet\src\de\schildbach\wallet\ui\AmountCalculatorFragment.Listener.java,Listener,25,0,0,0,0,false,false,1,true,false,0,0,1,0,0,true,true,true,false,false,public,0,0,0,false,,
\wallet\src\de\schildbach\wallet\ui\AddressBookActivity.java,AddressBookActivity,159,6,6,0,0,false,false,3,false,false,5,7,17,6,0,false,false,false,true,false,public,3,1,1,false,,
\wallet\src\de\schildbach\wallet\ui\BlockchainStateFragment.BlockchainBroadcastReceiver.java,BlockchainBroadcastReceiver,38,1,1,0,0,false,false,3,true,false,1,2,6,1,0,false,false,true,true,false,private,1,0,0,false,,
\wallet\src\de\schildbach\wallet\ui\AmountCalculatorFragment.java,AmountCalculatorFragment,202,7,8,0,0,false,false,3,false,false,8,9,23,18,0,false,false,false,true,false,public,6,2,0,false,,
\wallet\src\de\schildbach\wallet\ui\CurrencyAmountView.Listener.java,Listener,26,0,0,0,0,false,false,1,true,false,0,0,0,0,0,true,true,true,false,false,public,0,0,0,false,,
\wallet\src\de\schildbach\wallet\ui\BlockchainStateFragment.java,BlockchainStateFragment,138,7,6,0,0,false,false,3,false,false,3,4,14,6,0,false,false,false,true,false,public,5,1,0,false,,
\wallet\src\de\schildbach\wallet\ui\CurrencyAmountView.TextViewListener.java,TextViewListener,69,0,5,0,0,false,false,3,true,false,6,14,8,4,0,false,false,true,true,false,private,5,0,0,false,,
\wallet\src\de\schildbach\wallet\ui\CurrencyCodeDrawable.java,CurrencyCodeDrawable,61,3,5,2,2,false,false,3,false,false,0,3,4,0,0,false,false,false,true,false,public,5,0,0,false,,
\wallet\src\de\schildbach\wallet\ui\CurrencyAmountView.java,CurrencyAmountView,258,13,17,9,1,false,false,3,false,false,10,13,25,21,0,false,false,false,true,false,public,10,4,3,false,,
\wallet\src\de\schildbach\wallet\ui\EditAddressBookEntryFragment.java,EditAddressBookEntryFragment,129,4,5,0,0,false,false,5,false,false,5,9,19,8,0,false,false,false,true,false,public,4,1,0,false,,
\wallet\src\de\schildbach\wallet\ui\PeerListFragment.PeerLoader.java,PeerLoader,64,3,3,0,0,false,false,2,true,false,0,0,8,3,0,true,false,true,true,false,private,1,0,2,false,,
\wallet\src\de\schildbach\wallet\ui\ExchangeRatesFragment.java,ExchangeRatesFragment,186,6,10,0,0,false,false,3,false,false,4,12,29,18,0,false,false,false,true,false,public,9,1,0,false,,
\wallet\src\de\schildbach\wallet\ui\PeerListFragment.java,PeerListFragment,119,5,8,0,0,false,false,3,false,false,1,10,20,6,0,false,false,false,true,false,public,8,0,0,false,,
\wallet\src\de\schildbach\wallet\ui\PeerMonitorActivity.java,PeerMonitorActivity,46,0,2,0,0,false,false,3,false,false,1,2,4,1,0,false,false,false,true,false,public,1,0,1,false,,
\wallet\src\de\schildbach\wallet\ui\PreferencesActivity.java,PreferencesActivity,32,0,1,0,0,false,false,2,false,false,0,1,3,0,0,false,false,false,true,false,public,0,0,1,false,,
\wallet\src\de\schildbach\wallet\ui\RequestCoinsActivity.java,RequestCoinsActivity,72,1,4,0,0,false,false,3,false,false,1,4,8,2,0,false,false,false,true,false,public,2,0,2,false,,
\wallet\src\de\schildbach\wallet\ui\RequestCoinsFragment.java,RequestCoinsFragment,230,12,11,0,0,false,false,3,false,false,5,9,35,25,0,false,false,false,true,false,public,8,3,0,false,,
\wallet\src\de\schildbach\wallet\ui\SendCoinsActivity.java,SendCoinsActivity,171,4,8,0,0,false,false,3,false,false,6,12,17,13,0,false,false,false,true,false,public,3,2,3,false,,
\wallet\src\de\schildbach\wallet\ui\SendCoinsFragment.AutoCompleteAddressAdapter.java,AutoCompleteAddressAdapter,67,0,4,0,0,false,false,4,true,false,0,8,11,1,0,false,false,true,true,false,public,4,0,0,false,,
\wallet\src\de\schildbach\wallet\ui\SendCoinsFragment.ReceivingAddressListener.java,ReceivingAddressListener,44,0,4,0,0,false,false,3,true,false,1,11,4,0,0,false,false,true,true,false,private,4,0,0,false,,
\wallet\src\de\schildbach\wallet\ui\SendCoinsFragment.State.java,State,24,3,0,0,0,false,false,1,false,false,0,0,0,0,0,false,false,true,false,true,private,0,0,0,false,,
\wallet\src\de\schildbach\wallet\ui\SendingAddressesFragment.java,SendingAddressesFragment,241,4,16,1,0,false,false,3,false,false,5,22,29,23,0,false,false,false,true,false,public,11,5,0,false,,
\wallet\src\de\schildbach\wallet\ui\TransactionActivity.java,TransactionActivity,171,5,7,0,0,false,false,2,false,false,5,5,21,14,0,false,false,false,true,false,public,2,3,2,false,,
\wallet\src\de\schildbach\wallet\ui\SendCoinsFragment.java,SendCoinsFragment,546,25,22,0,0,false,false,3,false,false,30,21,42,56,0,false,false,false,true,false,public,10,10,2,false,,
\wallet\src\de\schildbach\wallet\ui\TransactionFragment.java,TransactionFragment,233,4,3,0,0,false,false,2,false,false,10,5,32,36,0,false,false,false,true,false,public,3,0,0,false,,
\wallet\src\de\schildbach\wallet\ui\WalletAddressFragment.java,WalletAddressFragment,130,10,6,0,0,false,false,3,false,false,4,4,23,10,0,false,false,false,true,false,public,4,2,0,false,,
\wallet\src\de\schildbach\wallet\ui\WalletActivity.java,WalletActivity,274,2,10,0,0,false,false,2,false,false,12,6,25,24,0,false,false,false,true,false,public,2,5,3,false,,
\wallet\src\de\schildbach\wallet\ui\WalletAddressesAdapter.java,WalletAddressesAdapter,103,7,4,0,4,false,false,3,true,false,4,5,17,6,0,false,false,false,true,false,public,4,0,0,false,,
\wallet\src\de\schildbach\wallet\ui\WalletBalanceFragment.java,WalletBalanceFragment,174,8,10,0,0,false,false,3,false,false,4,10,31,13,0,false,false,false,true,false,public,10,0,0,false,,
\wallet\src\de\schildbach\wallet\ui\WalletAddressesFragment.java,WalletAddressesFragment,248,6,11,0,0,false,false,3,false,false,4,12,31,32,0,false,false,false,true,false,public,8,3,0,false,,
\wallet\src\de\schildbach\wallet\ui\WalletTransactionsFragment.PagerAdapter.java,PagerAdapter,40,0,2,0,2,false,false,2,true,false,0,1,3,0,0,true,false,true,true,false,private,2,0,0,false,,
\wallet\src\de\schildbach\wallet\ui\WalletTransactionsFragment.TransactionsLoader.java,TransactionsLoader,89,3,3,0,0,false,false,2,true,false,2,0,12,8,0,true,false,true,true,false,private,1,0,2,false,,
\wallet\src\de\schildbach\wallet\ui\WalletTransactionsFragment.java,WalletTransactionsFragment,55,1,2,0,0,false,false,3,false,false,0,4,8,0,0,false,false,false,true,false,public,2,0,0,false,,
\wallet\src\de\schildbach\wallet\store\SQLiteBlockStore.Helper.java,Helper,41,0,2,0,0,true,false,1,true,false,0,4,3,0,0,false,false,true,true,false,private,2,0,0,false,,
\wallet\src\de\schildbach\wallet\ui\WalletTransactionsFragment.ListFragment.java,ListFragment,402,14,15,0,2,false,false,2,false,false,10,17,48,45,0,true,false,true,true,false,public,12,3,0,false,,
\wallet\src\de\schildbach\wallet\store\SQLiteBlockStore.java,SQLiteBlockStore,209,17,6,1,2,true,false,5,false,false,6,3,22,25,0,false,false,false,true,false,public,5,1,0,false,,
\wallet\src\de\schildbach\wallet\store\WriteAheadCacheBlockStoreWrapper.java,WriteAheadCacheBlockStoreWrapper,80,4,6,1,2,false,false,6,true,false,2,3,6,5,0,false,false,false,true,false,public,5,1,0,false,,
\wallet\src\de\schildbach\wallet\service\AutosyncReceiver.java,AutosyncReceiver,31,0,1,0,0,false,false,2,true,false,0,2,3,1,0,false,false,false,true,false,public,1,0,0,false,,
\wallet\src\de\schildbach\wallet\service\AutosyncService.java,AutosyncService,125,9,6,0,0,false,false,2,false,false,5,6,14,7,0,false,false,false,true,false,public,5,1,0,false,,
\wallet\src\de\schildbach\wallet\service\BlockchainService.java,BlockchainService,42,11,0,0,0,false,false,2,false,false,0,0,6,3,0,false,true,false,false,false,public,0,0,0,false,,
\wallet\src\de\schildbach\wallet\service\BlockchainServiceImpl.LocalBinder.java,LocalBinder,28,0,1,0,1,false,false,2,true,false,0,0,1,0,0,false,false,true,true,false,public,1,0,0,false,,
\wallet\src\com\google\zxing\Binarizer.java,Binarizer,70,1,1,0,1,false,false,1,true,false,1,0,2,2,0,false,false,false,true,false,public,1,0,0,true,,
\wallet\src\com\google\zxing\ChecksumException.java,ChecksumException,31,1,1,0,1,false,false,2,false,false,0,0,0,0,0,false,false,false,true,false,public,1,0,0,false,,
\wallet\src\com\google\zxing\BarcodeFormat.java,BarcodeFormat,79,18,3,0,1,false,false,2,false,false,2,1,1,1,0,false,false,false,true,false,public,3,0,0,false,,
\wallet\src\com\google\zxing\BinaryBitmap.java,BinaryBitmap,114,2,8,0,4,false,false,2,false,false,2,6,2,10,0,false,false,false,true,false,public,8,0,0,false,,
\wallet\src\com\google\zxing\DecodeHintType.java,DecodeHintType,66,8,0,0,0,false,false,3,false,false,0,0,0,0,0,false,false,false,true,false,public,0,0,0,false,,
\wallet\src\com\google\zxing\EncodeHintType.java,EncodeHintType,33,2,0,0,0,false,false,3,false,false,0,0,0,0,0,false,false,false,true,false,public,0,0,0,false,,
\wallet\src\com\google\zxing\FormatException.java,FormatException,32,1,1,0,1,false,false,2,false,false,0,0,0,0,0,false,false,false,true,false,public,1,0,0,false,,
\wallet\src\de\schildbach\wallet\service\BlockchainServiceImpl.java,BlockchainServiceImpl,578,22,14,0,1,false,false,3,false,false,22,15,54,73,0,false,false,false,true,false,public,8,6,0,false,,
\wallet\src\com\google\zxing\NotFoundException.java,NotFoundException,31,1,1,0,1,false,false,3,false,false,0,0,0,0,0,false,false,false,true,false,public,1,0,0,false,,
\wallet\src\com\google\zxing\LuminanceSource.java,LuminanceSource,100,2,6,0,2,false,false,2,false,false,0,4,0,2,0,false,false,false,true,false,public,6,0,0,true,,
\wallet\src\com\google\zxing\Reader.java,Reader,57,0,0,0,0,false,false,1,true,false,0,0,1,0,0,false,true,false,false,false,public,0,0,0,false,,
\wallet\src\com\google\zxing\ReaderException.java,ReaderException,87,0,1,0,0,false,false,2,false,false,1,0,0,7,0,false,false,false,true,false,public,1,0,0,true,,
\wallet\src\com\google\zxing\ResultPointCallback.java,ResultPointCallback,25,0,0,0,0,false,false,3,false,false,0,0,0,0,0,false,true,false,false,false,public,0,0,0,false,,
\wallet\src\com\google\zxing\ResultMetadataType.java,ResultMetadataType,90,9,3,0,1,false,false,3,false,false,2,1,1,1,0,false,false,false,true,false,public,3,0,0,false,,
\wallet\src\com\google\zxing\Result.java,Result,126,6,10,0,6,false,false,1,false,false,6,4,2,4,0,false,false,false,true,false,public,10,0,0,false,,
\wallet\src\com\google\zxing\Writer.java,Writer,47,0,0,0,0,false,false,1,true,false,0,0,2,0,0,false,true,false,false,false,public,0,0,0,false,,
\wallet\src\com\google\zxing\ResultPoint.java,ResultPoint,110,2,8,0,2,false,false,2,false,false,3,7,0,3,0,false,false,false,true,false,public,7,1,0,false,,
\wallet\src\com\google\zxing\WriterException.java,WriterException,30,0,0,0,0,false,false,2,false,false,0,0,0,0,0,false,false,false,true,false,public,0,0,0,false,,
\wallet\src\com\google\zxing\qrcode\encoder\BlockPair.java,BlockPair,30,2,2,0,2,false,false,2,false,false,0,0,0,0,0,false,false,false,true,false,default,2,0,0,false,,
\wallet\src\com\google\zxing\qrcode\QRCodeWriter.java,QRCodeWriter,89,1,3,0,0,false,false,4,true,false,6,12,10,4,0,false,false,false,true,false,public,2,1,0,false,,
\wallet\src\com\google\zxing\qrcode\encoder\ByteMatrix.java,ByteMatrix,83,3,9,3,4,false,false,2,false,false,1,12,0,1,0,false,false,false,true,false,public,9,0,0,false,,
\wallet\src\com\google\zxing\qrcode\QRCodeReader.java,QRCodeReader,145,2,6,0,1,false,false,4,true,false,9,6,16,18,0,false,false,false,true,false,public,3,2,1,false,,
\wallet\src\com\google\zxing\qrcode\encoder\QRCode.java,QRCode,206,11,24,10,10,false,false,3,false,false,3,13,2,6,0,false,false,false,true,false,public,24,0,0,false,,
\wallet\src\com\google\zxing\qrcode\detector\AlignmentPattern.java,AlignmentPattern,41,1,1,0,0,false,false,2,false,false,1,3,1,1,0,false,false,false,true,false,public,0,0,0,false,,
\wallet\src\com\google\zxing\qrcode\encoder\MaskUtil.java,MaskUtil,208,0,6,0,1,false,false,2,false,false,8,9,0,17,0,false,false,false,true,false,public,5,1,0,false,,
\wallet\src\com\google\zxing\qrcode\encoder\Encoder.java,Encoder,505,2,21,0,2,false,false,1,true,false,33,57,13,38,0,false,false,false,true,false,public,4,5,0,false,,
\wallet\src\com\google\zxing\qrcode\detector\AlignmentPatternFinder.java,AlignmentPatternFinder,259,9,5,0,0,false,false,3,true,false,18,10,5,4,0,false,false,false,true,false,default,0,4,0,false,,
\wallet\src\com\google\zxing\qrcode\encoder\MatrixUtil.java,MatrixUtil,479,9,20,0,0,false,false,2,false,false,27,43,3,26,0,false,false,false,true,false,public,10,10,0,false,,
\wallet\src\com\google\zxing\qrcode\detector\FinderPattern.java,FinderPattern,53,2,4,0,2,false,false,2,false,false,1,3,1,1,0,false,false,false,true,false,public,1,0,0,false,,
\wallet\src\com\google\zxing\qrcode\detector\FinderPatternFinder.CenterComparator.java,CenterComparator,40,1,1,0,0,false,false,2,true,false,1,2,1,4,0,true,false,true,true,false,private,1,0,0,false,,
\wallet\src\com\google\zxing\qrcode\detector\FinderPatternFinder.FurthestFromAverageComparator.java,FurthestFromAverageComparator,36,1,1,0,0,false,false,4,true,false,0,2,1,2,0,true,false,true,true,false,private,1,0,0,false,,
\wallet\src\com\google\zxing\qrcode\detector\FinderPatternInfo.java,FinderPatternInfo,41,3,3,0,3,false,false,3,false,false,0,0,0,0,0,false,false,false,true,false,public,3,0,0,false,,
\wallet\src\com\google\zxing\qrcode\detector\Detector.java,Detector,362,2,14,0,2,false,false,1,true,false,19,32,11,43,0,false,false,false,true,false,public,3,5,6,false,,
\wallet\src\com\google\zxing\qrcode\decoder\DataMask.DataMask000.java,DataMask000,32,0,1,0,0,false,false,2,false,false,0,2,0,0,0,true,false,true,true,false,private,0,0,0,false,,
\wallet\src\com\google\zxing\qrcode\decoder\DataMask.DataMask001.java,DataMask001,32,0,1,0,0,false,false,2,false,false,0,2,0,0,0,true,false,true,true,false,private,0,0,0,false,,
\wallet\src\com\google\zxing\qrcode\decoder\BitMatrixParser.java,BitMatrixParser,178,3,4,0,0,false,false,3,true,false,12,3,2,14,0,false,false,false,true,false,default,0,1,0,false,,
\wallet\src\com\google\zxing\qrcode\decoder\DataBlock.java,DataBlock,109,2,3,0,3,false,false,2,false,false,2,3,0,7,0,false,false,false,true,false,default,0,0,0,false,,
\wallet\src\com\google\zxing\qrcode\decoder\DataMask.DataMask010.java,DataMask010,32,0,1,0,0,false,false,2,false,false,0,2,0,0,0,true,false,true,true,false,private,0,0,0,false,,
\wallet\src\com\google\zxing\qrcode\decoder\DataMask.DataMask011.java,DataMask011,32,0,1,0,0,false,false,2,false,false,0,2,0,0,0,true,false,true,true,false,private,0,0,0,false,,
\wallet\src\com\google\zxing\qrcode\decoder\DataMask.DataMask100.java,DataMask100,32,0,1,0,0,false,false,2,false,false,0,2,0,0,0,true,false,true,true,false,private,0,0,0,false,,
\wallet\src\com\google\zxing\qrcode\decoder\DataMask.DataMask101.java,DataMask101,33,0,1,0,0,false,false,2,false,false,0,2,0,0,0,true,false,true,true,false,private,0,0,0,false,,
\wallet\src\com\google\zxing\qrcode\detector\FinderPatternFinder.java,FinderPatternFinder,509,9,12,0,3,false,false,3,true,false,42,15,8,24,0,false,false,false,true,false,public,0,7,4,false,,
\wallet\src\com\google\zxing\qrcode\decoder\DataMask.DataMask110.java,DataMask110,33,0,1,0,0,false,false,2,false,false,0,2,0,0,0,true,false,true,true,false,private,0,0,0,false,,
\wallet\src\com\google\zxing\qrcode\decoder\DataMask.DataMask111.java,DataMask111,32,0,1,0,0,false,false,2,false,false,0,2,0,0,0,true,false,true,true,false,private,0,0,0,false,,
\wallet\src\com\google\zxing\qrcode\decoder\DataMask.java,DataMask,97,1,2,0,0,false,false,2,false,false,2,3,1,0,0,false,false,false,true,false,default,0,0,0,true,,
\wallet\src\com\google\zxing\qrcode\decoder\ErrorCorrectionLevel.java,ErrorCorrectionLevel,72,8,5,0,2,false,false,3,false,false,1,1,0,0,0,false,false,false,true,false,public,5,0,0,false,,
\wallet\src\com\google\zxing\qrcode\decoder\Decoder.java,Decoder,127,1,5,0,0,false,false,1,true,false,1,8,8,7,0,false,false,false,true,false,public,4,1,0,false,,
\wallet\src\com\google\zxing\qrcode\decoder\FormatInformation.java,FormatInformation,156,5,7,0,2,false,false,2,false,false,7,7,0,1,0,false,false,false,true,false,default,2,1,0,false,,
\wallet\src\com\google\zxing\qrcode\decoder\Version.ECB.java,ECB,35,2,2,0,2,false,false,3,false,false,0,0,0,0,0,true,false,true,true,false,public,2,0,0,false,,
\wallet\src\com\google\zxing\qrcode\decoder\Version.ECBlocks.java,ECBlocks,49,2,4,0,4,false,false,3,false,false,0,0,0,1,0,true,false,true,true,false,public,4,0,0,false,,
\wallet\src\com\google\zxing\qrcode\decoder\Mode.java,Mode,105,13,5,0,3,false,false,1,false,false,3,2,0,1,0,false,false,false,true,false,public,5,0,0,false,,
\wallet\src\com\google\zxing\multi\ByQuadrantReader.java,ByQuadrantReader,80,1,3,0,0,false,false,3,true,false,0,3,7,3,0,false,false,false,true,false,public,3,0,0,false,,
\wallet\src\com\google\zxing\qrcode\decoder\DecodedBitStreamParser.java,DecodedBitStreamParser,302,2,8,0,0,false,false,4,true,false,23,25,8,24,0,false,false,false,true,false,default,0,7,0,false,,
\wallet\src\com\google\zxing\multi\MultipleBarcodeReader.java,MultipleBarcodeReader,30,0,0,0,0,false,false,3,true,false,0,0,4,0,0,false,true,false,false,false,public,0,0,0,false,,
\wallet\src\com\google\zxing\multi\qrcode\QRCodeMultiReader.java,QRCodeMultiReader,72,1,2,0,0,false,false,5,true,false,3,3,14,11,0,false,false,false,true,false,public,2,0,0,false,,
\wallet\src\com\google\zxing\multi\GenericMultipleBarcodeReader.java,GenericMultipleBarcodeReader,143,2,4,0,0,false,false,4,true,false,12,11,8,14,0,false,false,false,true,false,public,2,2,0,false,,
\wallet\src\com\google\zxing\multi\qrcode\detector\MultiDetector.java,MultiDetector,62,1,1,0,0,false,false,2,true,false,2,1,8,4,0,false,false,false,true,false,public,1,0,0,false,,
\wallet\src\com\google\zxing\multi\qrcode\detector\MultiFinderPatternFinder.ModuleSizeComparator.java,ModuleSizeComparator,39,0,1,0,0,false,false,3,true,false,0,2,2,2,0,true,false,true,true,false,private,1,0,0,false,,
\wallet\src\com\google\zxing\multi\qrcode\detector\MultiFinderPatternFinder.java,MultiFinderPatternFinder,277,5,2,0,0,false,false,4,true,false,20,1,11,22,0,false,false,false,true,false,default,1,1,0,false,,
\wallet\src\com\google\zxing\common\BitArray.java,BitArray,222,2,18,2,4,false,false,2,false,false,11,19,0,2,0,false,false,false,true,false,public,16,2,0,false,,
\wallet\src\com\google\zxing\common\BitSource.java,BitSource,85,3,2,0,0,false,false,2,false,false,5,1,0,0,0,false,false,false,true,false,public,2,0,0,false,,
\wallet\src\com\google\zxing\common\Collections.java,Collections,47,0,1,0,0,false,false,1,false,false,0,2,1,1,0,false,false,false,true,false,public,1,0,0,false,,
\wallet\src\com\google\zxing\common\CharacterSetECI.java,CharacterSetECI,97,3,6,0,3,false,false,5,false,false,3,6,1,0,0,false,false,false,true,false,public,3,3,0,false,,
\wallet\src\com\google\zxing\common\Comparator.java,Comparator,23,0,0,0,0,false,false,1,true,false,0,0,0,0,0,false,true,false,false,false,public,0,0,0,false,,
\wallet\src\com\google\zxing\common\DecoderResult.java,DecoderResult,51,4,4,0,4,false,false,2,false,false,1,0,1,0,0,false,false,false,true,false,public,4,0,0,false,,
\wallet\src\com\google\zxing\common\DetectorResult.java,DetectorResult,38,2,2,0,2,false,false,2,false,false,0,0,1,0,0,false,false,false,true,false,public,2,0,0,false,,
\wallet\src\com\google\zxing\common\BitMatrix.java,BitMatrix,225,4,13,2,6,false,false,2,false,false,10,13,0,2,0,false,false,false,true,false,public,13,0,0,false,,
\wallet\src\com\google\zxing\common\DefaultGridSampler.java,DefaultGridSampler,78,0,2,0,0,false,false,3,true,false,2,23,1,2,0,false,false,false,true,false,public,2,0,0,false,,
\wallet\src\com\google\zxing\common\ECI.java,ECI,45,1,2,0,2,false,false,3,false,false,2,1,0,0,0,false,false,false,true,false,public,2,0,0,true,,
\wallet\src\com\google\zxing\qrcode\decoder\Version.java,Version,509,6,11,0,7,false,false,1,false,false,7,4,2,6,0,false,false,false,true,false,public,8,1,0,false,,
\wallet\src\com\google\zxing\common\GridSampler.java,GridSampler,146,1,3,1,1,false,false,2,true,false,7,3,1,4,0,false,false,false,true,false,public,2,0,1,true,,
\wallet\src\com\google\zxing\common\GlobalHistogramBinarizer.java,GlobalHistogramBinarizer,172,5,5,0,2,false,false,3,true,false,11,5,3,7,0,false,false,false,true,false,public,3,2,0,false,,
\wallet\src\com\google\zxing\common\StringUtils.java,StringUtils,176,7,1,0,0,false,false,2,false,false,22,2,2,0,0,false,false,false,true,false,public,1,0,0,false,,
\wallet\src\com\google\zxing\common\HybridBinarizer.java,HybridBinarizer,170,2,6,0,1,false,false,2,true,false,12,19,3,5,0,false,false,false,true,false,public,2,4,0,false,,
\wallet\src\com\google\zxing\common\PerspectiveTransform.java,PerspectiveTransform,134,1,7,0,0,false,false,2,false,false,1,36,0,1,0,false,false,false,true,false,public,5,0,0,false,,
\wallet\src\com\google\zxing\common\reedsolomon\GenericGF.java,GenericGF,160,15,11,0,3,false,false,3,false,false,9,9,0,0,0,false,false,false,true,false,public,1,2,0,false,,
\wallet\src\com\google\zxing\common\reedsolomon\ReedSolomonException.java,ReedSolomonException,27,0,0,0,0,false,false,3,false,false,0,0,0,0,0,false,false,false,true,false,public,0,0,0,false,,
\wallet\src\com\google\zxing\common\reedsolomon\ReedSolomonEncoder.java,ReedSolomonEncoder,67,2,2,0,0,false,false,3,true,false,4,3,1,5,0,false,false,false,true,false,public,1,1,0,false,,
\wallet\src\com\google\zxing\common\reedsolomon\GenericGFPoly.java,GenericGFPoly,240,2,11,0,3,false,false,4,false,false,24,8,0,14,0,false,false,false,true,false,default,1,0,0,false,,
\wallet\src\com\google\zxing\common\reedsolomon\ReedSolomonDecoder.java,ReedSolomonDecoder,179,1,4,0,0,false,false,3,true,false,11,9,0,14,0,false,false,false,true,false,public,1,3,0,false,,
\wallet\src\com\google\zxing\common\detector\MonochromeRectangleDetector.java,MonochromeRectangleDetector,192,2,3,0,0,false,false,3,true,false,12,14,3,8,0,false,false,false,true,false,public,1,2,0,false,,
\sample-integration-android\src\de\schildbach\wallet\integration\sample\SampleActivity.java,SampleActivity,85,4,2,0,0,false,false,2,false,false,3,4,12,5,0,false,false,false,true,false,public,0,0,2,false,,
\wallet\src\com\google\zxing\common\detector\WhiteRectangleDetector.java,WhiteRectangleDetector,302,9,6,0,1,false,false,3,true,false,25,17,3,20,0,false,false,false,true,false,public,1,5,0,false,,
\integration-android\src\de\schildbach\wallet\integration\android\BitcoinIntegration.java,BitcoinIntegration,164,3,10,0,0,false,false,2,false,false,5,23,6,7,0,false,false,false,true,false,public,6,4,0,false,,
