sep=,
Fullpathname,Classname,loc,numAttr,numMethod,setters,getters,isPersist,isCollection,numWordName,isOrEr,isController,numIfs,numParameters,numImports,numOutboundInvocation,numInnerClasses,isStaticClass,isInterface,isInnerClass,isClass,isEnum,classPublicity,numPublicMethods,numPrivateMethods,numProtectedMethods,isAbstract,
\wallet\src\de\schildbach\wallet\AddressBookProvider.Helper.java,Helper,67,3,3,0,0,true,false,1,true,false,1,6,3,3,0,true,false,true,true,false,private,2,1,0,false,,
\wallet\test\de\schildbach\wallet\util\GenericUtilsTest.java,GenericUtilsTest,46,0,1,0,0,false,false,3,false,false,0,0,3,0,0,false,false,false,true,false,public,1,0,0,false,,
\wallet\src\de\schildbach\wallet\AddressBookProvider.java,AddressBookProvider,151,8,9,0,1,true,false,3,true,false,10,20,7,32,0,false,false,false,true,false,public,8,1,0,false,,
\wallet\src\de\schildbach\wallet\DetermineFirstSeenThread.java,DetermineFirstSeenThread,105,3,4,0,0,false,false,4,false,false,2,3,14,8,0,false,false,false,true,false,public,1,2,1,true,,
\wallet\src\de\schildbach\wallet\Constants.java,Constants,110,78,0,0,0,false,false,1,false,false,0,0,9,2,0,false,false,false,true,false,public,0,0,0,false,,
\wallet\src\de\schildbach\wallet\ExchangeRatesProvider.ExchangeRate.java,ExchangeRate,39,3,1,0,0,false,false,2,false,false,0,0,2,1,0,true,false,true,true,false,public,1,0,0,false,,
\wallet\src\de\schildbach\wallet\WalletApplication.WalletAutosaveEventListener.java,WalletAutosaveEventListener,41,0,3,0,0,false,false,4,true,false,1,3,4,0,0,true,false,true,true,false,private,3,0,0,false,,
\wallet\src\de\schildbach\wallet\ExchangeRatesProvider.java,ExchangeRatesProvider,243,7,11,0,4,false,false,3,true,false,17,17,23,28,0,false,false,false,true,false,public,8,3,0,false,,
\wallet\src\de\schildbach\wallet\WalletBalanceWidgetProvider.java,WalletBalanceWidgetProvider,70,0,2,0,0,false,false,4,true,false,0,7,19,3,0,false,false,false,true,false,public,2,0,0,false,,
\wallet\src\de\schildbach\wallet\util\BitmapFragment.java,BitmapFragment,74,3,4,0,0,false,false,2,false,false,0,5,10,2,0,false,false,false,true,false,public,3,1,0,false,,
\wallet\src\de\schildbach\wallet\util\Base43.java,Base43,106,2,4,0,0,false,false,1,false,false,4,4,3,7,0,false,false,false,true,false,public,4,0,0,false,,
\wallet\src\de\schildbach\wallet\WalletApplication.java,WalletApplication,327,8,18,0,1,false,false,2,false,false,13,4,34,49,0,false,false,false,true,false,public,11,7,0,false,,
\wallet\src\de\schildbach\wallet\util\CrashReporter.ExceptionHandler.java,ExceptionHandler,56,1,3,0,0,false,false,2,true,false,0,3,3,3,0,true,false,true,true,false,private,1,2,0,false,,
\wallet\src\de\schildbach\wallet\util\CircularProgressView.java,CircularProgressView,141,9,10,5,1,false,false,3,false,false,3,15,10,4,0,false,false,false,true,false,public,6,1,3,false,,
\wallet\src\de\schildbach\wallet\util\CrashReporter.java,CrashReporter,263,7,13,0,0,false,false,2,true,false,8,17,21,43,0,false,false,false,true,false,public,10,3,0,false,,
\wallet\src\de\schildbach\wallet\util\IOUtils.java,IOUtils,37,0,1,0,0,false,false,3,false,false,0,2,2,0,0,false,false,false,true,false,public,1,0,0,false,,
\wallet\src\de\schildbach\wallet\util\GenericUtils.java,GenericUtils,53,1,2,0,0,false,false,2,false,false,2,6,3,2,0,false,false,false,true,false,public,2,0,0,false,,
\wallet\src\de\schildbach\wallet\util\EncryptionUtils.java,EncryptionUtils,273,11,8,0,1,false,false,2,false,false,4,14,18,4,0,false,false,false,true,false,public,2,6,0,false,,
\wallet\src\de\schildbach\wallet\util\Iso8601Format.java,Iso8601Format,68,1,8,0,0,false,false,2,false,false,0,4,6,0,0,false,false,false,true,false,public,8,0,0,false,,
\wallet\src\de\schildbach\wallet\util\NfcTools.java,NfcTools,103,3,9,0,0,false,false,2,false,false,5,20,7,8,0,false,false,false,true,false,public,4,5,0,false,,
\wallet\src\de\schildbach\wallet\util\PlatformSupportManager.java,PlatformSupportManager,92,3,2,0,0,false,false,3,true,false,3,2,4,4,0,false,false,false,true,false,public,1,0,1,true,,
\wallet\src\de\schildbach\wallet\util\ThrottelingWalletChangeListener.java,ThrottelingWalletChangeListener,109,9,7,0,0,false,false,4,true,false,6,13,8,3,0,false,false,false,true,false,public,7,0,0,true,,
\wallet\src\de\schildbach\wallet\util\ViewPagerTabs.java,ViewPagerTabs,165,6,9,0,1,false,false,3,false,false,4,10,14,10,0,false,false,false,true,false,public,6,0,3,false,,
\wallet\src\de\schildbach\wallet\util\WalletUtils.java,WalletUtils,279,5,14,0,3,false,false,2,false,false,9,31,43,30,0,false,false,false,true,false,public,14,0,0,false,,
\wallet\src\de\schildbach\wallet\ui\AboutActivity.java,AboutActivity,128,10,3,0,0,false,false,2,false,false,3,4,12,6,0,false,false,false,true,false,public,2,0,1,false,,
\wallet\src\de\schildbach\wallet\ui\AbstractWalletActivity.java,AbstractWalletActivity,97,1,10,0,1,false,false,3,false,false,0,18,12,4,0,false,false,false,true,false,public,0,0,10,true,,
\wallet\src\de\schildbach\wallet\ui\AddressBookActivity.PagerAdapter.java,PagerAdapter,43,0,2,0,2,false,false,2,true,false,1,1,3,0,0,false,false,true,true,false,private,2,0,0,false,,
\wallet\src\de\schildbach\wallet\ui\AddressAndLabel.java,AddressAndLabel,66,3,2,0,0,false,false,3,false,false,0,2,6,5,0,false,false,false,true,false,public,2,0,0,false,,
\wallet\src\de\schildbach\wallet\ui\AddressBookActivity.java,AddressBookActivity,100,3,4,0,0,false,false,3,false,false,2,4,14,3,0,false,false,false,true,false,public,2,0,1,false,,
\wallet\src\de\schildbach\wallet\ui\BlockListFragment.BlockLoader.java,BlockLoader,64,3,3,0,0,false,false,2,true,false,0,0,8,3,0,true,false,true,true,false,private,1,0,2,false,,
\wallet\src\de\schildbach\wallet\ui\BlockListFragment.BlockListAdapter.java,BlockListAdapter,114,4,7,0,4,false,false,3,true,false,5,6,13,12,0,false,false,true,true,false,private,7,0,0,false,,
\wallet\src\de\schildbach\wallet\ui\BlockListFragment.TransactionsLoader.java,TransactionsLoader,50,1,1,0,0,false,false,2,true,false,1,0,8,3,0,true,false,true,true,false,private,1,0,0,false,,
\wallet\src\de\schildbach\wallet\ui\CurrencyAmountView.Listener.java,Listener,26,0,0,0,0,false,false,1,true,false,0,0,0,0,0,true,true,true,false,false,public,0,0,0,false,,
\wallet\src\de\schildbach\wallet\ui\BlockListFragment.java,BlockListFragment,204,15,7,0,0,false,false,3,false,false,2,7,32,22,0,false,false,false,true,false,public,7,0,0,false,,
\wallet\src\de\schildbach\wallet\ui\CurrencyAmountView.TextViewListener.java,TextViewListener,75,1,6,1,0,false,false,3,true,false,6,15,9,4,0,false,false,true,true,false,private,6,0,0,false,,
\wallet\src\de\schildbach\wallet\ui\CurrencyAmountView.java,CurrencyAmountView,286,14,21,13,1,false,false,3,false,false,11,18,22,22,0,false,false,false,true,false,public,14,4,3,false,,
\wallet\src\de\schildbach\wallet\ui\CurrencyCalculatorLink.java,CurrencyCalculatorLink,174,8,8,4,1,false,false,3,false,false,14,4,5,13,0,false,false,false,true,false,public,7,1,0,false,,
\wallet\src\de\schildbach\wallet\ui\CurrencySymbolDrawable.java,CurrencySymbolDrawable,62,3,5,2,2,false,false,3,false,false,0,3,5,0,0,false,false,false,true,false,public,5,0,0,false,,
\wallet\src\de\schildbach\wallet\ui\CurrencyTextView.java,CurrencyTextView,132,7,9,7,0,false,false,3,false,false,7,7,14,3,0,false,false,false,true,false,public,7,1,1,false,,
\wallet\src\de\schildbach\wallet\ui\EditAddressBookEntryFragment.java,EditAddressBookEntryFragment,123,5,5,0,0,false,false,5,false,false,4,9,17,7,0,false,false,false,true,false,public,4,1,0,false,,
\wallet\src\de\schildbach\wallet\ui\ExchangeRateLoader.java,ExchangeRateLoader,61,1,4,0,0,false,false,3,true,false,1,2,7,3,0,false,false,false,true,false,public,1,1,2,false,,
\wallet\src\de\schildbach\wallet\ui\ExchangeRatesActivity.java,ExchangeRatesActivity,46,0,2,0,0,false,false,3,false,false,1,2,4,1,0,false,false,false,true,false,public,1,0,1,false,,
\wallet\src\de\schildbach\wallet\ui\ExchangeRatesFragment.BlockchainBroadcastReceiver.java,BlockchainBroadcastReceiver,33,0,1,0,0,false,false,3,true,false,0,2,4,0,0,false,false,true,true,false,private,1,0,0,false,,
\wallet\src\de\schildbach\wallet\ui\FileAdapter.java,FileAdapter,50,2,1,0,1,false,false,2,true,false,1,3,9,1,0,false,false,false,true,false,public,1,0,0,true,,
\wallet\src\de\schildbach\wallet\ui\ExchangeRatesFragment.java,ExchangeRatesFragment,219,14,7,0,0,false,false,3,false,false,4,8,34,16,0,false,false,false,true,false,public,6,1,0,false,,
\wallet\src\de\schildbach\wallet\ui\HelpDialogFragment.java,HelpDialogFragment,96,3,5,0,0,false,false,3,false,false,1,5,8,3,0,false,false,false,true,false,public,3,2,0,false,,
\wallet\src\de\schildbach\wallet\ui\ImportDialogButtonEnablerListener.java,ImportDialogButtonEnablerListener,74,2,8,0,0,false,false,5,true,false,0,14,9,1,0,false,false,false,true,false,public,6,0,2,false,,
\wallet\src\de\schildbach\wallet\ui\ImportKeysActivity.FinishListener.java,FinishListener,32,0,2,0,0,false,false,2,true,false,0,3,1,0,0,false,false,true,true,false,private,2,0,0,false,,
\wallet\src\de\schildbach\wallet\ui\NetworkMonitorActivity.PagerAdapter.java,PagerAdapter,43,0,2,0,2,false,false,2,true,false,1,1,3,0,0,false,false,true,true,false,private,2,0,0,false,,
\wallet\src\de\schildbach\wallet\ui\ImportKeysActivity.java,ImportKeysActivity,204,5,6,0,0,false,false,3,false,false,9,7,24,20,0,false,false,false,true,false,public,0,3,3,false,,
\wallet\src\de\schildbach\wallet\ui\PeerListFragment.PeerLoader.java,PeerLoader,64,3,3,0,0,false,false,2,true,false,0,0,8,4,0,true,false,true,true,false,private,1,0,2,false,,
\wallet\src\de\schildbach\wallet\ui\PeerListFragment.ReverseDnsLoader.java,ReverseDnsLoader,37,1,1,0,0,false,false,3,true,false,0,0,3,1,0,true,false,true,true,false,private,1,0,0,false,,
\wallet\src\de\schildbach\wallet\ui\NetworkMonitorActivity.java,NetworkMonitorActivity,70,2,2,0,0,false,false,3,false,false,2,2,7,1,0,false,false,false,true,false,public,1,0,1,false,,
\wallet\src\de\schildbach\wallet\ui\PreferencesActivity.java,PreferencesActivity,174,5,6,0,0,false,false,2,false,false,5,7,16,15,0,false,false,false,true,false,public,3,1,2,false,,
\wallet\src\de\schildbach\wallet\ui\PeerListFragment.java,PeerListFragment,211,12,7,0,0,false,false,3,false,false,4,5,27,19,0,false,false,false,true,false,public,7,0,0,false,,
\wallet\src\de\schildbach\wallet\ui\RequestCoinsActivity.java,RequestCoinsActivity,56,0,3,0,0,false,false,3,false,false,1,3,5,2,0,false,false,false,true,false,public,2,0,1,false,,
\wallet\src\de\schildbach\wallet\ui\ReportIssueDialogBuilder.java,ReportIssueDialogBuilder,197,5,2,0,0,false,false,4,true,false,9,5,20,19,0,false,false,false,true,false,public,1,1,0,true,,
\wallet\src\de\schildbach\wallet\ui\RequestCoinsFragment.java,RequestCoinsFragment,281,15,13,0,0,false,false,3,false,false,5,10,45,27,0,false,false,false,true,false,public,8,5,0,false,,
\wallet\src\de\schildbach\wallet\ui\ScannerView.java,ScannerView,133,12,4,1,0,false,false,2,false,false,3,5,14,12,0,false,false,false,true,false,public,4,0,0,false,,
\wallet\src\de\schildbach\wallet\ui\ScanActivity.java,ScanActivity,306,14,10,0,0,false,false,2,false,false,4,12,36,29,0,false,false,false,true,false,public,7,0,3,false,,
\wallet\src\de\schildbach\wallet\ui\SendCoinsFragment.AutoCompleteAddressAdapter.java,AutoCompleteAddressAdapter,67,0,4,0,0,false,false,4,true,false,0,8,11,2,0,false,false,true,true,false,public,4,0,0,false,,
\wallet\src\de\schildbach\wallet\ui\SendCoinsActivity.java,SendCoinsActivity,153,3,8,0,0,false,false,3,false,false,4,14,15,15,0,false,false,false,true,false,public,4,2,2,false,,
\wallet\src\de\schildbach\wallet\ui\SendCoinsFragment.ReceivingAddressListener.java,ReceivingAddressListener,43,0,4,0,0,false,false,3,true,false,1,11,4,0,0,false,false,true,true,false,private,4,0,0,false,,
\wallet\src\de\schildbach\wallet\ui\SendCoinsFragment.State.java,State,24,5,0,0,0,false,false,1,false,false,0,0,0,0,0,false,false,true,false,true,private,0,0,0,false,,
\wallet\src\de\schildbach\wallet\ui\ShowPasswordCheckListener.java,ShowPasswordCheckListener,37,1,1,0,0,false,false,4,true,false,0,2,4,0,0,false,false,false,true,false,public,1,0,0,false,,
\wallet\src\de\schildbach\wallet\ui\SendingAddressesFragment.java,SendingAddressesFragment,285,7,17,1,0,false,false,3,false,false,7,23,32,28,0,false,false,false,true,false,public,11,6,0,false,,
\wallet\src\de\schildbach\wallet\ui\TransactionActivity.java,TransactionActivity,165,3,8,0,0,false,false,2,false,false,5,6,24,14,0,false,false,false,true,false,public,3,3,2,false,,
\wallet\src\de\schildbach\wallet\ui\SendCoinsFragment.java,SendCoinsFragment,679,35,23,0,0,false,false,3,false,false,37,25,60,73,0,false,false,false,true,false,public,12,11,0,false,,
\wallet\src\de\schildbach\wallet\ui\TransactionsListFragment.Direction.java,Direction,24,2,0,0,0,false,false,1,false,false,0,0,0,0,0,false,false,true,false,true,public,0,0,0,false,,
\wallet\src\de\schildbach\wallet\ui\TransactionFragment.java,TransactionFragment,256,6,3,0,0,false,false,2,false,false,11,5,34,36,0,false,false,false,true,false,public,3,0,0,false,,
\wallet\src\de\schildbach\wallet\ui\TransactionsListAdapter.java,TransactionsListAdapter,327,19,15,1,6,false,false,3,true,false,15,12,30,25,0,false,false,false,true,false,public,14,1,0,false,,
\wallet\src\de\schildbach\wallet\ui\TransactionsListFragment.TransactionsLoader.java,TransactionsLoader,109,4,3,0,0,false,false,2,true,false,3,0,13,11,0,true,false,true,true,false,private,1,0,2,false,,
\wallet\src\de\schildbach\wallet\ui\WalletActionsFragment.java,WalletActionsFragment,107,4,5,0,0,false,false,3,false,false,1,6,14,9,0,false,false,false,true,false,public,4,1,0,false,,
\wallet\src\de\schildbach\wallet\ui\TransactionsListFragment.java,TransactionsListFragment,257,13,14,0,0,false,false,3,false,false,5,17,38,28,0,false,false,false,true,false,public,11,3,0,false,,
\wallet\src\de\schildbach\wallet\ui\WalletAddressFragment.java,WalletAddressFragment,139,10,6,0,0,false,false,3,false,false,2,4,26,11,0,false,false,false,true,false,public,4,2,0,false,,
\wallet\src\de\schildbach\wallet\ui\WalletAddressesAdapter.java,WalletAddressesAdapter,123,8,7,1,4,false,false,3,true,false,4,7,19,7,0,false,false,false,true,false,public,7,0,0,false,,
\wallet\src\de\schildbach\wallet\ui\WalletBalanceFragment.BlockchainBroadcastReceiver.java,BlockchainBroadcastReceiver,36,0,1,0,0,false,false,3,true,false,0,2,5,0,0,false,false,true,true,false,private,1,0,0,false,,
\wallet\src\de\schildbach\wallet\ui\WalletActivity.java,WalletActivity,745,8,25,0,0,false,false,2,false,false,32,18,59,93,0,false,false,false,true,false,public,8,13,4,false,,
\wallet\src\de\schildbach\wallet\ui\WalletAddressesFragment.java,WalletAddressesFragment,274,9,10,0,0,false,false,3,false,false,3,10,39,37,0,false,false,false,true,false,public,7,3,0,false,,
\wallet\src\de\schildbach\wallet\ui\WalletBalanceLoader.java,WalletBalanceLoader,62,2,3,0,0,false,false,3,true,false,0,0,6,3,0,false,false,false,true,false,public,1,0,2,false,,
\wallet\src\de\schildbach\wallet\ui\WalletBalanceFragment.java,WalletBalanceFragment,271,22,7,0,0,false,false,3,false,false,11,6,29,14,0,false,false,false,true,false,public,6,1,0,false,,
\wallet\src\de\schildbach\wallet\ui\WalletTransactionsFragment.PagerAdapter.java,PagerAdapter,50,0,2,0,2,false,false,2,true,false,1,1,4,0,0,true,false,true,true,false,private,2,0,0,false,,
\wallet\src\de\schildbach\wallet\ui\WalletTransactionsFragment.java,WalletTransactionsFragment,55,1,2,0,0,false,false,3,false,false,0,4,8,0,0,false,false,false,true,false,public,2,0,0,false,,
\wallet\src\de\schildbach\wallet\service\AutosyncReceiver.java,AutosyncReceiver,72,1,1,0,0,false,false,2,true,false,3,2,11,4,0,false,false,false,true,false,public,1,0,0,false,,
\wallet\src\de\schildbach\wallet\service\BlockchainService.java,BlockchainService,44,13,0,0,0,false,false,2,false,false,0,0,5,5,0,false,true,false,false,false,public,0,0,0,false,,
\wallet\src\de\schildbach\wallet\service\BlockchainServiceImpl.ActivityHistoryEntry.java,ActivityHistoryEntry,35,2,1,0,0,false,false,3,false,false,0,0,0,0,0,true,false,true,true,false,private,1,0,0,false,,
\wallet\src\de\schildbach\wallet\service\BlockchainServiceImpl.LocalBinder.java,LocalBinder,28,0,1,0,1,false,false,2,true,false,0,0,1,0,0,false,false,true,true,false,public,1,0,0,false,,
\wallet\src\de\schildbach\wallet\service\BlockchainServiceImpl.PeerConnectivityListener.java,PeerConnectivityListener,99,2,6,0,0,false,false,3,true,false,3,8,12,4,0,false,false,true,true,false,private,5,1,0,false,,
\sample-integration-android\src\de\schildbach\wallet\integration\sample\SampleActivity.java,SampleActivity,85,4,2,0,0,false,false,2,false,false,3,4,12,5,0,false,false,false,true,false,public,0,0,2,false,,
\wallet\src\de\schildbach\wallet\camera\CameraManager.java,CameraManager,243,10,13,3,4,false,false,2,true,false,21,14,13,30,0,false,false,false,true,false,public,8,5,0,false,,
\integration-android\src\de\schildbach\wallet\integration\android\BitcoinIntegration.java,BitcoinIntegration,164,3,10,0,0,false,false,2,false,false,5,23,6,7,0,false,false,false,true,false,public,6,4,0,false,,
\wallet\src\de\schildbach\wallet\service\BlockchainServiceImpl.java,BlockchainServiceImpl,606,31,15,0,2,false,false,3,false,false,31,11,65,88,0,false,false,false,true,false,public,10,5,0,false,,
