sep=,
Fullpathname,Classname,loc,numAttr,numMethod,setters,getters,isPersist,isCollection,numWordName,isOrEr,isController,numIfs,numParameters,numImports,numOutboundInvocation,numInnerClasses,isStaticClass,isInterface,isInnerClass,isClass,isEnum,classPublicity,numPublicMethods,numPrivateMethods,numProtectedMethods,isAbstract,
\wallet\src\de\schildbach\wallet\AddressBookProvider.Helper.java,Helper,67,3,3,0,0,true,false,1,true,false,1,6,3,3,0,true,false,true,true,false,private,2,1,0,false,,
\wallet\src\de\schildbach\wallet\AddressBookProvider.java,AddressBookProvider,148,9,8,0,1,true,false,3,true,false,10,19,7,31,0,false,false,false,true,false,public,7,1,0,false,,
\wallet\src\de\schildbach\wallet\Constants.java,Constants,104,75,0,0,0,false,false,1,false,false,0,0,6,2,0,false,false,false,true,false,public,0,0,0,false,,
\wallet\src\de\schildbach\wallet\DetermineFirstSeenThread.java,DetermineFirstSeenThread,100,3,4,0,0,false,false,4,false,false,1,3,14,8,0,false,false,false,true,false,public,1,2,1,true,,
\wallet\src\de\schildbach\wallet\ExchangeRatesProvider.java,ExchangeRatesProvider,151,6,7,0,2,false,false,3,true,false,9,15,18,13,0,false,false,false,true,false,public,6,1,0,false,,
\wallet\src\de\schildbach\wallet\WalletApplication.WalletAutosaveEventListener.java,WalletAutosaveEventListener,53,0,4,0,0,false,false,4,true,false,1,5,3,2,0,true,false,true,true,false,private,4,0,0,false,,
\wallet\src\de\schildbach\wallet\WalletBalanceWidgetProvider.java,WalletBalanceWidgetProvider,60,0,1,0,0,false,false,4,true,false,0,3,16,3,0,false,false,false,true,false,public,1,0,0,false,,
\wallet\src\de\schildbach\wallet\util\Base43.java,Base43,106,2,4,0,0,false,false,1,false,false,4,4,3,7,0,false,false,false,true,false,public,4,0,0,false,,
\wallet\src\de\schildbach\wallet\WalletApplication.java,WalletApplication,340,4,16,0,1,false,false,2,false,false,7,3,35,43,0,false,false,false,true,false,public,8,8,0,false,,
\wallet\src\de\schildbach\wallet\util\BitmapFragment.java,BitmapFragment,74,3,4,0,0,false,false,2,false,false,0,5,10,2,0,false,false,false,true,false,public,3,1,0,false,,
\wallet\src\de\schildbach\wallet\util\CircularProgressView.java,CircularProgressView,141,9,10,5,1,false,false,3,false,false,3,15,10,4,0,false,false,false,true,false,public,6,1,3,false,,
\wallet\src\de\schildbach\wallet\util\EncryptionUtils.java,EncryptionUtils,272,11,8,0,1,false,false,2,false,false,3,14,18,6,0,false,false,false,true,false,public,2,6,0,false,,
\wallet\src\de\schildbach\wallet\util\IOUtils.java,IOUtils,37,0,1,0,0,false,false,3,false,false,0,2,2,0,0,false,false,false,true,false,public,1,0,0,false,,
\wallet\src\de\schildbach\wallet\util\Iso8601Format.java,Iso8601Format,65,0,8,0,0,false,false,2,false,false,0,4,5,0,0,false,false,false,true,false,public,8,0,0,false,,
\wallet\src\de\schildbach\wallet\util\ErrorReporter.java,ErrorReporter,305,10,12,0,3,false,false,2,true,false,4,14,29,58,0,false,false,false,true,false,public,5,7,0,false,,
\wallet\src\de\schildbach\wallet\util\NfcTools.java,NfcTools,108,3,9,0,0,false,false,2,false,false,5,19,10,6,0,false,false,false,true,false,public,4,5,0,false,,
\wallet\src\de\schildbach\wallet\util\PlatformSupportManager.java,PlatformSupportManager,92,3,2,0,0,false,false,3,true,false,3,2,4,4,0,false,false,false,true,false,public,1,0,1,true,,
\wallet\src\de\schildbach\wallet\util\StrictModeWrapper.java,StrictModeWrapper,31,0,1,0,0,false,false,3,true,false,0,0,3,1,0,false,false,false,true,false,public,1,0,0,false,,
\wallet\src\de\schildbach\wallet\util\ViewPagerTabs.java,ViewPagerTabs,165,6,9,0,1,false,false,3,false,false,4,10,14,10,0,false,false,false,true,false,public,6,0,3,false,,
\wallet\src\de\schildbach\wallet\util\WalletUtils.java,WalletUtils,272,6,13,0,3,false,false,2,false,false,8,28,42,30,0,false,false,false,true,false,public,13,0,0,false,,
\wallet\src\de\schildbach\wallet\ui\AboutActivity.java,AboutActivity,123,10,3,0,0,false,false,2,false,false,2,4,11,5,0,false,false,false,true,false,public,2,0,1,false,,
\wallet\src\de\schildbach\wallet\ui\AddressBookActivity.PagerAdapter.java,PagerAdapter,43,0,2,0,2,false,false,2,true,false,1,1,3,0,0,false,false,true,true,false,private,2,0,0,false,,
\wallet\src\de\schildbach\wallet\ui\AbstractWalletActivity.java,AbstractWalletActivity,148,1,13,0,1,false,false,3,false,false,2,19,16,8,0,false,false,false,true,false,public,0,0,13,true,,
\wallet\src\de\schildbach\wallet\ui\AddressBookActivity.java,AddressBookActivity,100,3,4,0,0,false,false,3,false,false,2,4,13,3,0,false,false,false,true,false,public,2,0,1,false,,
\wallet\src\de\schildbach\wallet\ui\AmountCalculatorFragment.Listener.java,Listener,25,0,0,0,0,false,false,1,true,false,0,0,1,0,0,true,true,true,false,false,public,0,0,0,false,,
\wallet\src\de\schildbach\wallet\ui\BlockchainStateFragment.BlockchainBroadcastReceiver.java,BlockchainBroadcastReceiver,38,1,1,0,0,false,false,3,true,false,1,2,6,1,0,false,false,true,true,false,private,1,0,0,false,,
\wallet\src\de\schildbach\wallet\ui\AmountCalculatorFragment.java,AmountCalculatorFragment,204,8,8,0,0,false,false,3,false,false,7,9,25,17,0,false,false,false,true,false,public,6,2,0,false,,
\wallet\src\de\schildbach\wallet\ui\CurrencyAmountView.Listener.java,Listener,26,0,0,0,0,false,false,1,true,false,0,0,0,0,0,true,true,true,false,false,public,0,0,0,false,,
\wallet\src\de\schildbach\wallet\ui\BlockchainStateFragment.java,BlockchainStateFragment,140,7,6,0,0,false,false,3,false,false,3,4,15,6,0,false,false,false,true,false,public,5,1,0,false,,
\wallet\src\de\schildbach\wallet\ui\CurrencyAmountView.TextViewListener.java,TextViewListener,70,0,5,0,0,false,false,3,true,false,6,14,9,4,0,false,false,true,true,false,private,5,0,0,false,,
\wallet\src\de\schildbach\wallet\ui\CurrencyCodeDrawable.java,CurrencyCodeDrawable,61,3,5,2,2,false,false,3,false,false,0,3,4,0,0,false,false,false,true,false,public,5,0,0,false,,
\wallet\src\de\schildbach\wallet\ui\CurrencyAmountView.java,CurrencyAmountView,236,10,16,9,1,false,false,3,false,false,8,12,19,17,0,false,false,false,true,false,public,10,3,3,false,,
\wallet\src\de\schildbach\wallet\ui\EditAddressBookEntryFragment.java,EditAddressBookEntryFragment,122,4,5,0,0,false,false,5,false,false,4,9,17,7,0,false,false,false,true,false,public,4,1,0,false,,
\wallet\src\de\schildbach\wallet\ui\ExchangeRatesActivity.java,ExchangeRatesActivity,47,0,2,0,0,false,false,3,false,false,1,2,4,1,0,false,false,false,true,false,public,1,0,1,false,,
\wallet\src\de\schildbach\wallet\ui\ExchangeRatesFragment.java,ExchangeRatesFragment,193,6,10,0,0,false,false,3,false,false,4,12,31,16,0,false,false,false,true,false,public,9,1,0,false,,
\wallet\src\de\schildbach\wallet\ui\FileAdapter.java,FileAdapter,57,1,2,0,2,false,false,2,true,false,2,6,8,2,0,false,false,false,true,false,public,2,0,0,false,,
\wallet\src\de\schildbach\wallet\ui\PeerListFragment.PeerLoader.java,PeerLoader,64,3,3,0,0,false,false,2,true,false,0,0,8,3,0,true,false,true,true,false,private,1,0,2,false,,
\wallet\src\de\schildbach\wallet\ui\PeerListFragment.java,PeerListFragment,154,6,10,0,0,false,false,3,false,false,2,10,22,11,0,false,false,false,true,false,public,10,0,0,false,,
\wallet\src\de\schildbach\wallet\ui\PeerMonitorActivity.java,PeerMonitorActivity,46,0,2,0,0,false,false,3,false,false,1,2,4,1,0,false,false,false,true,false,public,1,0,1,false,,
\wallet\src\de\schildbach\wallet\ui\PreferencesActivity.java,PreferencesActivity,80,2,3,0,0,false,false,2,false,false,2,4,11,5,0,false,false,false,true,false,public,2,0,1,false,,
\wallet\src\de\schildbach\wallet\ui\RequestCoinsActivity.java,RequestCoinsActivity,72,1,4,0,0,false,false,3,false,false,1,4,8,2,0,false,false,false,true,false,public,2,0,2,false,,
\wallet\src\de\schildbach\wallet\ui\RequestCoinsFragment.java,RequestCoinsFragment,237,12,12,0,0,false,false,3,false,false,5,10,35,25,0,false,false,false,true,false,public,8,4,0,false,,
\wallet\src\de\schildbach\wallet\ui\ScanActivity.java,ScanActivity,306,14,10,0,0,false,false,2,false,false,4,12,36,29,0,false,false,false,true,false,public,7,0,3,false,,
\wallet\src\de\schildbach\wallet\ui\ScannerView.java,ScannerView,133,12,4,1,0,false,false,2,false,false,3,5,14,12,0,false,false,false,true,false,public,4,0,0,false,,
\wallet\src\de\schildbach\wallet\ui\SendCoinsActivity.java,SendCoinsActivity,131,3,7,0,0,false,false,3,false,false,3,9,15,10,0,false,false,false,true,false,public,2,2,3,false,,
\wallet\src\de\schildbach\wallet\ui\SendCoinsFragment.AutoCompleteAddressAdapter.java,AutoCompleteAddressAdapter,67,0,4,0,0,false,false,4,true,false,0,8,11,1,0,false,false,true,true,false,public,4,0,0,false,,
\wallet\src\de\schildbach\wallet\ui\SendCoinsFragment.ReceivingAddressListener.java,ReceivingAddressListener,44,0,4,0,0,false,false,3,true,false,1,11,4,0,0,false,false,true,true,false,private,4,0,0,false,,
\wallet\src\de\schildbach\wallet\ui\SendCoinsFragment.State.java,State,24,3,0,0,0,false,false,1,false,false,0,0,0,0,0,false,false,true,false,true,private,0,0,0,false,,
\wallet\src\de\schildbach\wallet\ui\ShowPasswordCheckListener.java,ShowPasswordCheckListener,37,1,1,0,0,false,false,4,true,false,0,2,4,0,0,false,false,false,true,false,public,1,0,0,false,,
\wallet\src\de\schildbach\wallet\ui\SendingAddressesFragment.java,SendingAddressesFragment,286,6,17,1,0,false,false,3,false,false,7,23,32,26,0,false,false,false,true,false,public,11,6,0,false,,
\wallet\src\de\schildbach\wallet\ui\SendCoinsFragment.java,SendCoinsFragment,665,31,23,0,0,false,false,3,false,false,40,27,50,73,0,false,false,false,true,false,public,12,11,0,false,,
\wallet\src\de\schildbach\wallet\ui\TransactionActivity.java,TransactionActivity,170,4,7,0,0,false,false,2,false,false,5,5,21,14,0,false,false,false,true,false,public,2,3,2,false,,
\wallet\src\de\schildbach\wallet\ui\TransactionFragment.java,TransactionFragment,234,4,3,0,0,false,false,2,false,false,10,5,33,36,0,false,false,false,true,false,public,3,0,0,false,,
\wallet\src\de\schildbach\wallet\ui\TransactionsListFragment.Direction.java,Direction,24,2,0,0,0,false,false,1,false,false,0,0,0,0,0,false,false,true,false,true,public,0,0,0,false,,
\wallet\src\de\schildbach\wallet\ui\TransactionsListAdapter.java,TransactionsListAdapter,193,14,3,0,1,false,false,3,true,false,5,4,27,14,0,false,false,false,true,false,public,2,1,0,false,,
\wallet\src\de\schildbach\wallet\ui\TransactionsListFragment.TransactionsLoader.java,TransactionsLoader,107,3,3,0,0,false,false,2,true,false,3,0,14,11,0,true,false,true,true,false,private,1,0,2,false,,
\wallet\src\de\schildbach\wallet\ui\WalletActivity.DialogButtonEnablerListener.java,DialogButtonEnablerListener,82,3,6,0,0,false,false,4,true,false,1,14,12,2,0,true,false,true,true,false,private,6,0,0,false,,
\wallet\src\de\schildbach\wallet\ui\TransactionsListFragment.java,TransactionsListFragment,213,10,10,0,0,false,false,3,false,false,3,14,30,24,0,false,false,false,true,false,public,10,0,0,false,,
\wallet\src\de\schildbach\wallet\ui\WalletAddressFragment.java,WalletAddressFragment,130,10,6,0,0,false,false,3,false,false,4,4,23,10,0,false,false,false,true,false,public,4,2,0,false,,
\wallet\src\de\schildbach\wallet\ui\WalletAddressesAdapter.java,WalletAddressesAdapter,103,7,4,0,4,false,false,3,true,false,4,5,17,6,0,false,false,false,true,false,public,4,0,0,false,,
\wallet\src\de\schildbach\wallet\ui\WalletActivity.java,WalletActivity,526,4,19,0,0,false,false,2,false,false,15,15,49,58,0,false,false,false,true,false,public,3,12,4,false,,
\wallet\src\de\schildbach\wallet\ui\WalletAddressesFragment.java,WalletAddressesFragment,234,6,10,0,0,false,false,3,false,false,4,10,31,30,0,false,false,false,true,false,public,7,3,0,false,,
\wallet\src\de\schildbach\wallet\ui\WalletBalanceFragment.java,WalletBalanceFragment,173,8,10,0,0,false,false,3,false,false,4,10,31,10,0,false,false,false,true,false,public,10,0,0,false,,
\wallet\src\de\schildbach\wallet\ui\WalletTransactionsFragment.PagerAdapter.java,PagerAdapter,50,0,2,0,2,false,false,2,true,false,1,1,4,0,0,true,false,true,true,false,private,2,0,0,false,,
\wallet\src\de\schildbach\wallet\ui\WalletTransactionsFragment.java,WalletTransactionsFragment,55,1,2,0,0,false,false,3,false,false,0,4,8,0,0,false,false,false,true,false,public,2,0,0,false,,
\wallet\src\de\schildbach\wallet\store\SQLiteBlockStore.Helper.java,Helper,41,0,2,0,0,true,false,1,true,false,0,4,3,0,0,false,false,true,true,false,private,2,0,0,false,,
\wallet\src\de\schildbach\wallet\store\WriteAheadCacheBlockStoreWrapper.java,WriteAheadCacheBlockStoreWrapper,80,4,6,1,2,false,false,6,true,false,2,3,6,5,0,false,false,false,true,false,public,5,1,0,false,,
\wallet\src\de\schildbach\wallet\store\SQLiteBlockStore.java,SQLiteBlockStore,209,17,6,1,2,true,false,5,false,false,6,3,22,25,0,false,false,false,true,false,public,5,1,0,false,,
\wallet\src\de\schildbach\wallet\service\AutosyncReceiver.java,AutosyncReceiver,72,1,1,0,0,false,false,2,true,false,3,2,11,4,0,false,false,false,true,false,public,1,0,0,false,,
\wallet\src\de\schildbach\wallet\service\BlockchainService.java,BlockchainService,43,12,0,0,0,false,false,2,false,false,0,0,6,4,0,false,true,false,false,false,public,0,0,0,false,,
\wallet\src\de\schildbach\wallet\service\BlockchainServiceImpl.LocalBinder.java,LocalBinder,28,0,1,0,1,false,false,2,true,false,0,0,1,0,0,false,false,true,true,false,public,1,0,0,false,,
\wallet\src\de\schildbach\wallet\camera\CameraInterface.java,CameraInterface,25,0,0,0,0,false,false,2,false,false,0,0,1,0,0,false,true,false,false,false,public,0,0,0,false,,
\wallet\src\de\schildbach\wallet\camera\CameraSupportManager.java,CameraSupportManager,30,0,0,0,0,false,false,3,true,false,0,0,2,1,0,false,false,false,true,false,public,0,0,0,false,,
\wallet\src\de\schildbach\wallet\camera\CameraManager.java,CameraManager,230,12,13,3,4,false,false,2,true,false,19,14,12,25,0,false,false,false,true,false,public,8,5,0,false,,
\wallet\src\de\schildbach\wallet\camera\DefaultCameraInterface.java,DefaultCameraInterface,28,0,1,0,0,false,false,3,false,false,0,0,1,1,0,false,false,false,true,false,public,1,0,0,false,,
\wallet\src\de\schildbach\wallet\camera\GingerbreadCameraInterface.java,GingerbreadCameraInterface,43,0,1,0,0,false,false,3,false,false,2,0,3,2,0,false,false,false,true,false,public,1,0,0,false,,
\wallet\src\de\schildbach\wallet\service\BlockchainServiceImpl.java,BlockchainServiceImpl,593,24,15,0,1,false,false,3,false,false,25,15,59,75,0,false,false,false,true,false,public,9,6,0,false,,
\sample-integration-android\src\de\schildbach\wallet\integration\sample\SampleActivity.java,SampleActivity,85,4,2,0,0,false,false,2,false,false,3,4,12,5,0,false,false,false,true,false,public,0,0,2,false,,
\integration-android\src\de\schildbach\wallet\integration\android\BitcoinIntegration.java,BitcoinIntegration,164,3,10,0,0,false,false,2,false,false,5,23,6,7,0,false,false,false,true,false,public,6,4,0,false,,
