sep=,
Fullpathname,Classname,loc,numAttr,numMethod,setters,getters,isPersist,isCollection,numWordName,isOrEr,isController,numIfs,numParameters,numImports,numOutboundInvocation,numInnerClasses,isStaticClass,isInterface,isInnerClass,isClass,isEnum,classPublicity,numPublicMethods,numPrivateMethods,numProtectedMethods,isAbstract,
\wallet\test\de\schildbach\wallet\util\Base43Test.java,Base43Test,42,0,2,0,0,false,false,2,false,false,0,0,3,2,0,false,false,false,true,false,public,2,0,0,false,,
\wallet\test\de\schildbach\wallet\util\GenericUtilsTest.java,GenericUtilsTest,65,0,2,0,0,false,false,3,false,false,0,0,4,0,0,false,false,false,true,false,public,2,0,0,false,,
\wallet\src\de\schildbach\wallet\AddressBookProvider.Helper.java,Helper,67,3,3,0,0,true,false,1,true,false,1,6,3,3,0,true,false,true,true,false,private,2,1,0,false,,
\wallet\src\de\schildbach\wallet\AddressBookProvider.java,AddressBookProvider,152,8,9,0,1,true,false,3,true,false,10,20,8,32,0,false,false,false,true,false,public,8,1,0,false,,
\wallet\src\de\schildbach\wallet\Constants.java,Constants,103,71,0,0,0,false,false,1,false,false,0,0,8,4,0,false,false,false,true,false,public,0,0,0,false,,
\wallet\src\de\schildbach\wallet\ExchangeRatesProvider.ExchangeRate.java,ExchangeRate,40,3,1,0,0,false,false,2,false,false,0,0,3,1,0,true,false,true,true,false,public,1,0,0,false,,
\wallet\src\de\schildbach\wallet\WalletApplication.WalletAutosaveEventListener.java,WalletAutosaveEventListener,37,0,2,0,0,false,false,4,true,false,1,2,3,0,0,true,false,true,true,false,private,2,0,0,false,,
\wallet\src\de\schildbach\wallet\ExchangeRatesProvider.java,ExchangeRatesProvider,251,13,10,0,2,false,false,3,true,false,16,19,27,19,0,false,false,false,true,false,public,8,2,0,false,,
\wallet\src\de\schildbach\wallet\WalletBalanceWidgetProvider.java,WalletBalanceWidgetProvider,78,0,2,0,0,false,false,4,true,false,0,7,21,4,0,false,false,false,true,false,public,2,0,0,false,,
\wallet\src\de\schildbach\wallet\WalletApplication.java,WalletApplication,414,10,22,0,1,false,false,2,false,false,18,6,51,50,0,false,false,false,true,false,public,13,9,0,false,,
\wallet\src\de\schildbach\wallet\util\Base43.java,Base43,136,2,5,0,0,false,false,1,false,false,6,9,2,5,0,false,false,false,true,false,public,2,3,0,false,,
\wallet\src\de\schildbach\wallet\util\BitmapFragment.java,BitmapFragment,76,3,4,0,0,false,false,2,false,false,0,5,11,2,0,false,false,false,true,false,public,3,1,0,false,,
\wallet\src\de\schildbach\wallet\util\Bluetooth.java,Bluetooth,39,2,2,0,0,false,false,1,false,false,0,2,2,3,0,false,false,false,true,false,public,2,0,0,false,,
\wallet\src\de\schildbach\wallet\util\CrashReporter.ExceptionHandler.java,ExceptionHandler,53,1,2,0,0,false,false,2,true,false,0,3,6,1,0,true,false,true,true,false,private,1,1,0,false,,
\wallet\src\de\schildbach\wallet\util\CircularProgressView.java,CircularProgressView,141,9,10,5,1,false,false,3,false,false,3,15,10,4,0,false,false,false,true,false,public,6,1,3,false,,
\wallet\src\de\schildbach\wallet\util\CrashReporter.java,CrashReporter,268,6,13,0,0,false,false,2,true,false,6,19,29,37,0,false,false,false,true,false,public,9,4,0,false,,
\wallet\src\de\schildbach\wallet\util\Crypto.java,Crypto,272,10,8,0,1,false,false,1,false,false,4,14,20,4,0,false,false,false,true,false,public,2,6,0,false,,
\wallet\src\de\schildbach\wallet\util\GenericUtils.java,GenericUtils,99,4,3,0,0,false,false,2,false,false,7,10,5,5,0,false,false,false,true,false,public,3,0,0,false,,
\wallet\src\de\schildbach\wallet\util\HttpGetThread.java,HttpGetThread,91,3,1,0,0,false,false,3,false,false,3,0,14,13,0,false,false,false,true,false,public,1,0,0,true,,
\wallet\src\de\schildbach\wallet\util\Io.java,Io,71,1,3,0,0,false,false,1,false,false,0,6,9,1,0,false,false,false,true,false,public,3,0,0,false,,
\wallet\src\de\schildbach\wallet\util\Iso8601Format.java,Iso8601Format,69,1,8,0,0,false,false,2,false,false,0,4,7,0,0,false,false,false,true,false,public,8,0,0,false,,
\wallet\src\de\schildbach\wallet\util\LinuxSecureRandom.LinuxSecureRandomProvider.java,LinuxSecureRandomProvider,31,0,0,0,0,false,false,4,true,false,0,0,1,1,0,true,false,true,true,false,private,0,0,0,false,,
\wallet\src\de\schildbach\wallet\util\LinuxSecureRandom.java,LinuxSecureRandom,86,2,3,0,0,false,false,3,false,false,1,3,7,2,0,false,false,false,true,false,public,0,0,3,false,,
\wallet\src\de\schildbach\wallet\util\Nfc.java,Nfc,111,1,9,0,0,false,false,1,false,false,8,20,10,8,0,false,false,false,true,false,public,4,5,0,false,,
\wallet\src\de\schildbach\wallet\util\Qr.java,Qr,108,2,3,0,0,false,false,1,false,false,1,4,18,8,0,false,false,false,true,false,public,3,0,0,false,,
\wallet\src\de\schildbach\wallet\util\ThrottlingWalletChangeListener.java,ThrottlingWalletChangeListener,117,9,7,0,0,false,false,4,true,false,6,14,9,3,0,false,false,false,true,false,public,7,0,0,true,,
\wallet\src\de\schildbach\wallet\util\ViewPagerTabs.java,ViewPagerTabs,168,6,9,0,1,false,false,3,false,false,4,10,14,10,0,false,false,false,true,false,public,6,0,3,false,,
\wallet\src\de\schildbach\wallet\util\WalletUtils.java,WalletUtils,264,4,14,0,2,false,false,2,false,false,14,29,38,31,0,false,false,false,true,false,public,14,0,0,false,,
\wallet\src\de\schildbach\wallet\ui\AboutActivity.java,AboutActivity,133,11,3,0,0,false,false,2,false,false,3,4,12,5,0,false,false,false,true,false,public,2,0,1,false,,
\wallet\src\de\schildbach\wallet\ui\AbstractBindServiceActivity.java,AbstractBindServiceActivity,62,2,3,0,1,false,false,4,false,false,0,0,8,3,0,false,false,false,true,false,public,0,0,3,true,,
\wallet\src\de\schildbach\wallet\ui\AbstractOnDemandServiceActivity.java,AbstractOnDemandServiceActivity,49,0,1,0,0,false,false,5,false,false,1,1,5,1,0,false,false,false,true,false,public,0,0,1,true,,
\wallet\src\de\schildbach\wallet\ui\AbstractWalletActivity.java,AbstractWalletActivity,95,2,9,0,1,false,false,3,false,false,0,17,14,4,0,false,false,false,true,false,public,0,0,9,true,,
\wallet\src\de\schildbach\wallet\ui\AddressAndLabel.java,AddressAndLabel,72,3,2,0,0,false,false,3,false,false,0,2,8,5,0,false,false,false,true,false,public,2,0,0,false,,
\wallet\src\de\schildbach\wallet\ui\AddressBookActivity.PagerAdapter.java,PagerAdapter,43,0,2,0,2,false,false,2,true,false,1,1,3,0,0,false,false,true,true,false,private,2,0,0,false,,
\wallet\src\de\schildbach\wallet\ui\AddressBookActivity.java,AddressBookActivity,100,3,4,0,0,false,false,3,false,false,2,4,14,3,0,false,false,false,true,false,public,2,0,1,false,,
\wallet\src\de\schildbach\wallet\ui\BlockListFragment.BlockListAdapter.java,BlockListAdapter,124,4,7,0,4,false,false,3,true,false,5,6,15,13,0,false,false,true,true,false,private,7,0,0,false,,
\wallet\src\de\schildbach\wallet\ui\BlockListFragment.BlockLoader.java,BlockLoader,64,3,3,0,0,false,false,2,true,false,0,0,8,3,0,true,false,true,true,false,private,1,0,2,false,,
\wallet\src\de\schildbach\wallet\ui\BlockListFragment.TransactionsLoader.java,TransactionsLoader,50,1,1,0,0,false,false,2,true,false,1,0,8,3,0,true,false,true,true,false,private,1,0,0,false,,
\wallet\src\de\schildbach\wallet\ui\CurrencyAmountView.Listener.java,Listener,26,0,0,0,0,false,false,1,true,false,0,0,0,0,0,true,true,true,false,false,public,0,0,0,false,,
\wallet\src\de\schildbach\wallet\ui\BlockListFragment.java,BlockListFragment,214,15,7,0,0,false,false,3,false,false,2,7,32,22,0,false,false,false,true,false,public,7,0,0,false,,
\wallet\src\de\schildbach\wallet\ui\CurrencyAmountView.TextViewListener.java,TextViewListener,80,1,6,1,0,false,false,3,true,false,6,15,9,4,0,false,false,true,true,false,private,6,0,0,false,,
\wallet\src\de\schildbach\wallet\ui\CurrencyAmountView.java,CurrencyAmountView,305,15,22,14,1,false,false,3,false,false,12,20,25,21,0,false,false,false,true,false,public,15,4,3,false,,
\wallet\src\de\schildbach\wallet\ui\CurrencyCalculatorLink.java,CurrencyCalculatorLink,184,8,8,4,1,false,false,3,false,false,14,4,8,13,0,false,false,false,true,false,public,7,1,0,false,,
\wallet\src\de\schildbach\wallet\ui\CurrencySymbolDrawable.java,CurrencySymbolDrawable,63,3,5,2,2,false,false,3,false,false,0,3,6,0,0,false,false,false,true,false,public,5,0,0,false,,
\wallet\src\de\schildbach\wallet\ui\CurrencyTextView.java,CurrencyTextView,135,8,9,7,0,false,false,3,false,false,7,8,15,3,0,false,false,false,true,false,public,7,1,1,false,,
\wallet\src\de\schildbach\wallet\ui\EditAddressBookEntryFragment.java,EditAddressBookEntryFragment,126,5,5,0,0,false,false,5,false,false,4,9,19,7,0,false,false,false,true,false,public,4,1,0,false,,
\wallet\src\de\schildbach\wallet\ui\ExchangeRateLoader.java,ExchangeRateLoader,62,1,4,0,0,false,false,3,true,false,1,2,7,3,0,false,false,false,true,false,public,1,1,2,false,,
\wallet\src\de\schildbach\wallet\ui\ExchangeRatesActivity.java,ExchangeRatesActivity,46,0,2,0,0,false,false,3,false,false,1,2,4,1,0,false,false,false,true,false,public,1,0,1,false,,
\wallet\src\de\schildbach\wallet\ui\ExchangeRatesFragment.BlockchainBroadcastReceiver.java,BlockchainBroadcastReceiver,33,0,1,0,0,false,false,3,true,false,0,2,4,0,0,false,false,true,true,false,private,1,0,0,false,,
\wallet\src\de\schildbach\wallet\ui\ExchangeRatesFragment.ExchangeRatesAdapter.java,ExchangeRatesAdapter,72,1,2,1,0,false,false,3,true,false,1,4,12,1,0,false,false,true,true,false,private,2,0,0,false,,
\wallet\src\de\schildbach\wallet\ui\FileAdapter.java,FileAdapter,51,2,1,0,1,false,false,2,true,false,1,3,10,1,0,false,false,false,true,false,public,1,0,0,true,,
\wallet\src\de\schildbach\wallet\ui\ExchangeRatesFragment.java,ExchangeRatesFragment,200,14,7,0,0,false,false,3,false,false,3,8,28,15,0,false,false,false,true,false,public,6,1,0,false,,
\wallet\src\de\schildbach\wallet\ui\HelpDialogFragment.java,HelpDialogFragment,99,3,5,0,0,false,false,3,false,false,1,5,9,3,0,false,false,false,true,false,public,3,2,0,false,,
\wallet\src\de\schildbach\wallet\ui\ImportDialogButtonEnablerListener.java,ImportDialogButtonEnablerListener,80,2,8,0,0,false,false,5,true,false,0,14,10,1,0,false,false,false,true,false,public,6,0,2,false,,
\wallet\src\de\schildbach\wallet\ui\ImportKeysActivity.FinishListener.java,FinishListener,34,0,2,0,0,false,false,2,true,false,0,3,1,0,0,false,false,true,true,false,private,2,0,0,false,,
\wallet\src\de\schildbach\wallet\ui\InputParser.BinaryInputParser.java,BinaryInputParser,55,2,1,0,0,false,false,3,true,false,1,0,5,1,0,true,false,true,true,false,public,1,0,0,true,,
\wallet\src\de\schildbach\wallet\ui\ImportKeysActivity.java,ImportKeysActivity,210,5,6,0,0,false,false,3,false,false,9,7,25,19,0,false,false,false,true,false,public,0,3,3,false,,
\wallet\src\de\schildbach\wallet\ui\InputParser.StringInputParser.java,StringInputParser,108,1,1,0,0,false,false,3,true,false,1,0,15,10,0,true,false,true,true,false,public,1,0,0,true,,
\wallet\src\de\schildbach\wallet\ui\InputParser.java,InputParser,57,3,2,0,0,false,false,2,true,false,1,6,12,1,0,false,false,false,true,false,public,0,0,2,true,,
\wallet\src\de\schildbach\wallet\ui\NetworkMonitorActivity.PagerAdapter.java,PagerAdapter,43,0,2,0,2,false,false,2,true,false,1,1,3,0,0,false,false,true,true,false,private,2,0,0,false,,
\wallet\src\de\schildbach\wallet\ui\NetworkMonitorActivity.java,NetworkMonitorActivity,70,2,2,0,0,false,false,3,false,false,2,2,7,1,0,false,false,false,true,false,public,1,0,1,false,,
\wallet\src\de\schildbach\wallet\ui\PeerListFragment.PeerLoader.java,PeerLoader,65,3,3,0,0,false,false,2,true,false,0,0,9,4,0,true,false,true,true,false,private,1,0,2,false,,
\wallet\src\de\schildbach\wallet\ui\PeerListFragment.ReverseDnsLoader.java,ReverseDnsLoader,38,1,1,0,0,false,false,3,true,false,0,0,4,1,0,true,false,true,true,false,private,1,0,0,false,,
\wallet\src\de\schildbach\wallet\ui\PeerListFragment.java,PeerListFragment,220,12,7,0,0,false,false,3,false,false,4,5,27,19,0,false,false,false,true,false,public,7,0,0,false,,
\wallet\src\de\schildbach\wallet\ui\PreferencesActivity.java,PreferencesActivity,188,8,6,0,0,false,false,2,false,false,4,7,22,15,0,false,false,false,true,false,public,3,1,2,false,,
\wallet\src\de\schildbach\wallet\ui\RequestCoinsActivity.java,RequestCoinsActivity,56,0,3,0,0,false,false,3,false,false,1,3,5,2,0,false,false,false,true,false,public,2,0,1,false,,
\wallet\src\de\schildbach\wallet\ui\ReportIssueDialogBuilder.java,ReportIssueDialogBuilder,231,7,2,0,0,false,false,4,true,false,10,5,27,22,0,false,false,false,true,false,public,1,1,0,true,,
\wallet\src\de\schildbach\wallet\ui\ScanActivity.AutoFocusRunnable.java,AutoFocusRunnable,42,1,1,0,0,false,false,3,false,false,0,0,1,1,0,false,false,true,true,false,private,1,0,0,false,,
\wallet\src\de\schildbach\wallet\ui\RequestCoinsFragment.java,RequestCoinsFragment,363,24,15,0,0,false,false,3,false,false,12,14,55,31,0,false,false,false,true,false,public,9,6,0,false,,
\wallet\src\de\schildbach\wallet\ui\ScanActivity.java,ScanActivity,315,15,10,0,0,false,false,2,false,false,4,13,39,26,0,false,false,false,true,false,public,7,0,3,false,,
\wallet\src\de\schildbach\wallet\ui\ScannerView.java,ScannerView,135,12,4,1,0,false,false,2,false,false,3,5,15,12,0,false,false,false,true,false,public,4,0,0,false,,
\wallet\src\de\schildbach\wallet\ui\SendCoinsActivity.java,SendCoinsActivity,76,4,4,0,0,false,false,3,false,false,1,8,10,2,0,false,false,false,true,false,public,3,0,1,false,,
\wallet\src\de\schildbach\wallet\ui\SendCoinsFragment.AutoCompleteAddressAdapter.java,AutoCompleteAddressAdapter,67,0,4,0,0,false,false,4,true,false,0,8,11,2,0,false,false,true,true,false,public,4,0,0,false,,
\wallet\src\de\schildbach\wallet\ui\SendCoinsFragment.ReceivingAddressActionMode.java,ReceivingAddressActionMode,75,0,6,0,0,false,false,4,false,false,2,7,5,8,0,false,false,true,true,false,private,4,2,0,false,,
\wallet\src\de\schildbach\wallet\ui\SendCoinsFragment.ReceivingAddressListener.java,ReceivingAddressListener,47,0,4,0,0,false,false,3,true,false,1,11,4,0,0,false,false,true,true,false,private,4,0,0,false,,
\wallet\src\de\schildbach\wallet\ui\SendCoinsFragment.State.java,State,24,5,0,0,0,false,false,1,false,false,0,0,0,0,0,false,false,true,false,true,private,0,0,0,false,,
\wallet\src\de\schildbach\wallet\ui\SendCoinsOfflineTask.java,SendCoinsOfflineTask,62,3,1,0,0,false,false,4,false,false,1,1,6,3,0,false,false,false,true,false,public,1,0,0,true,,
\wallet\src\de\schildbach\wallet\ui\SendCoinsQrActivity.java,SendCoinsQrActivity,80,1,2,0,0,false,false,4,false,false,1,4,9,5,0,false,false,false,true,false,public,1,0,1,false,,
\wallet\src\de\schildbach\wallet\ui\ShowPasswordCheckListener.java,ShowPasswordCheckListener,39,1,1,0,0,false,false,4,true,false,0,2,5,0,0,false,false,false,true,false,public,1,0,0,false,,
\wallet\src\de\schildbach\wallet\ui\SendingAddressesFragment.java,SendingAddressesFragment,301,7,17,1,0,false,false,3,false,false,6,23,35,29,0,false,false,false,true,false,public,11,6,0,false,,
\wallet\src\de\schildbach\wallet\ui\TransactionsListFragment.Direction.java,Direction,24,2,0,0,0,false,false,1,false,false,0,0,0,0,0,false,false,true,false,true,public,0,0,0,false,,
\wallet\src\de\schildbach\wallet\ui\SendCoinsFragment.java,SendCoinsFragment,784,42,27,0,0,false,false,3,false,false,43,29,66,80,0,false,false,false,true,false,public,12,15,0,false,,
\wallet\src\de\schildbach\wallet\ui\TransactionsListAdapter.java,TransactionsListAdapter,351,21,15,1,6,false,false,3,true,false,16,13,32,26,0,false,false,false,true,false,public,14,1,0,false,,
\wallet\src\de\schildbach\wallet\ui\TransactionsListFragment.TransactionsLoader.java,TransactionsLoader,114,4,3,0,0,false,false,2,true,false,3,0,16,11,0,true,false,true,true,false,private,1,0,2,false,,
\wallet\src\de\schildbach\wallet\ui\WalletActionsFragment.java,WalletActionsFragment,87,1,4,0,0,false,false,3,false,false,0,4,10,8,0,false,false,false,true,false,public,3,1,0,false,,
\wallet\src\de\schildbach\wallet\ui\TransactionsListFragment.java,TransactionsListFragment,299,15,15,0,0,false,false,3,false,false,6,17,48,34,0,false,false,false,true,false,public,11,4,0,false,,
\wallet\src\de\schildbach\wallet\ui\WalletAddressFragment.java,WalletAddressFragment,144,10,6,0,0,false,false,3,false,false,2,4,27,11,0,false,false,false,true,false,public,4,2,0,false,,
\wallet\src\de\schildbach\wallet\ui\WalletAddressesAdapter.java,WalletAddressesAdapter,137,10,7,1,4,false,false,3,true,false,4,7,21,7,0,false,false,false,true,false,public,7,0,0,false,,
\wallet\src\de\schildbach\wallet\ui\WalletBalanceFragment.BlockchainBroadcastReceiver.java,BlockchainBroadcastReceiver,36,0,1,0,0,false,false,3,true,false,0,2,5,0,0,false,false,true,true,false,private,1,0,0,false,,
\wallet\src\de\schildbach\wallet\ui\WalletAddressesFragment.java,WalletAddressesFragment,265,9,9,0,0,false,false,3,false,false,5,9,39,35,0,false,false,false,true,false,public,7,2,0,false,,
\wallet\src\de\schildbach\wallet\ui\WalletActivity.java,WalletActivity,780,7,26,0,0,false,false,2,false,false,31,20,65,79,0,false,false,false,true,false,public,8,13,5,false,,
\wallet\src\de\schildbach\wallet\ui\WalletBalanceLoader.java,WalletBalanceLoader,63,2,3,0,0,false,false,3,true,false,0,0,7,3,0,false,false,false,true,false,public,1,0,2,false,,
\wallet\src\de\schildbach\wallet\ui\WalletBalanceFragment.java,WalletBalanceFragment,259,21,6,0,0,false,false,3,false,false,11,6,29,13,0,false,false,false,true,false,public,5,1,0,false,,
\wallet\src\de\schildbach\wallet\ui\WalletDisclaimerFragment.BlockchainBroadcastReceiver.java,BlockchainBroadcastReceiver,33,0,1,0,0,false,false,3,true,false,0,2,4,0,0,false,false,true,true,false,private,1,0,0,false,,
\wallet\src\de\schildbach\wallet\ui\WalletDisclaimerFragment.java,WalletDisclaimerFragment,125,5,6,0,0,false,false,3,false,false,9,6,19,7,0,false,false,false,true,false,public,5,1,0,false,,
\wallet\src\de\schildbach\wallet\ui\WalletTransactionsFragment.PagerAdapter.java,PagerAdapter,50,0,2,0,2,false,false,2,true,false,1,1,4,0,0,true,false,true,true,false,private,2,0,0,false,,
\wallet\src\de\schildbach\wallet\ui\WalletTransactionsFragment.java,WalletTransactionsFragment,55,1,2,0,0,false,false,3,false,false,0,4,8,0,0,false,false,false,true,false,public,2,0,0,false,,
\wallet\src\de\schildbach\wallet\service\AutosyncReceiver.java,AutosyncReceiver,61,1,1,0,0,false,false,2,true,false,2,2,11,2,0,false,false,false,true,false,public,1,0,0,false,,
\wallet\src\de\schildbach\wallet\service\BlockchainService.java,BlockchainService,46,15,0,0,0,false,false,2,false,false,0,0,5,6,0,false,true,false,false,false,public,0,0,0,false,,
\wallet\src\de\schildbach\wallet\service\BlockchainServiceImpl.ActivityHistoryEntry.java,ActivityHistoryEntry,35,2,1,0,0,false,false,3,false,false,0,0,0,0,0,true,false,true,true,false,private,1,0,0,false,,
\wallet\src\de\schildbach\wallet\service\BlockchainServiceImpl.LocalBinder.java,LocalBinder,28,0,1,0,1,false,false,2,true,false,0,0,1,0,0,false,false,true,true,false,public,1,0,0,false,,
\wallet\src\de\schildbach\wallet\service\BlockchainServiceImpl.PeerConnectivityListener.java,PeerConnectivityListener,95,2,5,0,0,false,false,3,true,false,3,7,11,4,0,false,false,true,true,false,private,4,1,0,false,,
\wallet\src\de\schildbach\wallet\offline\AcceptBluetoothService.java,AcceptBluetoothService,149,9,4,0,0,false,false,3,false,false,2,4,19,16,0,false,false,false,true,false,public,4,0,0,false,,
\wallet\src\de\schildbach\wallet\offline\AcceptBluetoothThread.java,AcceptBluetoothThread,130,3,2,0,0,false,false,3,false,false,4,0,11,10,0,false,false,false,true,false,public,2,0,0,true,,
\wallet\src\de\schildbach\wallet\offline\SendBluetoothTask.java,SendBluetoothTask,125,4,1,0,0,false,false,3,false,false,3,2,13,14,0,false,false,false,true,false,public,1,0,0,true,,
\wallet\src\de\schildbach\wallet\service\BlockchainServiceImpl.java,BlockchainServiceImpl,654,32,15,0,2,false,false,3,false,false,32,10,70,92,0,false,false,false,true,false,public,9,6,0,false,,
\sample-integration-android\src\de\schildbach\wallet\integration\sample\SampleActivity.java,SampleActivity,85,4,2,0,0,false,false,2,false,false,3,4,12,5,0,false,false,false,true,false,public,0,0,2,false,,
\wallet\src\de\schildbach\wallet\camera\CameraManager.java,CameraManager,239,10,12,3,3,false,false,2,true,false,19,15,15,27,0,false,false,false,true,false,public,7,5,0,false,,
\integration-android\src\de\schildbach\wallet\integration\android\BitcoinIntegration.java,BitcoinIntegration,164,3,10,0,0,false,false,2,false,false,5,23,6,7,0,false,false,false,true,false,public,6,4,0,false,,
