sep=,
Fullpathname,Classname,loc,numAttr,numMethod,setters,getters,isPersist,isCollection,numWordName,isOrEr,isController,numIfs,numParameters,numImports,numOutboundInvocation,numInnerClasses,isStaticClass,isInterface,isInnerClass,isClass,isEnum,classPublicity,numPublicMethods,numPrivateMethods,numProtectedMethods,isAbstract,
\wallet\test\de\schildbach\wallet\util\BluetoothTest.java,BluetoothTest,44,0,3,0,1,false,false,2,false,false,0,0,3,0,0,false,false,false,true,false,public,3,0,0,false,,
\wallet\test\de\schildbach\wallet\util\Base43Test.java,Base43Test,39,0,2,0,0,false,false,2,false,false,0,0,3,2,0,false,false,false,true,false,public,2,0,0,false,,
\wallet\test\de\schildbach\wallet\util\CryptoTest.java,CryptoTest,93,3,7,0,0,false,false,2,false,false,0,1,11,10,0,false,false,false,true,false,public,6,1,0,false,,
\wallet\test\de\schildbach\wallet\util\WalletUtilsTest.java,WalletUtilsTest,43,0,3,0,0,false,false,3,false,false,0,0,4,8,0,false,false,false,true,false,public,3,0,0,false,,
\wallet\test\de\schildbach\wallet\util\FormatsTest.java,FormatsTest,95,0,1,0,0,false,false,2,false,false,0,0,7,11,0,false,false,false,true,false,public,1,0,0,false,,
\wallet\src\de\schildbach\wallet\Constants.Files.java,Files,53,13,0,0,0,false,false,1,false,false,0,0,4,2,0,true,false,true,true,false,public,0,0,0,false,,
\wallet\src\de\schildbach\wallet\Configuration.java,Configuration,237,29,36,4,20,false,false,1,false,false,7,12,14,18,0,false,false,false,true,false,public,35,1,0,false,,
\wallet\src\de\schildbach\wallet\Constants.java,Constants,133,53,0,0,0,false,false,1,false,false,0,0,15,10,0,false,false,false,true,false,public,0,0,0,false,,
\wallet\src\de\schildbach\wallet\WalletBalanceWidgetProvider.java,WalletBalanceWidgetProvider,155,1,6,0,1,false,false,4,true,false,6,20,30,16,0,false,false,false,true,false,public,3,3,0,false,,
\wallet\src\de\schildbach\wallet\util\BitmapFragment.java,BitmapFragment,68,3,4,0,0,false,false,2,false,false,0,5,10,2,0,false,false,false,true,false,public,3,1,0,false,,
\wallet\src\de\schildbach\wallet\WalletApplication.java,WalletApplication,393,13,27,0,2,false,false,2,false,false,14,8,45,64,0,false,false,false,true,false,public,20,7,0,false,,
\wallet\src\de\schildbach\wallet\util\Base43.java,Base43,125,2,5,0,0,false,false,1,false,false,6,9,1,5,0,false,false,false,true,false,public,2,3,0,false,,
\wallet\src\de\schildbach\wallet\util\Bluetooth.java,Bluetooth,95,7,7,0,3,false,false,1,false,false,9,7,4,5,0,false,false,false,true,false,public,7,0,0,false,,
\wallet\src\de\schildbach\wallet\util\CrashReporter.ExceptionHandler.java,ExceptionHandler,47,1,2,0,0,false,false,2,true,false,0,3,5,1,0,true,false,true,true,false,private,1,1,0,false,,
\wallet\src\de\schildbach\wallet\util\CheatSheet.java,CheatSheet,138,1,5,3,0,false,false,2,false,false,2,8,6,12,0,false,false,false,true,false,public,4,1,0,false,,
\wallet\src\de\schildbach\wallet\util\CircularProgressView.java,CircularProgressView,125,9,10,5,1,false,false,3,false,false,3,15,10,4,0,false,false,false,true,false,public,6,1,3,false,,
\wallet\src\de\schildbach\wallet\util\FileAttachmentProvider.java,FileAttachmentProvider,91,0,8,0,1,false,false,3,true,false,5,19,10,10,0,false,false,false,true,false,public,8,0,0,false,,
\wallet\src\de\schildbach\wallet\util\CrashReporter.java,CrashReporter,265,6,13,0,0,false,false,2,true,false,7,18,37,44,0,false,false,false,true,false,public,9,4,0,false,,
\wallet\src\de\schildbach\wallet\util\Formats.java,Formats,48,5,1,0,0,false,false,1,false,false,2,1,4,2,0,false,false,false,true,false,public,1,0,0,false,,
\wallet\src\de\schildbach\wallet\util\GenericUtils.java,GenericUtils,34,0,2,0,0,false,false,2,false,false,0,3,1,2,0,false,false,false,true,false,public,2,0,0,false,,
\wallet\src\de\schildbach\wallet\util\Crypto.java,Crypto,264,12,8,0,1,false,false,1,false,false,4,16,20,6,0,false,false,false,true,false,public,4,4,0,false,,
\wallet\src\de\schildbach\wallet\util\HttpGetThread.java,HttpGetThread,63,3,1,0,0,false,false,3,false,false,2,0,9,8,0,false,false,false,true,false,public,1,0,0,true,,
\wallet\src\de\schildbach\wallet\util\Io.java,Io,52,0,3,0,0,false,false,1,false,false,1,7,4,0,0,false,false,false,true,false,public,3,0,0,false,,
\wallet\src\de\schildbach\wallet\util\Iso8601Format.java,Iso8601Format,58,1,8,0,0,false,false,2,false,false,0,4,6,0,0,false,false,false,true,false,public,8,0,0,false,,
\wallet\src\de\schildbach\wallet\util\Nfc.java,Nfc,41,0,2,0,0,false,false,1,false,false,1,4,5,3,0,false,false,false,true,false,public,2,0,0,false,,
\wallet\src\de\schildbach\wallet\util\MonetarySpannable.java,MonetarySpannable,95,4,3,0,0,false,false,2,false,false,12,9,11,2,0,false,false,false,true,false,public,2,1,0,false,,
\wallet\src\de\schildbach\wallet\util\Qr.java,Qr,101,2,5,0,0,false,false,1,false,false,1,6,17,8,0,false,false,false,true,false,public,5,0,0,false,,
\wallet\src\de\schildbach\wallet\util\Toast.java,Toast,45,1,6,0,0,false,false,1,false,false,0,11,1,1,0,false,false,false,true,false,public,4,2,0,false,,
\wallet\src\de\schildbach\wallet\util\ThrottlingWalletChangeListener.java,ThrottlingWalletChangeListener,103,9,6,0,0,false,false,4,true,false,6,12,11,3,0,false,false,false,true,false,public,6,0,0,true,,
\wallet\src\de\schildbach\wallet\util\ViewPagerTabs.java,ViewPagerTabs,155,6,9,0,1,false,false,3,false,false,4,10,14,10,0,false,false,false,true,false,public,6,0,3,false,,
\wallet\src\de\schildbach\wallet\util\WholeStringBuilder.java,WholeStringBuilder,32,0,1,0,0,false,false,3,true,false,0,1,3,1,0,false,false,false,true,false,public,1,0,0,false,,
\wallet\src\de\schildbach\wallet\util\WalletUtils.java,WalletUtils,276,2,16,0,2,false,false,2,false,false,13,35,38,33,0,false,false,false,true,false,public,16,0,0,false,,
\wallet\src\de\schildbach\wallet\ui\AbstractBindServiceActivity.java,AbstractBindServiceActivity,55,2,3,0,1,false,false,4,false,false,0,0,8,3,0,false,false,false,true,false,public,1,0,2,true,,
\wallet\src\de\schildbach\wallet\ui\AbstractWalletActivity.java,AbstractWalletActivity,42,2,2,0,1,false,false,3,false,false,1,1,8,0,0,false,false,false,true,false,public,0,0,2,true,,
\wallet\src\de\schildbach\wallet\ui\AddressAndLabel.java,AddressAndLabel,90,3,5,0,0,false,false,3,false,false,3,3,9,8,0,false,false,false,true,false,public,5,0,0,false,,
\wallet\src\de\schildbach\wallet\ui\AddressBookActivity.TwoFragmentAdapter.java,TwoFragmentAdapter,86,5,6,1,1,false,false,3,true,false,6,11,6,5,0,true,false,true,true,false,private,6,0,0,false,,
\wallet\src\de\schildbach\wallet\ui\AddressBookActivity.java,AddressBookActivity,108,4,4,0,0,false,false,3,false,false,5,3,18,11,0,false,false,false,true,false,public,2,0,1,false,,
\wallet\src\de\schildbach\wallet\ui\ArchiveBackupDialogFragment.java,ArchiveBackupDialogFragment,98,4,5,0,0,false,false,4,false,false,1,6,16,7,0,false,false,false,true,false,public,3,2,0,false,,
\wallet\src\de\schildbach\wallet\ui\BlockListAdapter.BlockViewHolder.java,BlockViewHolder,45,7,0,0,0,false,false,3,true,false,0,0,6,0,0,true,false,true,true,false,public,0,0,0,false,,
\wallet\src\de\schildbach\wallet\ui\BlockListAdapter.OnClickListener.java,OnClickListener,25,0,0,0,0,false,false,3,true,false,0,0,2,0,0,false,true,true,false,false,public,0,0,0,false,,
\wallet\src\de\schildbach\wallet\ui\BackupWalletDialogFragment.java,BackupWalletDialogFragment,231,12,9,0,0,false,false,4,false,false,6,5,40,33,0,false,false,false,true,false,public,4,5,0,false,,
\wallet\src\de\schildbach\wallet\ui\BlockListFragment.TransactionsLoader.java,TransactionsLoader,48,1,1,0,0,false,false,2,true,false,1,0,9,3,0,true,false,true,true,false,private,1,0,0,false,,
\wallet\src\de\schildbach\wallet\ui\BlockListAdapter.java,BlockListAdapter,195,11,13,1,3,false,true,3,true,false,9,13,25,20,0,false,false,false,true,false,public,13,0,0,false,,
\wallet\src\de\schildbach\wallet\ui\BlockListFragment.BlockLoader.java,BlockLoader,65,3,3,0,0,false,false,2,true,false,0,0,10,4,0,true,false,true,true,false,private,1,0,2,false,,
\wallet\src\de\schildbach\wallet\ui\CurrencyAmountView.Listener.java,Listener,24,0,0,0,0,false,false,1,true,false,0,0,0,0,0,true,true,true,false,false,public,0,0,0,false,,
\wallet\src\de\schildbach\wallet\ui\CurrencyAmountView.TextViewListener.java,TextViewListener,62,1,5,1,0,false,false,3,true,false,5,12,5,3,0,false,false,true,true,false,private,5,0,0,false,,
\wallet\src\de\schildbach\wallet\ui\BlockListFragment.java,BlockListFragment,202,18,8,0,0,false,false,3,false,false,3,8,36,23,0,false,false,false,true,false,public,8,0,0,false,,
\wallet\src\de\schildbach\wallet\ui\CurrencySymbolDrawable.java,CurrencySymbolDrawable,55,3,5,2,2,false,false,3,false,false,0,3,5,0,0,false,false,false,true,false,public,5,0,0,false,,
\wallet\src\de\schildbach\wallet\ui\CurrencyCalculatorLink.java,CurrencyCalculatorLink,170,8,13,6,3,false,false,3,false,false,15,6,7,15,0,false,false,false,true,false,public,12,1,0,false,,
\wallet\src\de\schildbach\wallet\ui\CurrencyTextView.java,CurrencyTextView,100,7,9,7,0,false,false,3,false,false,3,7,12,1,0,false,false,false,true,false,public,7,1,1,false,,
\wallet\src\de\schildbach\wallet\ui\CurrencyAmountView.java,CurrencyAmountView,256,15,21,13,2,false,false,3,false,false,12,18,23,24,0,false,false,false,true,false,public,15,3,3,false,,
\wallet\src\de\schildbach\wallet\ui\DividerItemDecoration.java,DividerItemDecoration,82,5,5,1,1,false,false,3,false,false,3,10,8,15,0,false,false,false,true,false,public,5,0,0,false,,
\wallet\src\de\schildbach\wallet\ui\DialogBuilder.java,DialogBuilder,97,3,8,6,0,false,false,2,true,false,4,9,11,0,0,false,false,false,true,false,public,8,0,0,false,,
\wallet\src\de\schildbach\wallet\ui\EncryptKeysDialogFragment.State.java,State,23,3,0,0,0,false,false,1,false,false,0,0,0,0,0,false,false,true,false,true,private,0,0,0,false,,
\wallet\src\de\schildbach\wallet\ui\EditAddressBookEntryFragment.java,EditAddressBookEntryFragment,129,6,6,0,0,false,false,5,false,false,5,11,20,13,0,false,false,false,true,false,public,5,1,0,false,,
\wallet\src\de\schildbach\wallet\ui\ExchangeRatesActivity.java,ExchangeRatesActivity,39,0,2,0,0,false,false,3,false,false,1,2,3,1,0,false,false,false,true,false,public,1,0,1,false,,
\wallet\src\de\schildbach\wallet\ui\ExchangeRatesFragment.ExchangeRateViewHolder.java,ExchangeRateViewHolder,40,5,0,0,0,false,false,4,true,false,0,0,5,0,0,false,false,true,true,false,private,0,0,0,false,,
\wallet\src\de\schildbach\wallet\ui\ExchangeRatesFragment.ExchangeRatesAdapter.java,ExchangeRatesAdapter,134,6,10,5,3,false,false,3,true,false,4,10,16,11,0,false,false,true,true,false,private,10,0,0,false,,
\wallet\src\de\schildbach\wallet\ui\FancyListFragment.java,FancyListFragment,39,0,2,1,0,false,false,3,false,false,0,4,7,0,0,false,false,false,true,false,public,2,0,0,false,,
\wallet\src\de\schildbach\wallet\ui\EncryptKeysDialogFragment.java,EncryptKeysDialogFragment,279,18,10,0,0,false,false,4,false,false,9,5,31,35,0,false,false,false,true,false,public,7,3,0,false,,
\wallet\src\de\schildbach\wallet\ui\FileAdapter.java,FileAdapter,52,2,2,1,1,false,false,2,true,false,1,4,9,1,0,false,false,false,true,false,public,2,0,0,true,,
\wallet\src\de\schildbach\wallet\ui\ExchangeRatesFragment.java,ExchangeRatesFragment,220,17,8,0,0,false,false,3,false,false,9,9,35,25,0,false,false,false,true,false,public,8,0,0,false,,
\wallet\src\de\schildbach\wallet\ui\ImportDialogButtonEnablerListener.java,ImportDialogButtonEnablerListener,69,2,8,0,0,false,false,5,true,false,0,14,9,1,0,false,false,false,true,false,public,6,0,2,false,,
\wallet\src\de\schildbach\wallet\ui\InputParser.BinaryInputParser.java,BinaryInputParser,62,2,2,0,0,false,false,3,true,false,1,1,6,3,0,true,false,true,true,false,public,1,0,1,true,,
\wallet\src\de\schildbach\wallet\ui\HelpDialogFragment.java,HelpDialogFragment,56,3,4,0,0,false,false,3,false,false,0,5,6,2,0,false,false,false,true,false,public,3,1,0,false,,
\wallet\src\de\schildbach\wallet\ui\InputParser.StreamInputParser.java,StreamInputParser,75,2,2,0,0,false,false,3,true,false,2,1,9,8,0,true,false,true,true,false,public,1,0,1,true,,
\wallet\src\de\schildbach\wallet\ui\MaybeMaintenanceFragment.java,MaybeMaintenanceFragment,94,5,6,0,0,false,false,3,false,false,2,3,18,9,0,false,false,false,true,false,public,5,1,0,false,,
\wallet\src\de\schildbach\wallet\ui\InputParser.StringInputParser.java,StringInputParser,116,1,2,0,0,false,false,3,true,false,2,1,15,13,0,true,false,true,true,false,public,1,0,1,true,,
\wallet\src\de\schildbach\wallet\ui\InputParser.java,InputParser,133,6,4,0,0,false,false,2,true,false,6,8,27,16,0,false,false,false,true,false,public,1,0,3,true,,
\wallet\src\de\schildbach\wallet\ui\NetworkMonitorActivity.PagerAdapter.java,PagerAdapter,39,0,2,0,2,false,false,2,true,false,1,1,3,0,0,false,false,true,true,false,private,2,0,0,false,,
\wallet\src\de\schildbach\wallet\ui\NetworkMonitorActivity.java,NetworkMonitorActivity,60,2,2,0,0,false,false,3,false,false,2,2,6,1,0,false,false,false,true,false,public,1,0,1,false,,
\wallet\src\de\schildbach\wallet\ui\PeerListFragment.PeerLoader.java,PeerLoader,64,3,3,0,0,false,false,2,true,false,0,0,10,5,0,true,false,true,true,false,private,1,0,2,false,,
\wallet\src\de\schildbach\wallet\ui\PeerListFragment.PeerViewHolder.java,PeerViewHolder,39,5,0,0,0,false,false,3,true,false,0,0,4,0,0,true,false,true,true,false,private,0,0,0,false,,
\wallet\src\de\schildbach\wallet\ui\PeerListFragment.ReverseDnsLoader.java,ReverseDnsLoader,34,1,1,0,0,false,false,3,true,false,0,0,3,1,0,true,false,true,true,false,private,1,0,0,false,,
\wallet\src\de\schildbach\wallet\ui\PeerListFragment.PeerViewAdapter.java,PeerViewAdapter,81,2,7,0,3,false,false,3,true,false,0,7,10,10,0,false,false,true,true,false,private,7,0,0,false,,
\wallet\src\de\schildbach\wallet\ui\ProgressDialogFragment.java,ProgressDialogFragment,62,3,6,0,0,false,false,3,false,false,0,7,6,2,0,false,false,false,true,false,public,5,1,0,false,,
\wallet\src\de\schildbach\wallet\ui\PeerListFragment.java,PeerListFragment,176,15,7,0,0,false,false,3,false,false,3,6,29,15,0,false,false,false,true,false,public,7,0,0,false,,
\wallet\src\de\schildbach\wallet\ui\RequestCoinsActivity.java,RequestCoinsActivity,53,0,4,0,0,false,false,3,false,false,1,3,5,2,0,false,false,false,true,false,public,3,0,1,false,,
\wallet\src\de\schildbach\wallet\ui\ReportIssueDialogBuilder.java,ReportIssueDialogBuilder,224,7,7,0,0,false,false,4,true,false,11,5,29,26,0,false,false,false,true,false,public,1,1,5,true,,
\wallet\src\de\schildbach\wallet\ui\RestoreWalletActivity.FinishListener.java,FinishListener,31,0,2,0,0,false,false,2,true,false,0,3,1,0,0,false,false,true,true,false,private,2,0,0,false,,
\wallet\src\de\schildbach\wallet\ui\ScanActivity.AutoFocusRunnable.java,AutoFocusRunnable,42,2,1,0,0,false,false,3,false,false,0,0,1,1,0,false,false,true,true,false,private,1,0,0,false,,
\wallet\src\de\schildbach\wallet\ui\RequestCoinsFragment.java,RequestCoinsFragment,364,21,22,0,0,false,false,3,false,false,17,19,59,41,0,false,false,false,true,false,public,12,10,0,false,,
\wallet\src\de\schildbach\wallet\ui\RestoreWalletActivity.java,RestoreWalletActivity,174,7,7,0,0,false,false,3,false,false,3,8,26,19,0,false,false,false,true,false,public,0,4,3,false,,
\wallet\src\de\schildbach\wallet\ui\ScanActivity.WarnDialogFragment.java,WarnDialogFragment,52,0,3,0,0,false,false,3,false,false,0,4,5,5,0,true,false,true,true,false,public,3,0,0,false,,
\wallet\src\de\schildbach\wallet\ui\SendCoinsQrActivity.java,SendCoinsQrActivity,83,1,2,0,0,false,false,4,false,false,3,4,14,5,0,false,false,false,true,false,public,1,0,1,false,,
\wallet\src\de\schildbach\wallet\ui\ScanActivity.java,ScanActivity,290,15,15,0,0,false,false,2,false,false,7,15,40,23,0,false,false,false,true,false,public,10,2,3,false,,
\wallet\src\de\schildbach\wallet\ui\ScannerView.java,ScannerView,127,13,4,2,0,false,false,2,false,false,3,8,16,12,0,false,false,false,true,false,public,4,0,0,false,,
\wallet\src\de\schildbach\wallet\ui\ShowPasswordCheckListener.java,ShowPasswordCheckListener,37,1,1,0,0,false,false,4,true,false,0,2,5,1,0,false,false,false,true,false,public,1,0,0,false,,
\wallet\src\de\schildbach\wallet\ui\TransactionsAdapter.OnClickListener.java,OnClickListener,26,0,0,0,0,false,false,3,true,false,0,0,2,0,0,false,true,true,false,false,public,0,0,0,false,,
\wallet\src\de\schildbach\wallet\ui\TransactionsAdapter.TransactionCacheEntry.java,TransactionCacheEntry,42,6,0,0,0,false,false,3,false,false,0,0,3,0,0,true,false,true,true,false,private,0,0,0,false,,
\wallet\src\de\schildbach\wallet\ui\SendingAddressesFragment.java,SendingAddressesFragment,333,9,22,1,1,false,false,3,false,false,12,24,47,47,0,false,false,false,true,false,public,15,7,0,false,,
\wallet\src\de\schildbach\wallet\ui\TransactionsAdapter.Warning.java,Warning,23,3,0,0,0,false,false,1,false,false,0,0,0,0,0,false,false,true,false,true,public,0,0,0,false,,
\wallet\src\de\schildbach\wallet\ui\TransactionsAdapter.WarningViewHolder.java,WarningViewHolder,39,1,0,0,0,false,false,3,true,false,1,0,4,2,0,false,false,true,true,false,private,0,0,0,false,,
\wallet\src\de\schildbach\wallet\ui\WalletActionsFragment.java,WalletActionsFragment,79,1,4,0,0,false,false,3,false,false,0,4,11,8,0,false,false,false,true,false,public,3,1,0,false,,
\wallet\src\de\schildbach\wallet\ui\TransactionsAdapter.TransactionViewHolder.java,TransactionViewHolder,312,15,1,0,0,false,false,3,true,false,11,1,25,39,0,false,false,true,true,false,private,0,1,0,false,,
\wallet\src\de\schildbach\wallet\ui\TransactionsAdapter.java,TransactionsAdapter,212,23,13,3,3,false,false,2,true,false,11,12,20,12,0,false,false,false,true,false,public,13,0,0,false,,
\wallet\src\de\schildbach\wallet\ui\WalletAddressDialogFragment.java,WalletAddressDialogFragment,106,5,4,0,0,false,false,4,false,false,1,7,20,4,0,false,false,false,true,false,public,3,1,0,false,,
\wallet\src\de\schildbach\wallet\ui\WalletAddressFragment.CurrentAddressLoader.java,CurrentAddressLoader,112,7,5,0,0,false,false,3,true,false,1,0,18,8,0,true,false,true,true,false,public,1,1,3,false,,
\wallet\src\de\schildbach\wallet\ui\WalletAddressFragment.java,WalletAddressFragment,137,11,8,0,0,false,false,3,false,false,3,6,26,12,0,false,false,false,true,false,public,6,2,0,false,,
\wallet\src\de\schildbach\wallet\ui\WalletAddressesAdapter.java,WalletAddressesAdapter,143,8,11,0,6,false,false,3,true,false,7,11,17,10,0,false,false,false,true,false,public,9,2,0,false,,
\wallet\src\de\schildbach\wallet\ui\WalletAddressesFragment.java,WalletAddressesFragment,218,11,8,0,0,false,false,3,false,false,4,10,39,28,0,false,false,false,true,false,public,7,1,0,false,,
\wallet\src\de\schildbach\wallet\ui\WalletBalanceLoader.java,WalletBalanceLoader,98,5,5,0,0,false,false,3,true,false,0,0,16,7,0,false,false,false,true,false,public,1,1,3,false,,
\wallet\src\de\schildbach\wallet\ui\WalletActivity.java,WalletActivity,769,13,32,0,0,false,false,2,false,false,39,23,68,83,0,false,false,false,true,false,public,11,15,6,false,,
\wallet\src\de\schildbach\wallet\ui\WalletTransactionsFragment.Direction.java,Direction,23,2,0,0,0,false,false,1,false,false,0,0,0,0,0,false,false,true,false,true,public,0,0,0,false,,
\wallet\src\de\schildbach\wallet\ui\WalletDisclaimerFragment.java,WalletDisclaimerFragment,131,7,6,0,0,false,false,3,false,false,7,6,25,11,0,false,false,false,true,false,public,5,1,0,false,,
\wallet\src\de\schildbach\wallet\ui\WalletBalanceFragment.java,WalletBalanceFragment,277,24,11,0,0,false,false,3,false,false,14,11,33,20,0,false,false,false,true,false,public,9,2,0,false,,
\wallet\src\de\schildbach\wallet\ui\WalletTransactionsFragment.TransactionsLoader.java,TransactionsLoader,137,6,6,0,1,false,false,2,true,false,3,0,22,17,0,true,false,true,true,false,private,2,1,3,false,,
\wallet\src\de\schildbach\wallet\ui\send\FeeCategory.java,FeeCategory,35,3,0,0,0,false,false,2,false,false,0,0,0,0,0,false,false,false,false,true,public,0,0,0,false,,
\wallet\src\de\schildbach\wallet\ui\send\DecodePrivateKeyTask.java,DecodePrivateKeyTask,57,2,1,0,0,false,false,4,false,false,0,2,4,4,0,false,false,false,true,false,public,1,0,0,true,,
\wallet\src\de\schildbach\wallet\ui\send\MaintenanceDialogFragment.State.java,State,23,3,0,0,0,false,false,1,false,false,0,0,0,0,0,false,false,true,false,true,private,0,0,0,false,,
\wallet\src\de\schildbach\wallet\ui\send\DeriveKeyTask.java,DeriveKeyTask,85,4,1,0,0,false,false,3,false,false,2,2,12,7,0,false,false,false,true,false,public,1,0,0,true,,
\wallet\src\de\schildbach\wallet\ui\send\RaiseFeeDialogFragment.State.java,State,23,3,0,0,0,false,false,1,false,false,0,0,0,0,0,false,false,true,false,true,private,0,0,0,false,,
\wallet\src\de\schildbach\wallet\ui\WalletTransactionsFragment.java,WalletTransactionsFragment,400,22,17,0,0,false,false,3,false,false,14,19,58,49,0,false,false,false,true,false,public,14,3,0,false,,
\wallet\src\de\schildbach\wallet\ui\send\MaintenanceDialogFragment.java,MaintenanceDialogFragment,266,15,13,0,0,false,false,3,false,false,5,6,39,28,0,false,false,false,true,false,public,7,6,0,false,,
\wallet\src\de\schildbach\wallet\ui\send\RequestPaymentRequestTask.ResultCallback.java,ResultCallback,25,0,0,0,0,false,false,2,false,false,0,0,1,0,0,false,true,true,false,false,public,0,0,0,false,,
\wallet\src\de\schildbach\wallet\ui\send\RequestPaymentRequestTask.BluetoothRequestTask.java,BluetoothRequestTask,111,1,1,0,0,false,false,3,false,false,4,1,14,12,0,true,false,true,true,false,public,1,0,0,false,,
\wallet\src\de\schildbach\wallet\ui\send\RequestPaymentRequestTask.HttpRequestTask.java,HttpRequestTask,85,1,1,0,0,false,false,3,false,false,2,1,13,12,0,true,false,true,true,false,public,1,0,0,false,,
\wallet\src\de\schildbach\wallet\ui\send\RequestPaymentRequestTask.java,RequestPaymentRequestTask,53,4,2,0,0,false,false,4,false,false,0,3,5,3,0,false,false,false,true,false,public,0,0,2,true,,
\wallet\src\de\schildbach\wallet\ui\send\RequestWalletBalanceTask.ElectrumServer.java,ElectrumServer,45,3,0,0,0,false,false,2,true,false,1,0,2,1,0,true,false,true,true,false,public,0,0,0,false,,
\wallet\src\de\schildbach\wallet\ui\send\RequestWalletBalanceTask.JsonRpcRequest.java,JsonRpcRequest,31,4,0,0,0,false,false,3,false,false,0,0,0,0,0,true,false,true,true,false,public,0,0,0,false,,
\wallet\src\de\schildbach\wallet\ui\send\RequestWalletBalanceTask.JsonRpcResponse.java,JsonRpcResponse,30,2,0,0,0,false,false,3,false,false,0,0,0,0,0,true,false,true,true,false,public,0,0,0,false,,
\wallet\src\de\schildbach\wallet\ui\send\RaiseFeeDialogFragment.java,RaiseFeeDialogFragment,298,22,13,0,0,false,false,4,false,false,9,13,45,29,0,false,false,false,true,false,public,7,6,0,false,,
\wallet\src\de\schildbach\wallet\ui\send\RequestWalletBalanceTask.ResultCallback.java,ResultCallback,26,0,0,0,0,false,false,2,false,false,0,0,2,0,0,false,true,true,false,false,public,0,0,0,false,,
\wallet\src\de\schildbach\wallet\ui\send\SendCoinsActivity.java,SendCoinsActivity,77,2,6,0,0,false,false,3,false,false,3,13,12,2,0,false,false,false,true,false,public,5,0,1,false,,
\wallet\src\de\schildbach\wallet\ui\send\RequestWalletBalanceTask.java,RequestWalletBalanceTask,229,5,6,0,0,false,false,4,false,false,8,7,47,33,0,false,false,false,true,false,public,1,3,2,false,,
\wallet\src\de\schildbach\wallet\ui\send\SendCoinsFragment.ReceivingAddressListener.java,ReceivingAddressListener,73,0,5,0,0,false,false,3,true,false,3,15,11,4,0,false,false,true,true,false,private,5,0,0,false,,
\wallet\src\de\schildbach\wallet\ui\send\SendCoinsFragment.ReceivingAddressLoaderCallbacks.java,ReceivingAddressLoaderCallbacks,82,4,4,0,0,false,false,4,false,false,5,5,12,2,0,true,false,true,true,false,private,3,1,0,false,,
\wallet\src\de\schildbach\wallet\ui\send\SendCoinsFragment.ReceivingAddressNameLoader.java,ReceivingAddressNameLoader,89,1,3,0,0,false,false,4,true,false,3,0,18,8,0,true,false,true,true,false,private,1,1,1,false,,
\wallet\src\de\schildbach\wallet\ui\send\SendCoinsFragment.State.java,State,25,7,0,0,0,false,false,1,false,false,0,0,0,0,0,false,false,true,false,true,private,0,0,0,false,,
\wallet\src\de\schildbach\wallet\ui\send\SendCoinsFragment.ReceivingAddressViewAdapter.java,ReceivingAddressViewAdapter,56,0,3,0,0,false,false,4,true,false,0,7,11,0,0,false,false,true,true,false,private,3,0,0,false,,
\wallet\src\de\schildbach\wallet\ui\send\SweepWalletFragment.FakeTransaction.java,FakeTransaction,34,1,1,0,1,false,false,2,false,false,0,0,3,0,0,true,false,true,true,false,private,1,0,0,false,,
\wallet\src\de\schildbach\wallet\ui\send\SweepWalletActivity.java,SweepWalletActivity,53,1,4,0,0,false,false,3,false,false,1,5,7,1,0,false,false,false,true,false,public,4,0,0,false,,
\wallet\src\de\schildbach\wallet\ui\send\SendCoinsOfflineTask.java,SendCoinsOfflineTask,119,4,2,0,0,false,false,4,false,false,2,1,14,15,0,false,false,false,true,false,public,1,0,1,true,,
\wallet\src\de\schildbach\wallet\ui\send\SweepWalletFragment.State.java,State,25,6,0,0,0,false,false,1,false,false,0,0,0,0,0,false,false,true,false,true,private,0,0,0,false,,
\wallet\src\de\schildbach\wallet\ui\preference\AboutFragment.java,AboutFragment,61,6,2,0,0,false,false,2,false,false,1,2,11,5,0,false,false,false,true,false,public,2,0,0,false,,
\wallet\src\de\schildbach\wallet\ui\preference\DiagnosticsFragment.java,DiagnosticsFragment,86,5,5,0,0,false,false,2,false,false,1,4,15,9,0,false,false,false,true,false,public,3,2,0,false,,
\wallet\src\de\schildbach\wallet\ui\preference\PreferenceActivity.java,PreferenceActivity,44,0,3,0,0,false,false,2,false,false,1,3,3,4,0,false,false,false,true,false,public,2,0,1,false,,
\wallet\src\de\schildbach\wallet\ui\preference\ExtendedPublicKeyFragment.java,ExtendedPublicKeyFragment,82,4,4,0,0,false,false,4,false,false,0,5,17,4,0,false,false,false,true,false,public,3,1,0,false,,
\wallet\src\de\schildbach\wallet\ui\preference\ResolveDnsTask.java,ResolveDnsTask,57,2,1,0,0,false,false,3,false,false,0,1,4,4,0,false,false,false,true,false,public,1,0,0,true,,
\wallet\src\de\schildbach\wallet\service\BlockchainService.java,BlockchainService,41,7,0,0,0,false,false,2,false,false,0,0,4,5,0,false,true,false,false,false,public,0,0,0,false,,
\wallet\src\de\schildbach\wallet\ui\preference\SettingsFragment.java,SettingsFragment,125,11,5,0,0,false,false,2,false,false,2,4,17,14,0,false,false,false,true,false,public,4,1,0,false,,
\wallet\src\de\schildbach\wallet\service\BlockchainServiceImpl.ActivityHistoryEntry.java,ActivityHistoryEntry,32,2,1,0,0,false,false,3,false,false,0,0,0,0,0,true,false,true,true,false,private,1,0,0,false,,
\wallet\src\de\schildbach\wallet\ui\send\SweepWalletFragment.java,SweepWalletFragment,582,34,21,1,0,false,false,3,false,false,30,16,72,62,0,false,false,false,true,false,public,10,11,0,false,,
\wallet\src\de\schildbach\wallet\service\BlockchainServiceImpl.LocalBinder.java,LocalBinder,26,0,1,0,1,false,false,2,true,false,0,0,1,0,0,false,false,true,true,false,public,1,0,0,false,,
\wallet\src\de\schildbach\wallet\service\BlockchainServiceImpl.PeerConnectivityListener.java,PeerConnectivityListener,86,2,5,0,0,false,false,3,true,false,3,7,13,5,0,false,false,true,true,false,private,4,1,0,false,,
\wallet\src\de\schildbach\wallet\ui\send\SendCoinsFragment.java,SendCoinsFragment,1167,62,36,1,0,false,false,3,false,false,72,28,96,163,0,false,false,false,true,false,public,13,23,0,false,,
\wallet\src\de\schildbach\wallet\service\BlockchainState.Impediment.java,Impediment,23,2,0,0,0,false,false,1,false,false,0,0,0,0,0,false,false,true,false,true,public,0,0,0,false,,
\wallet\src\de\schildbach\wallet\service\BlockchainState.java,BlockchainState,55,8,2,0,0,false,false,2,false,false,0,2,4,0,0,false,false,false,true,false,public,2,0,0,false,,
\wallet\src\de\schildbach\wallet\service\BlockchainStateLoader.java,BlockchainStateLoader,65,4,3,0,0,false,false,3,true,false,0,0,10,5,0,false,false,false,true,false,public,1,0,2,false,,
\wallet\src\de\schildbach\wallet\service\BootstrapReceiver.java,BootstrapReceiver,51,1,1,0,0,false,false,2,true,false,3,2,9,5,0,false,false,false,true,false,public,1,0,0,false,,
\wallet\src\de\schildbach\wallet\service\UpgradeWalletService.java,UpgradeWalletService,71,2,4,0,0,false,false,3,false,false,1,3,8,4,0,false,false,false,true,false,public,2,1,1,false,,
\wallet\src\de\schildbach\wallet\service\InactivityNotificationService.java,InactivityNotificationService,136,8,7,0,0,false,false,3,false,false,5,2,19,18,0,false,false,false,true,false,public,2,4,1,false,,
\wallet\src\de\schildbach\wallet\offline\AcceptBluetoothThread.ClassicBluetoothThread.java,ClassicBluetoothThread,92,0,1,0,0,false,false,3,false,false,4,0,9,9,0,true,false,true,true,false,public,1,0,0,true,,
\wallet\src\de\schildbach\wallet\offline\AcceptBluetoothThread.PaymentProtocolThread.java,PaymentProtocolThread,90,0,1,0,0,false,false,3,false,false,4,0,11,7,0,true,false,true,true,false,public,1,0,0,true,,
\wallet\src\de\schildbach\wallet\service\BlockchainServiceImpl.java,BlockchainServiceImpl,552,31,12,0,3,false,false,3,false,false,34,10,70,102,0,false,false,false,true,false,public,9,3,0,false,,
\wallet\src\de\schildbach\wallet\offline\AcceptBluetoothThread.java,AcceptBluetoothThread,44,3,1,0,0,false,false,3,false,false,0,0,6,1,0,false,false,false,true,false,public,1,0,0,true,,
\wallet\src\de\schildbach\wallet\offline\AcceptBluetoothService.java,AcceptBluetoothService,144,11,5,0,0,false,false,3,false,false,4,5,21,20,0,false,false,false,true,false,public,4,1,0,false,,
\wallet\src\de\schildbach\wallet\offline\DirectPaymentTask.BluetoothPaymentTask.java,BluetoothPaymentTask,98,2,1,0,0,false,false,3,false,false,4,1,12,11,0,true,false,true,true,false,public,1,0,0,false,,
\wallet\src\de\schildbach\wallet\offline\DirectPaymentTask.HttpPaymentTask.java,HttpPaymentTask,97,2,1,0,0,false,false,3,false,false,2,1,16,15,0,true,false,true,true,false,public,1,0,0,false,,
\wallet\src\de\schildbach\wallet\offline\DirectPaymentTask.ResultCallback.java,ResultCallback,24,0,0,0,0,false,false,2,false,false,0,0,0,0,0,false,true,true,false,false,public,0,0,0,false,,
\wallet\src\de\schildbach\wallet\offline\DirectPaymentTask.java,DirectPaymentTask,53,4,2,0,0,false,false,3,false,false,0,3,5,3,0,false,false,false,true,false,public,0,0,2,true,,
\wallet\src\de\schildbach\wallet\data\AddressBookProvider.Helper.java,Helper,56,3,3,0,0,true,false,1,true,false,1,6,3,3,0,true,false,true,true,false,private,2,1,0,false,,
\wallet\src\de\schildbach\wallet\data\AddressBookProvider.java,AddressBookProvider,136,8,9,0,1,true,false,3,true,false,10,20,7,33,0,false,false,false,true,false,public,8,1,0,false,,
\wallet\src\de\schildbach\wallet\data\ExchangeRate.java,ExchangeRate,37,2,2,0,1,false,false,2,false,false,0,0,1,1,0,false,false,false,true,false,public,2,0,0,false,,
\wallet\src\de\schildbach\wallet\data\ExchangeRatesLoader.java,ExchangeRatesLoader,54,1,4,0,0,false,false,3,true,false,1,2,5,4,0,false,false,false,true,false,public,1,1,2,false,,
\wallet\src\de\schildbach\wallet\data\DynamicFeeLoader.java,DynamicFeeLoader,181,4,4,0,0,false,false,3,true,false,11,5,32,30,0,false,false,false,true,false,public,1,2,1,false,,
\wallet\src\de\schildbach\wallet\data\PaymentIntent.Output.java,Output,95,3,5,0,0,false,false,1,false,false,1,3,8,12,0,true,false,true,true,false,public,5,0,0,false,,
\wallet\src\de\schildbach\wallet\data\PaymentIntent.Standard.java,Standard,23,2,0,0,0,false,false,1,false,false,0,0,0,0,0,false,false,true,false,true,public,0,0,0,false,,
\wallet\src\de\schildbach\wallet\data\ExchangeRatesProvider.java,ExchangeRatesProvider,235,14,12,0,2,false,false,3,true,false,17,21,31,32,0,false,false,false,true,false,public,8,4,0,false,,
\sample-integration-android\src\de\schildbach\wallet\integration\sample\SampleActivity.java,SampleActivity,124,7,5,0,0,false,false,2,false,false,4,4,19,18,0,false,false,false,true,false,public,0,3,2,false,,
\wallet\src\de\schildbach\wallet\data\PaymentIntent.java,PaymentIntent,345,12,31,0,2,false,false,2,false,false,26,18,20,27,0,false,false,false,true,false,public,29,2,0,false,,
\wallet\src\de\schildbach\wallet\camera\CameraManager.java,CameraManager,255,11,15,3,5,false,false,2,true,false,20,17,16,25,0,false,false,false,true,false,public,9,6,0,false,,
\integration-android\src\de\schildbach\wallet\integration\android\BitcoinIntegration.java,BitcoinIntegration,241,5,16,0,0,false,false,2,false,false,5,33,6,11,0,false,false,false,true,false,public,11,5,0,false,,
