sep=,
Fullpathname,Classname,loc,numAttr,numMethod,setters,getters,isPersist,isCollection,numWordName,isOrEr,isController,numIfs,numParameters,numImports,numOutboundInvocation,numInnerClasses,isStaticClass,isInterface,isInnerClass,isClass,isEnum,classPublicity,numPublicMethods,numPrivateMethods,numProtectedMethods,isAbstract,
\wallet\test\de\schildbach\wallet\util\Base43Test.java,Base43Test,39,0,2,0,0,false,false,2,false,false,0,0,3,2,0,false,false,false,true,false,public,2,0,0,false,,
\wallet\test\de\schildbach\wallet\util\BluetoothTest.java,BluetoothTest,44,0,3,0,1,false,false,2,false,false,0,0,3,0,0,false,false,false,true,false,public,3,0,0,false,,
\wallet\test\de\schildbach\wallet\util\WalletUtilsTest.java,WalletUtilsTest,43,0,3,0,0,false,false,3,false,false,0,0,4,8,0,false,false,false,true,false,public,3,0,0,false,,
\wallet\test\de\schildbach\wallet\util\CryptoTest.java,CryptoTest,93,3,7,0,0,false,false,2,false,false,0,1,11,10,0,false,false,false,true,false,public,6,1,0,false,,
\wallet\test\de\schildbach\wallet\util\FormatsTest.java,FormatsTest,95,0,1,0,0,false,false,2,false,false,0,0,7,11,0,false,false,false,true,false,public,1,0,0,false,,
\wallet\src\de\schildbach\wallet\Constants.Files.java,Files,53,13,0,0,0,false,false,1,false,false,0,0,4,2,0,true,false,true,true,false,public,0,0,0,false,,
\wallet\src\de\schildbach\wallet\Configuration.java,Configuration,233,28,35,4,18,false,false,1,false,false,8,13,13,19,0,false,false,false,true,false,public,34,1,0,false,,
\wallet\src\de\schildbach\wallet\Constants.java,Constants,136,56,0,0,0,false,false,1,false,false,0,0,14,10,0,false,false,false,true,false,public,0,0,0,false,,
\wallet\src\de\schildbach\wallet\Logging.java,Logging,78,4,1,0,0,false,false,1,false,false,1,1,10,10,0,false,false,false,true,false,public,1,0,0,false,,
\wallet\src\de\schildbach\wallet\WalletApplication.java,WalletApplication,288,9,19,0,2,false,false,2,false,false,12,4,42,55,0,false,false,false,true,false,public,14,5,0,false,,
\wallet\src\de\schildbach\wallet\WalletBalanceWidgetProvider.java,WalletBalanceWidgetProvider,145,1,6,0,1,false,false,4,true,false,5,23,26,14,0,false,false,false,true,false,public,3,3,0,false,,
\wallet\src\de\schildbach\wallet\util\Base43.java,Base43,125,2,5,0,0,false,false,1,false,false,6,9,1,5,0,false,false,false,true,false,public,2,3,0,false,,
\wallet\src\de\schildbach\wallet\util\BitmapFragment.java,BitmapFragment,72,3,4,0,0,false,false,2,false,false,0,5,13,2,0,false,false,false,true,false,public,3,1,0,false,,
\wallet\src\de\schildbach\wallet\util\Bluetooth.java,Bluetooth,94,8,6,0,3,false,false,1,false,false,7,6,7,5,0,false,false,false,true,false,public,6,0,0,false,,
\wallet\src\de\schildbach\wallet\util\CheatSheet.java,CheatSheet,138,1,5,3,0,false,false,2,false,false,2,8,6,12,0,false,false,false,true,false,public,4,1,0,false,,
\wallet\src\de\schildbach\wallet\util\CrashReporter.ExceptionHandler.java,ExceptionHandler,47,1,2,0,0,false,false,2,true,false,0,3,5,1,0,true,false,true,true,false,private,1,1,0,false,,
\wallet\src\de\schildbach\wallet\util\CircularProgressView.java,CircularProgressView,125,9,10,5,1,false,false,3,false,false,3,15,10,4,0,false,false,false,true,false,public,6,1,3,false,,
\wallet\src\de\schildbach\wallet\util\CrashReporter.java,CrashReporter,119,6,9,0,0,false,false,2,true,false,2,11,21,9,0,false,false,false,true,false,public,7,2,0,false,,
\wallet\src\de\schildbach\wallet\util\GenericUtils.java,GenericUtils,34,0,2,0,0,false,false,2,false,false,0,3,1,2,0,false,false,false,true,false,public,2,0,0,false,,
\wallet\src\de\schildbach\wallet\util\Formats.java,Formats,48,5,1,0,0,false,false,1,false,false,2,1,4,2,0,false,false,false,true,false,public,1,0,0,false,,
\wallet\src\de\schildbach\wallet\util\Iso8601Format.java,Iso8601Format,58,1,8,0,0,false,false,2,false,false,0,4,6,0,0,false,false,false,true,false,public,8,0,0,false,,
\wallet\src\de\schildbach\wallet\util\Io.java,Io,52,0,3,0,0,false,false,1,false,false,1,7,4,0,0,false,false,false,true,false,public,3,0,0,false,,
\wallet\src\de\schildbach\wallet\util\Crypto.java,Crypto,251,12,8,0,1,false,false,1,false,false,3,16,20,5,0,false,false,false,true,false,public,4,4,0,false,,
\wallet\src\de\schildbach\wallet\util\MonetarySpannable.java,MonetarySpannable,99,4,3,0,0,false,false,2,false,false,13,9,11,3,0,false,false,false,true,false,public,2,1,0,false,,
\wallet\src\de\schildbach\wallet\util\Nfc.java,Nfc,41,0,2,0,0,false,false,1,false,false,1,4,5,3,0,false,false,false,true,false,public,2,0,0,false,,
\wallet\src\de\schildbach\wallet\util\Toast.java,Toast,45,1,6,0,0,false,false,1,false,false,0,11,1,1,0,false,false,false,true,false,public,4,2,0,false,,
\wallet\src\de\schildbach\wallet\util\Qr.java,Qr,101,2,5,0,0,false,false,1,false,false,1,5,17,8,0,false,false,false,true,false,public,5,0,0,false,,
\wallet\src\de\schildbach\wallet\util\WalletUtils.MonospaceSpan.java,MonospaceSpan,39,0,2,0,0,false,false,2,false,false,2,1,1,2,0,true,false,true,true,false,private,2,0,0,false,,
\wallet\src\de\schildbach\wallet\util\ViewPagerTabs.java,ViewPagerTabs,155,6,9,0,1,false,false,3,false,false,4,10,14,10,0,false,false,false,true,false,public,6,0,3,false,,
\wallet\src\de\schildbach\wallet\util\WholeStringBuilder.java,WholeStringBuilder,32,0,1,0,0,false,false,3,true,false,0,1,3,1,0,false,false,false,true,false,public,1,0,0,false,,
\wallet\src\de\schildbach\wallet\ui\AbstractWalletActivity.java,AbstractWalletActivity,42,2,2,0,1,false,false,3,false,false,1,1,8,0,0,false,false,false,true,false,public,1,0,1,true,,
\wallet\src\de\schildbach\wallet\util\WalletUtils.java,WalletUtils,249,2,16,0,2,false,false,2,false,false,11,35,38,29,0,false,false,false,true,false,public,16,0,0,false,,
\wallet\src\de\schildbach\wallet\ui\AddressAndLabel.java,AddressAndLabel,89,3,5,0,0,false,false,3,false,false,3,3,8,8,0,false,false,false,true,false,public,5,0,0,false,,
\wallet\src\de\schildbach\wallet\ui\AddressBookActivity.TwoFragmentAdapter.java,TwoFragmentAdapter,86,5,6,1,1,false,false,3,true,false,6,11,6,5,0,true,false,true,true,false,private,6,0,0,false,,
\wallet\src\de\schildbach\wallet\ui\AddressBookActivity.java,AddressBookActivity,86,4,3,0,0,false,false,3,false,false,5,3,9,7,0,false,false,false,true,false,public,2,0,1,false,,
\wallet\src\de\schildbach\wallet\ui\BlockListAdapter.BlockViewHolder.java,BlockViewHolder,45,7,0,0,0,false,false,3,true,false,0,0,6,0,0,true,false,true,true,false,public,0,0,0,false,,
\wallet\src\de\schildbach\wallet\ui\BlockListAdapter.OnClickListener.java,OnClickListener,25,0,0,0,0,false,false,3,true,false,0,0,2,0,0,false,true,true,false,false,public,0,0,0,false,,
\wallet\src\de\schildbach\wallet\ui\AlertDialogsFragment.java,AlertDialogsFragment,340,9,15,0,0,false,false,3,false,false,29,12,34,60,0,false,false,false,true,false,public,5,10,0,false,,
\wallet\src\de\schildbach\wallet\ui\BlockListFragment.BlocksLiveData.java,BlocksLiveData,69,4,4,0,0,false,false,3,false,false,1,3,13,1,0,true,false,true,true,false,private,2,0,2,false,,
\wallet\src\de\schildbach\wallet\ui\BlockListAdapter.java,BlockListAdapter,206,12,15,2,3,false,true,3,true,false,8,14,28,23,0,false,false,false,true,false,public,14,1,0,false,,
\wallet\src\de\schildbach\wallet\ui\BlockListFragment.TransactionsLiveData.java,TransactionsLiveData,56,1,2,0,0,false,false,3,false,false,1,0,10,5,0,true,false,true,true,false,private,1,0,1,false,,
\wallet\src\de\schildbach\wallet\ui\BlockListFragment.ViewModel.java,ViewModel,49,4,3,0,3,false,false,2,false,false,3,0,4,0,0,true,false,true,true,false,public,3,0,0,false,,
\wallet\src\de\schildbach\wallet\ui\CurrencyAmountView.Listener.java,Listener,24,0,0,0,0,false,false,1,true,false,0,0,0,0,0,true,true,true,false,false,public,0,0,0,false,,
\wallet\src\de\schildbach\wallet\ui\BlockListFragment.java,BlockListFragment,128,10,4,0,0,false,false,3,false,false,1,7,28,15,0,false,false,false,true,false,public,4,0,0,false,,
\wallet\src\de\schildbach\wallet\ui\CurrencyAmountView.TextViewListener.java,TextViewListener,62,1,5,1,0,false,false,3,true,false,5,12,5,3,0,false,false,true,true,false,private,5,0,0,false,,
\wallet\src\de\schildbach\wallet\ui\CurrencySymbolDrawable.java,CurrencySymbolDrawable,55,3,5,2,2,false,false,3,false,false,0,3,5,0,0,false,false,false,true,false,public,5,0,0,false,,
\wallet\src\de\schildbach\wallet\ui\CurrencyAmountView.java,CurrencyAmountView,256,15,21,13,2,false,false,3,false,false,12,18,23,24,0,false,false,false,true,false,public,15,3,3,false,,
\wallet\src\de\schildbach\wallet\ui\CurrencyCalculatorLink.java,CurrencyCalculatorLink,175,8,13,6,3,false,false,3,false,false,15,6,7,15,0,false,false,false,true,false,public,12,1,0,false,,
\wallet\src\de\schildbach\wallet\ui\CurrencyTextView.java,CurrencyTextView,101,7,9,7,0,false,false,3,false,false,3,7,13,1,0,false,false,false,true,false,public,7,1,1,false,,
\wallet\src\de\schildbach\wallet\ui\DialogBuilder.java,DialogBuilder,97,3,8,6,0,false,false,2,true,false,4,9,11,0,0,false,false,false,true,false,public,8,0,0,false,,
\wallet\src\de\schildbach\wallet\ui\DividerItemDecoration.java,DividerItemDecoration,82,5,5,1,1,false,false,3,false,false,3,10,8,15,0,false,false,false,true,false,public,5,0,0,false,,
\wallet\src\de\schildbach\wallet\ui\EncryptKeysDialogFragment.State.java,State,23,3,0,0,0,false,false,1,false,false,0,0,0,0,0,false,false,true,false,true,private,0,0,0,false,,
\wallet\src\de\schildbach\wallet\ui\EditAddressBookEntryFragment.java,EditAddressBookEntryFragment,134,6,6,0,0,false,false,5,false,false,5,11,20,14,0,false,false,false,true,false,public,5,1,0,false,,
\wallet\src\de\schildbach\wallet\ui\ExchangeRatesActivity.java,ExchangeRatesActivity,39,0,2,0,0,false,false,3,false,false,1,2,3,1,0,false,false,false,true,false,public,1,0,1,false,,
\wallet\src\de\schildbach\wallet\ui\ExchangeRatesFragment.ExchangeRateViewHolder.java,ExchangeRateViewHolder,40,5,0,0,0,false,false,4,true,false,0,0,5,0,0,false,false,true,true,false,private,0,0,0,false,,
\wallet\src\de\schildbach\wallet\ui\EncryptKeysDialogFragment.java,EncryptKeysDialogFragment,285,18,10,0,0,false,false,4,false,false,9,5,30,36,0,false,false,false,true,false,public,7,3,0,false,,
\wallet\src\de\schildbach\wallet\ui\ExchangeRatesFragment.ExchangeRatesAdapter.java,ExchangeRatesAdapter,139,6,11,5,3,false,false,3,true,false,4,10,17,11,0,false,false,true,true,false,private,11,0,0,false,,
\wallet\src\de\schildbach\wallet\ui\ExchangeRatesFragment.ExchangeRatesLiveData.java,ExchangeRatesLiveData,51,1,3,1,0,false,false,4,false,false,0,1,6,4,0,true,false,true,true,false,private,1,0,2,false,,
\wallet\src\de\schildbach\wallet\ui\ExchangeRatesFragment.ViewModel.java,ViewModel,50,4,3,0,3,false,false,2,false,false,3,0,5,0,0,true,false,true,true,false,public,3,0,0,false,,
\wallet\src\de\schildbach\wallet\ui\FancyListFragment.java,FancyListFragment,39,0,2,1,0,false,false,3,false,false,0,4,7,0,0,false,false,false,true,false,public,2,0,0,false,,
\wallet\src\de\schildbach\wallet\ui\ExchangeRatesFragment.java,ExchangeRatesFragment,168,9,6,0,0,false,false,3,false,false,7,9,30,22,0,false,false,false,true,false,public,6,0,0,false,,
\wallet\src\de\schildbach\wallet\ui\HelpDialogFragment.java,HelpDialogFragment,57,3,4,0,0,false,false,3,false,false,0,5,7,2,0,false,false,false,true,false,public,3,1,0,false,,
\wallet\src\de\schildbach\wallet\ui\InputParser.BinaryInputParser.java,BinaryInputParser,62,2,2,0,0,false,false,3,true,false,1,1,6,3,0,true,false,true,true,false,public,1,0,1,true,,
\wallet\src\de\schildbach\wallet\ui\InputParser.StreamInputParser.java,StreamInputParser,67,2,2,0,0,false,false,3,true,false,1,1,9,6,0,true,false,true,true,false,public,1,0,1,true,,
\wallet\src\de\schildbach\wallet\ui\InputParser.StringInputParser.java,StringInputParser,106,1,2,0,0,false,false,3,true,false,2,1,16,9,0,true,false,true,true,false,public,1,0,1,true,,
\wallet\src\de\schildbach\wallet\ui\InputParser.java,InputParser,121,2,4,0,0,false,false,2,true,false,6,8,25,14,0,false,false,false,true,false,public,1,0,3,true,,
\wallet\src\de\schildbach\wallet\ui\MaybeMaintenanceFragment.ViewModel.java,ViewModel,44,3,3,1,2,false,false,2,false,false,1,0,4,0,0,true,false,true,true,false,public,3,0,0,false,,
\wallet\src\de\schildbach\wallet\ui\MaybeMaintenanceFragment.java,MaybeMaintenanceFragment,77,3,4,0,0,false,false,3,false,false,2,3,14,9,0,false,false,false,true,false,public,3,1,0,false,,
\wallet\src\de\schildbach\wallet\ui\NetworkMonitorActivity.PagerAdapter.java,PagerAdapter,39,0,2,0,2,false,false,2,true,false,1,1,3,0,0,false,false,true,true,false,private,2,0,0,false,,
\wallet\src\de\schildbach\wallet\ui\NetworkMonitorActivity.java,NetworkMonitorActivity,60,2,2,0,0,false,false,3,false,false,2,2,6,1,0,false,false,false,true,false,public,1,0,1,false,,
\wallet\src\de\schildbach\wallet\ui\PeerListFragment.HostnamesLiveData.java,HostnamesLiveData,51,1,1,0,0,false,false,3,false,false,1,1,7,3,0,true,false,true,true,false,private,1,0,0,false,,
\wallet\src\de\schildbach\wallet\ui\PeerListFragment.PeerViewAdapter.java,PeerViewAdapter,86,2,8,0,3,false,false,3,true,false,0,7,11,11,0,false,false,true,true,false,private,8,0,0,false,,
\wallet\src\de\schildbach\wallet\ui\PeerListFragment.PeerViewHolder.java,PeerViewHolder,39,5,0,0,0,false,false,3,true,false,0,0,4,0,0,true,false,true,true,false,private,0,0,0,false,,
\wallet\src\de\schildbach\wallet\ui\PeerListFragment.PeersLiveData.java,PeersLiveData,68,4,4,0,0,false,false,3,false,false,1,3,13,3,0,true,false,true,true,false,private,2,0,2,false,,
\wallet\src\de\schildbach\wallet\ui\PeerListFragment.ViewModel.java,ViewModel,42,3,2,0,2,false,false,2,false,false,2,0,3,0,0,true,false,true,true,false,public,2,0,0,false,,
\wallet\src\de\schildbach\wallet\ui\PeerListFragment.java,PeerListFragment,86,5,3,0,0,false,false,3,false,false,1,5,17,7,0,false,false,false,true,false,public,3,0,0,false,,
\wallet\src\de\schildbach\wallet\ui\ProgressDialogFragment.java,ProgressDialogFragment,63,3,6,0,0,false,false,3,false,false,0,7,7,2,0,false,false,false,true,false,public,5,1,0,false,,
\wallet\src\de\schildbach\wallet\ui\ReportIssueDialogBuilder.java,ReportIssueDialogBuilder,193,7,7,0,0,false,false,4,true,false,11,5,25,23,0,false,false,false,true,false,public,1,1,5,true,,
\wallet\src\de\schildbach\wallet\ui\RequestCoinsActivity.java,RequestCoinsActivity,53,0,4,0,0,false,false,3,false,false,1,3,5,2,0,false,false,false,true,false,public,3,0,1,false,,
\wallet\src\de\schildbach\wallet\ui\ReportIssueDialogFragment.java,ReportIssueDialogFragment,238,9,8,0,0,false,false,4,false,false,3,15,31,39,0,false,false,false,true,false,public,4,4,0,false,,
\wallet\src\de\schildbach\wallet\ui\RequestCoinsFragment.ViewModel.java,ViewModel,37,2,1,0,1,false,false,2,false,false,1,0,4,0,0,true,false,true,true,false,public,1,0,0,false,,
\wallet\src\de\schildbach\wallet\ui\ScanActivity.AutoFocusRunnable.java,AutoFocusRunnable,42,2,1,0,0,false,false,3,false,false,0,0,1,1,0,false,false,true,true,false,private,1,0,0,false,,
\wallet\src\de\schildbach\wallet\ui\ScanActivity.WarnDialogFragment.java,WarnDialogFragment,52,0,3,0,0,false,false,3,false,false,0,4,5,5,0,true,false,true,true,false,public,3,0,0,false,,
\wallet\src\de\schildbach\wallet\ui\RequestCoinsFragment.java,RequestCoinsFragment,345,18,22,0,0,false,false,3,false,false,14,19,54,35,0,false,false,false,true,false,public,11,11,0,false,,
\wallet\src\de\schildbach\wallet\ui\SendCoinsQrActivity.java,SendCoinsQrActivity,83,1,2,0,0,false,false,4,false,false,3,4,14,5,0,false,false,false,true,false,public,1,0,1,false,,
\wallet\src\de\schildbach\wallet\ui\ScannerView.java,ScannerView,127,13,4,2,0,false,false,2,false,false,3,8,16,12,0,false,false,false,true,false,public,4,0,0,false,,
\wallet\src\de\schildbach\wallet\ui\ScanActivity.java,ScanActivity,292,14,15,0,0,false,false,2,false,false,8,15,39,24,0,false,false,false,true,false,public,10,2,3,false,,
\wallet\src\de\schildbach\wallet\ui\SendingAddressesFragment.AddressBookLiveData.java,AddressBookLiveData,51,1,3,1,0,false,false,4,false,false,0,1,6,4,0,true,false,true,true,false,private,1,0,2,false,,
\wallet\src\de\schildbach\wallet\ui\SendingAddressesFragment.ClipLiveData.java,ClipLiveData,48,1,4,1,0,false,false,3,false,false,0,1,6,1,0,true,false,true,true,false,private,2,0,2,false,,
\wallet\src\de\schildbach\wallet\ui\SendingAddressesFragment.ViewModel.java,ViewModel,42,3,2,0,2,false,false,2,false,false,2,0,3,0,0,true,false,true,true,false,public,2,0,0,false,,
\wallet\src\de\schildbach\wallet\ui\ShowPasswordCheckListener.java,ShowPasswordCheckListener,37,1,1,0,0,false,false,4,true,false,0,2,5,1,0,false,false,false,true,false,public,1,0,0,false,,
\wallet\src\de\schildbach\wallet\ui\TransactionsAdapter.OnClickListener.java,OnClickListener,26,0,0,0,0,false,false,3,true,false,0,0,2,0,0,false,true,true,false,false,public,0,0,0,false,,
\wallet\src\de\schildbach\wallet\ui\TransactionsAdapter.TransactionCacheEntry.java,TransactionCacheEntry,42,6,0,0,0,false,false,3,false,false,0,0,3,0,0,true,false,true,true,false,private,0,0,0,false,,
\wallet\src\de\schildbach\wallet\ui\TransactionsAdapter.Warning.java,Warning,23,3,0,0,0,false,false,1,false,false,0,0,0,0,0,false,false,true,false,true,public,0,0,0,false,,
\wallet\src\de\schildbach\wallet\ui\SendingAddressesFragment.java,SendingAddressesFragment,308,7,14,0,1,false,false,3,false,false,12,18,47,46,0,false,false,false,true,false,public,7,7,0,false,,
\wallet\src\de\schildbach\wallet\ui\TransactionsAdapter.WarningViewHolder.java,WarningViewHolder,39,1,0,0,0,false,false,3,true,false,1,0,4,2,0,false,false,true,true,false,private,0,0,0,false,,
\wallet\src\de\schildbach\wallet\ui\TransactionsAdapter.TransactionViewHolder.java,TransactionViewHolder,306,14,1,0,0,false,false,3,true,false,12,1,24,40,0,false,false,true,true,false,private,0,1,0,false,,
\wallet\src\de\schildbach\wallet\ui\WalletActionsFragment.java,WalletActionsFragment,79,1,4,0,0,false,false,3,false,false,0,4,11,8,0,false,false,false,true,false,public,3,1,0,false,,
\wallet\src\de\schildbach\wallet\ui\TransactionsAdapter.java,TransactionsAdapter,228,22,15,4,3,false,false,2,true,false,14,13,20,12,0,false,false,false,true,false,public,15,0,0,false,,
\wallet\src\de\schildbach\wallet\ui\WalletActivity.java,WalletActivity,263,5,17,0,0,false,false,2,false,false,12,9,32,22,0,false,false,false,true,false,public,10,3,4,false,,
\wallet\src\de\schildbach\wallet\ui\WalletAddressDialogFragment.java,WalletAddressDialogFragment,110,5,4,0,0,false,false,4,false,false,1,7,22,5,0,false,false,false,true,false,public,3,1,0,false,,
\wallet\src\de\schildbach\wallet\ui\WalletAddressFragment.CurrentAddressData.java,CurrentAddressData,46,3,3,0,1,false,false,3,false,false,0,0,6,1,0,true,false,true,true,false,public,3,0,0,false,,
\wallet\src\de\schildbach\wallet\ui\WalletAddressFragment.CurrentAddressLiveData.java,CurrentAddressLiveData,148,8,5,0,0,false,false,4,false,false,2,0,22,9,0,true,false,true,true,false,private,0,2,3,false,,
\wallet\src\de\schildbach\wallet\ui\WalletAddressFragment.ViewModel.java,ViewModel,36,2,1,0,1,false,false,2,false,false,1,0,3,0,0,true,false,true,true,false,public,1,0,0,false,,
\wallet\src\de\schildbach\wallet\ui\WalletAddressFragment.java,WalletAddressFragment,98,5,5,0,0,false,false,3,false,false,2,6,21,6,0,false,false,false,true,false,public,3,2,0,false,,
\wallet\src\de\schildbach\wallet\ui\WalletAddressesAdapter.java,WalletAddressesAdapter,143,8,11,0,6,false,false,3,true,false,7,11,17,10,0,false,false,false,true,false,public,9,2,0,false,,
\wallet\src\de\schildbach\wallet\ui\WalletAddressesFragment.ImportedKeysLiveData.java,ImportedKeysLiveData,64,1,4,0,0,false,false,4,false,false,2,1,9,5,0,true,false,true,true,false,private,1,1,2,false,,
\wallet\src\de\schildbach\wallet\ui\WalletAddressesFragment.IssuedReceiveKeysLiveData.java,IssuedReceiveKeysLiveData,50,1,4,0,0,false,false,5,false,false,0,1,7,2,0,true,false,true,true,false,private,1,1,2,false,,
\wallet\src\de\schildbach\wallet\ui\WalletAddressesFragment.ViewModel.java,ViewModel,49,4,3,0,3,false,false,2,false,false,3,0,4,0,0,true,false,true,true,false,public,3,0,0,false,,
\wallet\src\de\schildbach\wallet\ui\WalletBalanceFragment.ViewModel.java,ViewModel,51,4,3,0,3,false,false,2,false,false,3,0,6,0,0,true,false,true,true,false,public,3,0,0,false,,
\wallet\src\de\schildbach\wallet\ui\WalletAddressesFragment.java,WalletAddressesFragment,173,7,5,0,0,false,false,3,false,false,1,10,31,21,0,false,false,false,true,false,public,5,0,0,false,,
\wallet\src\de\schildbach\wallet\ui\WalletDisclaimerFragment.DisclaimerEnabledLiveData.java,DisclaimerEnabledLiveData,46,1,3,0,0,false,false,4,false,false,1,2,5,3,0,true,false,true,true,false,private,1,0,2,false,,
\wallet\src\de\schildbach\wallet\ui\WalletBalanceFragment.java,WalletBalanceFragment,219,14,9,0,0,false,false,3,false,false,11,11,26,18,0,false,false,false,true,false,public,7,2,0,false,,
\wallet\src\de\schildbach\wallet\ui\WalletDisclaimerFragment.ViewModel.java,ViewModel,43,3,2,0,2,false,false,2,false,false,2,0,4,0,0,true,false,true,true,false,public,2,0,0,false,,
\wallet\src\de\schildbach\wallet\ui\WalletTransactionsFragment.Direction.java,Direction,23,2,0,0,0,false,false,1,false,false,0,0,0,0,0,false,false,true,false,true,public,0,0,0,false,,
\wallet\src\de\schildbach\wallet\ui\WalletDisclaimerFragment.java,WalletDisclaimerFragment,94,2,3,0,0,false,false,3,false,false,5,4,17,8,0,false,false,false,true,false,public,2,1,0,false,,
\wallet\src\de\schildbach\wallet\ui\WalletTransactionsFragment.TransactionsConfidenceLiveData.java,TransactionsConfidenceLiveData,49,1,4,0,0,false,false,4,false,false,0,2,6,1,0,true,false,true,true,false,private,1,0,3,false,,
\wallet\src\de\schildbach\wallet\ui\WalletTransactionsFragment.TransactionsLiveData.java,TransactionsLiveData,160,8,7,1,1,false,false,3,false,false,4,1,26,13,0,true,false,true,true,false,private,2,2,3,false,,
\wallet\src\de\schildbach\wallet\ui\WalletTransactionsFragment.ViewModel.java,ViewModel,49,4,3,0,3,false,false,2,false,false,3,0,4,0,0,true,false,true,true,false,public,3,0,0,false,,
\wallet\src\de\schildbach\wallet\ui\send\DecodePrivateKeyTask.java,DecodePrivateKeyTask,57,2,1,0,0,false,false,4,false,false,0,2,4,4,0,false,false,false,true,false,public,1,0,0,true,,
\wallet\src\de\schildbach\wallet\ui\send\FeeCategory.java,FeeCategory,35,3,0,0,0,false,false,2,false,false,0,0,0,0,0,false,false,false,false,true,public,0,0,0,false,,
\wallet\src\de\schildbach\wallet\ui\send\MaintenanceDialogFragment.State.java,State,23,3,0,0,0,false,false,1,false,false,0,0,0,0,0,false,false,true,false,true,private,0,0,0,false,,
\wallet\src\de\schildbach\wallet\ui\send\DeriveKeyTask.java,DeriveKeyTask,85,4,1,0,0,false,false,3,false,false,2,2,12,7,0,false,false,false,true,false,public,1,0,0,true,,
\wallet\src\de\schildbach\wallet\ui\WalletTransactionsFragment.java,WalletTransactionsFragment,331,13,14,0,0,false,false,3,false,false,14,14,47,50,0,false,false,false,true,false,public,11,3,0,false,,
\wallet\src\de\schildbach\wallet\ui\send\RaiseFeeDialogFragment.State.java,State,23,3,0,0,0,false,false,1,false,false,0,0,0,0,0,false,false,true,false,true,private,0,0,0,false,,
\wallet\src\de\schildbach\wallet\ui\send\MaintenanceDialogFragment.java,MaintenanceDialogFragment,266,15,13,0,0,false,false,3,false,false,5,6,39,28,0,false,false,false,true,false,public,7,6,0,false,,
\wallet\src\de\schildbach\wallet\ui\send\RaiseFeeDialogFragment.ViewModel.java,ViewModel,37,2,1,0,1,false,false,2,false,false,1,0,4,0,0,true,false,true,true,false,public,1,0,0,false,,
\wallet\src\de\schildbach\wallet\ui\send\RequestPaymentRequestTask.BluetoothRequestTask.java,BluetoothRequestTask,86,1,1,0,0,false,false,3,false,false,1,1,14,9,0,true,false,true,true,false,public,1,0,0,false,,
\wallet\src\de\schildbach\wallet\ui\send\RequestPaymentRequestTask.ResultCallback.java,ResultCallback,25,0,0,0,0,false,false,2,false,false,0,0,1,0,0,false,true,true,false,false,public,0,0,0,false,,
\wallet\src\de\schildbach\wallet\ui\send\RequestPaymentRequestTask.HttpRequestTask.java,HttpRequestTask,85,1,1,0,0,false,false,3,false,false,2,1,13,12,0,true,false,true,true,false,public,1,0,0,false,,
\wallet\src\de\schildbach\wallet\ui\send\RaiseFeeDialogFragment.java,RaiseFeeDialogFragment,287,20,13,0,0,false,false,4,false,false,9,13,44,28,0,false,false,false,true,false,public,7,6,0,false,,
\wallet\src\de\schildbach\wallet\ui\send\RequestPaymentRequestTask.java,RequestPaymentRequestTask,53,4,2,0,0,false,false,4,false,false,0,3,5,3,0,false,false,false,true,false,public,0,0,2,true,,
\wallet\src\de\schildbach\wallet\ui\send\RequestWalletBalanceTask.ElectrumServer.java,ElectrumServer,45,3,0,0,0,false,false,2,true,false,1,0,2,1,0,true,false,true,true,false,public,0,0,0,false,,
\wallet\src\de\schildbach\wallet\ui\send\RequestWalletBalanceTask.JsonRpcRequest.java,JsonRpcRequest,31,4,0,0,0,false,false,3,false,false,0,0,0,0,0,true,false,true,true,false,public,0,0,0,false,,
\wallet\src\de\schildbach\wallet\ui\send\RequestWalletBalanceTask.JsonRpcResponse.java,JsonRpcResponse,30,2,0,0,0,false,false,3,false,false,0,0,0,0,0,true,false,true,true,false,public,0,0,0,false,,
\wallet\src\de\schildbach\wallet\ui\send\RequestWalletBalanceTask.ResultCallback.java,ResultCallback,26,0,0,0,0,false,false,2,false,false,0,0,2,0,0,false,true,true,false,false,public,0,0,0,false,,
\wallet\src\de\schildbach\wallet\ui\send\SendCoinsActivity.java,SendCoinsActivity,78,2,6,0,0,false,false,3,false,false,3,13,13,2,0,false,false,false,true,false,public,5,0,1,false,,
\wallet\src\de\schildbach\wallet\ui\send\RequestWalletBalanceTask.java,RequestWalletBalanceTask,227,5,6,0,0,false,false,4,false,false,8,7,47,32,0,false,false,false,true,false,public,1,3,2,false,,
\wallet\src\de\schildbach\wallet\ui\send\SendCoinsFragment.ReceivingAddressListener.java,ReceivingAddressListener,68,0,5,0,0,false,false,3,true,false,2,15,10,3,0,false,false,true,true,false,private,5,0,0,false,,
\wallet\src\de\schildbach\wallet\ui\send\SendCoinsFragment.ReceivingAddressViewAdapter.java,ReceivingAddressViewAdapter,56,0,3,0,0,false,false,4,true,false,0,7,11,0,0,false,false,true,true,false,private,3,0,0,false,,
\wallet\src\de\schildbach\wallet\ui\send\SendCoinsFragment.State.java,State,25,7,0,0,0,false,false,1,false,false,0,0,0,0,0,false,false,true,false,true,private,0,0,0,false,,
\wallet\src\de\schildbach\wallet\ui\send\SendCoinsFragment.ReceivingAddressesLiveData.java,ReceivingAddressesLiveData,53,1,4,1,0,false,false,4,false,false,0,3,7,4,0,true,false,true,true,false,private,2,0,2,false,,
\wallet\src\de\schildbach\wallet\ui\send\SendCoinsFragment.ViewModel.java,ViewModel,64,6,5,0,5,false,false,2,false,false,5,0,7,0,0,true,false,true,true,false,public,5,0,0,false,,
\wallet\src\de\schildbach\wallet\ui\send\SendCoinsOfflineTask.java,SendCoinsOfflineTask,119,4,2,0,0,false,false,4,false,false,2,1,14,15,0,false,false,false,true,false,public,1,0,1,true,,
\wallet\src\de\schildbach\wallet\ui\send\SweepWalletActivity.java,SweepWalletActivity,54,1,4,0,0,false,false,3,false,false,1,5,8,1,0,false,false,false,true,false,public,4,0,0,false,,
\wallet\src\de\schildbach\wallet\ui\send\SweepWalletFragment.FakeTransaction.java,FakeTransaction,34,1,1,0,1,false,false,2,false,false,0,0,3,0,0,true,false,true,true,false,private,1,0,0,false,,
\wallet\src\de\schildbach\wallet\ui\send\SweepWalletFragment.State.java,State,25,6,0,0,0,false,false,1,false,false,0,0,0,0,0,false,false,true,false,true,private,0,0,0,false,,
\wallet\src\de\schildbach\wallet\ui\send\SweepWalletFragment.ViewModel.java,ViewModel,37,2,1,0,1,false,false,2,false,false,1,0,4,0,0,true,false,true,true,false,public,1,0,0,false,,
\wallet\src\de\schildbach\wallet\ui\preference\AboutFragment.java,AboutFragment,59,5,2,0,0,false,false,2,false,false,1,2,11,3,0,false,false,false,true,false,public,2,0,0,false,,
\wallet\src\de\schildbach\wallet\ui\preference\DiagnosticsFragment.java,DiagnosticsFragment,87,5,5,0,0,false,false,2,false,false,1,4,16,8,0,false,false,false,true,false,public,3,2,0,false,,
\wallet\src\de\schildbach\wallet\ui\preference\ExtendedPublicKeyFragment.java,ExtendedPublicKeyFragment,87,4,4,0,0,false,false,4,false,false,0,5,16,6,0,false,false,false,true,false,public,3,1,0,false,,
\wallet\src\de\schildbach\wallet\ui\send\SendCoinsFragment.java,SendCoinsFragment,1143,50,37,1,0,false,false,3,false,false,70,30,95,169,0,false,false,false,true,false,public,13,24,0,false,,
\wallet\src\de\schildbach\wallet\ui\preference\PreferenceActivity.java,PreferenceActivity,44,0,3,0,0,false,false,2,false,false,1,3,3,4,0,false,false,false,true,false,public,2,0,1,false,,
\wallet\src\de\schildbach\wallet\ui\preference\ResolveDnsTask.java,ResolveDnsTask,57,2,1,0,0,false,false,3,false,false,0,1,4,4,0,false,false,false,true,false,public,1,0,0,true,,
\wallet\src\de\schildbach\wallet\ui\send\SweepWalletFragment.java,SweepWalletFragment,560,31,19,1,0,false,false,3,false,false,30,16,71,61,0,false,false,false,true,false,public,8,11,0,false,,
\wallet\src\de\schildbach\wallet\ui\preference\SettingsFragment.java,SettingsFragment,128,11,5,0,0,false,false,2,false,false,2,4,19,12,0,false,false,false,true,false,public,4,1,0,false,,
\wallet\src\de\schildbach\wallet\ui\backup\FileAdapter.java,FileAdapter,52,2,2,1,1,false,false,2,true,false,1,4,9,1,0,false,false,false,true,false,public,2,0,0,true,,
\wallet\src\de\schildbach\wallet\ui\backup\BackupWalletDialogFragment.java,BackupWalletDialogFragment,263,13,10,0,0,false,false,4,false,false,8,8,45,36,0,false,false,false,true,false,public,5,5,0,false,,
\wallet\src\de\schildbach\wallet\ui\backup\ImportDialogButtonEnablerListener.java,ImportDialogButtonEnablerListener,69,2,8,0,0,false,false,5,true,false,0,14,9,1,0,false,false,false,true,false,public,6,0,2,false,,
\wallet\src\de\schildbach\wallet\ui\backup\RestoreWalletFromExternalActivity.java,RestoreWalletFromExternalActivity,29,0,1,0,0,false,false,5,false,false,0,1,2,1,0,false,false,false,true,false,public,0,0,1,false,,
\wallet\src\de\schildbach\wallet\ui\backup\RestoreWalletFromExternalDialogFragment.FinishListener.java,FinishListener,31,0,2,0,0,false,false,2,true,false,0,3,1,2,0,false,false,true,true,false,private,2,0,0,false,,
\wallet\src\de\schildbach\wallet\ui\backup\RestoreWalletDialogFragment.java,RestoreWalletDialogFragment,354,13,13,0,0,false,false,4,false,false,11,13,49,54,0,false,false,false,true,false,public,7,6,0,false,,
\wallet\src\de\schildbach\wallet\ui\backup\RestoreWalletFromExternalDialogFragment.java,RestoreWalletFromExternalDialogFragment,209,14,9,0,0,false,false,6,false,false,2,9,38,27,0,false,false,false,true,false,public,6,3,0,false,,
\wallet\src\de\schildbach\wallet\service\BlockchainService.ImpedimentsLiveData.java,ImpedimentsLiveData,96,4,3,0,0,false,false,3,false,false,7,1,11,10,0,true,false,true,true,false,private,0,1,2,false,,
\wallet\src\de\schildbach\wallet\service\BlockchainService.LocalBinder.java,LocalBinder,26,0,1,0,1,false,false,2,true,false,0,0,1,0,0,false,false,true,true,false,public,1,0,0,false,,
\wallet\src\de\schildbach\wallet\service\BlockchainService.NewTransactionLiveData.java,NewTransactionLiveData,57,2,2,0,0,false,false,4,false,false,0,0,8,1,0,true,false,true,true,false,private,0,0,2,false,,
\wallet\src\de\schildbach\wallet\service\BlockchainService.PeerConnectivityListener.java,PeerConnectivityListener,87,2,5,0,0,false,false,3,true,false,3,7,13,5,0,false,false,true,true,false,private,4,1,0,false,,
\wallet\src\de\schildbach\wallet\service\BlockchainState.Impediment.java,Impediment,23,2,0,0,0,false,false,1,false,false,0,0,0,0,0,false,false,true,false,true,public,0,0,0,false,,
\wallet\src\de\schildbach\wallet\service\BlockchainState.java,BlockchainState,55,8,2,0,0,false,false,2,false,false,0,2,4,0,0,false,false,false,true,false,public,2,0,0,false,,
\wallet\src\de\schildbach\wallet\service\BootstrapReceiver.java,BootstrapReceiver,50,1,1,0,0,false,false,2,true,false,3,2,8,6,0,false,false,false,true,false,public,1,0,0,false,,
\wallet\src\de\schildbach\wallet\service\InactivityNotificationService.java,InactivityNotificationService,147,8,7,0,0,false,false,3,false,false,6,2,21,20,0,false,false,false,true,false,public,2,4,1,false,,
\wallet\src\de\schildbach\wallet\service\BlockchainService.java,BlockchainService,594,34,17,0,3,false,false,2,false,false,34,18,69,100,0,false,false,false,true,false,public,14,3,0,false,,
\wallet\src\de\schildbach\wallet\service\UpgradeWalletService.java,UpgradeWalletService,83,2,4,0,0,false,false,3,false,false,2,3,12,6,0,false,false,false,true,false,public,2,1,1,false,,
\wallet\src\de\schildbach\wallet\offline\AcceptBluetoothService.java,AcceptBluetoothService,145,11,5,0,0,false,false,3,false,false,4,5,23,21,0,false,false,false,true,false,public,4,1,0,false,,
\wallet\src\de\schildbach\wallet\offline\AcceptBluetoothThread.ClassicBluetoothThread.java,ClassicBluetoothThread,66,0,1,0,0,false,false,3,false,false,1,0,9,6,0,true,false,true,true,false,public,1,0,0,true,,
\wallet\src\de\schildbach\wallet\offline\AcceptBluetoothThread.java,AcceptBluetoothThread,44,3,1,0,0,false,false,3,false,false,0,0,6,1,0,false,false,false,true,false,public,1,0,0,true,,
\wallet\src\de\schildbach\wallet\offline\AcceptBluetoothThread.PaymentProtocolThread.java,PaymentProtocolThread,64,0,1,0,0,false,false,3,false,false,1,0,11,4,0,true,false,true,true,false,public,1,0,0,true,,
\wallet\src\de\schildbach\wallet\offline\DirectPaymentTask.BluetoothPaymentTask.java,BluetoothPaymentTask,72,2,1,0,0,false,false,3,false,false,1,1,12,8,0,true,false,true,true,false,public,1,0,0,false,,
\wallet\src\de\schildbach\wallet\offline\DirectPaymentTask.ResultCallback.java,ResultCallback,24,0,0,0,0,false,false,2,false,false,0,0,0,0,0,false,true,true,false,false,public,0,0,0,false,,
\wallet\src\de\schildbach\wallet\offline\DirectPaymentTask.HttpPaymentTask.java,HttpPaymentTask,97,2,1,0,0,false,false,3,false,false,2,1,16,15,0,true,false,true,true,false,public,1,0,0,false,,
\wallet\src\de\schildbach\wallet\offline\DirectPaymentTask.java,DirectPaymentTask,53,4,2,0,0,false,false,3,false,false,0,3,5,3,0,false,false,false,true,false,public,0,0,2,true,,
\wallet\src\de\schildbach\wallet\data\AddressBookChangeLiveData.java,AddressBookChangeLiveData,50,4,2,0,0,false,false,5,false,false,0,0,6,2,0,false,false,false,true,false,public,0,0,2,false,,
\wallet\src\de\schildbach\wallet\data\AddressBookProvider.Helper.java,Helper,56,3,3,0,0,true,false,1,true,false,1,6,3,3,0,true,false,true,true,false,private,2,1,0,false,,
\wallet\src\de\schildbach\wallet\data\BlockchainStateLiveData.java,BlockchainStateLiveData,64,3,4,0,0,false,false,4,false,false,0,3,12,2,0,false,false,false,true,false,public,2,0,2,false,,
\wallet\src\de\schildbach\wallet\data\AddressBookProvider.java,AddressBookProvider,146,9,9,0,1,true,false,3,true,false,10,20,11,37,0,false,false,false,true,false,public,8,1,0,false,,
\wallet\src\de\schildbach\wallet\data\ExchangeRate.java,ExchangeRate,37,2,2,0,1,false,false,2,false,false,0,0,1,1,0,false,false,false,true,false,public,2,0,0,false,,
\wallet\src\de\schildbach\wallet\data\DynamicFeeLiveData.java,DynamicFeeLiveData,187,6,4,0,0,false,false,4,false,false,10,5,32,31,0,false,false,false,true,false,public,0,3,1,false,,
\wallet\src\de\schildbach\wallet\data\ExchangeRateLiveData.java,ExchangeRateLiveData,66,2,4,0,0,false,false,4,false,false,2,2,7,8,0,false,false,false,true,false,public,1,1,2,false,,
\wallet\src\de\schildbach\wallet\data\PaymentIntent.Output.java,Output,95,3,5,0,0,false,false,1,false,false,1,3,8,12,0,true,false,true,true,false,public,5,0,0,false,,
\wallet\src\de\schildbach\wallet\data\PaymentIntent.Standard.java,Standard,23,2,0,0,0,false,false,1,false,false,0,0,0,0,0,false,false,true,false,true,public,0,0,0,false,,
\wallet\src\de\schildbach\wallet\data\ExchangeRatesProvider.java,ExchangeRatesProvider,240,14,12,0,2,false,false,3,true,false,17,21,31,38,0,false,false,false,true,false,public,8,4,0,false,,
\wallet\src\de\schildbach\wallet\data\ThrottelingLiveData.java,ThrottelingLiveData,58,4,2,0,0,false,false,3,false,false,1,0,3,4,0,false,false,false,true,false,public,0,0,2,true,,
\wallet\src\de\schildbach\wallet\data\TimeLiveData.java,TimeLiveData,48,2,2,0,0,false,false,3,false,false,0,0,7,0,0,false,false,false,true,false,public,0,0,2,false,,
\wallet\src\de\schildbach\wallet\data\PaymentIntent.java,PaymentIntent,344,12,31,0,2,false,false,2,false,false,26,18,19,27,0,false,false,false,true,false,public,29,2,0,false,,
\wallet\src\de\schildbach\wallet\data\WalletBalanceLiveData.WalletListener.java,WalletListener,48,0,4,0,0,false,false,2,true,false,0,10,7,0,0,false,false,true,true,false,private,4,0,0,false,,
\wallet\src\de\schildbach\wallet\data\WalletBalanceLiveData.java,WalletBalanceLiveData,99,6,6,0,0,false,false,4,false,false,1,2,15,4,0,false,false,false,true,false,public,1,2,3,false,,
\wallet\src\de\schildbach\wallet\camera\CameraManager.java,CameraManager,251,11,15,3,5,false,false,2,true,false,20,15,16,25,0,false,false,false,true,false,public,9,6,0,false,,
\sample-integration-android\src\de\schildbach\wallet\integration\sample\SampleActivity.java,SampleActivity,124,7,5,0,0,false,false,2,false,false,4,4,19,18,0,false,false,false,true,false,public,0,3,2,false,,
\integration-android\src\de\schildbach\wallet\integration\android\BitcoinIntegration.java,BitcoinIntegration,241,5,16,0,0,false,false,2,false,false,5,33,6,11,0,false,false,false,true,false,public,11,5,0,false,,
