sep=,
Fullpathname,Classname,loc,numAttr,numMethod,setters,getters,isPersist,isCollection,numWordName,isOrEr,isController,numIfs,numParameters,numImports,numOutboundInvocation,numInnerClasses,isStaticClass,isInterface,isInnerClass,isClass,isEnum,classPublicity,numPublicMethods,numPrivateMethods,numProtectedMethods,isAbstract,
\wallet\test\de\schildbach\wallet\util\Base43Test.java,Base43Test,39,0,2,0,0,false,false,2,false,false,0,0,3,2,0,false,false,false,true,false,public,2,0,0,false,,
\wallet\test\de\schildbach\wallet\util\BluetoothTest.java,BluetoothTest,44,0,3,0,1,false,false,2,false,false,0,0,3,0,0,false,false,false,true,false,public,3,0,0,false,,
\wallet\test\de\schildbach\wallet\util\WalletUtilsTest.java,WalletUtilsTest,36,0,2,0,0,false,false,3,false,false,0,0,4,4,0,false,false,false,true,false,public,2,0,0,false,,
\wallet\test\de\schildbach\wallet\util\CryptoTest.java,CryptoTest,94,3,7,0,0,false,false,2,false,false,0,1,12,10,0,false,false,false,true,false,public,6,1,0,false,,
\wallet\test\de\schildbach\wallet\util\FormatsTest.java,FormatsTest,95,0,1,0,0,false,false,2,false,false,0,0,7,11,0,false,false,false,true,false,public,1,0,0,false,,
\wallet\src\de\schildbach\wallet\Constants.Files.java,Files,53,13,0,0,0,false,false,1,false,false,0,0,4,2,0,true,false,true,true,false,public,0,0,0,false,,
\wallet\src\de\schildbach\wallet\WalletApplication.OnWalletLoadedListener.java,OnWalletLoadedListener,24,0,0,0,0,false,false,4,true,false,0,0,1,0,0,true,true,true,false,false,public,0,0,0,false,,
\wallet\src\de\schildbach\wallet\Logging.java,Logging,78,4,1,0,0,false,false,1,false,false,1,1,10,10,0,false,false,false,true,false,public,1,0,0,false,,
\wallet\src\de\schildbach\wallet\Constants.java,Constants,137,55,0,0,0,false,false,1,false,false,0,0,15,10,0,false,false,false,true,false,public,0,0,0,false,,
\wallet\src\de\schildbach\wallet\Configuration.java,Configuration,233,28,35,4,18,false,false,1,false,false,8,13,13,19,0,false,false,false,true,false,public,34,1,0,false,,
\wallet\src\de\schildbach\wallet\WalletApplication.java,WalletApplication,310,11,16,0,3,false,false,2,false,false,17,5,47,52,0,false,false,false,true,false,public,14,2,0,false,,
\wallet\src\de\schildbach\wallet\util\Base43.java,Base43,125,2,5,0,0,false,false,1,false,false,6,9,1,5,0,false,false,false,true,false,public,2,3,0,false,,
\wallet\src\de\schildbach\wallet\WalletBalanceWidgetProvider.java,WalletBalanceWidgetProvider,160,1,6,0,1,false,false,4,true,false,5,23,27,18,0,false,false,false,true,false,public,3,3,0,false,,
\wallet\src\de\schildbach\wallet\util\Bluetooth.java,Bluetooth,94,8,6,0,3,false,false,1,false,false,7,6,7,5,0,false,false,false,true,false,public,6,0,0,false,,
\wallet\src\de\schildbach\wallet\util\CrashReporter.ExceptionHandler.java,ExceptionHandler,47,1,2,0,0,false,false,2,true,false,0,3,5,1,0,true,false,true,true,false,private,1,1,0,false,,
\wallet\src\de\schildbach\wallet\util\CheatSheet.java,CheatSheet,138,1,5,3,0,false,false,2,false,false,2,8,6,12,0,false,false,false,true,false,public,4,1,0,false,,
\wallet\src\de\schildbach\wallet\util\CrashReporter.java,CrashReporter,119,6,9,0,0,false,false,2,true,false,2,11,21,9,0,false,false,false,true,false,public,7,2,0,false,,
\wallet\src\de\schildbach\wallet\util\Formats.java,Formats,48,5,1,0,0,false,false,1,false,false,2,1,4,2,0,false,false,false,true,false,public,1,0,0,false,,
\wallet\src\de\schildbach\wallet\util\Crypto.java,Crypto,251,12,8,0,1,false,false,1,false,false,3,16,20,5,0,false,false,false,true,false,public,4,4,0,false,,
\wallet\src\de\schildbach\wallet\util\GenericUtils.java,GenericUtils,34,0,2,0,0,false,false,2,false,false,0,3,1,2,0,false,false,false,true,false,public,2,0,0,false,,
\wallet\src\de\schildbach\wallet\util\Installer.java,Installer,64,4,4,0,0,false,false,1,true,false,4,4,4,10,0,false,false,false,false,true,public,4,0,0,false,,
\wallet\src\de\schildbach\wallet\util\Iso8601Format.java,Iso8601Format,58,1,8,0,0,false,false,2,false,false,0,4,6,0,0,false,false,false,true,false,public,8,0,0,false,,
\wallet\src\de\schildbach\wallet\util\MonetarySpannable.java,MonetarySpannable,99,4,3,0,0,false,false,2,false,false,13,9,11,3,0,false,false,false,true,false,public,2,1,0,false,,
\wallet\src\de\schildbach\wallet\util\Nfc.java,Nfc,41,0,2,0,0,false,false,1,false,false,1,4,5,3,0,false,false,false,true,false,public,2,0,0,false,,
\wallet\src\de\schildbach\wallet\util\OnFirstPreDraw.Callback.java,Callback,23,0,0,0,0,false,false,1,false,false,0,0,0,0,0,true,true,true,false,false,public,0,0,0,false,,
\wallet\src\de\schildbach\wallet\util\OnFirstPreDraw.java,OnFirstPreDraw,50,4,2,0,0,false,false,4,false,false,2,2,6,3,0,false,false,false,true,false,public,2,0,0,false,,
\wallet\src\de\schildbach\wallet\util\Toast.java,Toast,80,2,10,0,0,false,false,1,false,false,0,17,3,6,0,false,false,false,true,false,public,8,2,0,false,,
\wallet\src\de\schildbach\wallet\util\Qr.java,Qr,101,2,5,0,0,false,false,1,false,false,1,5,17,8,0,false,false,false,true,false,public,5,0,0,false,,
\wallet\src\de\schildbach\wallet\util\WalletUtils.MonospaceSpan.java,MonospaceSpan,39,0,2,0,0,false,false,2,false,false,2,1,1,2,0,true,false,true,true,false,private,2,0,0,false,,
\wallet\src\de\schildbach\wallet\util\ViewPagerTabs.java,ViewPagerTabs,155,6,9,0,1,false,false,3,false,false,4,10,14,10,0,false,false,false,true,false,public,6,0,3,false,,
\wallet\src\de\schildbach\wallet\util\WholeStringBuilder.java,WholeStringBuilder,32,0,1,0,0,false,false,3,true,false,0,1,3,1,0,false,false,false,true,false,public,1,0,0,false,,
\wallet\src\de\schildbach\wallet\util\WalletUtils.java,WalletUtils,182,2,12,0,2,false,false,2,false,false,8,28,29,24,0,false,false,false,true,false,public,12,0,0,false,,
\wallet\src\de\schildbach\wallet\ui\AbstractWalletActivity.java,AbstractWalletActivity,76,2,5,1,1,false,false,3,false,false,4,3,10,3,0,false,false,false,true,false,public,4,0,1,true,,
\wallet\src\de\schildbach\wallet\ui\AddressAndLabel.java,AddressAndLabel,89,3,5,0,0,false,false,3,false,false,3,3,8,8,0,false,false,false,true,false,public,5,0,0,false,,
\wallet\src\de\schildbach\wallet\ui\AddressBookActivity.TwoFragmentAdapter.java,TwoFragmentAdapter,86,5,6,1,1,false,false,3,true,false,6,11,6,5,0,true,false,true,true,false,private,6,0,0,false,,
\wallet\src\de\schildbach\wallet\ui\AddressBookActivity.java,AddressBookActivity,76,4,2,0,0,false,false,3,false,false,4,2,8,6,0,false,false,false,true,false,public,1,0,1,false,,
\wallet\src\de\schildbach\wallet\ui\BitmapFragment.java,BitmapFragment,79,4,5,0,0,false,false,2,false,false,0,6,14,3,0,false,false,false,true,false,public,4,1,0,false,,
\wallet\src\de\schildbach\wallet\ui\CurrencyAmountView.Listener.java,Listener,24,0,0,0,0,false,false,1,true,false,0,0,0,0,0,true,true,true,false,false,public,0,0,0,false,,
\wallet\src\de\schildbach\wallet\ui\AlertDialogsFragment.java,AlertDialogsFragment,345,9,15,0,0,false,false,3,false,false,31,12,34,60,0,false,false,false,true,false,public,5,10,0,false,,
\wallet\src\de\schildbach\wallet\ui\CurrencyAmountView.TextViewListener.java,TextViewListener,62,1,5,1,0,false,false,3,true,false,5,12,5,3,0,false,false,true,true,false,private,5,0,0,false,,
\wallet\src\de\schildbach\wallet\ui\CircularProgressView.java,CircularProgressView,125,9,10,5,1,false,false,3,false,false,3,15,10,4,0,false,false,false,true,false,public,6,1,3,false,,
\wallet\src\de\schildbach\wallet\ui\CurrencyCalculatorLink.java,CurrencyCalculatorLink,175,8,13,6,3,false,false,3,false,false,15,6,7,15,0,false,false,false,true,false,public,12,1,0,false,,
\wallet\src\de\schildbach\wallet\ui\CurrencySymbolDrawable.java,CurrencySymbolDrawable,55,3,5,2,2,false,false,3,false,false,0,3,5,0,0,false,false,false,true,false,public,5,0,0,false,,
\wallet\src\de\schildbach\wallet\ui\CurrencyAmountView.java,CurrencyAmountView,256,15,21,13,2,false,false,3,false,false,12,18,23,24,0,false,false,false,true,false,public,15,3,3,false,,
\wallet\src\de\schildbach\wallet\ui\CurrencyTextView.java,CurrencyTextView,101,7,9,7,0,false,false,3,false,false,3,7,13,1,0,false,false,false,true,false,public,7,1,1,false,,
\wallet\src\de\schildbach\wallet\ui\DialogBuilder.java,DialogBuilder,97,3,8,6,0,false,false,2,true,false,4,9,11,0,0,false,false,false,true,false,public,8,0,0,false,,
\wallet\src\de\schildbach\wallet\ui\DividerItemDecoration.java,DividerItemDecoration,82,5,5,1,1,false,false,3,false,false,3,10,8,15,0,false,false,false,true,false,public,5,0,0,false,,
\wallet\src\de\schildbach\wallet\ui\EncryptKeysDialogFragment.State.java,State,23,3,0,0,0,false,false,1,false,false,0,0,0,0,0,false,false,true,false,true,private,0,0,0,false,,
\wallet\src\de\schildbach\wallet\ui\EditAddressBookEntryFragment.java,EditAddressBookEntryFragment,130,7,6,0,0,false,false,5,false,false,4,10,21,16,0,false,false,false,true,false,public,4,2,0,false,,
\wallet\src\de\schildbach\wallet\ui\Event.Observer.java,Observer,28,0,1,0,0,false,false,1,true,false,1,1,0,2,0,true,false,true,true,false,public,1,0,0,true,,
\wallet\src\de\schildbach\wallet\ui\Event.java,Event,45,2,4,0,2,false,false,1,false,false,1,0,1,0,0,false,false,false,true,false,public,4,0,0,false,,
\wallet\src\de\schildbach\wallet\ui\EncryptKeysDialogFragment.java,EncryptKeysDialogFragment,290,18,10,0,0,false,false,4,false,false,9,5,32,37,0,false,false,false,true,false,public,7,3,0,false,,
\wallet\src\de\schildbach\wallet\ui\ExchangeRatesActivity.java,ExchangeRatesActivity,29,0,1,0,0,false,false,3,false,false,0,1,2,0,0,false,false,false,true,false,public,0,0,1,false,,
\wallet\src\de\schildbach\wallet\ui\ExchangeRatesAdapter.OnClickListener.java,OnClickListener,24,0,0,0,0,false,false,3,true,false,0,0,1,0,0,false,true,true,false,false,public,0,0,0,false,,
\wallet\src\de\schildbach\wallet\ui\ExchangeRatesAdapter.ListItem.java,ListItem,37,5,0,0,0,false,false,2,false,false,0,0,2,1,0,true,false,true,true,false,public,0,0,0,false,,
\wallet\src\de\schildbach\wallet\ui\ExchangeRatesAdapter.ViewHolder.java,ViewHolder,40,5,0,0,0,false,false,2,true,false,0,0,5,0,0,true,false,true,true,false,public,0,0,0,false,,
\wallet\src\de\schildbach\wallet\ui\ExchangeRatesAdapter.java,ExchangeRatesAdapter,111,2,3,0,0,false,true,3,true,false,6,9,18,5,0,false,false,false,true,false,public,3,0,0,false,,
\wallet\src\de\schildbach\wallet\ui\ExchangeRatesViewModel.ExchangeRatesLiveData.java,ExchangeRatesLiveData,52,1,3,1,0,false,false,4,false,false,1,1,6,4,0,true,false,true,true,false,public,1,0,2,false,,
\wallet\src\de\schildbach\wallet\ui\ExchangeRatesFragment.java,ExchangeRatesFragment,197,7,8,0,0,false,false,3,false,false,10,11,30,25,0,false,false,false,true,false,public,7,1,0,false,,
\wallet\src\de\schildbach\wallet\ui\ExchangeRatesViewModel.java,ExchangeRatesViewModel,52,5,3,0,3,false,false,4,false,false,3,0,6,0,0,false,false,false,true,false,public,3,0,0,false,,
\wallet\src\de\schildbach\wallet\ui\FancyListFragment.java,FancyListFragment,39,0,2,1,0,false,false,3,false,false,0,4,7,0,0,false,false,false,true,false,public,2,0,0,false,,
\wallet\src\de\schildbach\wallet\ui\HelpDialogFragment.java,HelpDialogFragment,65,4,5,0,0,false,false,3,false,false,0,6,9,3,0,false,false,false,true,false,public,4,1,0,false,,
\wallet\src\de\schildbach\wallet\ui\InputParser.BinaryInputParser.java,BinaryInputParser,62,2,2,0,0,false,false,3,true,false,1,1,6,3,0,true,false,true,true,false,public,1,0,1,true,,
\wallet\src\de\schildbach\wallet\ui\InputParser.StreamInputParser.java,StreamInputParser,67,2,2,0,0,false,false,3,true,false,1,1,9,6,0,true,false,true,true,false,public,1,0,1,true,,
\wallet\src\de\schildbach\wallet\ui\InputParser.StringInputParser.java,StringInputParser,106,1,2,0,0,false,false,3,true,false,2,1,16,9,0,true,false,true,true,false,public,1,0,1,true,,
\wallet\src\de\schildbach\wallet\ui\InputParser.java,InputParser,121,2,4,0,0,false,false,2,true,false,6,8,25,14,0,false,false,false,true,false,public,1,0,3,true,,
\wallet\src\de\schildbach\wallet\ui\MaybeMaintenanceFragment.java,MaybeMaintenanceFragment,51,2,2,0,0,false,false,3,false,false,2,2,6,6,0,false,false,false,true,false,public,2,0,0,false,,
\wallet\src\de\schildbach\wallet\ui\MaybeMaintenanceViewModel.WalletMaintenanceRecommendedLiveData.java,WalletMaintenanceRecommendedLiveData,56,0,2,0,0,false,false,5,false,false,0,1,9,2,0,true,false,true,true,false,public,0,0,2,false,,
\wallet\src\de\schildbach\wallet\ui\MaybeMaintenanceViewModel.java,MaybeMaintenanceViewModel,65,5,3,1,1,false,false,4,false,false,1,0,7,4,0,false,false,false,true,false,public,2,1,0,false,,
\wallet\src\de\schildbach\wallet\ui\ProgressDialogFragment.Observer.java,Observer,43,1,1,0,0,false,false,1,true,false,2,1,3,1,0,true,false,true,true,false,public,1,0,0,false,,
\wallet\src\de\schildbach\wallet\ui\ProgressDialogFragment.java,ProgressDialogFragment,47,3,3,0,0,false,false,3,false,false,0,3,6,1,0,false,false,false,true,false,public,3,0,0,false,,
\wallet\src\de\schildbach\wallet\ui\ReportIssueDialogBuilder.java,ReportIssueDialogBuilder,193,7,7,0,0,false,false,4,true,false,11,5,25,23,0,false,false,false,true,false,public,1,1,5,true,,
\wallet\src\de\schildbach\wallet\ui\ReportIssueViewModel.java,ReportIssueViewModel,33,2,0,0,0,false,false,4,false,false,0,0,4,0,0,false,false,false,true,false,public,0,0,0,false,,
\wallet\src\de\schildbach\wallet\ui\RequestCoinsActivity.java,RequestCoinsActivity,58,1,4,0,0,false,false,3,false,false,1,3,5,3,0,false,false,false,true,false,public,3,0,1,false,,
\wallet\src\de\schildbach\wallet\ui\RequestCoinsActivityViewModel.java,RequestCoinsActivityViewModel,25,1,0,0,0,false,false,5,false,false,0,0,2,0,0,false,false,false,true,false,public,0,0,0,false,,
\wallet\src\de\schildbach\wallet\ui\ReportIssueDialogFragment.java,ReportIssueDialogFragment,291,11,11,0,0,false,false,4,false,false,7,16,40,42,0,false,false,false,true,false,public,5,6,0,false,,
\wallet\src\de\schildbach\wallet\ui\RequestCoinsViewModel.FreshReceiveAddressLiveData.java,FreshReceiveAddressLiveData,51,0,3,1,0,false,false,5,false,false,1,2,6,2,0,true,false,true,true,false,public,1,1,1,false,,
\wallet\src\de\schildbach\wallet\ui\SendCoinsQrActivity.java,SendCoinsQrActivity,84,1,2,0,0,false,false,4,false,false,3,4,15,5,0,false,false,false,true,false,public,1,0,1,false,,
\wallet\src\de\schildbach\wallet\ui\RequestCoinsViewModel.java,RequestCoinsViewModel,162,11,4,0,0,false,false,4,false,false,4,4,20,20,0,false,false,false,true,false,public,0,4,0,false,,
\wallet\src\de\schildbach\wallet\ui\RequestCoinsFragment.java,RequestCoinsFragment,348,15,20,0,0,false,false,3,false,false,14,18,50,42,0,false,false,false,true,false,public,12,8,0,false,,
\wallet\src\de\schildbach\wallet\ui\SendingAddressesViewModel.AddressesToExcludeLiveData.java,AddressesToExcludeLiveData,56,0,2,0,0,false,false,5,false,false,0,1,12,5,0,false,false,true,true,false,public,0,1,1,false,,
\wallet\src\de\schildbach\wallet\ui\SendingAddressesViewModel.ClipLiveData.java,ClipLiveData,48,1,4,1,0,false,false,3,false,false,0,1,6,1,0,true,false,true,true,false,public,2,0,2,false,,
\wallet\src\de\schildbach\wallet\ui\SendingAddressesFragment.java,SendingAddressesFragment,316,7,12,0,1,false,false,3,false,false,11,17,46,45,0,false,false,false,true,false,public,7,5,0,false,,
\wallet\src\de\schildbach\wallet\ui\ShowPasswordCheckListener.java,ShowPasswordCheckListener,37,1,1,0,0,false,false,4,true,false,0,2,5,1,0,false,false,false,true,false,public,1,0,0,false,,
\wallet\src\de\schildbach\wallet\ui\SendingAddressesViewModel.java,SendingAddressesViewModel,46,7,0,0,0,false,false,4,false,false,0,0,10,0,0,false,false,false,true,false,public,0,0,0,false,,
\wallet\src\de\schildbach\wallet\ui\StickToTopLinearLayoutManager.java,StickToTopLinearLayoutManager,34,0,1,0,0,false,false,6,true,false,1,3,3,0,0,false,false,false,true,false,public,1,0,0,false,,
\wallet\src\de\schildbach\wallet\ui\TransactionsAdapter.ChangeType.java,ChangeType,23,8,0,0,0,false,false,2,false,false,0,0,0,0,0,false,false,true,false,true,private,0,0,0,false,,
\wallet\src\de\schildbach\wallet\ui\TransactionsAdapter.ItemAnimator.java,ItemAnimator,35,0,1,0,0,false,false,2,true,false,1,2,4,0,0,true,false,true,true,false,public,1,0,0,false,,
\wallet\src\de\schildbach\wallet\ui\TransactionsAdapter.OnClickListener.java,OnClickListener,27,0,0,0,0,false,false,3,true,false,0,0,2,0,0,false,true,true,false,false,public,0,0,0,false,,
\wallet\src\de\schildbach\wallet\ui\TransactionsAdapter.WarningType.java,WarningType,23,3,0,0,0,false,false,2,false,false,0,0,0,0,0,false,false,true,false,true,public,0,0,0,false,,
\wallet\src\de\schildbach\wallet\ui\TransactionsAdapter.TransactionViewHolder.java,TransactionViewHolder,151,16,9,0,0,false,false,3,true,false,1,9,8,2,0,true,false,true,true,false,public,1,8,0,false,,
\wallet\src\de\schildbach\wallet\ui\TransactionsAdapter.WarningViewHolder.java,WarningViewHolder,31,1,0,0,0,false,false,3,true,false,0,0,4,0,0,true,false,true,true,false,public,0,0,0,false,,
\wallet\src\de\schildbach\wallet\ui\TransactionsAdapter.ListItem.java,ListItem,325,0,0,0,0,false,false,2,false,false,8,0,30,31,0,true,false,true,true,false,public,0,0,0,false,,
\wallet\src\de\schildbach\wallet\ui\WalletActionsFragment.java,WalletActionsFragment,79,1,4,0,0,false,false,3,false,false,0,4,11,7,0,false,false,false,true,false,public,3,1,0,false,,
\wallet\src\de\schildbach\wallet\ui\TransactionsAdapter.java,TransactionsAdapter,337,8,5,0,1,false,true,2,true,false,49,16,24,20,0,false,false,false,true,false,public,5,0,0,false,,
\wallet\src\de\schildbach\wallet\ui\WalletActivityViewModel.EnterAnimationState.java,EnterAnimationState,23,3,0,0,0,false,false,3,false,false,0,0,0,0,0,true,false,true,false,true,public,0,0,0,false,,
\wallet\src\de\schildbach\wallet\ui\WalletActivityViewModel.WalletEncryptedLiveData.java,WalletEncryptedLiveData,45,0,2,0,0,false,false,4,false,false,0,1,5,2,0,true,false,true,true,false,public,0,0,2,false,,
\wallet\src\de\schildbach\wallet\ui\WalletActivityViewModel.java,WalletActivityViewModel,77,10,7,0,0,false,false,4,false,false,3,0,5,2,0,false,false,false,true,false,public,6,1,0,false,,
\wallet\src\de\schildbach\wallet\ui\WalletActivity.java,WalletActivity,420,6,13,0,0,false,false,2,false,false,17,11,45,59,0,false,false,false,true,false,public,7,2,4,false,,
\wallet\src\de\schildbach\wallet\ui\WalletAddressDialogFragment.java,WalletAddressDialogFragment,115,5,5,0,0,false,false,4,false,false,1,8,22,6,0,false,false,false,true,false,public,4,1,0,false,,
\wallet\src\de\schildbach\wallet\ui\WalletAddressFragment.java,WalletAddressFragment,112,6,4,0,0,false,false,3,false,false,2,6,23,9,0,false,false,false,true,false,public,3,1,0,false,,
\wallet\src\de\schildbach\wallet\ui\WalletAddressViewModel.CurrentAddressLiveData.java,CurrentAddressLiveData,92,1,5,0,0,false,false,4,false,false,0,4,13,2,0,true,false,true,true,false,public,0,2,3,false,,
\wallet\src\de\schildbach\wallet\ui\WalletAddressViewModel.java,WalletAddressViewModel,91,6,3,0,0,false,false,4,false,false,2,2,13,9,0,false,false,false,true,false,public,0,3,0,false,,
\wallet\src\de\schildbach\wallet\ui\WalletAddressesAdapter.java,WalletAddressesAdapter,160,8,13,2,6,false,false,3,true,false,8,13,19,11,0,false,false,false,true,false,public,11,2,0,false,,
\wallet\src\de\schildbach\wallet\ui\WalletAddressesFragment.java,WalletAddressesFragment,192,7,5,0,0,false,false,3,false,false,1,10,32,24,0,false,false,false,true,false,public,5,0,0,false,,
\wallet\src\de\schildbach\wallet\ui\WalletAddressesViewModel.IssuedReceiveKeysLiveData.java,IssuedReceiveKeysLiveData,56,0,4,0,0,false,false,5,false,false,0,3,8,2,0,true,false,true,true,false,public,1,1,2,false,,
\wallet\src\de\schildbach\wallet\ui\WalletAddressesViewModel.ImportedKeysLiveData.java,ImportedKeysLiveData,71,0,4,0,0,false,false,4,false,false,2,3,10,5,0,true,false,true,true,false,public,1,1,2,false,,
\wallet\src\de\schildbach\wallet\ui\WalletAddressesViewModel.java,WalletAddressesViewModel,51,8,0,0,0,false,false,4,false,false,0,0,12,1,0,false,false,false,true,false,public,0,0,0,false,,
\wallet\src\de\schildbach\wallet\ui\WalletBalanceViewModel.java,WalletBalanceViewModel,51,4,3,0,3,false,false,4,false,false,3,0,6,0,0,false,false,false,true,false,public,3,0,0,false,,
\wallet\src\de\schildbach\wallet\ui\WalletBalanceFragment.java,WalletBalanceFragment,215,11,9,0,0,false,false,3,false,false,11,11,26,18,0,false,false,false,true,false,public,7,2,0,false,,
\wallet\src\de\schildbach\wallet\ui\WalletDisclaimerFragment.java,WalletDisclaimerFragment,96,2,3,0,0,false,false,3,false,false,5,4,17,8,0,false,false,false,true,false,public,2,1,0,false,,
\wallet\src\de\schildbach\wallet\ui\WalletDisclaimerViewModel.DisclaimerEnabledLiveData.java,DisclaimerEnabledLiveData,46,1,3,0,0,false,false,4,false,false,1,2,5,3,0,true,false,true,true,false,public,1,0,2,false,,
\wallet\src\de\schildbach\wallet\ui\WalletDisclaimerViewModel.java,WalletDisclaimerViewModel,43,3,2,0,2,false,false,4,false,false,2,0,4,0,0,false,false,false,true,false,public,2,0,0,false,,
\wallet\src\de\schildbach\wallet\ui\WalletTransactionsViewModel.Direction.java,Direction,23,2,0,0,0,false,false,1,false,false,0,0,0,0,0,false,false,true,false,true,public,0,0,0,false,,
\wallet\src\de\schildbach\wallet\ui\WalletTransactionsViewModel.TransactionsConfidenceLiveData.java,TransactionsConfidenceLiveData,48,0,4,0,0,false,false,4,false,false,0,4,6,0,0,true,false,true,true,false,private,1,0,3,false,,
\wallet\src\de\schildbach\wallet\ui\WalletTransactionsViewModel.TransactionsLiveData.java,TransactionsLiveData,93,2,5,0,0,false,false,3,false,false,0,4,13,1,0,true,false,true,true,false,public,0,2,3,false,,
\wallet\src\de\schildbach\wallet\ui\send\DecodePrivateKeyTask.java,DecodePrivateKeyTask,57,2,1,0,0,false,false,4,false,false,0,2,4,4,0,false,false,false,true,false,public,1,0,0,true,,
\wallet\src\de\schildbach\wallet\ui\WalletTransactionsFragment.java,WalletTransactionsFragment,344,14,12,0,0,false,false,3,false,false,14,15,47,56,0,false,false,false,true,false,public,10,2,0,false,,
\wallet\src\de\schildbach\wallet\ui\WalletTransactionsViewModel.java,WalletTransactionsViewModel,170,14,5,3,1,false,false,4,false,false,4,3,28,29,0,false,false,false,true,false,public,4,1,0,false,,
\wallet\src\de\schildbach\wallet\ui\send\DeriveKeyTask.java,DeriveKeyTask,85,4,1,0,0,false,false,3,false,false,2,2,12,7,0,false,false,false,true,false,public,1,0,0,true,,
\wallet\src\de\schildbach\wallet\ui\send\FeeCategory.java,FeeCategory,35,3,0,0,0,false,false,2,false,false,0,0,0,0,0,false,false,false,false,true,public,0,0,0,false,,
\wallet\src\de\schildbach\wallet\ui\send\MaintenanceDialogFragment.State.java,State,23,3,0,0,0,false,false,1,false,false,0,0,0,0,0,false,false,true,false,true,private,0,0,0,false,,
\wallet\src\de\schildbach\wallet\ui\send\RaiseFeeDialogFragment.State.java,State,23,3,0,0,0,false,false,1,false,false,0,0,0,0,0,false,false,true,false,true,private,0,0,0,false,,
\wallet\src\de\schildbach\wallet\ui\send\MaintenanceDialogFragment.java,MaintenanceDialogFragment,268,15,13,0,0,false,false,3,false,false,5,6,40,28,0,false,false,false,true,false,public,7,6,0,false,,
\wallet\src\de\schildbach\wallet\ui\send\RaiseFeeViewModel.java,RaiseFeeViewModel,37,2,1,0,1,false,false,4,false,false,1,0,4,0,0,false,false,false,true,false,public,1,0,0,false,,
\wallet\src\de\schildbach\wallet\ui\send\RequestPaymentRequestTask.BluetoothRequestTask.java,BluetoothRequestTask,86,1,1,0,0,false,false,3,false,false,1,1,14,9,0,true,false,true,true,false,public,1,0,0,false,,
\wallet\src\de\schildbach\wallet\ui\send\RaiseFeeDialogFragment.java,RaiseFeeDialogFragment,288,20,13,0,0,false,false,4,false,false,9,13,44,28,0,false,false,false,true,false,public,7,6,0,false,,
\wallet\src\de\schildbach\wallet\ui\send\RequestPaymentRequestTask.ResultCallback.java,ResultCallback,25,0,0,0,0,false,false,2,false,false,0,0,1,0,0,false,true,true,false,false,public,0,0,0,false,,
\wallet\src\de\schildbach\wallet\ui\send\RequestPaymentRequestTask.HttpRequestTask.java,HttpRequestTask,85,1,1,0,0,false,false,3,false,false,2,1,13,12,0,true,false,true,true,false,public,1,0,0,false,,
\wallet\src\de\schildbach\wallet\ui\send\RequestPaymentRequestTask.java,RequestPaymentRequestTask,53,4,2,0,0,false,false,4,false,false,0,3,5,3,0,false,false,false,true,false,public,0,0,2,true,,
\wallet\src\de\schildbach\wallet\ui\send\RequestWalletBalanceTask.ElectrumServer.java,ElectrumServer,45,3,0,0,0,false,false,2,true,false,1,0,2,1,0,true,false,true,true,false,public,0,0,0,false,,
\wallet\src\de\schildbach\wallet\ui\send\RequestWalletBalanceTask.JsonRpcRequest.java,JsonRpcRequest,31,4,0,0,0,false,false,3,false,false,0,0,0,0,0,true,false,true,true,false,public,0,0,0,false,,
\wallet\src\de\schildbach\wallet\ui\send\RequestWalletBalanceTask.JsonRpcResponse.java,JsonRpcResponse,30,2,0,0,0,false,false,3,false,false,0,0,0,0,0,true,false,true,true,false,public,0,0,0,false,,
\wallet\src\de\schildbach\wallet\ui\send\RequestWalletBalanceTask.ResultCallback.java,ResultCallback,26,0,0,0,0,false,false,2,false,false,0,0,2,0,0,false,true,true,false,false,public,0,0,0,false,,
\wallet\src\de\schildbach\wallet\ui\send\SendCoinsActivity.java,SendCoinsActivity,85,3,6,0,0,false,false,3,false,false,3,13,15,3,0,false,false,false,true,false,public,5,0,1,false,,
\wallet\src\de\schildbach\wallet\ui\send\RequestWalletBalanceTask.java,RequestWalletBalanceTask,227,5,6,0,0,false,false,4,false,false,8,7,47,32,0,false,false,false,true,false,public,1,3,2,false,,
\wallet\src\de\schildbach\wallet\ui\send\SendCoinsActivityViewModel.java,SendCoinsActivityViewModel,26,1,0,0,0,false,false,5,false,false,0,0,3,0,0,false,false,false,true,false,public,0,0,0,false,,
\wallet\src\de\schildbach\wallet\ui\send\SendCoinsFragment.ReceivingAddressListener.java,ReceivingAddressListener,65,0,5,0,0,false,false,3,true,false,2,15,9,4,0,false,false,true,true,false,private,5,0,0,false,,
\wallet\src\de\schildbach\wallet\ui\send\SendCoinsFragment.ReceivingAddressViewAdapter.java,ReceivingAddressViewAdapter,77,1,2,0,2,false,false,4,true,false,3,3,13,6,0,false,false,true,true,false,private,2,0,0,false,,
\wallet\src\de\schildbach\wallet\ui\send\SendCoinsViewModel.State.java,State,25,7,0,0,0,false,false,1,false,false,0,0,0,0,0,false,false,true,false,true,public,0,0,0,false,,
\wallet\src\de\schildbach\wallet\ui\send\SendCoinsOfflineTask.java,SendCoinsOfflineTask,119,4,2,0,0,false,false,4,false,false,2,1,14,15,0,false,false,false,true,false,public,1,0,1,true,,
\wallet\src\de\schildbach\wallet\ui\send\SweepWalletActivity.java,SweepWalletActivity,44,1,3,0,0,false,false,3,false,false,0,4,7,0,0,false,false,false,true,false,public,3,0,0,false,,
\wallet\src\de\schildbach\wallet\ui\send\SendCoinsViewModel.java,SendCoinsViewModel,73,16,0,0,0,false,false,4,false,false,0,0,18,1,0,false,false,false,true,false,public,0,0,0,false,,
\wallet\src\de\schildbach\wallet\ui\send\SweepWalletFragment.FakeTransaction.java,FakeTransaction,34,1,1,0,1,false,false,2,false,false,0,0,3,0,0,true,false,true,true,false,private,1,0,0,false,,
\wallet\src\de\schildbach\wallet\ui\send\SweepWalletViewModel.State.java,State,25,6,0,0,0,false,false,1,false,false,0,0,0,0,0,false,false,true,false,true,public,0,0,0,false,,
\wallet\src\de\schildbach\wallet\ui\send\SweepWalletViewModel.java,SweepWalletViewModel,47,7,1,0,1,false,false,4,false,false,1,0,9,0,0,false,false,false,true,false,public,1,0,0,false,,
\wallet\src\de\schildbach\wallet\ui\scan\ScanActivity.AutoFocusRunnable.java,AutoFocusRunnable,42,2,1,0,0,false,false,3,false,false,0,0,1,1,0,false,false,true,true,false,private,1,0,0,false,,
\wallet\src\de\schildbach\wallet\ui\scan\ScanActivity.WarnDialogFragment.java,WarnDialogFragment,55,1,3,0,0,false,false,3,false,false,0,5,7,6,0,true,false,true,true,false,public,3,0,0,false,,
\wallet\src\de\schildbach\wallet\ui\send\SweepWalletFragment.java,SweepWalletFragment,530,26,15,1,0,false,false,3,false,false,26,13,70,57,0,false,false,false,true,false,public,7,8,0,false,,
\wallet\src\de\schildbach\wallet\ui\scan\CameraManager.java,CameraManager,257,11,15,3,5,false,false,2,true,false,21,15,16,25,0,false,false,false,true,false,public,9,6,0,false,,
\wallet\src\de\schildbach\wallet\ui\scan\ScanViewModel.java,ScanViewModel,27,2,0,0,0,false,false,3,false,false,0,0,3,0,0,false,false,false,true,false,public,0,0,0,false,,
\wallet\src\de\schildbach\wallet\ui\send\SendCoinsFragment.java,SendCoinsFragment,1126,41,33,1,0,false,false,3,false,false,66,27,95,175,0,false,false,false,true,false,public,12,21,0,false,,
\wallet\src\de\schildbach\wallet\ui\scan\ScannerView.java,ScannerView,127,13,4,2,0,false,false,2,false,false,3,8,16,12,0,false,false,false,true,false,public,4,0,0,false,,
\wallet\src\de\schildbach\wallet\ui\preference\AboutFragment.java,AboutFragment,65,5,2,0,0,false,false,2,false,false,2,2,12,4,0,false,false,false,true,false,public,2,0,0,false,,
\wallet\src\de\schildbach\wallet\ui\preference\DiagnosticsFragment.java,DiagnosticsFragment,87,5,5,0,0,false,false,2,false,false,1,4,16,8,0,false,false,false,true,false,public,3,2,0,false,,
\wallet\src\de\schildbach\wallet\ui\scan\ScanActivity.java,ScanActivity,383,19,19,0,0,false,false,2,false,false,11,23,52,37,0,false,false,false,true,false,public,13,3,3,false,,
\wallet\src\de\schildbach\wallet\ui\preference\ExtendedPublicKeyFragment.java,ExtendedPublicKeyFragment,87,4,4,0,0,false,false,4,false,false,0,5,16,6,0,false,false,false,true,false,public,3,1,0,false,,
\wallet\src\de\schildbach\wallet\ui\preference\PreferenceActivity.java,PreferenceActivity,44,0,3,0,0,false,false,2,false,false,1,3,3,4,0,false,false,false,true,false,public,2,0,1,false,,
\wallet\src\de\schildbach\wallet\ui\preference\ResolveDnsTask.java,ResolveDnsTask,57,2,1,0,0,false,false,3,false,false,0,1,4,4,0,false,false,false,true,false,public,1,0,0,true,,
\wallet\src\de\schildbach\wallet\ui\preference\SettingsFragment.java,SettingsFragment,119,10,5,0,0,false,false,2,false,false,2,4,17,11,0,false,false,false,true,false,public,4,1,0,false,,
\wallet\src\de\schildbach\wallet\ui\monitor\BlockListAdapter.OnClickListener.java,OnClickListener,25,0,0,0,0,false,false,3,true,false,0,0,2,0,0,false,true,true,false,false,public,0,0,0,false,,
\wallet\src\de\schildbach\wallet\ui\monitor\BlockListAdapter.ListItem.java,ListItem,115,7,2,0,0,false,false,2,false,false,7,2,20,14,0,true,false,true,true,false,public,0,2,0,false,,
\wallet\src\de\schildbach\wallet\ui\monitor\BlockListAdapter.ViewHolder.java,ViewHolder,45,7,0,0,0,false,false,2,true,false,0,0,6,0,0,true,false,true,true,false,public,0,0,0,false,,
\wallet\src\de\schildbach\wallet\ui\monitor\BlockListAdapter.java,BlockListAdapter,127,4,4,0,0,false,true,3,true,false,4,14,23,6,0,false,false,false,true,false,public,3,1,0,false,,
\wallet\src\de\schildbach\wallet\ui\monitor\BlockListFragment.java,BlockListFragment,143,8,5,0,0,false,false,3,false,false,2,7,33,17,0,false,false,false,true,false,public,4,1,0,false,,
\wallet\src\de\schildbach\wallet\ui\monitor\BlockListViewModel.BlocksLiveData.java,BlocksLiveData,69,4,4,0,0,false,false,3,false,false,1,3,13,1,0,true,false,true,true,false,public,2,0,2,false,,
\wallet\src\de\schildbach\wallet\ui\monitor\BlockListViewModel.TransactionsLiveData.java,TransactionsLiveData,58,0,2,0,0,false,false,3,false,false,2,1,10,4,0,true,false,true,true,false,public,1,0,1,false,,
\wallet\src\de\schildbach\wallet\ui\monitor\BlockListViewModel.java,BlockListViewModel,63,7,4,0,4,false,false,4,false,false,4,0,9,1,0,false,false,false,true,false,public,4,0,0,false,,
\wallet\src\de\schildbach\wallet\ui\monitor\NetworkMonitorActivity.PagerAdapter.java,PagerAdapter,39,0,2,0,2,false,false,2,true,false,1,1,3,0,0,false,false,true,true,false,private,2,0,0,false,,
\wallet\src\de\schildbach\wallet\ui\monitor\NetworkMonitorActivity.java,NetworkMonitorActivity,51,2,1,0,0,false,false,3,false,false,1,1,6,0,0,false,false,false,true,false,public,0,0,1,false,,
\wallet\src\de\schildbach\wallet\ui\monitor\PeerListAdapter.ListItem.java,ListItem,47,7,0,0,0,false,false,2,false,false,0,0,6,5,0,true,false,true,true,false,public,0,0,0,false,,
\wallet\src\de\schildbach\wallet\ui\monitor\PeerListAdapter.ViewHolder.java,ViewHolder,39,5,0,0,0,false,false,2,true,false,0,0,4,0,0,true,false,true,true,false,public,0,0,0,false,,
\wallet\src\de\schildbach\wallet\ui\monitor\PeerListAdapter.java,PeerListAdapter,79,1,3,0,0,false,true,3,true,false,3,7,13,3,0,false,false,false,true,false,public,3,0,0,false,,
\wallet\src\de\schildbach\wallet\ui\monitor\PeerListFragment.java,PeerListFragment,88,5,4,0,0,false,false,3,false,false,2,5,18,7,0,false,false,false,true,false,public,3,1,0,false,,
\wallet\src\de\schildbach\wallet\ui\monitor\PeerListViewModel.HostnamesLiveData.java,HostnamesLiveData,51,1,1,0,0,false,false,3,false,false,1,1,7,3,0,true,false,true,true,false,public,1,0,0,false,,
\wallet\src\de\schildbach\wallet\ui\monitor\PeerListViewModel.PeersLiveData.java,PeersLiveData,68,4,4,0,0,false,false,3,false,false,1,3,13,3,0,true,false,true,true,false,public,2,0,2,false,,
\wallet\src\de\schildbach\wallet\ui\monitor\PeerListViewModel.java,PeerListViewModel,42,3,2,0,2,false,false,4,false,false,2,0,3,0,0,false,false,false,true,false,public,2,0,0,false,,
\wallet\src\de\schildbach\wallet\ui\backup\BackupWalletDialogFragment.ErrorDialogFragment.java,ErrorDialogFragment,46,2,2,0,0,false,false,3,false,false,0,3,6,3,0,true,false,true,true,false,public,2,0,0,false,,
\wallet\src\de\schildbach\wallet\ui\backup\BackupWalletDialogFragment.SuccessDialogFragment.java,SuccessDialogFragment,47,2,2,0,0,false,false,3,false,false,0,3,7,2,0,true,false,true,true,false,public,2,0,0,false,,
\wallet\src\de\schildbach\wallet\ui\backup\BackupWalletViewModel.java,BackupWalletViewModel,35,3,0,0,0,false,false,4,false,false,0,0,5,0,0,false,false,false,true,false,public,0,0,0,false,,
\wallet\src\de\schildbach\wallet\ui\backup\FileAdapter.java,FileAdapter,52,2,2,1,1,false,false,2,true,false,1,4,9,1,0,false,false,false,true,false,public,2,0,0,true,,
\wallet\src\de\schildbach\wallet\ui\backup\ImportDialogButtonEnablerListener.java,ImportDialogButtonEnablerListener,69,2,8,0,0,false,false,5,true,false,0,14,9,1,0,false,false,false,true,false,public,6,0,2,false,,
\wallet\src\de\schildbach\wallet\ui\backup\BackupWalletDialogFragment.java,BackupWalletDialogFragment,276,13,10,0,0,false,false,4,false,false,8,9,46,41,0,false,false,false,true,false,public,6,4,0,false,,
\wallet\src\de\schildbach\wallet\ui\backup\RestoreWalletDialogFragment.FailureDialogFragment.java,FailureDialogFragment,53,2,2,0,0,false,false,3,false,false,0,3,7,5,0,true,false,true,true,false,public,2,0,0,false,,
\wallet\src\de\schildbach\wallet\ui\backup\RestoreWalletDialogFragment.PermissionDeniedDialogFragment.java,PermissionDeniedDialogFragment,49,1,2,0,0,false,false,4,false,false,0,2,7,4,0,true,false,true,true,false,public,2,0,0,false,,
\wallet\src\de\schildbach\wallet\ui\backup\RestoreWalletDialogFragment.SuccessDialogFragment.java,SuccessDialogFragment,69,3,3,0,0,false,false,3,false,false,1,4,10,5,0,true,false,true,true,false,public,3,0,0,false,,
\wallet\src\de\schildbach\wallet\ui\backup\RestoreWalletFromExternalActivity.java,RestoreWalletFromExternalActivity,29,0,1,0,0,false,false,5,false,false,0,1,2,1,0,false,false,false,true,false,public,0,0,1,false,,
\wallet\src\de\schildbach\wallet\ui\backup\RestoreWalletFromExternalDialogFragment.FailureDialogFragment.java,FailureDialogFragment,77,4,3,0,0,false,false,3,false,false,0,5,11,9,0,true,false,true,true,false,public,3,0,0,false,,
\wallet\src\de\schildbach\wallet\ui\backup\RestoreWalletDialogFragment.java,RestoreWalletDialogFragment,302,13,10,0,0,false,false,4,false,false,9,11,50,42,0,false,false,false,true,false,public,6,4,0,false,,
\wallet\src\de\schildbach\wallet\ui\backup\RestoreWalletFromExternalDialogFragment.SuccessDialogFragment.java,SuccessDialogFragment,69,3,3,0,0,false,false,3,false,false,1,4,10,4,0,true,false,true,true,false,public,3,0,0,false,,
\wallet\src\de\schildbach\wallet\ui\backup\RestoreWalletViewModel.java,RestoreWalletViewModel,37,4,0,0,0,false,false,4,false,false,0,0,6,0,0,false,false,false,true,false,public,0,0,0,false,,
\wallet\src\de\schildbach\wallet\ui\backup\RestoreWalletFromExternalDialogFragment.java,RestoreWalletFromExternalDialogFragment,171,12,6,0,0,false,false,6,false,false,0,8,38,21,0,false,false,false,true,false,public,4,2,0,false,,
\wallet\src\de\schildbach\wallet\service\BlockchainService.LocalBinder.java,LocalBinder,26,0,1,0,1,false,false,2,true,false,0,0,1,0,0,false,false,true,true,false,public,1,0,0,false,,
\wallet\src\de\schildbach\wallet\service\BlockchainService.ImpedimentsLiveData.java,ImpedimentsLiveData,96,4,3,0,0,false,false,3,false,false,7,1,11,10,0,true,false,true,true,false,private,0,1,2,false,,
\wallet\src\de\schildbach\wallet\service\BlockchainService.NewTransactionLiveData.java,NewTransactionLiveData,56,2,2,0,0,false,false,4,false,false,0,0,7,0,0,true,false,true,true,false,private,0,0,2,false,,
\wallet\src\de\schildbach\wallet\service\BlockchainService.PeerConnectivityListener.java,PeerConnectivityListener,87,2,5,0,0,false,false,3,true,false,3,7,13,5,0,false,false,true,true,false,private,4,1,0,false,,
\wallet\src\de\schildbach\wallet\service\BlockchainState.Impediment.java,Impediment,23,2,0,0,0,false,false,1,false,false,0,0,0,0,0,false,false,true,false,true,public,0,0,0,false,,
\wallet\src\de\schildbach\wallet\service\BlockchainState.java,BlockchainState,58,8,2,0,0,false,false,2,false,false,1,2,4,0,0,false,false,false,true,false,public,2,0,0,false,,
\wallet\src\de\schildbach\wallet\service\BootstrapReceiver.java,BootstrapReceiver,50,1,1,0,0,false,false,2,true,false,3,2,8,6,0,false,false,false,true,false,public,1,0,0,false,,
\wallet\src\de\schildbach\wallet\service\InactivityNotificationService.java,InactivityNotificationService,147,7,7,0,0,false,false,3,false,false,6,4,21,19,0,false,false,false,true,false,public,2,4,1,false,,
\wallet\src\de\schildbach\wallet\service\UpgradeWalletService.java,UpgradeWalletService,83,2,4,0,0,false,false,3,false,false,2,3,12,6,0,false,false,false,true,false,public,2,1,1,false,,
\wallet\src\de\schildbach\wallet\service\BlockchainService.java,BlockchainService,623,35,18,0,3,false,false,2,false,false,38,18,71,105,0,false,false,false,true,false,public,14,4,0,false,,
\wallet\src\de\schildbach\wallet\offline\AcceptBluetoothThread.java,AcceptBluetoothThread,44,3,1,0,0,false,false,3,false,false,0,0,6,1,0,false,false,false,true,false,public,1,0,0,true,,
\wallet\src\de\schildbach\wallet\offline\AcceptBluetoothThread.ClassicBluetoothThread.java,ClassicBluetoothThread,66,0,1,0,0,false,false,3,false,false,1,0,9,6,0,true,false,true,true,false,public,1,0,0,true,,
\wallet\src\de\schildbach\wallet\offline\AcceptBluetoothThread.PaymentProtocolThread.java,PaymentProtocolThread,64,0,1,0,0,false,false,3,false,false,1,0,11,4,0,true,false,true,true,false,public,1,0,0,true,,
\wallet\src\de\schildbach\wallet\offline\DirectPaymentTask.BluetoothPaymentTask.java,BluetoothPaymentTask,72,2,1,0,0,false,false,3,false,false,1,1,12,8,0,true,false,true,true,false,public,1,0,0,false,,
\wallet\src\de\schildbach\wallet\offline\AcceptBluetoothService.java,AcceptBluetoothService,156,11,5,0,0,false,false,3,false,false,4,5,25,22,0,false,false,false,true,false,public,4,1,0,false,,
\wallet\src\de\schildbach\wallet\offline\DirectPaymentTask.HttpPaymentTask.java,HttpPaymentTask,97,2,1,0,0,false,false,3,false,false,2,1,16,15,0,true,false,true,true,false,public,1,0,0,false,,
\wallet\src\de\schildbach\wallet\offline\DirectPaymentTask.ResultCallback.java,ResultCallback,24,0,0,0,0,false,false,2,false,false,0,0,0,0,0,false,true,true,false,false,public,0,0,0,false,,
\wallet\src\de\schildbach\wallet\offline\DirectPaymentTask.java,DirectPaymentTask,53,4,2,0,0,false,false,3,false,false,0,3,5,3,0,false,false,false,true,false,public,0,0,2,true,,
\wallet\src\de\schildbach\wallet\data\AbstractWalletLiveData.java,AbstractWalletLiveData,88,6,5,0,1,false,false,4,false,false,2,1,9,1,0,false,false,false,true,false,public,0,1,4,true,,
\wallet\src\de\schildbach\wallet\data\AddressBookDao.java,AddressBookDao,42,0,0,0,0,false,false,3,false,false,0,0,7,0,0,false,true,false,false,false,public,0,0,0,false,,
\wallet\src\de\schildbach\wallet\data\AddressBookEntry.java,AddressBookEntry,54,2,3,0,2,false,false,3,false,false,1,1,7,1,0,false,false,false,true,false,public,3,0,0,false,,
\wallet\src\de\schildbach\wallet\data\AppDatabase.java,AppDatabase,53,2,1,0,1,true,false,2,false,false,2,1,6,2,0,false,false,false,true,false,public,1,0,0,true,,
\wallet\src\de\schildbach\wallet\data\BlockchainStateLiveData.java,BlockchainStateLiveData,64,3,4,0,0,false,false,4,false,false,0,3,12,2,0,false,false,false,true,false,public,2,0,2,false,,
\wallet\src\de\schildbach\wallet\data\ConfigFormatLiveData.java,ConfigFormatLiveData,46,1,3,0,0,false,false,4,false,false,1,2,5,3,0,false,false,false,true,false,public,1,0,2,false,,
\wallet\src\de\schildbach\wallet\data\ConfigOwnNameLiveData.java,ConfigOwnNameLiveData,45,1,3,0,0,false,false,5,false,false,1,2,4,3,0,false,false,false,true,false,public,1,0,2,false,,
\wallet\src\de\schildbach\wallet\data\ExchangeRate.java,ExchangeRate,37,2,2,0,1,false,false,2,false,false,0,0,1,1,0,false,false,false,true,false,public,2,0,0,false,,
\wallet\src\de\schildbach\wallet\data\DynamicFeeLiveData.java,DynamicFeeLiveData,187,6,4,0,0,false,false,4,false,false,10,5,32,31,0,false,false,false,true,false,public,0,3,1,false,,
\wallet\src\de\schildbach\wallet\data\PaymentIntent.Output.java,Output,95,3,5,0,0,false,false,1,false,false,1,3,8,12,0,true,false,true,true,false,public,5,0,0,false,,
\wallet\src\de\schildbach\wallet\data\PaymentIntent.Standard.java,Standard,23,2,0,0,0,false,false,1,false,false,0,0,0,0,0,false,false,true,false,true,public,0,0,0,false,,
\wallet\src\de\schildbach\wallet\data\ExchangeRatesProvider.java,ExchangeRatesProvider,239,14,12,0,2,false,false,3,true,false,17,21,31,38,0,false,false,false,true,false,public,8,4,0,false,,
\wallet\src\de\schildbach\wallet\data\SelectedExchangeRateLiveData.java,SelectedExchangeRateLiveData,66,2,4,0,0,false,false,5,false,false,2,2,7,8,0,false,false,false,true,false,public,1,1,2,false,,
\wallet\src\de\schildbach\wallet\data\ThrottelingLiveData.java,ThrottelingLiveData,60,4,3,0,0,false,false,3,false,false,1,0,3,4,0,false,false,false,true,false,public,0,0,3,true,,
\wallet\src\de\schildbach\wallet\data\PaymentIntent.java,PaymentIntent,344,12,31,0,2,false,false,2,false,false,26,18,19,27,0,false,false,false,true,false,public,29,2,0,false,,
\wallet\src\de\schildbach\wallet\data\TimeLiveData.java,TimeLiveData,48,2,2,0,0,false,false,3,false,false,0,0,7,0,0,false,false,false,true,false,public,0,0,2,false,,
\wallet\src\de\schildbach\wallet\data\WalletBalanceLiveData.WalletListener.java,WalletListener,48,0,4,0,0,false,false,2,true,false,0,10,7,0,0,false,false,true,true,false,private,4,0,0,false,,
\wallet\src\de\schildbach\wallet\data\WalletBalanceLiveData.java,WalletBalanceLiveData,83,3,6,0,0,false,false,4,false,false,1,6,10,2,0,false,false,false,true,false,public,1,2,3,false,,
\wallet\src\de\schildbach\wallet\data\WalletLiveData.java,WalletLiveData,31,0,1,0,0,false,false,3,false,false,0,1,2,0,0,false,false,false,true,false,public,0,0,1,false,,
\sample-integration-android\src\de\schildbach\wallet\integration\sample\SampleActivity.java,SampleActivity,124,7,5,0,0,false,false,2,false,false,4,4,19,18,0,false,false,false,true,false,public,0,3,2,false,,
\integration-android\src\de\schildbach\wallet\integration\android\BitcoinIntegration.java,BitcoinIntegration,241,5,16,0,0,false,false,2,false,false,5,33,6,11,0,false,false,false,true,false,public,11,5,0,false,,
