sep=,
Fullpathname,Classname,loc,numAttr,numMethod,setters,getters,isPersist,isCollection,numWordName,isOrEr,isController,numIfs,numParameters,numImports,numOutboundInvocation,numInnerClasses,isStaticClass,isInterface,isInnerClass,isClass,isEnum,classPublicity,numPublicMethods,numPrivateMethods,numProtectedMethods,isAbstract,
\wallet\test\de\schildbach\wallet\util\Base43Test.java,Base43Test,39,0,2,0,0,false,false,2,false,false,0,0,3,2,0,false,false,false,true,false,public,2,0,0,false,,
\wallet\test\de\schildbach\wallet\util\BluetoothTest.java,BluetoothTest,44,0,3,0,1,false,false,2,false,false,0,0,3,0,0,false,false,false,true,false,public,3,0,0,false,,
\wallet\test\de\schildbach\wallet\util\WalletUtilsTest.java,WalletUtilsTest,36,0,2,0,0,false,false,3,false,false,0,0,4,4,0,false,false,false,true,false,public,2,0,0,false,,
\wallet\test\de\schildbach\wallet\util\CryptoTest.java,CryptoTest,94,3,7,0,0,false,false,2,false,false,0,1,12,10,0,false,false,false,true,false,public,6,1,0,false,,
\wallet\test\de\schildbach\wallet\util\FormatsTest.java,FormatsTest,95,0,1,0,0,false,false,2,false,false,0,0,7,11,0,false,false,false,true,false,public,1,0,0,false,,
\wallet\src\de\schildbach\wallet\Constants.Files.java,Files,48,12,0,0,0,false,false,1,false,false,0,0,2,1,0,true,false,true,true,false,public,0,0,0,false,,
\wallet\src\de\schildbach\wallet\Configuration.java,Configuration,257,31,42,4,20,false,false,1,false,false,8,13,13,23,0,false,false,false,true,false,public,41,1,0,false,,
\wallet\src\de\schildbach\wallet\Constants.java,Constants,149,58,0,0,0,false,false,1,false,false,0,0,16,10,0,false,false,false,true,false,public,0,0,0,false,,
\wallet\src\de\schildbach\wallet\Logging.java,Logging,78,4,1,0,0,false,false,1,false,false,1,1,10,10,0,false,false,false,true,false,public,1,0,0,false,,
\wallet\src\de\schildbach\wallet\WalletApplication.OnWalletLoadedListener.java,OnWalletLoadedListener,24,0,0,0,0,false,false,4,true,false,0,0,1,0,0,false,true,true,false,false,public,0,0,0,false,,
\wallet\src\de\schildbach\wallet\util\Assets.java,Assets,32,0,1,0,0,false,false,1,false,false,0,2,3,0,0,false,false,false,true,false,public,1,0,0,false,,
\wallet\src\de\schildbach\wallet\WalletApplication.java,WalletApplication,319,13,17,0,3,false,false,2,false,false,18,5,51,55,0,false,false,false,true,false,public,15,2,0,false,,
\wallet\src\de\schildbach\wallet\WalletBalanceWidgetProvider.java,WalletBalanceWidgetProvider,160,2,6,0,1,false,false,4,true,false,6,23,31,19,0,false,false,false,true,false,public,3,3,0,false,,
\wallet\src\de\schildbach\wallet\util\Bluetooth.java,Bluetooth,94,8,6,0,3,false,false,1,false,false,7,6,7,5,0,false,false,false,true,false,public,6,0,0,false,,
\wallet\src\de\schildbach\wallet\util\Base43.java,Base43,125,2,5,0,0,false,false,1,false,false,6,9,2,5,0,false,false,false,true,false,public,2,3,0,false,,
\wallet\src\de\schildbach\wallet\util\CheatSheet.java,CheatSheet,123,1,5,3,0,false,false,2,false,false,2,8,6,9,0,false,false,false,true,false,public,4,1,0,false,,
\wallet\src\de\schildbach\wallet\util\CrashReporter.ExceptionHandler.java,ExceptionHandler,47,1,2,0,0,false,false,2,true,false,0,3,5,1,0,true,false,true,true,false,private,1,1,0,false,,
\wallet\src\de\schildbach\wallet\util\CrashReporter.java,CrashReporter,113,6,9,0,0,false,false,2,true,false,2,11,20,8,0,false,false,false,true,false,public,7,2,0,false,,
\wallet\src\de\schildbach\wallet\util\Formats.java,Formats,48,5,1,0,0,false,false,1,false,false,2,1,4,2,0,false,false,false,true,false,public,1,0,0,false,,
\wallet\src\de\schildbach\wallet\util\Crypto.java,Crypto,251,12,8,0,1,false,false,1,false,false,4,16,20,5,0,false,false,false,true,false,public,4,4,0,false,,
\wallet\src\de\schildbach\wallet\util\GenericUtils.java,GenericUtils,34,0,2,0,0,false,false,2,false,false,0,3,1,2,0,false,false,false,true,false,public,2,0,0,false,,
\wallet\src\de\schildbach\wallet\util\Iso8601Format.java,Iso8601Format,59,1,8,0,0,false,false,2,false,false,0,4,7,0,0,false,false,false,true,false,public,8,0,0,false,,
\wallet\src\de\schildbach\wallet\util\Installer.java,Installer,66,5,4,0,0,false,false,1,true,false,5,4,4,10,0,false,false,false,false,true,public,4,0,0,false,,
\wallet\src\de\schildbach\wallet\util\MonetarySpannable.java,MonetarySpannable,99,4,3,0,0,false,false,2,false,false,13,9,11,3,0,false,false,false,true,false,public,2,1,0,false,,
\wallet\src\de\schildbach\wallet\util\Nfc.java,Nfc,40,0,2,0,0,false,false,1,false,false,1,4,5,3,0,false,false,false,true,false,public,2,0,0,false,,
\wallet\src\de\schildbach\wallet\util\OnFirstPreDraw.Callback.java,Callback,23,0,0,0,0,false,false,1,false,false,0,0,0,0,0,false,true,true,false,false,public,0,0,0,false,,
\wallet\src\de\schildbach\wallet\util\OnFirstPreDraw.java,OnFirstPreDraw,50,4,2,0,0,false,false,4,false,false,2,2,6,3,0,false,false,false,true,false,public,2,0,0,false,,
\wallet\src\de\schildbach\wallet\util\Qr.java,Qr,101,2,5,0,0,false,false,1,false,false,1,5,17,8,0,false,false,false,true,false,public,5,0,0,false,,
\wallet\src\de\schildbach\wallet\util\Toast.java,Toast,60,2,10,0,0,false,false,1,false,false,0,17,3,6,0,false,false,false,true,false,public,8,2,0,false,,
\wallet\src\de\schildbach\wallet\util\WalletUtils.MonospaceSpan.java,MonospaceSpan,39,0,2,0,0,false,false,2,false,false,2,1,1,2,0,true,false,true,true,false,private,2,0,0,false,,
\wallet\src\de\schildbach\wallet\util\ViewPagerTabs.java,ViewPagerTabs,161,8,9,0,1,false,false,3,false,false,4,10,15,10,0,false,false,false,true,false,public,6,0,3,false,,
\wallet\src\de\schildbach\wallet\util\WholeStringBuilder.java,WholeStringBuilder,32,0,1,0,0,false,false,3,true,false,0,1,3,1,0,false,false,false,true,false,public,1,0,0,false,,
\wallet\src\de\schildbach\wallet\util\WalletUtils.java,WalletUtils,184,1,13,0,2,false,false,2,false,false,13,29,27,26,0,false,false,false,true,false,public,13,0,0,false,,
\wallet\src\de\schildbach\wallet\ui\AbstractWalletActivity.java,AbstractWalletActivity,62,2,4,1,1,false,false,3,false,false,2,3,11,1,0,false,false,false,true,false,public,3,0,1,true,,
\wallet\src\de\schildbach\wallet\ui\AddressAndLabel.java,AddressAndLabel,89,3,5,0,0,false,false,3,false,false,3,3,8,8,0,false,false,false,true,false,public,5,0,0,false,,
\wallet\src\de\schildbach\wallet\ui\AddressBookActivity.TwoFragmentAdapter.java,TwoFragmentAdapter,86,5,6,1,1,false,false,3,true,false,6,11,6,5,0,true,false,true,true,false,private,6,0,0,false,,
\wallet\src\de\schildbach\wallet\ui\AddressBookActivity.java,AddressBookActivity,76,4,2,0,0,false,false,3,false,false,4,2,8,6,0,false,false,false,true,false,public,1,0,1,false,,
\wallet\src\de\schildbach\wallet\ui\AlertDialogsViewModel.java,AlertDialogsViewModel,29,5,0,0,0,false,false,4,false,false,0,0,2,0,0,false,false,false,true,false,public,0,0,0,false,,
\wallet\src\de\schildbach\wallet\ui\BitmapFragment.java,BitmapFragment,73,4,5,0,0,false,false,2,false,false,0,6,13,3,0,false,false,false,true,false,public,4,1,0,false,,
\wallet\src\de\schildbach\wallet\ui\AlertDialogsFragment.java,AlertDialogsFragment,335,7,9,0,0,false,false,3,false,false,29,6,42,59,0,false,false,false,true,false,public,3,6,0,false,,
\wallet\src\de\schildbach\wallet\ui\CurrencyAmountView.Listener.java,Listener,24,0,0,0,0,false,false,1,true,false,0,0,0,0,0,false,true,true,false,false,public,0,0,0,false,,
\wallet\src\de\schildbach\wallet\ui\CircularProgressView.java,CircularProgressView,125,9,10,5,1,false,false,3,false,false,3,15,10,4,0,false,false,false,true,false,public,6,1,3,false,,
\wallet\src\de\schildbach\wallet\ui\CurrencyAmountView.TextViewListener.java,TextViewListener,62,1,5,1,0,false,false,3,true,false,5,12,5,3,0,false,false,true,true,false,private,5,0,0,false,,
\wallet\src\de\schildbach\wallet\ui\CurrencyCalculatorLink.java,CurrencyCalculatorLink,175,8,13,6,3,false,false,3,false,false,15,6,7,15,0,false,false,false,true,false,public,12,1,0,false,,
\wallet\src\de\schildbach\wallet\ui\CurrencySymbolDrawable.java,CurrencySymbolDrawable,56,3,5,2,2,false,false,3,false,false,0,3,6,0,0,false,false,false,true,false,public,5,0,0,false,,
\wallet\src\de\schildbach\wallet\ui\CurrencyTextView.java,CurrencyTextView,102,7,9,7,0,false,false,3,false,false,3,7,14,2,0,false,false,false,true,false,public,7,1,1,false,,
\wallet\src\de\schildbach\wallet\ui\CurrencyAmountView.java,CurrencyAmountView,272,15,21,13,2,false,false,3,false,false,15,18,24,27,0,false,false,false,true,false,public,15,3,3,false,,
\wallet\src\de\schildbach\wallet\ui\DialogBuilder.java,DialogBuilder,95,3,8,6,0,false,false,2,true,false,4,9,10,0,0,false,false,false,true,false,public,8,0,0,false,,
\wallet\src\de\schildbach\wallet\ui\DividerItemDecoration.java,DividerItemDecoration,82,5,5,1,1,false,false,3,false,false,3,10,8,15,0,false,false,false,true,false,public,5,0,0,false,,
\wallet\src\de\schildbach\wallet\ui\EncryptKeysDialogFragment.State.java,State,23,3,0,0,0,false,false,1,false,false,0,0,0,0,0,false,false,true,false,true,private,0,0,0,false,,
\wallet\src\de\schildbach\wallet\ui\EditAddressBookEntryFragment.java,EditAddressBookEntryFragment,122,7,6,0,0,false,false,5,false,false,4,10,21,14,0,false,false,false,true,false,public,4,2,0,false,,
\wallet\src\de\schildbach\wallet\ui\Event.Observer.java,Observer,28,0,1,0,0,false,false,1,true,false,1,1,0,2,0,true,false,true,true,false,public,1,0,0,true,,
\wallet\src\de\schildbach\wallet\ui\Event.java,Event,45,2,4,0,2,false,false,1,false,false,1,0,1,0,0,false,false,false,true,false,public,4,0,0,false,,
\wallet\src\de\schildbach\wallet\ui\ExchangeRatesActivity.java,ExchangeRatesActivity,29,0,1,0,0,false,false,3,false,false,0,1,2,0,0,false,false,false,true,false,public,0,0,1,false,,
\wallet\src\de\schildbach\wallet\ui\ExchangeRatesAdapter.ListItem.java,ListItem,37,5,0,0,0,false,false,2,false,false,0,0,2,1,0,true,false,true,true,false,public,0,0,0,false,,
\wallet\src\de\schildbach\wallet\ui\ExchangeRatesAdapter.OnClickListener.java,OnClickListener,24,0,0,0,0,false,false,3,true,false,0,0,1,0,0,false,true,true,false,false,public,0,0,0,false,,
\wallet\src\de\schildbach\wallet\ui\ExchangeRatesAdapter.ViewHolder.java,ViewHolder,40,5,0,0,0,false,false,2,true,false,0,0,5,0,0,true,false,true,true,false,public,0,0,0,false,,
\wallet\src\de\schildbach\wallet\ui\EncryptKeysDialogFragment.java,EncryptKeysDialogFragment,277,20,10,0,0,false,false,4,false,false,10,5,35,35,0,false,false,false,true,false,public,7,3,0,false,,
\wallet\src\de\schildbach\wallet\ui\ExchangeRatesAdapter.java,ExchangeRatesAdapter,107,2,3,0,0,false,true,3,true,false,6,9,19,5,0,false,false,false,true,false,public,3,0,0,false,,
\wallet\src\de\schildbach\wallet\ui\ExchangeRatesViewModel.ExchangeRatesLiveData.java,ExchangeRatesLiveData,52,1,3,1,0,false,false,4,false,false,1,1,6,4,0,true,false,true,true,false,public,1,0,2,false,,
\wallet\src\de\schildbach\wallet\ui\ExchangeRatesFragment.java,ExchangeRatesFragment,178,7,8,0,0,false,false,3,false,false,9,11,27,24,0,false,false,false,true,false,public,7,1,0,false,,
\wallet\src\de\schildbach\wallet\ui\ExchangeRatesViewModel.java,ExchangeRatesViewModel,45,4,2,0,2,false,false,4,false,false,2,0,5,0,0,false,false,false,true,false,public,2,0,0,false,,
\wallet\src\de\schildbach\wallet\ui\FancyListFragment.java,FancyListFragment,39,0,2,1,0,false,false,3,false,false,0,4,7,0,0,false,false,false,true,false,public,2,0,0,false,,
\wallet\src\de\schildbach\wallet\ui\HelpDialogFragment.java,HelpDialogFragment,65,4,5,0,0,false,false,3,false,false,0,6,9,3,0,false,false,false,true,false,public,4,1,0,false,,
\wallet\src\de\schildbach\wallet\ui\InputParser.StreamInputParser.java,StreamInputParser,67,2,2,0,0,false,false,3,true,false,1,1,9,6,0,true,false,true,true,false,public,1,0,1,true,,
\wallet\src\de\schildbach\wallet\ui\InputParser.BinaryInputParser.java,BinaryInputParser,62,2,2,0,0,false,false,3,true,false,1,1,6,3,0,true,false,true,true,false,public,1,0,1,true,,
\wallet\src\de\schildbach\wallet\ui\InputParser.StringInputParser.java,StringInputParser,106,1,2,0,0,false,false,3,true,false,2,1,16,9,0,true,false,true,true,false,public,1,0,1,true,,
\wallet\src\de\schildbach\wallet\ui\InputParser.java,InputParser,117,2,4,0,0,false,false,2,true,false,6,8,25,14,0,false,false,false,true,false,public,1,0,3,true,,
\wallet\src\de\schildbach\wallet\ui\MaybeMaintenanceFragment.java,MaybeMaintenanceFragment,47,2,2,0,0,false,false,3,false,false,2,2,5,5,0,false,false,false,true,false,public,2,0,0,false,,
\wallet\src\de\schildbach\wallet\ui\MaybeMaintenanceViewModel.WalletMaintenanceRecommendedLiveData.java,WalletMaintenanceRecommendedLiveData,53,0,2,0,0,false,false,5,false,false,0,1,9,2,0,true,false,true,true,false,public,0,0,2,false,,
\wallet\src\de\schildbach\wallet\ui\ProgressDialogFragment.Observer.java,Observer,43,1,1,0,0,false,false,1,true,false,2,1,3,1,0,true,false,true,true,false,public,1,0,0,false,,
\wallet\src\de\schildbach\wallet\ui\MaybeMaintenanceViewModel.java,MaybeMaintenanceViewModel,51,4,3,1,1,false,false,4,false,false,1,0,5,4,0,false,false,false,true,false,public,2,1,0,false,,
\wallet\src\de\schildbach\wallet\ui\ProgressDialogFragment.java,ProgressDialogFragment,47,3,3,0,0,false,false,3,false,false,0,3,6,1,0,false,false,false,true,false,public,3,0,0,false,,
\wallet\src\de\schildbach\wallet\ui\ReportIssueDialogBuilder.java,ReportIssueDialogBuilder,192,7,7,0,0,false,false,4,true,false,11,5,25,23,0,false,false,false,true,false,public,1,1,5,true,,
\wallet\src\de\schildbach\wallet\ui\ReportIssueViewModel.java,ReportIssueViewModel,33,2,0,0,0,false,false,4,false,false,0,0,4,0,0,false,false,false,true,false,public,0,0,0,false,,
\wallet\src\de\schildbach\wallet\ui\RequestCoinsActivityViewModel.java,RequestCoinsActivityViewModel,25,1,0,0,0,false,false,5,false,false,0,0,2,0,0,false,false,false,true,false,public,0,0,0,false,,
\wallet\src\de\schildbach\wallet\ui\RequestCoinsActivity.java,RequestCoinsActivity,76,3,6,0,0,false,false,3,false,false,2,6,12,3,0,false,false,false,true,false,public,5,0,1,false,,
\wallet\src\de\schildbach\wallet\ui\ReportIssueDialogFragment.java,ReportIssueDialogFragment,295,11,9,0,0,false,false,4,false,false,7,16,39,49,0,false,false,false,true,false,public,5,4,0,false,,
\wallet\src\de\schildbach\wallet\ui\RequestCoinsViewModel.FreshReceiveAddressLiveData.java,FreshReceiveAddressLiveData,55,1,4,1,0,false,false,5,false,false,1,3,7,2,0,true,false,true,true,false,public,2,1,1,false,,
\wallet\src\de\schildbach\wallet\ui\RequestCoinsFragment.java,RequestCoinsFragment,319,15,20,0,0,false,false,3,false,false,15,18,47,36,0,false,false,false,true,false,public,12,8,0,false,,
\wallet\src\de\schildbach\wallet\ui\RequestCoinsViewModel.java,RequestCoinsViewModel,101,11,4,0,0,false,false,4,false,false,4,4,19,20,0,false,false,false,true,false,public,0,4,0,false,,
\wallet\src\de\schildbach\wallet\ui\SendCoinsQrActivity.java,SendCoinsQrActivity,78,1,2,0,0,false,false,4,false,false,3,4,14,5,0,false,false,false,true,false,public,1,0,1,false,,
\wallet\src\de\schildbach\wallet\ui\SendingAddressesViewModel.AddressesToExcludeLiveData.java,AddressesToExcludeLiveData,54,0,2,0,0,false,false,5,false,false,0,1,13,5,0,true,false,true,true,false,public,0,1,1,false,,
\wallet\src\de\schildbach\wallet\ui\SendingAddressesViewModel.ClipLiveData.java,ClipLiveData,48,1,4,1,0,false,false,3,false,false,0,1,6,1,0,true,false,true,true,false,public,2,0,2,false,,
\wallet\src\de\schildbach\wallet\ui\SendingAddressesViewModel.java,SendingAddressesViewModel,46,7,0,0,0,false,false,4,false,false,0,0,10,0,0,false,false,false,true,false,public,0,0,0,false,,
\wallet\src\de\schildbach\wallet\ui\ShowPasswordCheckListener.java,ShowPasswordCheckListener,37,1,1,0,0,false,false,4,true,false,0,2,5,1,0,false,false,false,true,false,public,1,0,0,false,,
\wallet\src\de\schildbach\wallet\ui\StickToTopLinearLayoutManager.java,StickToTopLinearLayoutManager,34,0,1,0,0,false,false,6,true,false,1,3,3,0,0,false,false,false,true,false,public,1,0,0,false,,
\wallet\src\de\schildbach\wallet\ui\TransactionsAdapter.ChangeType.java,ChangeType,23,8,0,0,0,false,false,2,false,false,0,0,0,0,0,false,false,true,false,true,private,0,0,0,false,,
\wallet\src\de\schildbach\wallet\ui\TransactionsAdapter.ItemAnimator.java,ItemAnimator,35,0,1,0,0,false,false,2,true,false,1,2,4,0,0,true,false,true,true,false,public,1,0,0,false,,
\wallet\src\de\schildbach\wallet\ui\SendingAddressesFragment.java,SendingAddressesFragment,295,7,12,0,1,false,false,3,false,false,11,17,44,38,0,false,false,false,true,false,public,7,5,0,false,,
\wallet\src\de\schildbach\wallet\ui\TransactionsAdapter.OnClickListener.java,OnClickListener,27,0,0,0,0,false,false,3,true,false,0,0,2,0,0,false,true,true,false,false,public,0,0,0,false,,
\wallet\src\de\schildbach\wallet\ui\TransactionsAdapter.WarningType.java,WarningType,23,3,0,0,0,false,false,2,false,false,0,0,0,0,0,false,false,true,false,true,public,0,0,0,false,,
\wallet\src\de\schildbach\wallet\ui\TransactionsAdapter.WarningViewHolder.java,WarningViewHolder,31,1,0,0,0,false,false,3,true,false,0,0,4,0,0,true,false,true,true,false,public,0,0,0,false,,
\wallet\src\de\schildbach\wallet\ui\TransactionsAdapter.TransactionViewHolder.java,TransactionViewHolder,160,18,9,0,0,false,false,3,true,false,1,9,9,1,0,true,false,true,true,false,public,1,8,0,false,,
\wallet\src\de\schildbach\wallet\ui\TransactionsAdapter.ListItem.java,ListItem,334,0,0,0,0,false,false,2,false,false,8,0,30,30,0,true,false,true,true,false,public,0,0,0,false,,
\wallet\src\de\schildbach\wallet\ui\WalletActivity.QuickReturnBehavior.java,QuickReturnBehavior,37,0,2,0,0,false,false,3,true,false,0,14,4,1,0,true,false,true,true,false,private,2,0,0,false,,
\wallet\src\de\schildbach\wallet\ui\WalletActionsFragment.java,WalletActionsFragment,68,1,4,0,0,false,false,3,false,false,1,4,13,5,0,false,false,false,true,false,public,3,1,0,false,,
\wallet\src\de\schildbach\wallet\ui\WalletActivityViewModel.EnterAnimationState.java,EnterAnimationState,23,3,0,0,0,false,false,3,false,false,0,0,0,0,0,false,false,true,false,true,public,0,0,0,false,,
\wallet\src\de\schildbach\wallet\ui\TransactionsAdapter.java,TransactionsAdapter,325,8,5,0,1,false,true,2,true,false,50,16,23,17,0,false,false,false,true,false,public,5,0,0,false,,
\wallet\src\de\schildbach\wallet\ui\WalletActivityViewModel.WalletEncryptedLiveData.java,WalletEncryptedLiveData,42,0,2,0,0,false,false,4,false,false,0,1,5,2,0,true,false,true,true,false,public,0,0,2,false,,
\wallet\src\de\schildbach\wallet\ui\WalletActivityViewModel.WalletLegacyFallbackLiveData.java,WalletLegacyFallbackLiveData,44,0,2,0,0,false,false,5,false,false,0,1,6,3,0,true,false,true,true,false,public,0,0,2,false,,
\wallet\src\de\schildbach\wallet\ui\WalletActivityViewModel.java,WalletActivityViewModel,79,11,7,0,0,false,false,4,false,false,3,0,5,2,0,false,false,false,true,false,public,6,1,0,false,,
\wallet\src\de\schildbach\wallet\ui\WalletActivity.java,WalletActivity,430,7,13,0,0,false,false,2,false,false,18,11,47,61,0,false,false,false,true,false,public,7,2,4,false,,
\wallet\src\de\schildbach\wallet\ui\WalletAddressDialogFragment.java,WalletAddressDialogFragment,112,5,5,0,0,false,false,4,false,false,2,8,23,7,0,false,false,false,true,false,public,4,1,0,false,,
\wallet\src\de\schildbach\wallet\ui\WalletAddressFragment.java,WalletAddressFragment,98,7,4,0,0,false,false,3,false,false,2,6,19,6,0,false,false,false,true,false,public,3,1,0,false,,
\wallet\src\de\schildbach\wallet\ui\WalletAddressViewModel.CurrentAddressLiveData.java,CurrentAddressLiveData,89,1,5,0,0,false,false,4,false,false,0,4,13,2,0,true,false,true,true,false,public,0,2,3,false,,
\wallet\src\de\schildbach\wallet\ui\WalletAddressViewModel.java,WalletAddressViewModel,65,6,3,0,0,false,false,4,false,false,2,2,12,8,0,false,false,false,true,false,public,0,3,0,false,,
\wallet\src\de\schildbach\wallet\ui\WalletAddressesAdapter.java,WalletAddressesAdapter,164,8,13,2,6,false,false,3,true,false,9,13,19,10,0,false,false,false,true,false,public,11,2,0,false,,
\wallet\src\de\schildbach\wallet\ui\WalletAddressesFragment.java,WalletAddressesFragment,166,7,5,0,0,false,false,3,false,false,2,10,31,19,0,false,false,false,true,false,public,5,0,0,false,,
\wallet\src\de\schildbach\wallet\ui\WalletAddressesViewModel.ImportedAddressesLiveData.java,ImportedAddressesLiveData,71,0,4,0,0,false,false,4,false,false,2,3,13,4,0,true,false,true,true,false,public,1,1,2,false,,
\wallet\src\de\schildbach\wallet\ui\WalletAddressesViewModel.IssuedReceiveAddressesLiveData.java,IssuedReceiveAddressesLiveData,52,0,4,0,0,false,false,5,false,false,0,3,9,1,0,true,false,true,true,false,public,1,1,2,false,,
\wallet\src\de\schildbach\wallet\ui\WalletAddressesViewModel.java,WalletAddressesViewModel,51,8,0,0,0,false,false,4,false,false,0,0,12,1,0,false,false,false,true,false,public,0,0,0,false,,
\wallet\src\de\schildbach\wallet\ui\WalletBalanceViewModel.java,WalletBalanceViewModel,44,3,2,0,2,false,false,4,false,false,2,0,5,0,0,false,false,false,true,false,public,2,0,0,false,,
\wallet\src\de\schildbach\wallet\ui\WalletBalanceFragment.java,WalletBalanceFragment,198,12,9,0,0,false,false,3,false,false,11,11,26,18,0,false,false,false,true,false,public,7,2,0,false,,
\wallet\src\de\schildbach\wallet\ui\WalletDisclaimerViewModel.DisclaimerEnabledLiveData.java,DisclaimerEnabledLiveData,46,1,3,0,0,false,false,4,false,false,1,2,5,3,0,true,false,true,true,false,public,1,0,2,false,,
\wallet\src\de\schildbach\wallet\ui\WalletDisclaimerFragment.java,WalletDisclaimerFragment,90,5,4,0,0,false,false,3,false,false,5,5,17,7,0,false,false,false,true,false,public,3,1,0,false,,
\wallet\src\de\schildbach\wallet\ui\WalletDisclaimerViewModel.java,WalletDisclaimerViewModel,36,2,1,0,1,false,false,4,false,false,1,0,3,0,0,false,false,false,true,false,public,1,0,0,false,,
\wallet\src\de\schildbach\wallet\ui\WalletTransactionsViewModel.Direction.java,Direction,23,2,0,0,0,false,false,1,false,false,0,0,0,0,0,false,false,true,false,true,public,0,0,0,false,,
\wallet\src\de\schildbach\wallet\ui\WalletTransactionsViewModel.TransactionsConfidenceLiveData.java,TransactionsConfidenceLiveData,48,0,4,0,0,false,false,4,false,false,0,4,6,0,0,true,false,true,true,false,private,1,0,3,false,,
\wallet\src\de\schildbach\wallet\ui\WalletTransactionsViewModel.TransactionsLiveData.java,TransactionsLiveData,90,2,5,0,0,false,false,3,false,false,0,4,13,1,0,true,false,true,true,false,public,0,2,3,false,,
\wallet\src\de\schildbach\wallet\ui\WalletTransactionsFragment.java,WalletTransactionsFragment,329,15,12,0,0,false,false,3,false,false,15,15,44,54,0,false,false,false,true,false,public,10,2,0,false,,
\wallet\src\de\schildbach\wallet\ui\send\DecodePrivateKeyTask.java,DecodePrivateKeyTask,44,2,1,0,0,false,false,4,false,false,0,2,4,4,0,false,false,false,true,false,public,1,0,0,true,,
\wallet\src\de\schildbach\wallet\ui\WalletTransactionsViewModel.java,WalletTransactionsViewModel,128,14,5,3,1,false,false,4,false,false,4,3,27,29,0,false,false,false,true,false,public,4,1,0,false,,
\wallet\src\de\schildbach\wallet\ui\send\DeriveKeyTask.java,DeriveKeyTask,77,4,1,0,0,false,false,3,false,false,2,2,12,7,0,false,false,false,true,false,public,1,0,0,true,,
\wallet\src\de\schildbach\wallet\ui\send\FeeCategory.java,FeeCategory,35,3,0,0,0,false,false,2,false,false,0,0,0,0,0,false,false,false,false,true,public,0,0,0,false,,
\wallet\src\de\schildbach\wallet\ui\send\MaintenanceDialogFragment.State.java,State,23,3,0,0,0,false,false,1,false,false,0,0,0,0,0,false,false,true,false,true,private,0,0,0,false,,
\wallet\src\de\schildbach\wallet\ui\send\RaiseFeeDialogFragment.State.java,State,23,3,0,0,0,false,false,1,false,false,0,0,0,0,0,false,false,true,false,true,private,0,0,0,false,,
\wallet\src\de\schildbach\wallet\ui\send\MaintenanceDialogFragment.java,MaintenanceDialogFragment,243,15,13,0,0,false,false,3,false,false,5,6,38,25,0,false,false,false,true,false,public,7,6,0,false,,
\wallet\src\de\schildbach\wallet\ui\send\RaiseFeeViewModel.java,RaiseFeeViewModel,37,2,1,0,1,false,false,4,false,false,1,0,4,0,0,false,false,false,true,false,public,1,0,0,false,,
\wallet\src\de\schildbach\wallet\ui\send\RequestPaymentRequestTask.BluetoothRequestTask.java,BluetoothRequestTask,83,1,1,0,0,false,false,3,false,false,1,1,14,9,0,true,false,true,true,false,public,1,0,0,false,,
\wallet\src\de\schildbach\wallet\ui\send\RaiseFeeDialogFragment.java,RaiseFeeDialogFragment,267,20,13,0,0,false,false,4,false,false,9,13,40,27,0,false,false,false,true,false,public,7,6,0,false,,
\wallet\src\de\schildbach\wallet\ui\send\RequestPaymentRequestTask.ResultCallback.java,ResultCallback,25,0,0,0,0,false,false,2,false,false,0,0,1,0,0,false,true,true,false,false,public,0,0,0,false,,
\wallet\src\de\schildbach\wallet\ui\send\RequestPaymentRequestTask.HttpRequestTask.java,HttpRequestTask,85,1,1,0,0,false,false,3,false,false,2,1,14,14,0,true,false,true,true,false,public,1,0,0,false,,
\wallet\src\de\schildbach\wallet\ui\send\RequestPaymentRequestTask.java,RequestPaymentRequestTask,43,4,2,0,0,false,false,4,false,false,0,3,5,3,0,false,false,false,true,false,public,0,0,2,true,,
\wallet\src\de\schildbach\wallet\ui\send\SendCoinsActivityViewModel.java,SendCoinsActivityViewModel,26,1,0,0,0,false,false,5,false,false,0,0,3,0,0,false,false,false,true,false,public,0,0,0,false,,
\wallet\src\de\schildbach\wallet\ui\send\SendCoinsActivity.java,SendCoinsActivity,89,4,6,0,0,false,false,3,false,false,3,13,18,3,0,false,false,false,true,false,public,5,0,1,false,,
\wallet\src\de\schildbach\wallet\ui\send\SendCoinsFragment.ReceivingAddressListener.java,ReceivingAddressListener,65,0,5,0,0,false,false,3,true,false,2,15,9,4,0,false,false,true,true,false,private,5,0,0,false,,
\wallet\src\de\schildbach\wallet\ui\send\SendCoinsFragment.ReceivingAddressViewAdapter.java,ReceivingAddressViewAdapter,77,1,2,0,2,false,false,4,true,false,3,3,13,6,0,false,false,true,true,false,private,2,0,0,false,,
\wallet\src\de\schildbach\wallet\ui\send\SendCoinsViewModel.State.java,State,25,7,0,0,0,false,false,1,false,false,0,0,0,0,0,false,false,true,false,true,public,0,0,0,false,,
\wallet\src\de\schildbach\wallet\ui\send\SendCoinsOfflineTask.java,SendCoinsOfflineTask,88,4,2,0,0,false,false,4,false,false,2,1,14,15,0,false,false,false,true,false,public,1,0,1,true,,
\wallet\src\de\schildbach\wallet\ui\send\SweepWalletActivity.java,SweepWalletActivity,44,1,3,0,0,false,false,3,false,false,0,4,7,0,0,false,false,false,true,false,public,3,0,0,false,,
\wallet\src\de\schildbach\wallet\ui\send\SendCoinsViewModel.java,SendCoinsViewModel,70,15,0,0,0,false,false,4,false,false,0,0,17,1,0,false,false,false,true,false,public,0,0,0,false,,
\wallet\src\de\schildbach\wallet\ui\send\SweepWalletFragment.FakeTransaction.java,FakeTransaction,39,1,2,0,2,false,false,2,false,false,0,0,3,0,0,true,false,true,true,false,private,2,0,0,false,,
\wallet\src\de\schildbach\wallet\ui\send\SweepWalletViewModel.State.java,State,25,6,0,0,0,false,false,1,false,false,0,0,0,0,0,false,false,true,false,true,public,0,0,0,false,,
\wallet\src\de\schildbach\wallet\ui\send\SweepWalletViewModel.java,SweepWalletViewModel,47,7,1,0,1,false,false,4,false,false,1,0,9,0,0,false,false,false,true,false,public,1,0,0,false,,
\wallet\src\de\schildbach\wallet\ui\scan\ScanActivity.AutoFocusRunnable.java,AutoFocusRunnable,42,2,1,0,0,false,false,3,false,false,0,0,1,1,0,false,false,true,true,false,private,1,0,0,false,,
\wallet\src\de\schildbach\wallet\ui\scan\ScanActivity.WarnDialogFragment.java,WarnDialogFragment,49,1,3,0,0,false,false,3,false,false,0,5,6,5,0,true,false,true,true,false,public,3,0,0,false,,
\wallet\src\de\schildbach\wallet\ui\send\SweepWalletFragment.java,SweepWalletFragment,488,26,15,1,0,false,false,3,false,false,26,13,66,55,0,false,false,false,true,false,public,7,8,0,false,,
\wallet\src\de\schildbach\wallet\ui\scan\CameraManager.java,CameraManager,251,11,15,3,5,false,false,2,true,false,20,15,16,24,0,false,false,false,true,false,public,9,6,0,false,,
\wallet\src\de\schildbach\wallet\ui\send\SendCoinsFragment.java,SendCoinsFragment,1042,41,33,1,0,false,false,3,false,false,66,27,91,161,0,false,false,false,true,false,public,12,21,0,false,,
\wallet\src\de\schildbach\wallet\ui\scan\ScanViewModel.java,ScanViewModel,28,3,0,0,0,false,false,3,false,false,0,0,3,0,0,false,false,false,true,false,public,0,0,0,false,,
\wallet\src\de\schildbach\wallet\ui\preference\AboutFragment.ApkHashFragment.java,ApkHashFragment,44,0,1,0,0,false,false,3,false,false,0,1,9,3,0,true,false,true,true,false,public,1,0,0,false,,
\wallet\src\de\schildbach\wallet\ui\scan\ScanActivity.java,ScanActivity,341,19,18,0,0,false,false,2,false,false,10,23,49,36,0,false,false,false,true,false,public,13,2,3,false,,
\wallet\src\de\schildbach\wallet\ui\scan\ScannerView.java,ScannerView,128,13,4,2,0,false,false,2,false,false,3,8,17,10,0,false,false,false,true,false,public,4,0,0,false,,
\wallet\src\de\schildbach\wallet\ui\preference\AboutFragment.java,AboutFragment,70,5,2,0,0,false,false,2,false,false,2,2,12,5,0,false,false,false,true,false,public,2,0,0,false,,
\wallet\src\de\schildbach\wallet\ui\preference\DiagnosticsFragment.java,DiagnosticsFragment,92,6,5,0,0,false,false,2,false,false,1,4,17,12,0,false,false,false,true,false,public,3,2,0,false,,
\wallet\src\de\schildbach\wallet\ui\preference\ExtendedPublicKeyFragment.java,ExtendedPublicKeyFragment,78,4,4,0,0,false,false,4,false,false,0,5,15,5,0,false,false,false,true,false,public,3,1,0,false,,
\wallet\src\de\schildbach\wallet\ui\preference\PreferenceActivity.java,PreferenceActivity,43,0,3,0,0,false,false,2,false,false,1,3,3,4,0,false,false,false,true,false,public,2,0,1,false,,
\wallet\src\de\schildbach\wallet\ui\preference\ResolveDnsTask.java,ResolveDnsTask,44,2,1,0,0,false,false,3,false,false,0,1,4,4,0,false,false,false,true,false,public,1,0,0,true,,
\wallet\src\de\schildbach\wallet\ui\preference\SettingsFragment.java,SettingsFragment,123,10,5,0,0,false,false,2,false,false,4,4,20,14,0,false,false,false,true,false,public,4,1,0,false,,
\wallet\src\de\schildbach\wallet\ui\monitor\BlockListAdapter.OnClickListener.java,OnClickListener,25,0,0,0,0,false,false,3,true,false,0,0,2,0,0,false,true,true,false,false,public,0,0,0,false,,
\wallet\src\de\schildbach\wallet\ui\monitor\BlockListAdapter.ListItem.java,ListItem,115,7,2,0,0,false,false,2,false,false,7,2,20,14,0,true,false,true,true,false,public,0,2,0,false,,
\wallet\src\de\schildbach\wallet\ui\monitor\BlockListAdapter.ViewHolder.java,ViewHolder,45,7,0,0,0,false,false,2,true,false,0,0,6,0,0,true,false,true,true,false,public,0,0,0,false,,
\wallet\src\de\schildbach\wallet\ui\monitor\BlockListAdapter.java,BlockListAdapter,120,4,4,0,0,false,true,3,true,false,3,14,23,5,0,false,false,false,true,false,public,3,1,0,false,,
\wallet\src\de\schildbach\wallet\ui\monitor\BlockListFragment.java,BlockListFragment,114,8,5,0,0,false,false,3,false,false,2,7,26,15,0,false,false,false,true,false,public,4,1,0,false,,
\wallet\src\de\schildbach\wallet\ui\monitor\BlockListViewModel.TransactionsLiveData.java,TransactionsLiveData,55,0,2,0,0,false,false,3,false,false,2,1,10,4,0,true,false,true,true,false,public,1,0,1,false,,
\wallet\src\de\schildbach\wallet\ui\monitor\BlockListViewModel.java,BlockListViewModel,72,8,4,0,3,false,false,4,false,false,4,0,13,5,0,false,false,false,true,false,public,3,1,0,false,,
\wallet\src\de\schildbach\wallet\ui\monitor\NetworkMonitorActivity.PagerAdapter.java,PagerAdapter,39,0,2,0,2,false,false,2,true,false,1,1,3,0,0,false,false,true,true,false,private,2,0,0,false,,
\wallet\src\de\schildbach\wallet\ui\monitor\NetworkMonitorActivity.java,NetworkMonitorActivity,51,2,1,0,0,false,false,3,false,false,1,1,6,0,0,false,false,false,true,false,public,0,0,1,false,,
\wallet\src\de\schildbach\wallet\ui\monitor\PeerListAdapter.ListItem.java,ListItem,50,8,0,0,0,false,false,2,false,false,0,0,7,5,0,true,false,true,true,false,public,0,0,0,false,,
\wallet\src\de\schildbach\wallet\ui\monitor\PeerListAdapter.ViewHolder.java,ViewHolder,41,6,0,0,0,false,false,2,true,false,0,0,4,0,0,true,false,true,true,false,public,0,0,0,false,,
\wallet\src\de\schildbach\wallet\ui\monitor\PeerListAdapter.java,PeerListAdapter,81,1,3,0,0,false,true,3,true,false,3,7,13,3,0,false,false,false,true,false,public,3,0,0,false,,
\wallet\src\de\schildbach\wallet\ui\monitor\PeerListFragment.java,PeerListFragment,77,5,4,0,0,false,false,3,false,false,2,5,15,6,0,false,false,false,true,false,public,3,1,0,false,,
\wallet\src\de\schildbach\wallet\ui\monitor\PeerListViewModel.HostnamesLiveData.java,HostnamesLiveData,45,1,1,0,0,false,false,3,false,false,1,1,7,3,0,true,false,true,true,false,public,1,0,0,false,,
\wallet\src\de\schildbach\wallet\ui\monitor\PeerListViewModel.java,PeerListViewModel,52,4,2,0,1,false,false,4,false,false,2,0,8,5,0,false,false,false,true,false,public,1,1,0,false,,
\wallet\src\de\schildbach\wallet\ui\backup\BackupWalletActivity.java,BackupWalletActivity,36,0,2,0,0,false,false,3,false,false,0,2,5,1,0,false,false,false,true,false,public,1,0,1,false,,
\wallet\src\de\schildbach\wallet\ui\backup\BackupWalletDialogFragment.ErrorDialogFragment.java,ErrorDialogFragment,54,3,3,0,0,false,false,3,false,false,0,4,8,4,0,true,false,true,true,false,public,3,0,0,false,,
\wallet\src\de\schildbach\wallet\ui\backup\BackupWalletDialogFragment.SuccessDialogFragment.java,SuccessDialogFragment,55,3,3,0,0,false,false,3,false,false,0,4,9,3,0,true,false,true,true,false,public,3,0,0,false,,
\wallet\src\de\schildbach\wallet\ui\backup\BackupWalletViewModel.java,BackupWalletViewModel,35,3,0,0,0,false,false,4,false,false,0,0,5,0,0,false,false,false,true,false,public,0,0,0,false,,
\wallet\src\de\schildbach\wallet\ui\backup\FileAdapter.java,FileAdapter,52,2,2,1,1,false,false,2,true,false,1,4,9,1,0,false,false,false,true,false,public,2,0,0,true,,
\wallet\src\de\schildbach\wallet\ui\backup\BackupWalletDialogFragment.java,BackupWalletDialogFragment,277,13,10,0,0,false,false,4,false,false,6,9,50,39,0,false,false,false,true,false,public,7,3,0,false,,
\wallet\src\de\schildbach\wallet\ui\backup\ImportDialogButtonEnablerListener.java,ImportDialogButtonEnablerListener,69,2,8,0,0,false,false,5,true,false,0,14,9,1,0,false,false,false,true,false,public,6,0,2,false,,
\wallet\src\de\schildbach\wallet\ui\backup\RestoreWalletDialogFragment.FailureDialogFragment.java,FailureDialogFragment,67,4,3,0,0,false,false,3,false,false,2,5,10,6,0,true,false,true,true,false,public,3,0,0,false,,
\wallet\src\de\schildbach\wallet\ui\backup\RestoreWalletDialogFragment.SuccessDialogFragment.java,SuccessDialogFragment,65,3,3,0,0,false,false,3,false,false,1,4,9,3,0,true,false,true,true,false,public,3,0,0,false,,
\wallet\src\de\schildbach\wallet\ui\backup\RestoreWalletFromExternalActivity.java,RestoreWalletFromExternalActivity,34,1,1,0,0,false,false,5,false,false,0,1,5,1,0,false,false,false,true,false,public,0,0,1,false,,
\wallet\src\de\schildbach\wallet\ui\backup\RestoreWalletDialogFragment.java,RestoreWalletDialogFragment,232,14,9,0,0,false,false,4,false,false,8,12,40,23,0,false,false,false,true,false,public,6,3,0,false,,
\wallet\src\de\schildbach\wallet\ui\backup\RestoreWalletViewModel.java,RestoreWalletViewModel,40,6,0,0,0,false,false,4,false,false,0,0,7,0,0,false,false,false,true,false,public,0,0,0,false,,
\wallet\src\de\schildbach\wallet\service\BlockchainService.BlockchainDownloadListener.java,BlockchainDownloadListener,63,3,3,0,0,false,false,3,true,false,3,6,7,7,0,false,false,true,true,false,private,3,0,0,false,,
\wallet\src\de\schildbach\wallet\service\BlockchainService.ImpedimentsLiveData.java,ImpedimentsLiveData,99,4,3,0,0,false,false,3,false,false,8,1,11,11,0,true,false,true,true,false,private,0,1,2,false,,
\wallet\src\de\schildbach\wallet\service\BlockchainService.LocalBinder.java,LocalBinder,26,0,1,0,1,false,false,2,true,false,0,0,1,0,0,false,false,true,true,false,public,1,0,0,false,,
\wallet\src\de\schildbach\wallet\service\BlockchainService.NewTransactionLiveData.java,NewTransactionLiveData,56,2,2,0,0,false,false,4,false,false,0,0,7,0,0,true,false,true,true,false,private,0,0,2,false,,
\wallet\src\de\schildbach\wallet\service\BlockchainService.PeerConnectivityListener.java,PeerConnectivityListener,49,1,4,0,0,false,false,3,true,false,1,5,5,2,0,false,false,true,true,false,private,3,1,0,false,,
\wallet\src\de\schildbach\wallet\service\BlockchainState.Impediment.java,Impediment,23,2,0,0,0,false,false,1,false,false,0,0,0,0,0,false,false,true,false,true,public,0,0,0,false,,
\wallet\src\de\schildbach\wallet\service\BlockchainState.java,BlockchainState,36,4,0,0,0,false,false,2,false,false,0,0,3,0,0,false,false,false,true,false,public,0,0,0,false,,
\wallet\src\de\schildbach\wallet\service\BootstrapReceiver.java,BootstrapReceiver,168,4,7,0,0,false,false,2,true,false,8,11,21,21,0,false,false,false,true,false,public,1,6,0,false,,
\wallet\src\de\schildbach\wallet\service\StartBlockchainService.java,StartBlockchainService,93,2,4,0,0,false,false,3,false,false,6,4,16,5,0,false,false,false,true,false,public,4,0,0,false,,
\wallet\src\de\schildbach\wallet\service\BlockchainService.java,BlockchainService,561,34,19,0,3,false,false,2,false,false,36,20,71,93,0,false,false,false,true,false,public,12,7,0,false,,
\wallet\src\de\schildbach\wallet\offline\AcceptBluetoothThread.ClassicBluetoothThread.java,ClassicBluetoothThread,66,0,1,0,0,false,false,3,false,false,1,0,9,6,0,true,false,true,true,false,public,1,0,0,true,,
\wallet\src\de\schildbach\wallet\offline\AcceptBluetoothService.java,AcceptBluetoothService,145,11,5,0,0,false,false,3,false,false,4,5,24,21,0,false,false,false,true,false,public,4,1,0,false,,
\wallet\src\de\schildbach\wallet\offline\AcceptBluetoothThread.PaymentProtocolThread.java,PaymentProtocolThread,64,0,1,0,0,false,false,3,false,false,1,0,11,4,0,true,false,true,true,false,public,1,0,0,true,,
\wallet\src\de\schildbach\wallet\offline\AcceptBluetoothThread.java,AcceptBluetoothThread,44,3,1,0,0,false,false,3,false,false,0,0,6,1,0,false,false,false,true,false,public,1,0,0,true,,
\wallet\src\de\schildbach\wallet\offline\DirectPaymentTask.BluetoothPaymentTask.java,BluetoothPaymentTask,69,2,1,0,0,false,false,3,false,false,1,1,12,8,0,true,false,true,true,false,public,1,0,0,false,,
\wallet\src\de\schildbach\wallet\offline\DirectPaymentTask.HttpPaymentTask.java,HttpPaymentTask,97,2,1,0,0,false,false,3,false,false,2,1,17,17,0,true,false,true,true,false,public,1,0,0,false,,
\wallet\src\de\schildbach\wallet\offline\DirectPaymentTask.ResultCallback.java,ResultCallback,24,0,0,0,0,false,false,2,false,false,0,0,0,0,0,false,true,true,false,false,public,0,0,0,false,,
\wallet\src\de\schildbach\wallet\offline\DirectPaymentTask.java,DirectPaymentTask,43,4,2,0,0,false,false,3,false,false,0,3,5,3,0,false,false,false,true,false,public,0,0,2,true,,
\wallet\src\de\schildbach\wallet\data\AddressBookDao.java,AddressBookDao,42,0,0,0,0,false,false,3,false,false,0,0,7,0,0,false,true,false,false,false,public,0,0,0,false,,
\wallet\src\de\schildbach\wallet\data\AddressBookEntry.java,AddressBookEntry,54,2,3,0,2,false,false,3,false,false,1,1,7,1,0,false,false,false,true,false,public,3,0,0,false,,
\wallet\src\de\schildbach\wallet\data\AppDatabase.java,AppDatabase,53,2,1,0,1,true,false,2,false,false,2,1,6,2,0,false,false,false,true,false,public,1,0,0,true,,
\wallet\src\de\schildbach\wallet\data\BlockchainServiceLiveData.java,BlockchainServiceLiveData,49,1,4,0,0,false,false,4,false,false,0,3,7,1,0,false,false,false,true,false,public,2,0,2,false,,
\wallet\src\de\schildbach\wallet\data\ConfigFormatLiveData.java,ConfigFormatLiveData,46,1,3,0,0,false,false,4,false,false,1,2,5,3,0,false,false,false,true,false,public,1,0,2,false,,
\wallet\src\de\schildbach\wallet\data\ConfigOwnNameLiveData.java,ConfigOwnNameLiveData,45,1,3,0,0,false,false,5,false,false,1,2,4,3,0,false,false,false,true,false,public,1,0,2,false,,
\wallet\src\de\schildbach\wallet\data\ExchangeRate.java,ExchangeRate,37,2,2,0,1,false,false,2,false,false,0,0,1,1,0,false,false,false,true,false,public,2,0,0,false,,
\wallet\src\de\schildbach\wallet\data\DynamicFeeLiveData.java,DynamicFeeLiveData,189,6,4,0,0,false,false,4,false,false,10,5,34,33,0,false,false,false,true,false,public,0,3,1,false,,
\wallet\src\de\schildbach\wallet\data\PaymentIntent.Output.java,Output,97,3,5,0,0,false,false,1,false,false,1,3,9,8,0,true,false,true,true,false,public,5,0,0,false,,
\wallet\src\de\schildbach\wallet\data\PaymentIntent.Standard.java,Standard,23,2,0,0,0,false,false,1,false,false,0,0,0,0,0,false,false,true,false,true,public,0,0,0,false,,
\wallet\src\de\schildbach\wallet\data\ExchangeRatesProvider.java,ExchangeRatesProvider,247,14,12,0,2,false,false,3,true,false,17,21,35,41,0,false,false,false,true,false,public,8,4,0,false,,
\wallet\src\de\schildbach\wallet\data\SelectedExchangeRateLiveData.java,SelectedExchangeRateLiveData,66,2,4,0,0,false,false,5,false,false,2,2,7,8,0,false,false,false,true,false,public,1,1,2,false,,
\wallet\src\de\schildbach\wallet\data\ThrottelingLiveData.java,ThrottelingLiveData,57,4,3,0,0,false,false,3,false,false,1,0,3,4,0,false,false,false,true,false,public,0,0,3,true,,
\wallet\src\de\schildbach\wallet\data\TimeLiveData.java,TimeLiveData,48,2,2,0,0,false,false,3,false,false,0,0,7,0,0,false,false,false,true,false,public,0,0,2,false,,
\wallet\src\de\schildbach\wallet\data\WalletBalanceLiveData.WalletListener.java,WalletListener,48,0,4,0,0,false,false,2,true,false,0,10,7,0,0,false,false,true,true,false,private,4,0,0,false,,
\wallet\src\de\schildbach\wallet\data\PaymentIntent.java,PaymentIntent,346,12,31,0,2,false,false,2,false,false,26,18,20,26,0,false,false,false,true,false,public,29,2,0,false,,
\wallet\src\de\schildbach\wallet\data\WalletBalanceLiveData.java,WalletBalanceLiveData,80,3,6,0,0,false,false,4,false,false,1,6,10,2,0,false,false,false,true,false,public,1,2,3,false,,
\wallet\src\de\schildbach\wallet\data\WalletLiveData.java,WalletLiveData,31,0,1,0,0,false,false,3,false,false,0,1,2,0,0,false,false,false,true,false,public,0,0,1,false,,
\sample-integration-android\src\de\schildbach\wallet\integration\sample\SampleActivity.java,SampleActivity,115,7,5,0,0,false,false,2,false,false,4,4,18,18,0,false,false,false,true,false,public,0,3,2,false,,
\integration-android\src\de\schildbach\wallet\integration\android\BitcoinIntegration.java,BitcoinIntegration,237,5,16,0,0,false,false,2,false,false,5,33,6,5,0,false,false,false,true,false,public,11,5,0,false,,
