index,fullpathname,classname,loc,numAttr,numMethod,setters,getters,isPersist,isCollection,numWordName,isOrEr,isController,numIfs,numParameters,numImports,numOutboundInvocation,isStaticClass,isInterface,isInnerClass,isClass,isEnum,classPublicity,numPublicMethods,numPrivateMethods,numProtectedMethods,isAbstract,pred_label
0,\wallet\src\de\schildbach\wallet\AddressBookProvider.Helper.java,Helper,67,3,3,0,0,True,False,1,True,False,1,6,3,3,True,False,True,True,False,private,2,1,0,False,Service Provider
1,\wallet\src\de\schildbach\wallet\AddressBookProvider.java,AddressBookProvider,148,9,8,0,1,True,False,3,True,False,10,19,7,31,False,False,False,True,False,public,7,1,0,False,Service Provider
2,\wallet\src\de\schildbach\wallet\Constants.java,Constants,99,70,0,0,0,False,False,1,False,False,0,0,6,2,False,False,False,True,False,public,0,0,0,False,Information Holder
3,\wallet\src\de\schildbach\wallet\DetermineFirstSeenThread.java,DetermineFirstSeenThread,78,2,3,0,0,False,False,4,False,False,1,2,12,5,False,False,False,True,False,public,1,0,2,False,Coordinator
4,\wallet\src\de\schildbach\wallet\ExchangeRatesProvider.java,ExchangeRatesProvider,135,4,7,0,2,False,False,3,True,False,7,15,18,12,False,False,False,True,False,public,6,1,0,False,Service Provider
5,\wallet\src\de\schildbach\wallet\WalletBalanceWidgetProvider.java,WalletBalanceWidgetProvider,53,0,1,0,0,False,False,4,True,False,0,3,12,3,False,False,False,True,False,public,1,0,0,False,Service Provider
6,\wallet\src\de\schildbach\wallet\WalletApplication.java,WalletApplication,396,3,15,0,1,False,False,2,False,False,4,4,34,48,False,False,False,True,False,public,7,8,0,False,Interfacer
7,\wallet\src\de\schildbach\wallet\util\ActionBarFragment.java,ActionBarFragment,119,7,9,5,0,False,False,3,False,False,1,11,18,1,False,False,False,True,False,public,9,0,0,False,Interfacer
8,\wallet\src\de\schildbach\wallet\util\Base43.java,Base43,106,2,4,0,0,False,False,1,False,False,4,4,3,7,False,False,False,True,False,public,4,0,0,False,Service Provider
9,\wallet\src\de\schildbach\wallet\util\CircularProgressView.java,CircularProgressView,122,7,8,3,1,False,False,3,False,False,3,12,10,4,False,False,False,True,False,public,4,1,3,False,Interfacer
10,\wallet\src\de\schildbach\wallet\util\IOUtils.java,IOUtils,37,0,1,0,0,False,False,3,False,False,0,2,2,0,False,False,False,True,False,public,1,0,0,False,Service Provider
11,\wallet\src\de\schildbach\wallet\util\Iso8601Format.java,Iso8601Format,63,0,8,0,0,False,False,2,False,False,0,4,4,0,False,False,False,True,False,public,8,0,0,False,Service Provider
12,\wallet\src\de\schildbach\wallet\util\ErrorReporter.java,ErrorReporter,272,10,12,0,3,False,False,2,True,False,3,14,26,49,False,False,False,True,False,public,5,7,0,False,Service Provider
13,\wallet\src\de\schildbach\wallet\util\NfcTools.java,NfcTools,105,3,9,0,0,False,False,2,False,False,5,19,8,6,False,False,False,True,False,public,4,5,0,False,Coordinator
14,\wallet\src\de\schildbach\wallet\util\QrDialog.java,QrDialog,46,0,0,0,0,False,False,2,False,False,0,0,7,1,False,False,False,True,False,public,0,0,0,False,Service Provider
15,\wallet\src\de\schildbach\wallet\util\StrictModeWrapper.java,StrictModeWrapper,28,0,1,0,0,False,False,3,True,False,0,0,1,1,False,False,False,True,False,public,1,0,0,False,Service Provider
16,\wallet\src\de\schildbach\wallet\util\ViewPagerTabs.java,ViewPagerTabs,138,5,7,0,1,False,False,3,False,False,3,9,12,8,False,False,False,True,False,public,4,0,3,False,Interfacer
17,\wallet\src\de\schildbach\wallet\util\WalletUtils.java,WalletUtils,109,1,5,0,1,False,False,2,False,False,2,12,17,9,False,False,False,True,False,public,5,0,0,False,Coordinator
18,\wallet\src\de\schildbach\wallet\ui\AddressBookActivity.PagerAdapter.java,PagerAdapter,43,0,2,0,2,False,False,2,True,False,1,1,3,0,False,False,True,True,False,private,2,0,0,False,Information Holder
19,\wallet\src\de\schildbach\wallet\ui\AbstractWalletActivity.java,AbstractWalletActivity,147,2,13,0,2,False,False,3,False,False,3,19,14,5,False,False,False,True,False,public,0,0,13,True,Structurer
20,\wallet\src\de\schildbach\wallet\ui\AddressBookActivity.ProxyOnPageChangeListener.java,ProxyOnPageChangeListener,41,1,3,0,0,False,False,5,True,False,0,5,1,0,False,False,True,True,False,private,3,0,0,False,Service Provider
21,\wallet\src\de\schildbach\wallet\ui\AmountCalculatorFragment.Listener.java,Listener,25,0,0,0,0,False,False,1,True,False,0,0,1,0,True,True,True,False,False,public,0,0,0,False,Service Provider
22,\wallet\src\de\schildbach\wallet\ui\AddressBookActivity.java,AddressBookActivity,261,11,7,0,0,False,False,3,False,False,12,6,21,12,False,False,False,True,False,public,2,4,1,False,Interfacer
23,\wallet\src\de\schildbach\wallet\ui\AmountCalculatorFragment.java,AmountCalculatorFragment,180,7,6,0,0,False,False,3,False,False,7,6,21,17,False,False,False,True,False,public,4,2,0,False,Interfacer
24,\wallet\src\de\schildbach\wallet\ui\CurrencyAmountView.Listener.java,Listener,25,0,0,0,0,False,False,1,True,False,0,0,0,0,True,True,True,False,False,public,0,0,0,False,Service Provider
25,\wallet\src\de\schildbach\wallet\ui\BlockchainStateFragment.java,BlockchainStateFragment,165,7,6,0,0,False,False,3,False,False,3,4,20,6,False,False,False,True,False,public,5,1,0,False,Interfacer
26,\wallet\src\de\schildbach\wallet\ui\CurrencyAmountView.TextViewListener.java,TextViewListener,67,0,5,0,0,False,False,3,True,False,5,14,8,4,False,False,True,True,False,private,5,0,0,False,Service Provider
27,\wallet\src\de\schildbach\wallet\ui\CurrencyCodeDrawable.java,CurrencyCodeDrawable,61,3,5,2,2,False,False,3,False,False,0,3,4,0,False,False,False,True,False,public,5,0,0,False,Information Holder
28,\wallet\src\de\schildbach\wallet\ui\CurrencyAmountView.java,CurrencyAmountView,230,13,15,9,1,False,False,3,False,False,9,12,23,17,False,False,False,True,False,public,10,4,1,False,Interfacer
29,\wallet\src\de\schildbach\wallet\ui\EditAddressBookEntryFragment.java,EditAddressBookEntryFragment,124,3,3,0,0,False,False,5,False,False,4,4,20,12,False,False,False,True,False,public,2,1,0,False,Interfacer
30,\wallet\src\de\schildbach\wallet\ui\ExchangeRatesFragment.java,ExchangeRatesFragment,141,4,9,0,0,False,False,3,False,False,3,11,24,14,False,False,False,True,False,public,8,1,0,False,Interfacer
31,\wallet\src\de\schildbach\wallet\ui\PreferencesActivity.java,PreferencesActivity,107,10,2,0,0,False,False,2,False,False,1,3,9,4,False,False,False,True,False,public,1,0,1,False,Coordinator
32,\wallet\src\de\schildbach\wallet\ui\RequestCoinsActivity.java,RequestCoinsActivity,65,1,2,0,0,False,False,3,False,False,0,2,8,3,False,False,False,True,False,public,0,0,2,False,Coordinator
33,\wallet\src\de\schildbach\wallet\ui\RequestCoinsFragment.java,RequestCoinsFragment,161,6,6,0,0,False,False,3,False,False,5,4,25,20,False,False,False,True,False,public,4,2,0,False,Interfacer
34,\wallet\src\de\schildbach\wallet\ui\SendCoinsActivity.java,SendCoinsActivity,176,4,6,0,0,False,False,3,False,False,5,9,16,16,False,False,False,True,False,public,1,2,3,False,Interfacer
35,\wallet\src\de\schildbach\wallet\ui\SendCoinsFragment.AutoCompleteAdapter.java,AutoCompleteAdapter,63,0,4,0,0,False,False,3,True,False,0,8,9,1,False,False,True,True,False,public,4,0,0,False,Service Provider
36,\wallet\src\de\schildbach\wallet\ui\SendCoinsFragment.State.java,State,24,3,0,0,0,False,False,1,False,False,0,0,0,0,False,False,True,False,True,private,0,0,0,False,Information Holder
37,\wallet\src\de\schildbach\wallet\ui\SendCoinsFragment.java,SendCoinsFragment,335,15,10,0,0,False,False,3,False,False,9,7,36,34,False,False,False,True,False,public,6,2,2,False,Interfacer
38,\wallet\src\de\schildbach\wallet\ui\SendingAddressesFragment.java,SendingAddressesFragment,185,3,12,1,0,False,False,3,False,False,3,20,28,14,False,False,False,True,False,public,9,3,0,False,Interfacer
39,\wallet\src\de\schildbach\wallet\ui\TransactionActivity.java,TransactionActivity,173,5,7,0,0,False,False,2,False,False,5,5,23,14,False,False,False,True,False,public,2,3,2,False,Interfacer
40,\wallet\src\de\schildbach\wallet\ui\TransactionFragment.java,TransactionFragment,233,4,3,0,0,False,False,2,False,False,10,5,32,36,False,False,False,True,False,public,3,0,0,False,Interfacer
41,\wallet\src\de\schildbach\wallet\ui\WalletActivity.java,WalletActivity,288,5,10,0,0,False,False,2,False,False,11,6,31,32,False,False,False,True,False,public,2,4,4,False,Interfacer
42,\wallet\src\de\schildbach\wallet\ui\WalletAddressFragment.java,WalletAddressFragment,195,10,8,0,0,False,False,3,False,False,6,4,29,18,False,False,False,True,False,public,5,3,0,False,Interfacer
43,\wallet\src\de\schildbach\wallet\ui\WalletAddressesFragment.Adapter.java,Adapter,83,2,4,0,4,False,False,1,True,False,3,5,13,4,False,False,True,True,False,private,4,0,0,False,Service Provider
44,\wallet\src\de\schildbach\wallet\ui\WalletAddressesFragment.java,WalletAddressesFragment,200,5,11,0,0,False,False,3,False,False,3,14,30,22,False,False,False,True,False,public,7,4,0,False,Interfacer
45,\wallet\src\de\schildbach\wallet\ui\WalletBalanceFragment.java,WalletBalanceFragment,174,8,10,0,0,False,False,3,False,False,4,10,31,13,False,False,False,True,False,public,10,0,0,False,Interfacer
46,\wallet\src\de\schildbach\wallet\ui\WalletTransactionsFragment.PagerAdapter.java,PagerAdapter,40,0,2,0,2,False,False,2,True,False,0,1,3,0,True,False,True,True,False,private,2,0,0,False,Information Holder
47,\wallet\src\de\schildbach\wallet\ui\WalletTransactionsFragment.TransactionsLoader.java,TransactionsLoader,89,3,3,0,0,False,False,2,True,False,2,0,12,8,True,False,True,True,False,private,1,0,2,False,Service Provider
48,\wallet\src\de\schildbach\wallet\ui\WalletTransactionsFragment.ListFragment.java,ListFragment,338,11,15,0,0,False,True,2,False,False,7,20,40,35,True,False,True,True,False,public,14,1,0,False,Interfacer
49,\wallet\src\de\schildbach\wallet\ui\WalletTransactionsFragment.java,WalletTransactionsFragment,48,0,1,0,0,False,False,3,False,False,0,3,8,0,False,False,False,True,False,public,1,0,0,False,Service Provider
50,\wallet\src\de\schildbach\wallet\store\SQLiteBlockStore.Helper.java,Helper,41,0,2,0,0,True,False,1,True,False,0,4,3,0,False,False,True,True,False,private,2,0,0,False,Service Provider
51,\wallet\src\de\schildbach\wallet\store\SQLiteBlockStore.java,SQLiteBlockStore,209,17,6,1,2,True,False,5,False,False,6,3,22,25,False,False,False,True,False,public,5,1,0,False,Interfacer
52,\wallet\src\de\schildbach\wallet\store\WriteAheadCacheBlockStoreWrapper.java,WriteAheadCacheBlockStoreWrapper,80,4,6,1,2,False,False,6,True,False,2,3,6,5,False,False,False,True,False,public,5,1,0,False,Service Provider
53,\wallet\src\de\schildbach\wallet\service\AutosyncReceiver.java,AutosyncReceiver,45,0,1,0,0,False,False,2,True,False,2,2,6,1,False,False,False,True,False,public,1,0,0,False,Service Provider
54,\wallet\src\de\schildbach\wallet\service\BlockchainService.LocalBinder.java,LocalBinder,28,0,1,0,1,False,False,2,True,False,0,0,1,0,False,False,True,True,False,public,1,0,0,False,Information Holder
55,\wallet\src\com\google\zxing\Binarizer.java,Binarizer,70,1,1,0,1,False,False,1,True,False,1,0,2,2,False,False,False,True,False,public,1,0,0,True,Service Provider
56,\wallet\src\com\google\zxing\BarcodeFormat.java,BarcodeFormat,79,18,3,0,1,False,False,2,False,False,2,1,1,1,False,False,False,True,False,public,3,0,0,False,Information Holder
57,\wallet\src\com\google\zxing\ChecksumException.java,ChecksumException,31,1,1,0,1,False,False,2,False,False,0,0,0,0,False,False,False,True,False,public,1,0,0,False,Information Holder
58,\wallet\src\com\google\zxing\BinaryBitmap.java,BinaryBitmap,114,2,8,0,4,False,False,2,False,False,2,6,2,10,False,False,False,True,False,public,8,0,0,False,Structurer
59,\wallet\src\com\google\zxing\DecodeHintType.java,DecodeHintType,66,8,0,0,0,False,False,3,False,False,0,0,0,0,False,False,False,True,False,public,0,0,0,False,Information Holder
60,\wallet\src\com\google\zxing\EncodeHintType.java,EncodeHintType,33,2,0,0,0,False,False,3,False,False,0,0,0,0,False,False,False,True,False,public,0,0,0,False,Information Holder
61,\wallet\src\com\google\zxing\FormatException.java,FormatException,32,1,1,0,1,False,False,2,False,False,0,0,0,0,False,False,False,True,False,public,1,0,0,False,Information Holder
62,\wallet\src\de\schildbach\wallet\service\BlockchainService.java,BlockchainService,492,28,13,0,0,False,False,2,False,False,14,12,52,57,False,False,False,True,False,public,7,6,0,False,Interfacer
63,\wallet\src\com\google\zxing\NotFoundException.java,NotFoundException,31,1,1,0,1,False,False,3,False,False,0,0,0,0,False,False,False,True,False,public,1,0,0,False,Information Holder
64,\wallet\src\com\google\zxing\LuminanceSource.java,LuminanceSource,100,2,6,0,2,False,False,2,False,False,0,4,0,2,False,False,False,True,False,public,6,0,0,True,Information Holder
65,\wallet\src\com\google\zxing\Reader.java,Reader,57,0,0,0,0,False,False,1,True,False,0,0,1,0,False,True,False,False,False,public,0,0,0,False,Service Provider
66,\wallet\src\com\google\zxing\ReaderException.java,ReaderException,87,0,1,0,0,False,False,2,False,False,1,0,0,7,False,False,False,True,False,public,1,0,0,True,Service Provider
67,\wallet\src\com\google\zxing\ResultPointCallback.java,ResultPointCallback,25,0,0,0,0,False,False,3,False,False,0,0,0,0,False,True,False,False,False,public,0,0,0,False,Service Provider
68,\wallet\src\com\google\zxing\ResultMetadataType.java,ResultMetadataType,90,9,3,0,1,False,False,3,False,False,2,1,1,1,False,False,False,True,False,public,3,0,0,False,Information Holder
69,\wallet\src\com\google\zxing\Result.java,Result,126,6,10,0,6,False,False,1,False,False,6,4,2,4,False,False,False,True,False,public,10,0,0,False,Information Holder
70,\wallet\src\com\google\zxing\Writer.java,Writer,47,0,0,0,0,False,False,1,True,False,0,0,2,0,False,True,False,False,False,public,0,0,0,False,Service Provider
71,\wallet\src\com\google\zxing\ResultPoint.java,ResultPoint,110,2,8,0,2,False,False,2,False,False,3,7,0,3,False,False,False,True,False,public,7,1,0,False,Information Holder
72,\wallet\src\com\google\zxing\WriterException.java,WriterException,30,0,0,0,0,False,False,2,False,False,0,0,0,0,False,False,False,True,False,public,0,0,0,False,Information Holder
73,\wallet\src\com\google\zxing\qrcode\encoder\BlockPair.java,BlockPair,30,2,2,0,2,False,False,2,False,False,0,0,0,0,False,False,False,True,False,default,2,0,0,False,Information Holder
74,\wallet\src\com\google\zxing\qrcode\QRCodeWriter.java,QRCodeWriter,89,1,3,0,0,False,False,4,True,False,6,12,10,4,False,False,False,True,False,public,2,1,0,False,Service Provider
75,\wallet\src\com\google\zxing\qrcode\QRCodeReader.java,QRCodeReader,145,2,6,0,1,False,False,4,True,False,9,6,16,18,False,False,False,True,False,public,3,2,1,False,Service Provider
76,\wallet\src\com\google\zxing\qrcode\encoder\ByteMatrix.java,ByteMatrix,83,3,9,3,4,False,False,2,False,False,1,12,0,1,False,False,False,True,False,public,9,0,0,False,Information Holder
77,\wallet\src\com\google\zxing\qrcode\encoder\MaskUtil.java,MaskUtil,208,0,6,0,1,False,False,2,False,False,8,9,0,17,False,False,False,True,False,public,5,1,0,False,Service Provider
78,\wallet\src\com\google\zxing\qrcode\encoder\QRCode.java,QRCode,206,11,24,10,10,False,False,3,False,False,3,13,2,6,False,False,False,True,False,public,24,0,0,False,Information Holder
79,\wallet\src\com\google\zxing\qrcode\detector\AlignmentPattern.java,AlignmentPattern,41,1,1,0,0,False,False,2,False,False,1,3,1,1,False,False,False,True,False,public,0,0,0,False,Service Provider
80,\wallet\src\com\google\zxing\qrcode\encoder\Encoder.java,Encoder,505,2,21,0,2,False,False,1,True,False,33,57,13,38,False,False,False,True,False,public,4,5,0,False,Service Provider
81,\wallet\src\com\google\zxing\qrcode\detector\AlignmentPatternFinder.java,AlignmentPatternFinder,259,9,5,0,0,False,False,3,True,False,18,10,5,4,False,False,False,True,False,default,0,4,0,False,Service Provider
82,\wallet\src\com\google\zxing\qrcode\detector\FinderPattern.java,FinderPattern,53,2,4,0,2,False,False,2,False,False,1,3,1,1,False,False,False,True,False,public,1,0,0,False,Information Holder
83,\wallet\src\com\google\zxing\qrcode\detector\FinderPatternFinder.CenterComparator.java,CenterComparator,40,1,1,0,0,False,False,2,True,False,1,2,1,4,True,False,True,True,False,private,1,0,0,False,Service Provider
84,\wallet\src\com\google\zxing\qrcode\detector\FinderPatternFinder.FurthestFromAverageComparator.java,FurthestFromAverageComparator,36,1,1,0,0,False,False,4,True,False,0,2,1,2,True,False,True,True,False,private,1,0,0,False,Service Provider
85,\wallet\src\com\google\zxing\qrcode\encoder\MatrixUtil.java,MatrixUtil,479,9,20,0,0,False,False,2,False,False,27,43,3,26,False,False,False,True,False,public,10,10,0,False,Service Provider
86,\wallet\src\com\google\zxing\qrcode\detector\FinderPatternInfo.java,FinderPatternInfo,41,3,3,0,3,False,False,3,False,False,0,0,0,0,False,False,False,True,False,public,3,0,0,False,Information Holder
87,\wallet\src\com\google\zxing\qrcode\detector\Detector.java,Detector,362,2,14,0,2,False,False,1,True,False,19,32,11,43,False,False,False,True,False,public,3,5,6,False,Service Provider
88,\wallet\src\com\google\zxing\qrcode\decoder\BitMatrixParser.java,BitMatrixParser,178,3,4,0,0,False,False,3,True,False,12,3,2,14,False,False,False,True,False,default,0,1,0,False,Service Provider
89,\wallet\src\com\google\zxing\qrcode\decoder\DataMask.DataMask000.java,DataMask000,32,0,1,0,0,False,False,2,False,False,0,2,0,0,True,False,True,True,False,private,0,0,0,False,Service Provider
90,\wallet\src\com\google\zxing\qrcode\decoder\DataMask.DataMask001.java,DataMask001,32,0,1,0,0,False,False,2,False,False,0,2,0,0,True,False,True,True,False,private,0,0,0,False,Service Provider
91,\wallet\src\com\google\zxing\qrcode\decoder\DataBlock.java,DataBlock,109,2,3,0,3,False,False,2,False,False,2,3,0,7,False,False,False,True,False,default,0,0,0,False,Service Provider
92,\wallet\src\com\google\zxing\qrcode\decoder\DataMask.DataMask010.java,DataMask010,32,0,1,0,0,False,False,2,False,False,0,2,0,0,True,False,True,True,False,private,0,0,0,False,Service Provider
93,\wallet\src\com\google\zxing\qrcode\decoder\DataMask.DataMask011.java,DataMask011,32,0,1,0,0,False,False,2,False,False,0,2,0,0,True,False,True,True,False,private,0,0,0,False,Service Provider
94,\wallet\src\com\google\zxing\qrcode\decoder\DataMask.DataMask100.java,DataMask100,32,0,1,0,0,False,False,2,False,False,0,2,0,0,True,False,True,True,False,private,0,0,0,False,Service Provider
95,\wallet\src\com\google\zxing\qrcode\detector\FinderPatternFinder.java,FinderPatternFinder,509,9,12,0,3,False,False,3,True,False,42,15,8,24,False,False,False,True,False,public,0,7,4,False,Service Provider
96,\wallet\src\com\google\zxing\qrcode\decoder\DataMask.DataMask101.java,DataMask101,33,0,1,0,0,False,False,2,False,False,0,2,0,0,True,False,True,True,False,private,0,0,0,False,Service Provider
97,\wallet\src\com\google\zxing\qrcode\decoder\DataMask.DataMask110.java,DataMask110,33,0,1,0,0,False,False,2,False,False,0,2,0,0,True,False,True,True,False,private,0,0,0,False,Service Provider
98,\wallet\src\com\google\zxing\qrcode\decoder\DataMask.DataMask111.java,DataMask111,32,0,1,0,0,False,False,2,False,False,0,2,0,0,True,False,True,True,False,private,0,0,0,False,Service Provider
99,\wallet\src\com\google\zxing\qrcode\decoder\DataMask.java,DataMask,97,1,2,0,0,False,False,2,False,False,2,3,1,0,False,False,False,True,False,default,0,0,0,True,Service Provider
100,\wallet\src\com\google\zxing\qrcode\decoder\ErrorCorrectionLevel.java,ErrorCorrectionLevel,72,8,5,0,2,False,False,3,False,False,1,1,0,0,False,False,False,True,False,public,5,0,0,False,Information Holder
101,\wallet\src\com\google\zxing\qrcode\decoder\Decoder.java,Decoder,127,1,5,0,0,False,False,1,True,False,1,8,8,7,False,False,False,True,False,public,4,1,0,False,Service Provider
102,\wallet\src\com\google\zxing\qrcode\decoder\FormatInformation.java,FormatInformation,156,5,7,0,2,False,False,2,False,False,7,7,0,1,False,False,False,True,False,default,2,1,0,False,Service Provider
103,\wallet\src\com\google\zxing\qrcode\decoder\Version.ECB.java,ECB,35,2,2,0,2,False,False,3,False,False,0,0,0,0,True,False,True,True,False,public,2,0,0,False,Information Holder
104,\wallet\src\com\google\zxing\qrcode\decoder\Mode.java,Mode,105,13,5,0,3,False,False,1,False,False,3,2,0,1,False,False,False,True,False,public,5,0,0,False,Information Holder
105,\wallet\src\com\google\zxing\qrcode\decoder\Version.ECBlocks.java,ECBlocks,49,2,4,0,4,False,False,3,False,False,0,0,0,1,True,False,True,True,False,public,4,0,0,False,Information Holder
106,\wallet\src\com\google\zxing\qrcode\decoder\DecodedBitStreamParser.java,DecodedBitStreamParser,302,2,8,0,0,False,False,4,True,False,23,25,8,24,False,False,False,True,False,default,0,7,0,False,Service Provider
107,\wallet\src\com\google\zxing\multi\ByQuadrantReader.java,ByQuadrantReader,80,1,3,0,0,False,False,3,True,False,0,3,7,3,False,False,False,True,False,public,3,0,0,False,Service Provider
108,\wallet\src\com\google\zxing\multi\MultipleBarcodeReader.java,MultipleBarcodeReader,30,0,0,0,0,False,False,3,True,False,0,0,4,0,False,True,False,False,False,public,0,0,0,False,Service Provider
109,\wallet\src\com\google\zxing\multi\qrcode\detector\MultiDetector.java,MultiDetector,62,1,1,0,0,False,False,2,True,False,2,1,8,4,False,False,False,True,False,public,1,0,0,False,Service Provider
110,\wallet\src\com\google\zxing\multi\qrcode\QRCodeMultiReader.java,QRCodeMultiReader,72,1,2,0,0,False,False,5,True,False,3,3,14,11,False,False,False,True,False,public,2,0,0,False,Service Provider
111,\wallet\src\com\google\zxing\multi\GenericMultipleBarcodeReader.java,GenericMultipleBarcodeReader,143,2,4,0,0,False,False,4,True,False,12,11,8,14,False,False,False,True,False,public,2,2,0,False,Service Provider
112,\wallet\src\com\google\zxing\multi\qrcode\detector\MultiFinderPatternFinder.ModuleSizeComparator.java,ModuleSizeComparator,39,0,1,0,0,False,False,3,True,False,0,2,2,2,True,False,True,True,False,private,1,0,0,False,Service Provider
113,\wallet\src\com\google\zxing\multi\qrcode\detector\MultiFinderPatternFinder.java,MultiFinderPatternFinder,277,5,2,0,0,False,False,4,True,False,20,1,11,22,False,False,False,True,False,default,1,1,0,False,Service Provider
114,\wallet\src\com\google\zxing\common\BitArray.java,BitArray,222,2,18,2,4,False,False,2,False,False,11,19,0,2,False,False,False,True,False,public,16,2,0,False,Information Holder
115,\wallet\src\com\google\zxing\common\BitSource.java,BitSource,85,3,2,0,0,False,False,2,False,False,5,1,0,0,False,False,False,True,False,public,2,0,0,False,Information Holder
116,\wallet\src\com\google\zxing\common\CharacterSetECI.java,CharacterSetECI,97,3,6,0,3,False,False,5,False,False,3,6,1,0,False,False,False,True,False,public,3,3,0,False,Information Holder
117,\wallet\src\com\google\zxing\common\Collections.java,Collections,47,0,1,0,0,False,False,1,False,False,0,2,1,1,False,False,False,True,False,public,1,0,0,False,Service Provider
118,\wallet\src\com\google\zxing\common\Comparator.java,Comparator,23,0,0,0,0,False,False,1,True,False,0,0,0,0,False,True,False,False,False,public,0,0,0,False,Service Provider
119,\wallet\src\com\google\zxing\qrcode\decoder\Version.java,Version,509,6,11,0,7,False,False,1,False,False,7,4,2,6,False,False,False,True,False,public,8,1,0,False,Information Holder
120,\wallet\src\com\google\zxing\common\DetectorResult.java,DetectorResult,38,2,2,0,2,False,False,2,False,False,0,0,1,0,False,False,False,True,False,public,2,0,0,False,Information Holder
121,\wallet\src\com\google\zxing\common\DecoderResult.java,DecoderResult,51,4,4,0,4,False,False,2,False,False,1,0,1,0,False,False,False,True,False,public,4,0,0,False,Information Holder
122,\wallet\src\com\google\zxing\common\BitMatrix.java,BitMatrix,225,4,13,2,6,False,False,2,False,False,10,13,0,2,False,False,False,True,False,public,13,0,0,False,Information Holder
123,\wallet\src\com\google\zxing\common\ECI.java,ECI,45,1,2,0,2,False,False,3,False,False,2,1,0,0,False,False,False,True,False,public,2,0,0,True,Information Holder
124,\wallet\src\com\google\zxing\common\DefaultGridSampler.java,DefaultGridSampler,78,0,2,0,0,False,False,3,True,False,2,23,1,2,False,False,False,True,False,public,2,0,0,False,Service Provider
125,\wallet\src\com\google\zxing\common\GridSampler.java,GridSampler,146,1,3,1,1,False,False,2,True,False,7,3,1,4,False,False,False,True,False,public,2,0,1,True,Service Provider
126,\wallet\src\com\google\zxing\common\GlobalHistogramBinarizer.java,GlobalHistogramBinarizer,172,5,5,0,2,False,False,3,True,False,11,5,3,7,False,False,False,True,False,public,3,2,0,False,Service Provider
127,\wallet\src\com\google\zxing\common\StringUtils.java,StringUtils,176,7,1,0,0,False,False,2,False,False,22,2,2,0,False,False,False,True,False,public,1,0,0,False,Service Provider
128,\wallet\src\com\google\zxing\common\HybridBinarizer.java,HybridBinarizer,170,2,6,0,1,False,False,2,True,False,12,19,3,5,False,False,False,True,False,public,2,4,0,False,Service Provider
129,\wallet\src\com\google\zxing\common\PerspectiveTransform.java,PerspectiveTransform,134,1,7,0,0,False,False,2,False,False,1,36,0,1,False,False,False,True,False,public,5,0,0,False,Service Provider
130,\wallet\src\com\google\zxing\common\reedsolomon\GenericGF.java,GenericGF,160,15,11,0,3,False,False,3,False,False,9,9,0,0,False,False,False,True,False,public,1,2,0,False,Information Holder
131,\wallet\src\com\google\zxing\common\reedsolomon\ReedSolomonException.java,ReedSolomonException,27,0,0,0,0,False,False,3,False,False,0,0,0,0,False,False,False,True,False,public,0,0,0,False,Service Provider
132,\wallet\src\com\google\zxing\common\reedsolomon\ReedSolomonEncoder.java,ReedSolomonEncoder,67,2,2,0,0,False,False,3,True,False,4,3,1,5,False,False,False,True,False,public,1,1,0,False,Service Provider
133,\wallet\src\com\google\zxing\common\reedsolomon\GenericGFPoly.java,GenericGFPoly,240,2,11,0,3,False,False,4,False,False,24,8,0,14,False,False,False,True,False,default,1,0,0,False,Service Provider
134,\wallet\src\com\google\zxing\common\reedsolomon\ReedSolomonDecoder.java,ReedSolomonDecoder,179,1,4,0,0,False,False,3,True,False,11,9,0,14,False,False,False,True,False,public,1,3,0,False,Service Provider
135,\wallet\src\com\google\zxing\common\detector\MonochromeRectangleDetector.java,MonochromeRectangleDetector,192,2,3,0,0,False,False,3,True,False,12,14,3,8,False,False,False,True,False,public,1,2,0,False,Service Provider
136,\wallet\src\com\google\zxing\common\detector\WhiteRectangleDetector.java,WhiteRectangleDetector,302,9,6,0,1,False,False,3,True,False,25,17,3,20,False,False,False,True,False,public,1,5,0,False,Service Provider
