index,fullpathname,classname,loc,numAttr,numMethod,setters,getters,isPersist,isCollection,numWordName,isOrEr,isController,numIfs,numParameters,numImports,numOutboundInvocation,isStaticClass,isInterface,isInnerClass,isClass,isEnum,classPublicity,numPublicMethods,numPrivateMethods,numProtectedMethods,isAbstract,pred_label
5,\wallet\src\de\schildbach\wallet\Constants.Files.java,Files,53,13,0,0,0,False,False,1,False,False,0,0,4,2,True,False,True,True,False,public,0,0,0,False,Information Holder
6,\wallet\src\de\schildbach\wallet\Configuration.java,Configuration,233,28,35,4,18,False,False,1,False,False,8,13,13,19,False,False,False,True,False,public,34,1,0,False,Information Holder
7,\wallet\src\de\schildbach\wallet\Constants.java,Constants,141,58,0,0,0,False,False,1,False,False,0,0,15,10,False,False,False,True,False,public,0,0,0,False,Information Holder
8,\wallet\src\de\schildbach\wallet\Logging.java,Logging,78,4,1,0,0,False,False,1,False,False,1,1,10,10,False,False,False,True,False,public,1,0,0,False,Service Provider
9,\wallet\src\de\schildbach\wallet\WalletApplication.OnWalletLoadedListener.java,OnWalletLoadedListener,24,0,0,0,0,False,False,4,True,False,0,0,1,0,True,True,True,False,False,public,0,0,0,False,Service Provider
10,\wallet\src\de\schildbach\wallet\WalletApplication.java,WalletApplication,310,11,16,0,3,False,False,2,False,False,17,5,47,52,False,False,False,True,False,public,14,2,0,False,Controller
11,\wallet\src\de\schildbach\wallet\WalletBalanceWidgetProvider.java,WalletBalanceWidgetProvider,160,1,6,0,1,False,False,4,True,False,5,23,27,18,False,False,False,True,False,public,3,3,0,False,Interfacer
12,\wallet\src\de\schildbach\wallet\util\Bluetooth.java,Bluetooth,94,8,6,0,3,False,False,1,False,False,7,6,7,5,False,False,False,True,False,public,6,0,0,False,Service Provider
13,\wallet\src\de\schildbach\wallet\util\Base43.java,Base43,125,2,5,0,0,False,False,1,False,False,6,9,1,5,False,False,False,True,False,public,2,3,0,False,Service Provider
14,\wallet\src\de\schildbach\wallet\util\CheatSheet.java,CheatSheet,138,1,5,3,0,False,False,2,False,False,2,8,6,12,False,False,False,True,False,public,4,1,0,False,Service Provider
15,\wallet\src\de\schildbach\wallet\util\CrashReporter.ExceptionHandler.java,ExceptionHandler,47,1,2,0,0,False,False,2,True,False,0,3,5,1,True,False,True,True,False,private,1,1,0,False,Service Provider
16,\wallet\src\de\schildbach\wallet\util\CrashReporter.java,CrashReporter,119,6,9,0,0,False,False,2,True,False,2,11,21,9,False,False,False,True,False,public,7,2,0,False,Service Provider
17,\wallet\src\de\schildbach\wallet\util\Formats.java,Formats,48,5,1,0,0,False,False,1,False,False,2,1,4,2,False,False,False,True,False,public,1,0,0,False,Service Provider
18,\wallet\src\de\schildbach\wallet\util\GenericUtils.java,GenericUtils,34,0,2,0,0,False,False,2,False,False,0,3,1,2,False,False,False,True,False,public,2,0,0,False,Service Provider
19,\wallet\src\de\schildbach\wallet\util\Io.java,Io,52,0,3,0,0,False,False,1,False,False,1,7,4,0,False,False,False,True,False,public,3,0,0,False,Service Provider
20,\wallet\src\de\schildbach\wallet\util\Iso8601Format.java,Iso8601Format,58,1,8,0,0,False,False,2,False,False,0,4,6,0,False,False,False,True,False,public,8,0,0,False,Service Provider
21,\wallet\src\de\schildbach\wallet\util\Crypto.java,Crypto,251,12,8,0,1,False,False,1,False,False,3,16,20,5,False,False,False,True,False,public,4,4,0,False,Service Provider
22,\wallet\src\de\schildbach\wallet\util\Nfc.java,Nfc,41,0,2,0,0,False,False,1,False,False,1,4,5,3,False,False,False,True,False,public,2,0,0,False,Service Provider
23,\wallet\src\de\schildbach\wallet\util\OnFirstPreDraw.Callback.java,Callback,23,0,0,0,0,False,False,1,False,False,0,0,0,0,True,True,True,False,False,public,0,0,0,False,Service Provider
24,\wallet\src\de\schildbach\wallet\util\MonetarySpannable.java,MonetarySpannable,99,4,3,0,0,False,False,2,False,False,13,9,11,3,False,False,False,True,False,public,2,1,0,False,Service Provider
25,\wallet\src\de\schildbach\wallet\util\OnFirstPreDraw.java,OnFirstPreDraw,50,4,2,0,0,False,False,4,False,False,2,2,6,3,False,False,False,True,False,public,2,0,0,False,Service Provider
26,\wallet\src\de\schildbach\wallet\util\Qr.java,Qr,101,2,5,0,0,False,False,1,False,False,1,5,17,8,False,False,False,True,False,public,5,0,0,False,Service Provider
27,\wallet\src\de\schildbach\wallet\util\Toast.java,Toast,80,2,10,0,0,False,False,1,False,False,0,17,3,6,False,False,False,True,False,public,8,2,0,False,Service Provider
28,\wallet\src\de\schildbach\wallet\util\WalletUtils.MonospaceSpan.java,MonospaceSpan,39,0,2,0,0,False,False,2,False,False,2,1,1,2,True,False,True,True,False,private,2,0,0,False,Service Provider
29,\wallet\src\de\schildbach\wallet\util\ViewPagerTabs.java,ViewPagerTabs,155,6,9,0,1,False,False,3,False,False,4,10,14,10,False,False,False,True,False,public,6,0,3,False,Interfacer
30,\wallet\src\de\schildbach\wallet\util\WholeStringBuilder.java,WholeStringBuilder,32,0,1,0,0,False,False,3,True,False,0,1,3,1,False,False,False,True,False,public,1,0,0,False,Service Provider
31,\wallet\src\de\schildbach\wallet\util\WalletUtils.java,WalletUtils,287,3,18,0,2,False,False,2,False,False,12,38,45,37,False,False,False,True,False,public,18,0,0,False,Service Provider
32,\wallet\src\de\schildbach\wallet\ui\AbstractWalletActivity.java,AbstractWalletActivity,76,2,5,1,1,False,False,3,False,False,4,3,10,3,False,False,False,True,False,public,4,0,1,True,Interfacer
33,\wallet\src\de\schildbach\wallet\ui\AddressAndLabel.java,AddressAndLabel,89,3,5,0,0,False,False,3,False,False,3,3,8,8,False,False,False,True,False,public,5,0,0,False,Service Provider
34,\wallet\src\de\schildbach\wallet\ui\AddressBookActivity.TwoFragmentAdapter.java,TwoFragmentAdapter,86,5,6,1,1,False,False,3,True,False,6,11,6,5,True,False,True,True,False,private,6,0,0,False,Information Holder
35,\wallet\src\de\schildbach\wallet\ui\AddressBookActivity.java,AddressBookActivity,76,4,2,0,0,False,False,3,False,False,4,2,8,6,False,False,False,True,False,public,1,0,1,False,Coordinator
36,\wallet\src\de\schildbach\wallet\ui\BitmapFragment.java,BitmapFragment,71,3,4,0,0,False,False,2,False,False,0,5,12,2,False,False,False,True,False,public,3,1,0,False,Coordinator
37,\wallet\src\de\schildbach\wallet\ui\CurrencyAmountView.Listener.java,Listener,24,0,0,0,0,False,False,1,True,False,0,0,0,0,True,True,True,False,False,public,0,0,0,False,Service Provider
38,\wallet\src\de\schildbach\wallet\ui\AlertDialogsFragment.java,AlertDialogsFragment,340,9,15,0,0,False,False,3,False,False,29,12,34,60,False,False,False,True,False,public,5,10,0,False,Interfacer
39,\wallet\src\de\schildbach\wallet\ui\CircularProgressView.java,CircularProgressView,125,9,10,5,1,False,False,3,False,False,3,15,10,4,False,False,False,True,False,public,6,1,3,False,Interfacer
40,\wallet\src\de\schildbach\wallet\ui\CurrencyAmountView.TextViewListener.java,TextViewListener,62,1,5,1,0,False,False,3,True,False,5,12,5,3,False,False,True,True,False,private,5,0,0,False,Service Provider
41,\wallet\src\de\schildbach\wallet\ui\CurrencyAmountView.java,CurrencyAmountView,256,15,21,13,2,False,False,3,False,False,12,18,23,24,False,False,False,True,False,public,15,3,3,False,Interfacer
42,\wallet\src\de\schildbach\wallet\ui\CurrencyCalculatorLink.java,CurrencyCalculatorLink,175,8,13,6,3,False,False,3,False,False,15,6,7,15,False,False,False,True,False,public,12,1,0,False,Information Holder
43,\wallet\src\de\schildbach\wallet\ui\CurrencySymbolDrawable.java,CurrencySymbolDrawable,55,3,5,2,2,False,False,3,False,False,0,3,5,0,False,False,False,True,False,public,5,0,0,False,Information Holder
44,\wallet\src\de\schildbach\wallet\ui\CurrencyTextView.java,CurrencyTextView,101,7,9,7,0,False,False,3,False,False,3,7,13,1,False,False,False,True,False,public,7,1,1,False,Interfacer
45,\wallet\src\de\schildbach\wallet\ui\DialogBuilder.java,DialogBuilder,97,3,8,6,0,False,False,2,True,False,4,9,11,0,False,False,False,True,False,public,8,0,0,False,Service Provider
46,\wallet\src\de\schildbach\wallet\ui\DividerItemDecoration.java,DividerItemDecoration,82,5,5,1,1,False,False,3,False,False,3,10,8,15,False,False,False,True,False,public,5,0,0,False,Interfacer
47,\wallet\src\de\schildbach\wallet\ui\EncryptKeysDialogFragment.State.java,State,23,3,0,0,0,False,False,1,False,False,0,0,0,0,False,False,True,False,True,private,0,0,0,False,Information Holder
48,\wallet\src\de\schildbach\wallet\ui\EditAddressBookEntryFragment.java,EditAddressBookEntryFragment,125,6,6,0,0,False,False,5,False,False,4,11,19,15,False,False,False,True,False,public,5,1,0,False,Interfacer
49,\wallet\src\de\schildbach\wallet\ui\ExchangeRatesActivity.java,ExchangeRatesActivity,29,0,1,0,0,False,False,3,False,False,0,1,2,0,False,False,False,True,False,public,0,0,1,False,Service Provider
50,\wallet\src\de\schildbach\wallet\ui\ExchangeRatesAdapter.ListItem.java,ListItem,37,5,0,0,0,False,False,2,False,False,0,0,2,1,True,False,True,True,False,public,0,0,0,False,Information Holder
51,\wallet\src\de\schildbach\wallet\ui\ExchangeRatesAdapter.OnClickListener.java,OnClickListener,24,0,0,0,0,False,False,3,True,False,0,0,1,0,False,True,True,False,False,public,0,0,0,False,Service Provider
52,\wallet\src\de\schildbach\wallet\ui\EncryptKeysDialogFragment.java,EncryptKeysDialogFragment,289,18,10,0,0,False,False,4,False,False,9,5,32,36,False,False,False,True,False,public,7,3,0,False,Interfacer
53,\wallet\src\de\schildbach\wallet\ui\ExchangeRatesAdapter.ViewHolder.java,ViewHolder,40,5,0,0,0,False,False,2,True,False,0,0,5,0,True,False,True,True,False,public,0,0,0,False,Information Holder
54,\wallet\src\de\schildbach\wallet\ui\ExchangeRatesAdapter.java,ExchangeRatesAdapter,111,2,3,0,0,False,True,3,True,False,6,9,18,5,False,False,False,True,False,public,3,0,0,False,Structurer
55,\wallet\src\de\schildbach\wallet\ui\ExchangeRatesFragment.ExchangeRatesLiveData.java,ExchangeRatesLiveData,52,1,3,1,0,False,False,4,False,False,1,1,6,4,True,False,True,True,False,private,1,0,2,False,Information Holder
56,\wallet\src\de\schildbach\wallet\ui\ExchangeRatesFragment.ViewModel.java,ViewModel,53,5,3,0,3,False,False,2,False,False,3,0,6,0,True,False,True,True,False,public,3,0,0,False,Information Holder
57,\wallet\src\de\schildbach\wallet\ui\FancyListFragment.java,FancyListFragment,39,0,2,1,0,False,False,3,False,False,0,4,7,0,False,False,False,True,False,public,2,0,0,False,Interfacer
58,\wallet\src\de\schildbach\wallet\ui\ExchangeRatesFragment.java,ExchangeRatesFragment,197,7,8,0,0,False,False,3,False,False,10,11,30,25,False,False,False,True,False,public,7,1,0,False,Interfacer
59,\wallet\src\de\schildbach\wallet\ui\HelpDialogFragment.java,HelpDialogFragment,57,3,4,0,0,False,False,3,False,False,0,5,7,2,False,False,False,True,False,public,3,1,0,False,Coordinator
60,\wallet\src\de\schildbach\wallet\ui\InputParser.BinaryInputParser.java,BinaryInputParser,62,2,2,0,0,False,False,3,True,False,1,1,6,3,True,False,True,True,False,public,1,0,1,True,Service Provider
61,\wallet\src\de\schildbach\wallet\ui\InputParser.StreamInputParser.java,StreamInputParser,67,2,2,0,0,False,False,3,True,False,1,1,9,6,True,False,True,True,False,public,1,0,1,True,Service Provider
62,\wallet\src\de\schildbach\wallet\ui\InputParser.StringInputParser.java,StringInputParser,106,1,2,0,0,False,False,3,True,False,2,1,16,9,True,False,True,True,False,public,1,0,1,True,Service Provider
63,\wallet\src\de\schildbach\wallet\ui\InputParser.java,InputParser,121,2,4,0,0,False,False,2,True,False,6,8,25,14,False,False,False,True,False,public,1,0,3,True,Service Provider
64,\wallet\src\de\schildbach\wallet\ui\MaybeMaintenanceFragment.java,MaybeMaintenanceFragment,51,2,2,0,0,False,False,3,False,False,2,2,6,6,False,False,False,True,False,public,2,0,0,False,Coordinator
65,\wallet\src\de\schildbach\wallet\ui\MaybeMaintenanceViewModel.WalletMaintenanceRecommendedLiveData.java,WalletMaintenanceRecommendedLiveData,56,0,2,0,0,False,False,5,False,False,0,1,9,2,True,False,True,True,False,public,0,0,2,False,Information Holder
66,\wallet\src\de\schildbach\wallet\ui\MaybeMaintenanceViewModel.java,MaybeMaintenanceViewModel,65,5,3,1,1,False,False,4,False,False,1,0,7,4,False,False,False,True,False,public,2,1,0,False,Information Holder
67,\wallet\src\de\schildbach\wallet\ui\ProgressDialogFragment.java,ProgressDialogFragment,63,3,6,0,0,False,False,3,False,False,0,7,7,2,False,False,False,True,False,public,5,1,0,False,Coordinator
68,\wallet\src\de\schildbach\wallet\ui\ReportIssueDialogBuilder.java,ReportIssueDialogBuilder,193,7,7,0,0,False,False,4,True,False,11,5,25,23,False,False,False,True,False,public,1,1,5,True,Service Provider
69,\wallet\src\de\schildbach\wallet\ui\ReportIssueViewModel.java,ReportIssueViewModel,33,2,0,0,0,False,False,4,False,False,0,0,4,0,False,False,False,True,False,public,0,0,0,False,Information Holder
70,\wallet\src\de\schildbach\wallet\ui\RequestCoinsActivity.java,RequestCoinsActivity,49,0,4,0,0,False,False,3,False,False,1,3,4,2,False,False,False,True,False,public,3,0,1,False,Service Provider
71,\wallet\src\de\schildbach\wallet\ui\ReportIssueDialogFragment.java,ReportIssueDialogFragment,273,10,11,0,0,False,False,4,False,False,3,16,37,41,False,False,False,True,False,public,5,6,0,False,Interfacer
72,\wallet\src\de\schildbach\wallet\ui\RequestCoinsViewModel.FreshReceiveAddressLiveData.java,FreshReceiveAddressLiveData,51,0,3,1,0,False,False,5,False,False,1,2,6,2,True,False,True,True,False,public,1,1,1,False,Information Holder
73,\wallet\src\de\schildbach\wallet\ui\RequestCoinsFragment.java,RequestCoinsFragment,342,15,20,0,0,False,False,3,False,False,14,18,50,40,False,False,False,True,False,public,12,8,0,False,Interfacer
74,\wallet\src\de\schildbach\wallet\ui\RequestCoinsViewModel.java,RequestCoinsViewModel,161,10,4,0,0,False,False,4,False,False,4,4,20,20,False,False,False,True,False,public,0,4,0,False,Interfacer
75,\wallet\src\de\schildbach\wallet\ui\SendCoinsQrActivity.java,SendCoinsQrActivity,84,1,2,0,0,False,False,4,False,False,3,4,15,5,False,False,False,True,False,public,1,0,1,False,Interfacer
76,\wallet\src\de\schildbach\wallet\ui\SendingAddressesViewModel.AddressesToExcludeLiveData.java,AddressesToExcludeLiveData,56,0,2,0,0,False,False,5,False,False,0,1,12,5,False,False,True,True,False,public,0,1,1,False,Information Holder
77,\wallet\src\de\schildbach\wallet\ui\SendingAddressesViewModel.ClipLiveData.java,ClipLiveData,48,1,4,1,0,False,False,3,False,False,0,1,6,1,True,False,True,True,False,public,2,0,2,False,Information Holder
78,\wallet\src\de\schildbach\wallet\ui\SendingAddressesFragment.java,SendingAddressesFragment,304,7,13,0,1,False,False,3,False,False,11,19,45,45,False,False,False,True,False,public,7,6,0,False,Interfacer
79,\wallet\src\de\schildbach\wallet\ui\SendingAddressesViewModel.java,SendingAddressesViewModel,41,5,0,0,0,False,False,4,False,False,0,0,7,0,False,False,False,True,False,public,0,0,0,False,Information Holder
80,\wallet\src\de\schildbach\wallet\ui\ShowPasswordCheckListener.java,ShowPasswordCheckListener,37,1,1,0,0,False,False,4,True,False,0,2,5,1,False,False,False,True,False,public,1,0,0,False,Service Provider
81,\wallet\src\de\schildbach\wallet\ui\StickToTopLinearLayoutManager.java,StickToTopLinearLayoutManager,34,0,1,0,0,False,False,6,True,False,1,3,3,0,False,False,False,True,False,public,1,0,0,False,Service Provider
82,\wallet\src\de\schildbach\wallet\ui\TransactionsAdapter.ChangeType.java,ChangeType,23,8,0,0,0,False,False,2,False,False,0,0,0,0,False,False,True,False,True,private,0,0,0,False,Information Holder
83,\wallet\src\de\schildbach\wallet\ui\TransactionsAdapter.ItemAnimator.java,ItemAnimator,35,0,1,0,0,False,False,2,True,False,1,2,4,0,True,False,True,True,False,public,1,0,0,False,Service Provider
84,\wallet\src\de\schildbach\wallet\ui\TransactionsAdapter.OnClickListener.java,OnClickListener,27,0,0,0,0,False,False,3,True,False,0,0,2,0,False,True,True,False,False,public,0,0,0,False,Service Provider
85,\wallet\src\de\schildbach\wallet\ui\TransactionsAdapter.WarningType.java,WarningType,23,3,0,0,0,False,False,2,False,False,0,0,0,0,False,False,True,False,True,public,0,0,0,False,Information Holder
86,\wallet\src\de\schildbach\wallet\ui\TransactionsAdapter.ListItem.java,ListItem,325,0,0,0,0,False,False,2,False,False,8,0,30,31,True,False,True,True,False,public,0,0,0,False,Information Holder
87,\wallet\src\de\schildbach\wallet\ui\TransactionsAdapter.TransactionViewHolder.java,TransactionViewHolder,151,16,9,0,0,False,False,3,True,False,1,9,8,2,True,False,True,True,False,public,1,8,0,False,Information Holder
88,\wallet\src\de\schildbach\wallet\ui\TransactionsAdapter.WarningViewHolder.java,WarningViewHolder,31,1,0,0,0,False,False,3,True,False,0,0,4,0,True,False,True,True,False,public,0,0,0,False,Information Holder
89,\wallet\src\de\schildbach\wallet\ui\WalletActionsFragment.java,WalletActionsFragment,79,1,4,0,0,False,False,3,False,False,0,4,11,7,False,False,False,True,False,public,3,1,0,False,Coordinator
90,\wallet\src\de\schildbach\wallet\ui\WalletAddressDialogFragment.java,WalletAddressDialogFragment,110,5,4,0,0,False,False,4,False,False,1,7,22,5,False,False,False,True,False,public,3,1,0,False,Interfacer
91,\wallet\src\de\schildbach\wallet\ui\TransactionsAdapter.java,TransactionsAdapter,337,8,5,0,1,False,True,2,True,False,49,16,24,20,False,False,False,True,False,public,5,0,0,False,Controller
92,\wallet\src\de\schildbach\wallet\ui\WalletAddressFragment.java,WalletAddressFragment,106,6,4,0,0,False,False,3,False,False,2,6,23,7,False,False,False,True,False,public,3,1,0,False,Interfacer
93,\wallet\src\de\schildbach\wallet\ui\WalletAddressViewModel.CurrentAddressLiveData.java,CurrentAddressLiveData,92,1,5,0,0,False,False,4,False,False,0,4,13,2,True,False,True,True,False,public,0,2,3,False,Information Holder
94,\wallet\src\de\schildbach\wallet\ui\WalletActivity.java,WalletActivity,401,6,18,0,0,False,False,2,False,False,18,11,45,50,False,False,False,True,False,public,10,4,4,False,Interfacer
95,\wallet\src\de\schildbach\wallet\ui\WalletAddressViewModel.java,WalletAddressViewModel,89,5,3,0,0,False,False,4,False,False,2,2,12,9,False,False,False,True,False,public,0,3,0,False,Service Provider
96,\wallet\src\de\schildbach\wallet\ui\WalletAddressesAdapter.java,WalletAddressesAdapter,160,8,13,2,6,False,False,3,True,False,8,13,19,11,False,False,False,True,False,public,11,2,0,False,Structurer
97,\wallet\src\de\schildbach\wallet\ui\WalletAddressesFragment.java,WalletAddressesFragment,184,7,5,0,0,False,False,3,False,False,1,10,31,22,False,False,False,True,False,public,5,0,0,False,Interfacer
98,\wallet\src\de\schildbach\wallet\ui\WalletAddressesViewModel.ImportedKeysLiveData.java,ImportedKeysLiveData,71,0,4,0,0,False,False,4,False,False,2,3,10,5,True,False,True,True,False,public,1,1,2,False,Information Holder
99,\wallet\src\de\schildbach\wallet\ui\WalletAddressesViewModel.IssuedReceiveKeysLiveData.java,IssuedReceiveKeysLiveData,56,0,4,0,0,False,False,5,False,False,0,3,8,2,True,False,True,True,False,public,1,1,2,False,Information Holder
100,\wallet\src\de\schildbach\wallet\ui\WalletAddressesViewModel.java,WalletAddressesViewModel,46,6,0,0,0,False,False,4,False,False,0,0,9,1,False,False,False,True,False,public,0,0,0,False,Information Holder
101,\wallet\src\de\schildbach\wallet\ui\WalletBalanceFragment.ViewModel.java,ViewModel,51,4,3,0,3,False,False,2,False,False,3,0,6,0,True,False,True,True,False,public,3,0,0,False,Information Holder
102,\wallet\src\de\schildbach\wallet\ui\WalletDisclaimerFragment.DisclaimerEnabledLiveData.java,DisclaimerEnabledLiveData,46,1,3,0,0,False,False,4,False,False,1,2,5,3,True,False,True,True,False,private,1,0,2,False,Information Holder
103,\wallet\src\de\schildbach\wallet\ui\WalletBalanceFragment.java,WalletBalanceFragment,218,12,9,0,0,False,False,3,False,False,11,11,26,19,False,False,False,True,False,public,7,2,0,False,Interfacer
104,\wallet\src\de\schildbach\wallet\ui\WalletDisclaimerFragment.ViewModel.java,ViewModel,43,3,2,0,2,False,False,2,False,False,2,0,4,0,True,False,True,True,False,public,2,0,0,False,Information Holder
105,\wallet\src\de\schildbach\wallet\ui\WalletDisclaimerFragment.java,WalletDisclaimerFragment,94,2,3,0,0,False,False,3,False,False,5,4,17,8,False,False,False,True,False,public,2,1,0,False,Interfacer
106,\wallet\src\de\schildbach\wallet\ui\WalletTransactionsViewModel.Direction.java,Direction,23,2,0,0,0,False,False,1,False,False,0,0,0,0,False,False,True,False,True,public,0,0,0,False,Information Holder
107,\wallet\src\de\schildbach\wallet\ui\WalletTransactionsViewModel.TransactionsConfidenceLiveData.java,TransactionsConfidenceLiveData,48,0,4,0,0,False,False,4,False,False,0,4,6,0,True,False,True,True,False,private,1,0,3,False,Information Holder
108,\wallet\src\de\schildbach\wallet\ui\WalletTransactionsFragment.java,WalletTransactionsFragment,317,14,12,0,0,False,False,3,False,False,13,15,46,47,False,False,False,True,False,public,10,2,0,False,Interfacer
109,\wallet\src\de\schildbach\wallet\ui\WalletTransactionsViewModel.TransactionsLiveData.java,TransactionsLiveData,93,2,5,0,0,False,False,3,False,False,0,4,13,1,True,False,True,True,False,public,0,2,3,False,Information Holder
110,\wallet\src\de\schildbach\wallet\ui\WalletViewModel.EnterAnimationState.java,EnterAnimationState,23,3,0,0,0,False,False,3,False,False,0,0,0,0,True,False,True,False,True,public,0,0,0,False,Information Holder
111,\wallet\src\de\schildbach\wallet\ui\WalletTransactionsViewModel.java,WalletTransactionsViewModel,165,11,5,3,1,False,False,4,False,False,4,3,26,29,False,False,False,True,False,public,4,1,0,False,Information Holder
112,\wallet\src\de\schildbach\wallet\ui\WalletViewModel.WalletEncryptedLiveData.java,WalletEncryptedLiveData,45,0,2,0,0,False,False,4,False,False,0,1,5,2,True,False,True,True,False,public,0,0,2,False,Service Provider
113,\wallet\src\de\schildbach\wallet\ui\WalletViewModel.java,WalletViewModel,71,4,7,0,0,False,False,3,False,False,3,0,5,2,False,False,False,True,False,public,6,1,0,False,Information Holder
114,\wallet\src\de\schildbach\wallet\ui\send\DecodePrivateKeyTask.java,DecodePrivateKeyTask,57,2,1,0,0,False,False,4,False,False,0,2,4,4,False,False,False,True,False,public,1,0,0,True,Service Provider
115,\wallet\src\de\schildbach\wallet\ui\send\DeriveKeyTask.java,DeriveKeyTask,85,4,1,0,0,False,False,3,False,False,2,2,12,7,False,False,False,True,False,public,1,0,0,True,Service Provider
116,\wallet\src\de\schildbach\wallet\ui\send\FeeCategory.java,FeeCategory,35,3,0,0,0,False,False,2,False,False,0,0,0,0,False,False,False,False,True,public,0,0,0,False,Information Holder
117,\wallet\src\de\schildbach\wallet\ui\send\MaintenanceDialogFragment.State.java,State,23,3,0,0,0,False,False,1,False,False,0,0,0,0,False,False,True,False,True,private,0,0,0,False,Information Holder
118,\wallet\src\de\schildbach\wallet\ui\send\RaiseFeeDialogFragment.State.java,State,23,3,0,0,0,False,False,1,False,False,0,0,0,0,False,False,True,False,True,private,0,0,0,False,Information Holder
119,\wallet\src\de\schildbach\wallet\ui\send\RaiseFeeDialogFragment.ViewModel.java,ViewModel,37,2,1,0,1,False,False,2,False,False,1,0,4,0,True,False,True,True,False,public,1,0,0,False,Information Holder
120,\wallet\src\de\schildbach\wallet\ui\send\MaintenanceDialogFragment.java,MaintenanceDialogFragment,267,15,13,0,0,False,False,3,False,False,5,6,40,27,False,False,False,True,False,public,7,6,0,False,Interfacer
121,\wallet\src\de\schildbach\wallet\ui\send\RequestPaymentRequestTask.BluetoothRequestTask.java,BluetoothRequestTask,86,1,1,0,0,False,False,3,False,False,1,1,14,9,True,False,True,True,False,public,1,0,0,False,Service Provider
122,\wallet\src\de\schildbach\wallet\ui\send\RaiseFeeDialogFragment.java,RaiseFeeDialogFragment,287,20,13,0,0,False,False,4,False,False,9,13,44,27,False,False,False,True,False,public,7,6,0,False,Interfacer
123,\wallet\src\de\schildbach\wallet\ui\send\RequestPaymentRequestTask.HttpRequestTask.java,HttpRequestTask,85,1,1,0,0,False,False,3,False,False,2,1,13,12,True,False,True,True,False,public,1,0,0,False,Service Provider
124,\wallet\src\de\schildbach\wallet\ui\send\RequestPaymentRequestTask.ResultCallback.java,ResultCallback,25,0,0,0,0,False,False,2,False,False,0,0,1,0,False,True,True,False,False,public,0,0,0,False,Service Provider
125,\wallet\src\de\schildbach\wallet\ui\send\RequestPaymentRequestTask.java,RequestPaymentRequestTask,53,4,2,0,0,False,False,4,False,False,0,3,5,3,False,False,False,True,False,public,0,0,2,True,Service Provider
126,\wallet\src\de\schildbach\wallet\ui\send\RequestWalletBalanceTask.ElectrumServer.java,ElectrumServer,45,3,0,0,0,False,False,2,True,False,1,0,2,1,True,False,True,True,False,public,0,0,0,False,Information Holder
127,\wallet\src\de\schildbach\wallet\ui\send\RequestWalletBalanceTask.JsonRpcRequest.java,JsonRpcRequest,31,4,0,0,0,False,False,3,False,False,0,0,0,0,True,False,True,True,False,public,0,0,0,False,Information Holder
128,\wallet\src\de\schildbach\wallet\ui\send\RequestWalletBalanceTask.JsonRpcResponse.java,JsonRpcResponse,30,2,0,0,0,False,False,3,False,False,0,0,0,0,True,False,True,True,False,public,0,0,0,False,Information Holder
129,\wallet\src\de\schildbach\wallet\ui\send\RequestWalletBalanceTask.ResultCallback.java,ResultCallback,26,0,0,0,0,False,False,2,False,False,0,0,2,0,False,True,True,False,False,public,0,0,0,False,Service Provider
130,\wallet\src\de\schildbach\wallet\ui\send\SendCoinsActivity.java,SendCoinsActivity,75,2,6,0,0,False,False,3,False,False,3,13,13,2,False,False,False,True,False,public,5,0,1,False,Coordinator
131,\wallet\src\de\schildbach\wallet\ui\send\RequestWalletBalanceTask.java,RequestWalletBalanceTask,227,5,6,0,0,False,False,4,False,False,8,7,47,32,False,False,False,True,False,public,1,3,2,False,Service Provider
132,\wallet\src\de\schildbach\wallet\ui\send\SendCoinsFragment.ReceivingAddressListener.java,ReceivingAddressListener,65,0,5,0,0,False,False,3,True,False,2,15,9,4,False,False,True,True,False,private,5,0,0,False,Service Provider
133,\wallet\src\de\schildbach\wallet\ui\send\SendCoinsFragment.ReceivingAddressViewAdapter.java,ReceivingAddressViewAdapter,77,1,2,0,2,False,False,4,True,False,3,3,13,6,False,False,True,True,False,private,2,0,0,False,Service Provider
134,\wallet\src\de\schildbach\wallet\ui\send\SendCoinsOfflineTask.java,SendCoinsOfflineTask,119,4,2,0,0,False,False,4,False,False,2,1,14,15,False,False,False,True,False,public,1,0,1,True,Service Provider
135,\wallet\src\de\schildbach\wallet\ui\send\SendCoinsViewModel.State.java,State,25,7,0,0,0,False,False,1,False,False,0,0,0,0,False,False,True,False,True,public,0,0,0,False,Information Holder
136,\wallet\src\de\schildbach\wallet\ui\send\SendCoinsViewModel.java,SendCoinsViewModel,71,15,0,0,0,False,False,4,False,False,0,0,17,1,False,False,False,True,False,public,0,0,0,False,Information Holder
137,\wallet\src\de\schildbach\wallet\ui\send\SweepWalletActivity.java,SweepWalletActivity,44,1,3,0,0,False,False,3,False,False,0,4,7,0,False,False,False,True,False,public,3,0,0,False,Service Provider
138,\wallet\src\de\schildbach\wallet\ui\send\SweepWalletFragment.FakeTransaction.java,FakeTransaction,34,1,1,0,1,False,False,2,False,False,0,0,3,0,True,False,True,True,False,private,1,0,0,False,Information Holder
139,\wallet\src\de\schildbach\wallet\ui\send\SweepWalletFragment.State.java,State,25,6,0,0,0,False,False,1,False,False,0,0,0,0,False,False,True,False,True,private,0,0,0,False,Information Holder
140,\wallet\src\de\schildbach\wallet\ui\send\SweepWalletFragment.ViewModel.java,ViewModel,48,6,1,0,1,False,False,2,False,False,1,0,8,0,True,False,True,True,False,public,1,0,0,False,Information Holder
141,\wallet\src\de\schildbach\wallet\ui\scan\ScanActivity.AutoFocusRunnable.java,AutoFocusRunnable,42,2,1,0,0,False,False,3,False,False,0,0,1,1,False,False,True,True,False,private,1,0,0,False,Service Provider
142,\wallet\src\de\schildbach\wallet\ui\send\SendCoinsFragment.java,SendCoinsFragment,1125,41,33,1,0,False,False,3,False,False,66,27,95,175,False,False,False,True,False,public,12,21,0,False,Interfacer
143,\wallet\src\de\schildbach\wallet\ui\scan\CameraManager.java,CameraManager,257,11,15,3,5,False,False,2,True,False,21,15,16,25,False,False,False,True,False,public,9,6,0,False,Information Holder
144,\wallet\src\de\schildbach\wallet\ui\scan\ScanActivity.WarnDialogFragment.java,WarnDialogFragment,55,1,3,0,0,False,False,3,False,False,0,5,7,6,True,False,True,True,False,public,3,0,0,False,Service Provider
145,\wallet\src\de\schildbach\wallet\ui\send\SweepWalletFragment.java,SweepWalletFragment,527,26,15,1,0,False,False,3,False,False,26,13,70,57,False,False,False,True,False,public,7,8,0,False,Interfacer
146,\wallet\src\de\schildbach\wallet\ui\scan\ScanViewModel.java,ScanViewModel,26,2,0,0,0,False,False,3,False,False,0,0,2,0,False,False,False,True,False,public,0,0,0,False,Information Holder
147,\wallet\src\de\schildbach\wallet\ui\preference\AboutFragment.java,AboutFragment,59,5,2,0,0,False,False,2,False,False,1,2,11,3,False,False,False,True,False,public,2,0,0,False,Coordinator
148,\wallet\src\de\schildbach\wallet\ui\preference\DiagnosticsFragment.java,DiagnosticsFragment,87,5,5,0,0,False,False,2,False,False,1,4,16,8,False,False,False,True,False,public,3,2,0,False,Interfacer
149,\wallet\src\de\schildbach\wallet\ui\scan\ScanActivity.java,ScanActivity,379,19,19,0,0,False,False,2,False,False,11,23,52,37,False,False,False,True,False,public,13,3,3,False,Interfacer
150,\wallet\src\de\schildbach\wallet\ui\scan\ScannerView.java,ScannerView,127,13,4,2,0,False,False,2,False,False,3,8,16,12,False,False,False,True,False,public,4,0,0,False,Interfacer
151,\wallet\src\de\schildbach\wallet\ui\preference\PreferenceActivity.java,PreferenceActivity,44,0,3,0,0,False,False,2,False,False,1,3,3,4,False,False,False,True,False,public,2,0,1,False,Service Provider
152,\wallet\src\de\schildbach\wallet\ui\preference\ExtendedPublicKeyFragment.java,ExtendedPublicKeyFragment,87,4,4,0,0,False,False,4,False,False,0,5,16,6,False,False,False,True,False,public,3,1,0,False,Interfacer
153,\wallet\src\de\schildbach\wallet\ui\preference\ResolveDnsTask.java,ResolveDnsTask,57,2,1,0,0,False,False,3,False,False,0,1,4,4,False,False,False,True,False,public,1,0,0,True,Service Provider
154,\wallet\src\de\schildbach\wallet\ui\preference\SettingsFragment.java,SettingsFragment,119,10,5,0,0,False,False,2,False,False,2,4,17,11,False,False,False,True,False,public,4,1,0,False,Interfacer
155,\wallet\src\de\schildbach\wallet\ui\monitor\BlockListAdapter.OnClickListener.java,OnClickListener,25,0,0,0,0,False,False,3,True,False,0,0,2,0,False,True,True,False,False,public,0,0,0,False,Service Provider
156,\wallet\src\de\schildbach\wallet\ui\monitor\BlockListAdapter.ListItem.java,ListItem,115,7,2,0,0,False,False,2,False,False,7,2,20,14,True,False,True,True,False,public,0,2,0,False,Structurer
157,\wallet\src\de\schildbach\wallet\ui\monitor\BlockListAdapter.ViewHolder.java,ViewHolder,45,7,0,0,0,False,False,2,True,False,0,0,6,0,True,False,True,True,False,public,0,0,0,False,Information Holder
158,\wallet\src\de\schildbach\wallet\ui\monitor\BlockListAdapter.java,BlockListAdapter,127,4,4,0,0,False,True,3,True,False,4,14,23,6,False,False,False,True,False,public,3,1,0,False,Structurer
159,\wallet\src\de\schildbach\wallet\ui\monitor\BlockListFragment.BlocksLiveData.java,BlocksLiveData,69,4,4,0,0,False,False,3,False,False,1,3,13,1,True,False,True,True,False,private,2,0,2,False,Information Holder
160,\wallet\src\de\schildbach\wallet\ui\monitor\BlockListFragment.TransactionsLiveData.java,TransactionsLiveData,58,0,2,0,0,False,False,3,False,False,2,1,10,4,True,False,True,True,False,private,0,1,1,False,Service Provider
161,\wallet\src\de\schildbach\wallet\ui\monitor\BlockListFragment.ViewModel.java,ViewModel,62,6,4,0,4,False,False,2,False,False,4,0,9,1,True,False,True,True,False,public,4,0,0,False,Information Holder
162,\wallet\src\de\schildbach\wallet\ui\monitor\BlockListFragment.java,BlockListFragment,144,9,5,0,0,False,False,3,False,False,2,7,33,17,False,False,False,True,False,public,4,1,0,False,Interfacer
163,\wallet\src\de\schildbach\wallet\ui\monitor\NetworkMonitorActivity.PagerAdapter.java,PagerAdapter,39,0,2,0,2,False,False,2,True,False,1,1,3,0,False,False,True,True,False,private,2,0,0,False,Information Holder
164,\wallet\src\de\schildbach\wallet\ui\monitor\NetworkMonitorActivity.java,NetworkMonitorActivity,51,2,1,0,0,False,False,3,False,False,1,1,6,0,False,False,False,True,False,public,0,0,1,False,Interfacer
165,\wallet\src\de\schildbach\wallet\ui\monitor\PeerListAdapter.ListItem.java,ListItem,47,7,0,0,0,False,False,2,False,False,0,0,6,5,True,False,True,True,False,public,0,0,0,False,Information Holder
166,\wallet\src\de\schildbach\wallet\ui\monitor\PeerListAdapter.ViewHolder.java,ViewHolder,39,5,0,0,0,False,False,2,True,False,0,0,4,0,True,False,True,True,False,public,0,0,0,False,Information Holder
167,\wallet\src\de\schildbach\wallet\ui\monitor\PeerListAdapter.java,PeerListAdapter,79,1,3,0,0,False,True,3,True,False,3,7,13,3,False,False,False,True,False,public,3,0,0,False,Structurer
168,\wallet\src\de\schildbach\wallet\ui\monitor\PeerListFragment.HostnamesLiveData.java,HostnamesLiveData,51,1,1,0,0,False,False,3,False,False,1,1,7,3,True,False,True,True,False,private,1,0,0,False,Service Provider
169,\wallet\src\de\schildbach\wallet\ui\monitor\PeerListFragment.PeersLiveData.java,PeersLiveData,68,4,4,0,0,False,False,3,False,False,1,3,13,3,True,False,True,True,False,private,2,0,2,False,Information Holder
170,\wallet\src\de\schildbach\wallet\ui\monitor\PeerListFragment.ViewModel.java,ViewModel,42,3,2,0,2,False,False,2,False,False,2,0,3,0,True,False,True,True,False,public,2,0,0,False,Information Holder
171,\wallet\src\de\schildbach\wallet\ui\monitor\PeerListFragment.java,PeerListFragment,88,5,4,0,0,False,False,3,False,False,2,5,18,7,False,False,False,True,False,public,3,1,0,False,Interfacer
172,\wallet\src\de\schildbach\wallet\ui\backup\BackupWalletDialogFragment.ErrorDialogFragment.java,ErrorDialogFragment,46,2,2,0,0,False,False,3,False,False,0,3,6,3,True,False,True,True,False,public,2,0,0,False,Service Provider
173,\wallet\src\de\schildbach\wallet\ui\backup\BackupWalletDialogFragment.SuccessDialogFragment.java,SuccessDialogFragment,47,2,2,0,0,False,False,3,False,False,0,3,7,2,True,False,True,True,False,public,2,0,0,False,Interfacer
174,\wallet\src\de\schildbach\wallet\ui\backup\BackupWalletViewModel.java,BackupWalletViewModel,35,3,0,0,0,False,False,4,False,False,0,0,5,0,False,False,False,True,False,public,0,0,0,False,Information Holder
175,\wallet\src\de\schildbach\wallet\ui\backup\FileAdapter.java,FileAdapter,52,2,2,1,1,False,False,2,True,False,1,4,9,1,False,False,False,True,False,public,2,0,0,True,Structurer
176,\wallet\src\de\schildbach\wallet\ui\backup\ImportDialogButtonEnablerListener.java,ImportDialogButtonEnablerListener,69,2,8,0,0,False,False,5,True,False,0,14,9,1,False,False,False,True,False,public,6,0,2,False,Service Provider
177,\wallet\src\de\schildbach\wallet\ui\backup\BackupWalletDialogFragment.java,BackupWalletDialogFragment,269,13,10,0,0,False,False,4,False,False,8,9,46,40,False,False,False,True,False,public,6,4,0,False,Interfacer
178,\wallet\src\de\schildbach\wallet\ui\backup\RestoreWalletDialogFragment.FailureDialogFragment.java,FailureDialogFragment,53,2,2,0,0,False,False,3,False,False,0,3,7,5,True,False,True,True,False,public,2,0,0,False,Coordinator
179,\wallet\src\de\schildbach\wallet\ui\backup\RestoreWalletDialogFragment.PermissionDeniedDialogFragment.java,PermissionDeniedDialogFragment,49,1,2,0,0,False,False,4,False,False,0,2,7,4,True,False,True,True,False,public,2,0,0,False,Service Provider
180,\wallet\src\de\schildbach\wallet\ui\backup\RestoreWalletDialogFragment.SuccessDialogFragment.java,SuccessDialogFragment,69,3,3,0,0,False,False,3,False,False,1,4,10,5,True,False,True,True,False,public,3,0,0,False,Coordinator
181,\wallet\src\de\schildbach\wallet\ui\backup\RestoreWalletFromExternalActivity.java,RestoreWalletFromExternalActivity,29,0,1,0,0,False,False,5,False,False,0,1,2,1,False,False,False,True,False,public,0,0,1,False,Interfacer
182,\wallet\src\de\schildbach\wallet\ui\backup\RestoreWalletFromExternalDialogFragment.FailureDialogFragment.java,FailureDialogFragment,77,4,3,0,0,False,False,3,False,False,0,5,11,9,True,False,True,True,False,public,3,0,0,False,Interfacer
183,\wallet\src\de\schildbach\wallet\ui\backup\RestoreWalletDialogFragment.java,RestoreWalletDialogFragment,293,12,11,0,0,False,False,4,False,False,9,12,49,40,False,False,False,True,False,public,6,5,0,False,Interfacer
184,\wallet\src\de\schildbach\wallet\ui\backup\RestoreWalletFromExternalDialogFragment.SuccessDialogFragment.java,SuccessDialogFragment,69,3,3,0,0,False,False,3,False,False,1,4,10,4,True,False,True,True,False,public,3,0,0,False,Coordinator
185,\wallet\src\de\schildbach\wallet\ui\backup\RestoreWalletViewModel.java,RestoreWalletViewModel,33,2,0,0,0,False,False,4,False,False,0,0,4,0,False,False,False,True,False,public,0,0,0,False,Information Holder
186,\wallet\src\de\schildbach\wallet\ui\backup\RestoreWalletFromExternalDialogFragment.java,RestoreWalletFromExternalDialogFragment,170,12,6,0,0,False,False,6,False,False,0,8,38,20,False,False,False,True,False,public,4,2,0,False,Interfacer
187,\wallet\src\de\schildbach\wallet\service\BlockchainService.ImpedimentsLiveData.java,ImpedimentsLiveData,96,4,3,0,0,False,False,3,False,False,7,1,11,10,True,False,True,True,False,private,0,1,2,False,Structurer
188,\wallet\src\de\schildbach\wallet\service\BlockchainService.LocalBinder.java,LocalBinder,26,0,1,0,1,False,False,2,True,False,0,0,1,0,False,False,True,True,False,public,1,0,0,False,Information Holder
189,\wallet\src\de\schildbach\wallet\service\BlockchainService.NewTransactionLiveData.java,NewTransactionLiveData,56,2,2,0,0,False,False,4,False,False,0,0,7,0,True,False,True,True,False,private,0,0,2,False,Information Holder
190,\wallet\src\de\schildbach\wallet\service\BlockchainService.PeerConnectivityListener.java,PeerConnectivityListener,87,2,5,0,0,False,False,3,True,False,3,7,13,5,False,False,True,True,False,private,4,1,0,False,Service Provider
191,\wallet\src\de\schildbach\wallet\service\BlockchainState.Impediment.java,Impediment,23,2,0,0,0,False,False,1,False,False,0,0,0,0,False,False,True,False,True,public,0,0,0,False,Information Holder
192,\wallet\src\de\schildbach\wallet\service\BlockchainState.java,BlockchainState,58,8,2,0,0,False,False,2,False,False,1,2,4,0,False,False,False,True,False,public,2,0,0,False,Information Holder
193,\wallet\src\de\schildbach\wallet\service\BootstrapReceiver.java,BootstrapReceiver,50,1,1,0,0,False,False,2,True,False,3,2,8,6,False,False,False,True,False,public,1,0,0,False,Service Provider
194,\wallet\src\de\schildbach\wallet\service\UpgradeWalletService.java,UpgradeWalletService,83,2,4,0,0,False,False,3,False,False,2,3,12,6,False,False,False,True,False,public,2,1,1,False,Coordinator
195,\wallet\src\de\schildbach\wallet\service\InactivityNotificationService.java,InactivityNotificationService,146,7,7,0,0,False,False,3,False,False,6,4,21,20,False,False,False,True,False,public,2,4,1,False,Interfacer
196,\wallet\src\de\schildbach\wallet\service\BlockchainService.java,BlockchainService,623,35,18,0,3,False,False,2,False,False,38,18,71,105,False,False,False,True,False,public,14,4,0,False,Interfacer
197,\wallet\src\de\schildbach\wallet\offline\AcceptBluetoothThread.ClassicBluetoothThread.java,ClassicBluetoothThread,66,0,1,0,0,False,False,3,False,False,1,0,9,6,True,False,True,True,False,public,1,0,0,True,Service Provider
198,\wallet\src\de\schildbach\wallet\offline\AcceptBluetoothThread.PaymentProtocolThread.java,PaymentProtocolThread,64,0,1,0,0,False,False,3,False,False,1,0,11,4,True,False,True,True,False,public,1,0,0,True,Service Provider
199,\wallet\src\de\schildbach\wallet\offline\AcceptBluetoothThread.java,AcceptBluetoothThread,44,3,1,0,0,False,False,3,False,False,0,0,6,1,False,False,False,True,False,public,1,0,0,True,Coordinator
200,\wallet\src\de\schildbach\wallet\offline\DirectPaymentTask.ResultCallback.java,ResultCallback,24,0,0,0,0,False,False,2,False,False,0,0,0,0,False,True,True,False,False,public,0,0,0,False,Service Provider
201,\wallet\src\de\schildbach\wallet\offline\AcceptBluetoothService.java,AcceptBluetoothService,156,11,5,0,0,False,False,3,False,False,4,5,25,22,False,False,False,True,False,public,4,1,0,False,Interfacer
202,\wallet\src\de\schildbach\wallet\offline\DirectPaymentTask.BluetoothPaymentTask.java,BluetoothPaymentTask,72,2,1,0,0,False,False,3,False,False,1,1,12,8,True,False,True,True,False,public,1,0,0,False,Service Provider
203,\wallet\src\de\schildbach\wallet\offline\DirectPaymentTask.java,DirectPaymentTask,53,4,2,0,0,False,False,3,False,False,0,3,5,3,False,False,False,True,False,public,0,0,2,True,Service Provider
204,\wallet\src\de\schildbach\wallet\offline\DirectPaymentTask.HttpPaymentTask.java,HttpPaymentTask,97,2,1,0,0,False,False,3,False,False,2,1,16,15,True,False,True,True,False,public,1,0,0,False,Service Provider
205,\wallet\src\de\schildbach\wallet\data\AbstractWalletLiveData.java,AbstractWalletLiveData,88,6,5,0,1,False,False,4,False,False,2,1,9,1,False,False,False,True,False,public,0,1,4,True,Information Holder
206,\wallet\src\de\schildbach\wallet\data\AddressBookDao.java,AddressBookDao,42,0,0,0,0,False,False,3,False,False,0,0,7,0,False,True,False,False,False,public,0,0,0,False,Service Provider
207,\wallet\src\de\schildbach\wallet\data\AddressBookEntry.java,AddressBookEntry,54,2,3,0,2,False,False,3,False,False,1,1,7,1,False,False,False,True,False,public,3,0,0,False,Information Holder
208,\wallet\src\de\schildbach\wallet\data\AppDatabase.java,AppDatabase,53,2,1,0,1,True,False,2,False,False,2,1,6,2,False,False,False,True,False,public,1,0,0,True,Information Holder
209,\wallet\src\de\schildbach\wallet\data\BlockchainStateLiveData.java,BlockchainStateLiveData,64,3,4,0,0,False,False,4,False,False,0,3,12,2,False,False,False,True,False,public,2,0,2,False,Information Holder
210,\wallet\src\de\schildbach\wallet\data\ConfigFormatLiveData.java,ConfigFormatLiveData,46,1,3,0,0,False,False,4,False,False,1,2,5,3,False,False,False,True,False,public,1,0,2,False,Information Holder
211,\wallet\src\de\schildbach\wallet\data\ConfigOwnNameLiveData.java,ConfigOwnNameLiveData,45,1,3,0,0,False,False,5,False,False,1,2,4,3,False,False,False,True,False,public,1,0,2,False,Information Holder
212,\wallet\src\de\schildbach\wallet\data\ExchangeRate.java,ExchangeRate,37,2,2,0,1,False,False,2,False,False,0,0,1,1,False,False,False,True,False,public,2,0,0,False,Information Holder
213,\wallet\src\de\schildbach\wallet\data\DynamicFeeLiveData.java,DynamicFeeLiveData,187,6,4,0,0,False,False,4,False,False,10,5,32,31,False,False,False,True,False,public,0,3,1,False,Structurer
214,\wallet\src\de\schildbach\wallet\data\ExchangeRateLiveData.java,ExchangeRateLiveData,66,2,4,0,0,False,False,4,False,False,2,2,7,8,False,False,False,True,False,public,1,1,2,False,Coordinator
215,\wallet\src\de\schildbach\wallet\data\PaymentIntent.Standard.java,Standard,23,2,0,0,0,False,False,1,False,False,0,0,0,0,False,False,True,False,True,public,0,0,0,False,Information Holder
216,\wallet\src\de\schildbach\wallet\data\PaymentIntent.Output.java,Output,95,3,5,0,0,False,False,1,False,False,1,3,8,12,True,False,True,True,False,public,5,0,0,False,Coordinator
217,\wallet\src\de\schildbach\wallet\data\ExchangeRatesProvider.java,ExchangeRatesProvider,239,14,12,0,2,False,False,3,True,False,17,21,31,38,False,False,False,True,False,public,8,4,0,False,Service Provider
218,\wallet\src\de\schildbach\wallet\data\SingleLiveEvent.java,SingleLiveEvent,78,2,4,1,0,False,False,3,False,False,2,3,9,1,False,False,False,True,False,public,4,0,0,False,Coordinator
219,\wallet\src\de\schildbach\wallet\data\ThrottelingLiveData.java,ThrottelingLiveData,60,4,3,0,0,False,False,3,False,False,1,0,3,4,False,False,False,True,False,public,0,0,3,True,Information Holder
220,\wallet\src\de\schildbach\wallet\data\PaymentIntent.java,PaymentIntent,344,12,31,0,2,False,False,2,False,False,26,18,19,27,False,False,False,True,False,public,29,2,0,False,Structurer
221,\wallet\src\de\schildbach\wallet\data\TimeLiveData.java,TimeLiveData,48,2,2,0,0,False,False,3,False,False,0,0,7,0,False,False,False,True,False,public,0,0,2,False,Information Holder
222,\wallet\src\de\schildbach\wallet\data\WalletBalanceLiveData.WalletListener.java,WalletListener,48,0,4,0,0,False,False,2,True,False,0,10,7,0,False,False,True,True,False,private,4,0,0,False,Service Provider
223,\wallet\src\de\schildbach\wallet\data\WalletBalanceLiveData.java,WalletBalanceLiveData,83,3,6,0,0,False,False,4,False,False,1,6,10,2,False,False,False,True,False,public,1,2,3,False,Structurer
224,\wallet\src\de\schildbach\wallet\data\WalletLiveData.java,WalletLiveData,31,0,1,0,0,False,False,3,False,False,0,1,2,0,False,False,False,True,False,public,0,0,1,False,Service Provider
225,\sample-integration-android\src\de\schildbach\wallet\integration\sample\SampleActivity.java,SampleActivity,124,7,5,0,0,False,False,2,False,False,4,4,19,18,False,False,False,True,False,public,0,3,2,False,Interfacer
226,\integration-android\src\de\schildbach\wallet\integration\android\BitcoinIntegration.java,BitcoinIntegration,241,5,16,0,0,False,False,2,False,False,5,33,6,11,False,False,False,True,False,public,11,5,0,False,Controller
