index,fullpathname,classname,loc,numAttr,numMethod,setters,getters,isPersist,isCollection,numWordName,isOrEr,isController,numIfs,numParameters,numImports,numOutboundInvocation,isStaticClass,isInterface,isInnerClass,isClass,isEnum,classPublicity,numPublicMethods,numPrivateMethods,numProtectedMethods,isAbstract
0,\test\com\fsck\k9\helper\Utility_quoteAtoms.java,quoteAtoms,53,0,4,0,0,FALSE,FALSE,2,FALSE,FALSE,0,2,1,0,FALSE,FALSE,FALSE,TRUE,FALSE,public,2,2,0,FALSE
1,\src\com\fsck\k9\Account.FolderMode.java,FolderMode,9,5,0,0,0,FALSE,FALSE,2,FALSE,FALSE,0,0,0,0,FALSE,FALSE,TRUE,FALSE,TRUE,public,0,0,0,FALSE
2,\src\com\fsck\k9\Account.MessageFormat.java,MessageFormat,9,2,0,0,0,FALSE,FALSE,2,FALSE,FALSE,0,0,0,0,FALSE,FALSE,TRUE,FALSE,TRUE,public,0,0,0,FALSE
3,\src\com\fsck\k9\Account.QuoteStyle.java,QuoteStyle,9,2,0,0,0,FALSE,FALSE,2,FALSE,FALSE,0,0,0,0,FALSE,FALSE,TRUE,FALSE,TRUE,public,0,0,0,FALSE
4,\src\com\fsck\k9\Account.ScrollButtons.java,ScrollButtons,9,3,0,0,0,FALSE,FALSE,2,FALSE,FALSE,0,0,0,0,FALSE,FALSE,TRUE,FALSE,TRUE,public,0,0,0,FALSE
5,\src\com\fsck\k9\Account.Searchable.java,Searchable,9,3,0,0,0,FALSE,FALSE,1,FALSE,FALSE,0,0,0,0,FALSE,FALSE,TRUE,FALSE,TRUE,public,0,0,0,FALSE
6,\src\com\fsck\k9\Account.ShowPictures.java,ShowPictures,9,3,0,0,0,FALSE,FALSE,2,FALSE,FALSE,0,0,0,0,FALSE,FALSE,TRUE,FALSE,TRUE,public,0,0,0,FALSE
7,\src\com\fsck\k9\AccountStats.java,AccountStats,12,4,0,0,0,FALSE,FALSE,2,FALSE,FALSE,0,0,1,0,FALSE,FALSE,FALSE,TRUE,FALSE,public,0,0,0,FALSE
8,\src\com\fsck\k9\BaseAccount.java,BaseAccount,9,0,0,0,0,FALSE,FALSE,2,FALSE,FALSE,0,0,0,0,FALSE,TRUE,FALSE,FALSE,FALSE,public,0,0,0,FALSE
9,\src\com\fsck\k9\EmailAddressAdapter.java,EmailAddressAdapter,61,2,4,0,1,FALSE,FALSE,3,TRUE,FALSE,1,6,7,1,FALSE,FALSE,FALSE,TRUE,FALSE,public,4,0,0,FALSE
10,\src\com\fsck\k9\EmailAddressValidator.java,EmailAddressValidator,18,0,3,0,0,FALSE,FALSE,3,TRUE,FALSE,0,3,2,1,FALSE,FALSE,FALSE,TRUE,FALSE,public,3,0,0,FALSE
11,\src\com\fsck\k9\EmailReceivedIntent.java,EmailReceivedIntent,13,9,0,0,0,FALSE,FALSE,3,FALSE,FALSE,0,0,0,0,FALSE,FALSE,FALSE,TRUE,FALSE,public,0,0,0,FALSE
12,\src\com\fsck\k9\Identity.java,Identity,65,7,13,6,6,FALSE,FALSE,1,FALSE,FALSE,0,6,1,0,FALSE,FALSE,FALSE,TRUE,FALSE,public,13,0,0,FALSE
13,\src\com\fsck\k9\FontSizes.java,FontSizes,336,39,35,16,17,FALSE,FALSE,2,FALSE,FALSE,2,18,2,1,FALSE,FALSE,FALSE,TRUE,FALSE,public,35,0,0,FALSE
14,\src\com\fsck\k9\K9.ApplicationAware.java,ApplicationAware,12,0,0,0,0,FALSE,FALSE,2,FALSE,FALSE,0,0,0,0,TRUE,TRUE,TRUE,FALSE,FALSE,public,0,0,0,FALSE
15,\src\com\fsck\k9\K9.BACKGROUND_OPS.java,OPS,5,4,0,0,0,FALSE,FALSE,3,FALSE,FALSE,0,0,0,0,FALSE,FALSE,FALSE,FALSE,TRUE,public,0,0,0,FALSE
16,\src\com\fsck\k9\Account.java,Account,1342,71,141,56,54,FALSE,FALSE,1,FALSE,FALSE,31,76,23,77,FALSE,FALSE,FALSE,TRUE,FALSE,public,136,4,1,FALSE
17,\src\com\fsck\k9\K9.Intents.java,Intents,19,0,0,0,0,FALSE,FALSE,1,FALSE,FALSE,0,0,0,0,TRUE,FALSE,TRUE,TRUE,FALSE,public,0,0,0,FALSE
18,\src\com\fsck\k9\NotificationSetting.java,NotificationSetting,140,7,16,7,6,FALSE,FALSE,2,FALSE,FALSE,1,9,0,0,FALSE,FALSE,FALSE,TRUE,FALSE,public,16,0,0,FALSE
19,\src\com\fsck\k9\Preferences.java,Preferences,174,6,11,1,6,FALSE,FALSE,1,FALSE,FALSE,15,4,9,14,FALSE,FALSE,FALSE,TRUE,FALSE,public,10,1,0,FALSE
20,\src\com\fsck\k9\SearchAccount.java,SearchAccount,116,11,20,8,8,FALSE,FALSE,2,FALSE,FALSE,1,10,4,1,FALSE,FALSE,FALSE,TRUE,FALSE,public,19,0,1,FALSE
21,\src\com\fsck\k9\SearchSpecification.java,SearchSpecification,11,0,0,0,0,FALSE,FALSE,2,FALSE,FALSE,0,0,1,0,FALSE,TRUE,FALSE,FALSE,FALSE,public,0,0,0,FALSE
22,\src\com\fsck\k9\K9.java,K9,831,72,73,33,9,FALSE,FALSE,1,FALSE,FALSE,12,40,31,30,FALSE,FALSE,FALSE,TRUE,FALSE,public,69,2,2,FALSE
23,\src\com\fsck\k9\view\AccessibleWebView.java,AccessibleWebView,96,3,7,0,1,FALSE,FALSE,3,FALSE,FALSE,2,9,9,1,FALSE,FALSE,FALSE,TRUE,FALSE,public,5,2,0,FALSE
24,\src\com\fsck\k9\view\ColorChip.java,ColorChip,27,2,1,0,0,FALSE,FALSE,2,FALSE,FALSE,0,0,3,2,FALSE,FALSE,FALSE,TRUE,FALSE,public,1,0,0,FALSE
25,\src\com\fsck\k9\view\AttachmentView.java,AttachmentView,272,12,10,0,1,FALSE,FALSE,2,FALSE,FALSE,13,6,25,24,FALSE,FALSE,FALSE,TRUE,FALSE,public,7,3,0,FALSE
26,\src\com\fsck\k9\view\ColorPickerBox.java,ColorPickerBox,61,8,2,1,0,FALSE,FALSE,3,FALSE,FALSE,1,2,6,1,FALSE,FALSE,FALSE,TRUE,FALSE,public,1,0,1,FALSE
27,\src\com\fsck\k9\view\MessageHeader.HeaderEntry.java,HeaderEntry,11,2,0,0,0,FALSE,FALSE,2,FALSE,FALSE,0,0,0,0,TRUE,FALSE,TRUE,TRUE,FALSE,private,0,0,0,FALSE
28,\src\com\fsck\k9\view\MessageWebView.java,MessageWebView,116,1,3,0,0,FALSE,FALSE,3,FALSE,FALSE,4,1,11,9,FALSE,FALSE,FALSE,TRUE,FALSE,public,3,0,0,FALSE
29,\src\com\fsck\k9\view\ToggleScrollView.YScrollDetector.java,YScrollDetector,26,0,1,0,0,FALSE,TRUE,3,TRUE,FALSE,1,4,2,0,FALSE,FALSE,TRUE,TRUE,FALSE,default,1,0,0,FALSE
30,\src\com\fsck\k9\view\MessageHeader.java,MessageHeader,309,21,9,1,1,FALSE,FALSE,2,TRUE,FALSE,10,5,31,31,FALSE,FALSE,FALSE,TRUE,FALSE,public,4,5,0,FALSE
31,\src\com\fsck\k9\view\ToggleScrollView.java,ToggleScrollView,45,2,3,1,0,FALSE,FALSE,3,FALSE,FALSE,2,3,5,1,FALSE,FALSE,FALSE,TRUE,FALSE,public,3,0,0,FALSE
32,\src\com\fsck\k9\service\BootReceiver.java,BootReceiver,146,5,5,0,0,FALSE,FALSE,2,TRUE,FALSE,9,11,10,8,FALSE,FALSE,FALSE,TRUE,FALSE,public,4,1,0,FALSE
33,\src\com\fsck\k9\service\CoreReceiver.java,CoreReceiver,89,4,5,0,1,FALSE,FALSE,2,TRUE,FALSE,9,9,10,3,FALSE,FALSE,FALSE,TRUE,FALSE,public,3,2,0,FALSE
34,\src\com\fsck\k9\service\CoreService.java,CoreService,162,6,8,0,0,FALSE,FALSE,2,FALSE,FALSE,15,11,14,19,FALSE,FALSE,FALSE,TRUE,FALSE,public,6,0,2,TRUE
35,\src\com\fsck\k9\service\PollService.Listener.java,Listener,91,3,9,1,1,FALSE,FALSE,1,TRUE,FALSE,6,12,9,8,FALSE,FALSE,TRUE,TRUE,FALSE,default,8,1,0,FALSE
36,\src\com\fsck\k9\service\PollService.java,PollService,67,3,4,0,0,FALSE,FALSE,2,FALSE,FALSE,6,5,6,6,FALSE,FALSE,FALSE,TRUE,FALSE,public,4,0,0,FALSE
37,\src\com\fsck\k9\service\PushService.java,PushService,48,2,4,0,0,FALSE,FALSE,2,FALSE,FALSE,3,5,5,2,FALSE,FALSE,FALSE,TRUE,FALSE,public,4,0,0,FALSE
38,\src\com\fsck\k9\service\MailService.java,MailService,468,11,19,1,1,FALSE,FALSE,2,FALSE,FALSE,44,28,17,54,FALSE,FALSE,FALSE,TRUE,FALSE,public,11,8,0,FALSE
39,\src\com\fsck\k9\service\RemoteControlReceiver.java,RemoteControlReceiver,49,0,1,0,0,FALSE,FALSE,3,TRUE,FALSE,2,3,9,5,FALSE,FALSE,FALSE,TRUE,FALSE,public,1,0,0,FALSE
40,\src\com\fsck\k9\service\ShutdownReceiver.java,ShutdownReceiver,37,0,1,0,0,FALSE,FALSE,2,TRUE,FALSE,1,2,5,1,FALSE,FALSE,FALSE,TRUE,FALSE,public,1,0,0,FALSE
41,\src\com\fsck\k9\service\RemoteControlService.java,RemoteControlService,176,4,2,1,0,FALSE,FALSE,3,FALSE,FALSE,23,5,14,17,FALSE,FALSE,FALSE,TRUE,FALSE,public,2,0,0,FALSE
42,\src\com\fsck\k9\service\SleepService.SleepDatum.java,SleepDatum,10,4,0,0,0,FALSE,FALSE,2,FALSE,FALSE,0,0,2,0,TRUE,FALSE,TRUE,TRUE,FALSE,private,0,0,0,FALSE
43,\src\com\fsck\k9\service\SleepService.java,SleepService,140,4,4,0,0,FALSE,FALSE,2,FALSE,FALSE,17,8,9,13,FALSE,FALSE,FALSE,TRUE,FALSE,public,2,2,0,FALSE
44,\src\com\fsck\k9\service\StorageGoneReceiver.java,StorageGoneReceiver,42,0,1,0,0,FALSE,FALSE,3,TRUE,FALSE,3,2,7,5,FALSE,FALSE,FALSE,TRUE,FALSE,public,1,0,0,FALSE
45,\src\com\fsck\k9\service\StorageReceiver.java,StorageReceiver,34,0,1,0,0,FALSE,FALSE,2,TRUE,FALSE,3,2,7,5,FALSE,FALSE,FALSE,TRUE,FALSE,public,1,0,0,FALSE
46,\src\com\fsck\k9\remotecontrol\AccountReceiver.java,AccountReceiver,28,1,1,0,0,FALSE,FALSE,2,TRUE,FALSE,2,2,5,1,FALSE,FALSE,FALSE,TRUE,FALSE,default,1,0,0,FALSE
47,\src\com\fsck\k9\remotecontrol\K9AccountReceptor.java,K9AccountReceptor,11,0,0,0,0,FALSE,FALSE,3,TRUE,FALSE,0,0,0,0,FALSE,TRUE,FALSE,FALSE,FALSE,public,0,0,0,FALSE
48,\src\com\fsck\k9\remotecontrol\K9RemoteControl.java,K9RemoteControl,121,30,2,1,0,FALSE,FALSE,3,FALSE,FALSE,0,4,3,0,FALSE,FALSE,FALSE,TRUE,FALSE,public,2,0,0,FALSE
49,\src\com\fsck\k9\provider\AttachmentProvider.AttachmentProviderColumns.java,AttachmentProviderColumns,13,4,0,0,0,FALSE,FALSE,3,FALSE,FALSE,0,0,1,0,TRUE,FALSE,TRUE,TRUE,FALSE,public,0,0,0,FALSE
50,\src\com\fsck\k9\provider\MessageProvider.AccountExtractor.java,AccountExtractor,10,0,1,0,1,FALSE,FALSE,2,TRUE,FALSE,0,1,1,1,TRUE,FALSE,TRUE,TRUE,FALSE,public,1,0,0,FALSE
51,\src\com\fsck\k9\provider\AttachmentProvider.java,AttachmentProvider,296,3,14,0,5,FALSE,FALSE,2,TRUE,FALSE,12,31,20,28,FALSE,FALSE,FALSE,TRUE,FALSE,public,10,4,0,FALSE
52,\src\com\fsck\k9\provider\MessageProvider.AccountsQueryHandler.java,AccountsQueryHandler,33,0,3,0,2,FALSE,FALSE,3,TRUE,FALSE,0,5,5,3,FALSE,FALSE,TRUE,TRUE,FALSE,protected,3,0,0,FALSE
53,\src\com\fsck\k9\provider\MessageProvider.CountExtractor.java,CountExtractor,14,1,1,0,1,FALSE,FALSE,2,TRUE,FALSE,0,1,0,0,TRUE,FALSE,TRUE,TRUE,FALSE,public,1,0,0,FALSE
54,\src\com\fsck\k9\provider\MessageProvider.DeleteUriExtractor.java,DeleteUriExtractor,14,0,1,0,1,FALSE,FALSE,3,TRUE,FALSE,0,1,2,2,TRUE,FALSE,TRUE,TRUE,FALSE,public,1,0,0,FALSE
55,\src\com\fsck\k9\provider\MessageProvider.FieldExtractor.java,FieldExtractor,5,0,0,0,0,FALSE,FALSE,2,TRUE,FALSE,0,0,0,0,TRUE,TRUE,TRUE,FALSE,FALSE,public,0,0,0,FALSE
56,\src\com\fsck\k9\provider\MessageProvider.IdExtractor.java,IdExtractor,10,0,1,0,1,FALSE,FALSE,2,TRUE,FALSE,0,1,1,1,TRUE,FALSE,TRUE,TRUE,FALSE,public,1,0,0,FALSE
57,\src\com\fsck\k9\provider\MessageProvider.IncrementExtractor.java,IncrementExtractor,13,1,1,0,1,FALSE,FALSE,2,TRUE,FALSE,0,1,1,0,TRUE,FALSE,TRUE,TRUE,FALSE,public,1,0,0,FALSE
58,\src\com\fsck\k9\provider\MessageProvider.MessageColumns.java,MessageColumns,31,8,0,0,0,FALSE,FALSE,2,FALSE,FALSE,0,0,1,0,TRUE,TRUE,TRUE,FALSE,FALSE,public,0,0,0,FALSE
59,\src\com\fsck\k9\provider\MessageProvider.MessagesQueryHandler.java,MessagesQueryHandler,126,0,4,0,2,FALSE,FALSE,3,TRUE,FALSE,3,8,13,15,FALSE,FALSE,TRUE,TRUE,FALSE,protected,2,0,2,FALSE
60,\src\com\fsck\k9\provider\MessageProvider.MesssageInfoHolderRetrieverListener.java,MesssageInfoHolderRetrieverListener,59,2,2,0,0,FALSE,FALSE,5,TRUE,FALSE,0,4,14,2,FALSE,FALSE,TRUE,TRUE,FALSE,protected,2,0,0,FALSE
61,\src\com\fsck\k9\provider\MessageProvider.PreviewExtractor.java,PreviewExtractor,10,0,1,0,1,FALSE,FALSE,2,TRUE,FALSE,0,1,1,1,TRUE,FALSE,TRUE,TRUE,FALSE,public,1,0,0,FALSE
62,\src\com\fsck\k9\provider\MessageProvider.MonitoredCursor.java,MonitoredCursor,312,3,43,1,17,FALSE,FALSE,2,TRUE,FALSE,2,26,12,24,TRUE,FALSE,TRUE,TRUE,FALSE,protected,41,0,2,FALSE
63,\src\com\fsck\k9\provider\MessageProvider.QueryHandler.java,QueryHandler,24,0,0,0,0,FALSE,FALSE,2,TRUE,FALSE,0,0,2,0,TRUE,TRUE,TRUE,FALSE,FALSE,protected,0,0,0,FALSE
64,\src\com\fsck\k9\provider\MessageProvider.SendDateExtractor.java,SendDateExtractor,10,0,1,0,1,FALSE,FALSE,3,TRUE,FALSE,0,1,1,1,TRUE,FALSE,TRUE,TRUE,FALSE,public,1,0,0,FALSE
65,\src\com\fsck\k9\provider\MessageProvider.SenderExtractor.java,SenderExtractor,10,0,1,0,1,FALSE,FALSE,2,TRUE,FALSE,0,1,1,0,TRUE,FALSE,TRUE,TRUE,FALSE,public,1,0,0,FALSE
66,\src\com\fsck\k9\provider\MessageProvider.SubjectExtractor.java,SubjectExtractor,10,0,1,0,1,FALSE,FALSE,2,TRUE,FALSE,0,1,1,1,TRUE,FALSE,TRUE,TRUE,FALSE,public,1,0,0,FALSE
67,\src\com\fsck\k9\provider\MessageProvider.ThrottlingQueryHandler.java,ThrottlingQueryHandler,60,1,2,0,1,FALSE,FALSE,3,TRUE,FALSE,2,5,7,6,FALSE,FALSE,TRUE,TRUE,FALSE,protected,2,0,0,FALSE
68,\src\com\fsck\k9\provider\MessageProvider.UnreadQueryHandler.java,UnreadQueryHandler,65,0,3,0,2,FALSE,FALSE,3,TRUE,FALSE,2,6,10,6,FALSE,FALSE,TRUE,TRUE,FALSE,protected,3,0,0,FALSE
69,\src\com\fsck\k9\provider\MessageProvider.UriExtractor.java,UriExtractor,10,0,1,0,1,FALSE,FALSE,2,TRUE,FALSE,0,1,1,0,TRUE,FALSE,TRUE,TRUE,FALSE,public,1,0,0,FALSE
70,\src\com\fsck\k9\provider\MessageProvider.java,MessageProvider,263,8,7,0,1,FALSE,FALSE,2,TRUE,FALSE,16,16,22,11,FALSE,FALSE,FALSE,TRUE,FALSE,public,6,0,1,FALSE
71,\src\com\fsck\k9\preferences\CheckBoxListPreference.java,CheckBoxListPreference,69,3,5,2,1,FALSE,FALSE,4,FALSE,FALSE,1,4,5,1,FALSE,FALSE,FALSE,TRUE,FALSE,public,3,0,2,FALSE
72,\src\com\fsck\k9\preferences\Editor.java,Editor,148,5,11,0,0,FALSE,FALSE,1,TRUE,FALSE,6,12,6,12,FALSE,FALSE,FALSE,TRUE,FALSE,public,11,0,0,FALSE
73,\src\com\fsck\k9\preferences\TimePickerPreference.java,TimePickerPreference,135,2,7,1,3,FALSE,FALSE,3,FALSE,FALSE,5,4,5,1,FALSE,FALSE,FALSE,TRUE,FALSE,public,3,3,1,FALSE
74,\src\com\fsck\k9\mail\AuthenticationFailedException.java,AuthenticationFailedException,13,1,0,0,0,FALSE,FALSE,3,FALSE,FALSE,0,0,0,0,FALSE,FALSE,FALSE,TRUE,FALSE,public,0,0,0,FALSE
75,\src\com\fsck\k9\preferences\Storage.java,Storage,402,9,21,0,7,TRUE,FALSE,1,FALSE,FALSE,31,24,14,36,FALSE,FALSE,FALSE,TRUE,FALSE,public,12,5,4,FALSE
76,\src\com\fsck\k9\mail\Body.java,Body,9,0,0,0,0,FALSE,FALSE,1,FALSE,FALSE,0,0,3,0,FALSE,TRUE,FALSE,FALSE,FALSE,public,0,0,0,FALSE
77,\src\com\fsck\k9\mail\Address.java,Address,391,4,18,2,2,FALSE,FALSE,1,FALSE,FALSE,28,13,17,28,FALSE,FALSE,FALSE,TRUE,FALSE,public,18,0,0,FALSE
78,\src\com\fsck\k9\mail\BodyPart.java,BodyPart,13,1,2,1,1,FALSE,FALSE,2,FALSE,FALSE,0,1,0,0,FALSE,FALSE,FALSE,TRUE,FALSE,public,2,0,0,TRUE
79,\src\com\fsck\k9\mail\CertificateValidationException.java,CertificateValidationException,13,1,0,0,0,FALSE,FALSE,3,FALSE,FALSE,0,0,0,0,FALSE,FALSE,FALSE,TRUE,FALSE,public,0,0,0,FALSE
80,\src\com\fsck\k9\mail\FetchProfile.Item.java,Item,43,5,0,0,0,FALSE,FALSE,1,FALSE,FALSE,0,0,0,0,FALSE,FALSE,TRUE,FALSE,TRUE,public,0,0,0,FALSE
81,\src\com\fsck\k9\mail\FetchProfile.java,FetchProfile,23,1,0,0,0,FALSE,TRUE,2,FALSE,FALSE,0,0,1,0,FALSE,FALSE,FALSE,TRUE,FALSE,public,0,0,0,FALSE
82,\src\com\fsck\k9\mail\Flag.java,Flag,49,13,0,0,0,FALSE,FALSE,1,FALSE,FALSE,0,0,0,0,FALSE,FALSE,FALSE,FALSE,TRUE,public,0,0,0,FALSE
83,\src\com\fsck\k9\mail\Folder.FolderClass.java,FolderClass,5,5,0,0,0,FALSE,FALSE,2,FALSE,FALSE,0,0,0,0,FALSE,FALSE,TRUE,FALSE,TRUE,public,0,0,0,FALSE
84,\src\com\fsck\k9\mail\Folder.FolderType.java,FolderType,5,2,0,0,0,FALSE,FALSE,2,FALSE,FALSE,0,0,0,0,FALSE,FALSE,TRUE,FALSE,TRUE,public,0,0,0,FALSE
85,\src\com\fsck\k9\mail\Folder.OpenMode.java,OpenMode,5,2,0,0,0,FALSE,FALSE,2,FALSE,FALSE,0,0,0,0,FALSE,FALSE,TRUE,FALSE,TRUE,public,0,0,0,FALSE
86,\src\com\fsck\k9\mail\Message.RecipientType.java,RecipientType,5,3,0,0,0,FALSE,FALSE,2,FALSE,FALSE,0,0,0,0,FALSE,FALSE,TRUE,FALSE,TRUE,public,0,0,0,FALSE
87,\src\com\fsck\k9\mail\Folder.java,Folder,178,4,23,3,10,FALSE,FALSE,1,TRUE,FALSE,1,19,6,3,FALSE,FALSE,FALSE,TRUE,FALSE,public,23,0,0,TRUE
88,\src\com\fsck\k9\mail\Message.java,Message,172,6,18,5,4,FALSE,FALSE,1,FALSE,FALSE,6,14,5,8,FALSE,FALSE,FALSE,TRUE,FALSE,public,18,0,0,TRUE
89,\src\com\fsck\k9\mail\MessagingException.java,MessagingException,32,2,2,1,0,FALSE,FALSE,2,FALSE,FALSE,0,1,0,0,FALSE,FALSE,FALSE,TRUE,FALSE,public,2,0,0,FALSE
90,\src\com\fsck\k9\mail\Multipart.java,Multipart,82,3,11,3,4,FALSE,FALSE,1,FALSE,FALSE,3,9,4,4,FALSE,FALSE,FALSE,TRUE,FALSE,public,11,0,0,TRUE
91,\src\com\fsck\k9\mail\Part.java,Part,19,0,0,0,0,FALSE,FALSE,1,FALSE,FALSE,0,0,2,0,FALSE,TRUE,FALSE,FALSE,FALSE,public,0,0,0,FALSE
92,\src\com\fsck\k9\mail\PushReceiver.java,PushReceiver,16,0,0,0,0,FALSE,FALSE,2,TRUE,FALSE,0,0,3,0,FALSE,TRUE,FALSE,FALSE,FALSE,public,0,0,0,FALSE
93,\src\com\fsck\k9\mail\Pusher.java,Pusher,15,0,0,0,0,FALSE,FALSE,1,TRUE,FALSE,0,0,1,0,FALSE,TRUE,FALSE,FALSE,FALSE,public,0,0,0,FALSE
94,\src\com\fsck\k9\mail\Store.java,Store,119,5,10,0,4,FALSE,FALSE,1,FALSE,FALSE,6,5,8,3,FALSE,FALSE,FALSE,TRUE,FALSE,public,10,0,0,TRUE
95,\src\com\fsck\k9\mail\Transport.java,Transport,29,2,1,0,1,FALSE,FALSE,1,FALSE,FALSE,1,1,3,1,FALSE,FALSE,FALSE,TRUE,FALSE,public,1,0,0,TRUE
96,\src\com\fsck\k9\mail\transport\TrustedSocketFactory.java,TrustedSocketFactory,64,2,4,0,0,FALSE,FALSE,3,FALSE,FALSE,0,11,15,3,FALSE,FALSE,FALSE,TRUE,FALSE,public,4,0,0,FALSE
97,\src\com\fsck\k9\mail\transport\WebDavTransport.java,WebDavTransport,41,1,3,0,0,FALSE,FALSE,3,FALSE,FALSE,3,1,7,3,FALSE,FALSE,FALSE,TRUE,FALSE,public,3,0,0,FALSE
98,\src\com\fsck\k9\mail\transport\imap\ImapSettings.java,ImapSettings,21,0,0,0,0,FALSE,FALSE,2,FALSE,FALSE,0,0,1,0,FALSE,TRUE,FALSE,FALSE,FALSE,public,0,0,0,FALSE
99,\src\com\fsck\k9\mail\store\ImapResponseParser.IImapResponseCallback.java,IImapResponseCallback,25,0,0,0,0,FALSE,FALSE,4,FALSE,FALSE,0,0,2,0,FALSE,TRUE,TRUE,FALSE,FALSE,public,0,0,0,FALSE
100,\src\com\fsck\k9\mail\transport\SmtpTransport.java,SmtpTransport,602,16,12,0,0,FALSE,FALSE,2,FALSE,FALSE,31,15,29,44,FALSE,FALSE,FALSE,TRUE,FALSE,public,3,9,0,FALSE
101,\src\com\fsck\k9\mail\store\ImapResponseParser.ImapList.java,ImapList,138,1,15,0,13,FALSE,TRUE,2,FALSE,FALSE,5,15,5,0,FALSE,FALSE,TRUE,TRUE,FALSE,public,14,1,0,FALSE
102,\src\com\fsck\k9\mail\store\ImapResponseParser.ImapResponse.java,ImapResponse,44,5,3,0,1,FALSE,FALSE,2,FALSE,FALSE,2,0,1,3,FALSE,FALSE,TRUE,TRUE,FALSE,public,3,0,0,FALSE
103,\src\com\fsck\k9\mail\store\ImapStore.AuthType.java,AuthType,8,2,0,0,0,FALSE,FALSE,2,FALSE,FALSE,0,0,0,0,FALSE,FALSE,TRUE,FALSE,TRUE,public,0,0,0,FALSE
104,\src\com\fsck\k9\mail\store\ImapStore.FetchBodyCallback.java,FetchBodyCallback,37,1,1,0,0,FALSE,FALSE,3,FALSE,FALSE,1,2,6,0,TRUE,FALSE,TRUE,TRUE,FALSE,private,1,0,0,FALSE
105,\src\com\fsck\k9\mail\store\ImapResponseParser.java,ImapResponseParser,418,6,16,0,0,FALSE,FALSE,3,TRUE,FALSE,18,10,5,18,FALSE,FALSE,FALSE,TRUE,FALSE,public,3,13,0,FALSE
106,\src\com\fsck\k9\mail\store\ImapStore.FetchPartCallback.java,FetchPartCallback,35,1,1,0,0,FALSE,FALSE,3,FALSE,FALSE,1,2,6,0,TRUE,FALSE,TRUE,TRUE,FALSE,private,1,0,0,FALSE
107,\src\com\fsck\k9\mail\store\ImapStore.ImapBodyPart.java,ImapBodyPart,20,0,1,1,0,FALSE,FALSE,3,FALSE,FALSE,0,1,2,0,TRUE,FALSE,TRUE,TRUE,FALSE,default,1,0,0,FALSE
108,\src\com\fsck\k9\mail\store\ImapStore.ImapException.java,ImapException,31,2,2,1,1,FALSE,FALSE,2,FALSE,FALSE,0,1,1,0,TRUE,FALSE,TRUE,TRUE,FALSE,default,2,0,0,FALSE
109,\src\com\fsck\k9\mail\store\ImapStore.ImapMessage.java,ImapMessage,46,0,5,3,0,FALSE,FALSE,2,FALSE,FALSE,0,7,7,0,TRUE,FALSE,TRUE,TRUE,FALSE,default,5,0,0,FALSE
110,\src\com\fsck\k9\mail\store\ImapStore.ImapPushState.java,ImapPushState,52,1,2,0,0,FALSE,FALSE,3,FALSE,FALSE,3,1,3,6,TRUE,FALSE,TRUE,TRUE,FALSE,protected,1,0,1,FALSE
111,\src\com\fsck\k9\mail\store\ImapStore.ImapConnection.java,ImapConnection,654,7,16,1,1,FALSE,FALSE,2,FALSE,FALSE,68,13,41,84,TRUE,FALSE,TRUE,TRUE,FALSE,public,10,1,5,FALSE
112,\src\com\fsck\k9\mail\store\ImapStore.ImapPusher.java,ImapPusher,94,4,6,1,2,FALSE,FALSE,2,TRUE,FALSE,3,2,6,11,FALSE,FALSE,TRUE,TRUE,FALSE,public,6,0,0,FALSE
113,\src\com\fsck\k9\mail\store\ImapStore.ImapSearcher.java,ImapSearcher,15,0,0,0,0,FALSE,FALSE,2,TRUE,FALSE,0,0,4,0,FALSE,TRUE,TRUE,FALSE,FALSE,private,0,0,0,FALSE
114,\src\com\fsck\k9\mail\store\ImapStore.StoreImapSettings.java,StoreImapSettings,76,0,13,3,9,FALSE,FALSE,3,FALSE,FALSE,0,4,1,0,FALSE,FALSE,TRUE,TRUE,FALSE,public,13,0,0,FALSE
115,\src\com\fsck\k9\mail\store\ImapStore.ImapFolderPusher.java,ImapFolderPusher,584,10,13,0,0,FALSE,FALSE,3,TRUE,FALSE,72,14,20,76,FALSE,FALSE,TRUE,TRUE,FALSE,public,4,6,3,FALSE
116,\src\com\fsck\k9\mail\store\ImapStore.UntaggedHandler.java,UntaggedHandler,12,0,0,0,0,FALSE,FALSE,2,TRUE,FALSE,0,0,1,0,FALSE,TRUE,TRUE,FALSE,FALSE,private,0,0,0,FALSE
117,\src\com\fsck\k9\mail\store\ImapStore.ImapFolder.java,ImapFolder,1455,8,50,2,20,FALSE,FALSE,2,TRUE,FALSE,119,64,29,90,FALSE,FALSE,TRUE,TRUE,FALSE,default,31,8,11,FALSE
118,\src\com\fsck\k9\mail\store\LockableDatabase.DbCallback.java,DbCallback,14,0,0,0,0,TRUE,FALSE,2,FALSE,FALSE,0,0,1,0,TRUE,TRUE,TRUE,FALSE,FALSE,public,0,0,0,FALSE
119,\src\com\fsck\k9\mail\store\LockableDatabase.SchemaDefinition.java,SchemaDefinition,10,0,0,0,0,TRUE,FALSE,2,FALSE,FALSE,0,0,1,0,TRUE,TRUE,TRUE,FALSE,FALSE,public,0,0,0,FALSE
120,\src\com\fsck\k9\mail\store\ImapStore.java,ImapStore,451,34,15,0,5,FALSE,FALSE,2,FALSE,FALSE,22,9,28,30,FALSE,FALSE,FALSE,TRUE,FALSE,public,8,7,0,FALSE
121,\src\com\fsck\k9\mail\store\LockableDatabase.StorageListener.java,StorageListener,54,0,2,0,0,FALSE,FALSE,2,TRUE,FALSE,4,2,2,1,FALSE,FALSE,TRUE,TRUE,FALSE,private,2,0,0,FALSE
122,\src\com\fsck\k9\mail\store\LockableDatabase.WrappedException.java,WrappedException,12,1,0,0,0,FALSE,FALSE,2,FALSE,FALSE,0,0,0,0,TRUE,FALSE,TRUE,TRUE,FALSE,protected,0,0,0,FALSE
123,\src\com\fsck\k9\mail\store\Pop3Store.Pop3Capabilities.java,Pop3Capabilities,22,5,1,0,0,FALSE,FALSE,2,FALSE,FALSE,0,0,3,0,TRUE,FALSE,TRUE,TRUE,FALSE,default,1,0,0,FALSE
124,\src\com\fsck\k9\mail\store\LockableDatabase.java,LockableDatabase,456,9,17,1,2,TRUE,FALSE,2,FALSE,FALSE,16,10,11,37,FALSE,FALSE,FALSE,TRUE,FALSE,public,7,2,8,FALSE
125,\src\com\fsck\k9\mail\store\Pop3Store.Pop3Message.java,Pop3Message,42,0,4,2,0,FALSE,FALSE,2,FALSE,FALSE,0,5,4,0,TRUE,FALSE,TRUE,TRUE,FALSE,default,3,0,1,FALSE
126,\src\com\fsck\k9\mail\store\Pop3Store.Pop3ResponseInputStream.java,Pop3ResponseInputStream,35,3,1,0,0,FALSE,FALSE,4,FALSE,FALSE,3,0,3,3,TRUE,FALSE,TRUE,TRUE,FALSE,default,1,0,0,FALSE
127,\src\com\fsck\k9\mail\store\Pop3Store.java,Pop3Store,137,13,3,0,2,FALSE,FALSE,2,FALSE,FALSE,6,2,10,9,FALSE,FALSE,FALSE,TRUE,FALSE,public,3,0,0,FALSE
128,\src\com\fsck\k9\mail\store\StorageManager.ExternalStorageProvider.java,ExternalStorageProvider,62,3,8,0,5,FALSE,FALSE,3,TRUE,FALSE,0,9,4,3,TRUE,FALSE,TRUE,TRUE,FALSE,public,8,0,0,FALSE
129,\src\com\fsck\k9\mail\store\Pop3Store.Pop3Folder.java,Pop3Folder,867,8,36,2,12,FALSE,FALSE,2,TRUE,FALSE,63,37,17,43,FALSE,FALSE,TRUE,TRUE,FALSE,default,25,11,0,FALSE
130,\src\com\fsck\k9\mail\store\StorageManager.FixedStorageProviderBase.java,FixedStorageProviderBase,80,2,6,0,3,FALSE,FALSE,4,FALSE,FALSE,0,8,6,3,TRUE,FALSE,TRUE,TRUE,FALSE,public,6,0,0,TRUE
131,\src\com\fsck\k9\mail\store\StorageManager.HtcIncredibleStorageProvider.java,HtcIncredibleStorageProvider,33,1,4,0,2,FALSE,FALSE,4,TRUE,FALSE,0,2,4,0,TRUE,FALSE,TRUE,TRUE,FALSE,public,2,0,2,FALSE
132,\src\com\fsck\k9\mail\store\StorageManager.InternalStorageProvider.java,InternalStorageProvider,55,2,8,0,5,FALSE,FALSE,3,TRUE,FALSE,0,9,3,0,TRUE,FALSE,TRUE,TRUE,FALSE,public,8,0,0,FALSE
133,\src\com\fsck\k9\mail\store\StorageManager.SamsungGalaxySStorageProvider.java,SamsungGalaxySStorageProvider,37,1,4,0,2,FALSE,FALSE,5,TRUE,FALSE,0,2,5,1,TRUE,FALSE,TRUE,TRUE,FALSE,public,2,0,2,FALSE
134,\src\com\fsck\k9\mail\store\StorageManager.StorageListener.java,StorageListener,24,0,0,0,0,FALSE,FALSE,2,TRUE,FALSE,0,0,0,0,TRUE,TRUE,TRUE,FALSE,FALSE,public,0,0,0,FALSE
135,\src\com\fsck\k9\mail\store\StorageManager.StorageProvider.java,StorageProvider,94,0,0,0,0,FALSE,FALSE,2,TRUE,FALSE,0,0,2,0,TRUE,TRUE,TRUE,FALSE,FALSE,public,0,0,0,FALSE
136,\src\com\fsck\k9\mail\store\StorageManager.SynchronizationAid.java,SynchronizationAid,23,3,0,0,0,FALSE,FALSE,2,FALSE,FALSE,0,0,3,2,TRUE,FALSE,TRUE,TRUE,FALSE,public,0,0,0,FALSE
137,\src\com\fsck\k9\mail\store\TrustManagerFactory.SecureX509TrustManager.java,SecureX509TrustManager,71,2,4,0,2,FALSE,FALSE,4,TRUE,FALSE,3,5,7,2,TRUE,FALSE,TRUE,TRUE,FALSE,private,4,0,0,FALSE
138,\src\com\fsck\k9\mail\store\StorageManager.java,StorageManager,393,5,16,0,6,FALSE,FALSE,2,TRUE,FALSE,13,17,11,19,FALSE,FALSE,FALSE,TRUE,FALSE,public,14,0,2,FALSE
139,\src\com\fsck\k9\mail\store\TrustManagerFactory.SimpleX509TrustManager.java,SimpleX509TrustManager,19,0,3,0,1,FALSE,FALSE,4,TRUE,FALSE,0,4,3,0,TRUE,FALSE,TRUE,TRUE,FALSE,private,3,0,0,FALSE
140,\src\com\fsck\k9\mail\store\UnavailableAccountException.java,UnavailableAccountException,39,1,0,0,0,FALSE,FALSE,3,FALSE,FALSE,0,0,0,0,FALSE,FALSE,FALSE,TRUE,FALSE,public,0,0,0,FALSE
141,\src\com\fsck\k9\mail\store\TrustManagerFactory.java,TrustManagerFactory,169,7,5,1,3,FALSE,FALSE,3,FALSE,FALSE,7,5,14,12,FALSE,FALSE,FALSE,TRUE,FALSE,public,5,0,0,FALSE
142,\src\com\fsck\k9\mail\store\UnavailableStorageException.java,UnavailableStorageException,24,1,0,0,0,FALSE,FALSE,3,FALSE,FALSE,0,0,1,0,FALSE,FALSE,FALSE,TRUE,FALSE,public,0,0,0,FALSE
143,\src\com\fsck\k9\mail\store\WebDavStore.ConnectionInfo.java,ConnectionInfo,17,4,0,0,0,FALSE,FALSE,2,FALSE,FALSE,0,0,3,0,TRUE,FALSE,TRUE,TRUE,FALSE,private,0,0,0,FALSE
144,\src\com\fsck\k9\mail\store\WebDavStore.DataSet.java,DataSet,190,3,8,0,6,FALSE,FALSE,2,FALSE,FALSE,8,2,10,8,FALSE,FALSE,TRUE,TRUE,FALSE,public,8,0,0,FALSE
145,\src\com\fsck\k9\mail\store\WebDavStore.HttpGeneric.java,HttpGeneric,96,1,2,1,1,FALSE,FALSE,2,FALSE,FALSE,5,1,7,2,FALSE,FALSE,TRUE,TRUE,FALSE,public,2,0,0,FALSE
146,\src\com\fsck\k9\mail\store\WebDavStore.ParsedMessageEnvelope.java,ParsedMessageEnvelope,74,5,7,2,4,FALSE,FALSE,3,FALSE,FALSE,2,4,5,0,TRUE,FALSE,TRUE,TRUE,FALSE,public,7,0,0,FALSE
147,\src\com\fsck\k9\mail\store\WebDavStore.WebDavHandler.java,WebDavHandler,55,2,6,0,1,FALSE,FALSE,3,TRUE,FALSE,1,10,7,4,FALSE,FALSE,TRUE,TRUE,FALSE,public,6,0,0,FALSE
148,\src\com\fsck\k9\mail\store\WebDavStore.WebDavHttpClient.java,WebDavHttpClient,61,0,3,0,1,FALSE,FALSE,4,FALSE,FALSE,4,4,9,3,TRUE,FALSE,TRUE,TRUE,FALSE,public,3,0,0,FALSE
149,\src\com\fsck\k9\mail\store\WebDavStore.WebDavMessage.java,WebDavMessage,122,1,8,5,1,FALSE,FALSE,3,FALSE,FALSE,5,9,7,4,FALSE,FALSE,TRUE,TRUE,FALSE,default,8,0,0,FALSE
150,\src\com\fsck\k9\mail\store\WebDavStore.WebDavFolder.java,WebDavFolder,757,6,38,3,14,FALSE,FALSE,3,TRUE,FALSE,47,46,16,46,FALSE,FALSE,TRUE,TRUE,FALSE,default,28,9,1,FALSE
151,\src\com\fsck\k9\mail\internet\BinaryTempFileBody.BinaryTempFileBodyInputStream.java,BinaryTempFileBodyInputStream,21,0,1,0,0,FALSE,FALSE,6,FALSE,FALSE,0,0,1,2,FALSE,FALSE,TRUE,TRUE,FALSE,default,1,0,0,FALSE
152,\src\com\fsck\k9\mail\internet\BinaryTempFileBody.java,BinaryTempFileBody,54,2,4,1,2,FALSE,FALSE,4,FALSE,FALSE,1,2,5,3,FALSE,FALSE,FALSE,TRUE,FALSE,public,4,0,0,FALSE
153,\src\com\fsck\k9\mail\internet\Iso2022JpToShiftJisInputStream.Charset.java,Charset,5,3,0,0,0,FALSE,FALSE,1,FALSE,FALSE,0,0,0,0,FALSE,FALSE,TRUE,FALSE,TRUE,private,0,0,0,FALSE
154,\src\com\fsck\k9\mail\internet\DecoderUtil.java,DecoderUtil,202,0,4,0,0,FALSE,FALSE,2,FALSE,FALSE,12,10,10,4,FALSE,FALSE,FALSE,TRUE,FALSE,public,1,3,0,FALSE
155,\src\com\fsck\k9\mail\internet\Iso2022JpToShiftJisInputStream.java,Iso2022JpToShiftJisInputStream,72,4,1,0,0,FALSE,FALSE,7,FALSE,FALSE,9,0,3,6,FALSE,FALSE,FALSE,TRUE,FALSE,default,1,0,0,FALSE
156,\src\com\fsck\k9\mail\internet\MimeBodyPart.java,MimeBodyPart,150,3,14,2,8,FALSE,FALSE,3,FALSE,FALSE,8,10,7,5,FALSE,FALSE,FALSE,TRUE,FALSE,public,13,0,1,FALSE
157,\src\com\fsck\k9\mail\internet\MimeHeader.Field.java,Field,19,2,1,0,0,FALSE,FALSE,1,FALSE,FALSE,0,0,1,1,TRUE,FALSE,TRUE,TRUE,FALSE,default,1,0,0,FALSE
158,\src\com\fsck\k9\mail\store\WebDavStore.java,WebDavStore,1019,31,30,0,17,FALSE,FALSE,3,FALSE,FALSE,53,28,35,60,FALSE,FALSE,FALSE,TRUE,FALSE,public,15,15,0,FALSE
159,\src\com\fsck\k9\mail\internet\MimeHeader.java,MimeHeader,133,8,9,1,3,FALSE,FALSE,2,TRUE,FALSE,9,9,7,4,FALSE,FALSE,FALSE,TRUE,FALSE,public,9,0,0,FALSE
160,\src\com\fsck\k9\mail\internet\MimeMessage.MimeMessageBuilder.java,MimeMessageBuilder,170,1,15,0,0,FALSE,FALSE,3,TRUE,FALSE,2,9,9,19,FALSE,FALSE,TRUE,TRUE,FALSE,default,14,1,0,FALSE
161,\src\com\fsck\k9\mail\internet\MimeMultipart.java,MimeMultipart,90,4,7,2,3,FALSE,FALSE,2,FALSE,FALSE,3,3,4,6,FALSE,FALSE,FALSE,TRUE,FALSE,public,7,0,0,FALSE
162,\src\com\fsck\k9\mail\internet\MimeMessage.java,MimeMessage,471,13,37,13,17,FALSE,FALSE,2,FALSE,FALSE,25,24,11,13,FALSE,FALSE,FALSE,TRUE,FALSE,public,34,1,2,FALSE
163,\src\com\fsck\k9\mail\internet\TextBody.java,TextBody,96,6,9,4,4,FALSE,FALSE,2,FALSE,FALSE,3,5,4,1,FALSE,FALSE,FALSE,TRUE,FALSE,public,9,0,0,FALSE
164,\src\com\fsck\k9\mail\filter\Base64OutputStream.java,Base64OutputStream,196,3,5,0,0,FALSE,FALSE,3,FALSE,FALSE,6,5,3,3,FALSE,FALSE,FALSE,TRUE,FALSE,public,4,1,0,FALSE
165,\src\com\fsck\k9\mail\filter\CountingOutputStream.java,CountingOutputStream,23,1,2,0,1,FALSE,FALSE,3,FALSE,FALSE,0,1,2,0,FALSE,FALSE,FALSE,TRUE,FALSE,public,2,0,0,FALSE
166,\src\com\fsck\k9\mail\filter\EOLConvertingOutputStream.java,EOLConvertingOutputStream,41,2,2,0,0,FALSE,FALSE,6,FALSE,FALSE,3,1,3,1,FALSE,FALSE,FALSE,TRUE,FALSE,public,2,0,0,FALSE
167,\src\com\fsck\k9\mail\filter\Base64.java,Base64,781,18,23,1,0,FALSE,FALSE,1,FALSE,FALSE,39,29,6,7,FALSE,FALSE,FALSE,TRUE,FALSE,public,12,3,0,FALSE
168,\src\com\fsck\k9\mail\filter\FixedLengthInputStream.java,FixedLengthInputStream,68,3,5,0,0,FALSE,FALSE,4,FALSE,FALSE,3,4,2,2,FALSE,FALSE,FALSE,TRUE,FALSE,public,5,0,0,FALSE
169,\src\com\fsck\k9\mail\filter\LineWrapOutputStream.java,LineWrapOutputStream,88,5,2,0,0,FALSE,FALSE,4,FALSE,FALSE,7,1,3,1,FALSE,FALSE,FALSE,TRUE,FALSE,public,2,0,0,FALSE
170,\src\com\fsck\k9\mail\filter\PeekableInputStream.java,PeekableInputStream,73,3,5,0,0,FALSE,FALSE,3,FALSE,FALSE,4,4,2,2,FALSE,FALSE,FALSE,TRUE,FALSE,public,5,0,0,FALSE
171,\src\com\fsck\k9\mail\filter\SmtpDataStuffing.java,SmtpDataStuffing,38,4,1,0,0,FALSE,FALSE,3,FALSE,FALSE,1,1,3,0,FALSE,FALSE,FALSE,TRUE,FALSE,public,1,0,0,FALSE
172,\src\com\fsck\k9\mail\filter\StatusOutputStream.java,StatusOutputStream,28,1,1,0,0,FALSE,FALSE,3,FALSE,FALSE,2,1,6,0,FALSE,FALSE,FALSE,TRUE,FALSE,public,1,0,0,FALSE
173,\src\com\fsck\k9\mail\internet\MimeUtility.java,MimeUtility,2368,2,31,1,12,FALSE,FALSE,2,FALSE,FALSE,52,45,12,45,FALSE,FALSE,FALSE,TRUE,FALSE,public,21,8,0,FALSE
174,\src\com\fsck\k9\helper\AutoSyncHelper.java,AutoSyncHelper,124,3,3,0,1,FALSE,FALSE,3,TRUE,FALSE,5,0,3,2,FALSE,FALSE,FALSE,TRUE,FALSE,public,2,1,0,FALSE
175,\src\com\fsck\k9\helper\AutoSyncSdk3.java,AutoSyncSdk3,44,2,2,0,1,FALSE,FALSE,3,FALSE,FALSE,0,1,5,2,FALSE,FALSE,FALSE,TRUE,FALSE,public,2,0,0,FALSE
176,\src\com\fsck\k9\helper\AutoSyncSdk4.java,AutoSyncSdk4,44,2,2,0,1,FALSE,FALSE,3,FALSE,FALSE,0,1,5,1,FALSE,FALSE,FALSE,TRUE,FALSE,public,2,0,0,FALSE
177,\src\com\fsck\k9\helper\AutoSyncSdk5.java,AutoSyncSdk5,18,0,2,0,1,FALSE,FALSE,3,FALSE,FALSE,0,1,2,1,FALSE,FALSE,FALSE,TRUE,FALSE,public,2,0,0,FALSE
178,\src\com\fsck\k9\helper\Contacts.java,Contacts,173,3,1,0,1,FALSE,FALSE,1,FALSE,FALSE,2,1,9,1,FALSE,FALSE,FALSE,TRUE,FALSE,public,1,0,0,TRUE
179,\src\com\fsck\k9\helper\ContactsSdk3_4.java,4,235,5,9,0,5,FALSE,FALSE,1,FALSE,FALSE,12,8,6,17,FALSE,FALSE,FALSE,TRUE,FALSE,public,8,1,0,FALSE
180,\src\com\fsck\k9\helper\ContactsSdk5.java,ContactsSdk5,202,5,9,0,5,FALSE,FALSE,2,FALSE,FALSE,10,8,11,15,FALSE,FALSE,FALSE,TRUE,FALSE,public,8,1,0,FALSE
181,\src\com\fsck\k9\helper\ContactsSdk5p.java,ContactsSdk5p,107,0,1,0,0,FALSE,FALSE,2,FALSE,FALSE,4,1,6,7,FALSE,FALSE,FALSE,TRUE,FALSE,public,1,0,0,FALSE
182,\src\com\fsck\k9\helper\DateFormatter.java,DateFormatter,85,7,6,1,5,FALSE,FALSE,2,TRUE,FALSE,3,9,9,5,FALSE,FALSE,FALSE,TRUE,FALSE,public,6,0,0,FALSE
183,\src\com\fsck\k9\helper\HtmlConverter.HtmlToTextTagHandler.java,HtmlToTextTagHandler,89,3,3,0,1,FALSE,FALSE,5,TRUE,FALSE,4,7,5,7,TRUE,FALSE,TRUE,TRUE,FALSE,private,1,2,0,FALSE
184,\src\com\fsck\k9\helper\DomainNameChecker.java,DomainNameChecker,327,3,6,0,0,FALSE,FALSE,3,TRUE,FALSE,34,11,13,27,FALSE,FALSE,FALSE,TRUE,FALSE,public,1,5,0,FALSE
185,\src\com\fsck\k9\helper\IAutoSync.java,IAutoSync,24,0,0,0,0,FALSE,FALSE,3,FALSE,FALSE,0,0,1,0,FALSE,TRUE,FALSE,FALSE,FALSE,public,0,0,0,FALSE
186,\src\com\fsck\k9\helper\MediaScannerNotifier.java,MediaScannerNotifier,40,3,2,0,0,FALSE,FALSE,3,TRUE,FALSE,1,2,6,3,FALSE,FALSE,FALSE,TRUE,FALSE,public,2,0,0,FALSE
187,\src\com\fsck\k9\helper\HtmlConverter.java,HtmlConverter,1030,5,8,0,1,FALSE,FALSE,2,TRUE,FALSE,10,6,6,18,FALSE,FALSE,FALSE,TRUE,FALSE,public,4,4,0,FALSE
188,\src\com\fsck\k9\helper\MessageHelper.java,MessageHelper,99,4,3,0,1,FALSE,FALSE,2,TRUE,FALSE,5,6,17,10,FALSE,FALSE,FALSE,TRUE,FALSE,public,3,0,0,FALSE
189,\src\com\fsck\k9\helper\Regex.java,Regex,218,9,2,0,0,FALSE,FALSE,1,FALSE,FALSE,2,2,2,5,FALSE,FALSE,FALSE,TRUE,FALSE,public,2,0,0,FALSE
190,\src\com\fsck\k9\helper\SizeFormatter.java,SizeFormatter,26,0,1,0,0,FALSE,FALSE,2,TRUE,FALSE,3,2,2,0,FALSE,FALSE,FALSE,TRUE,FALSE,public,1,0,0,FALSE
191,\src\com\fsck\k9\helper\power\TracingPowerManager.TracingWakeLock.java,TracingWakeLock,134,6,6,1,0,FALSE,FALSE,3,FALSE,FALSE,13,2,4,9,FALSE,FALSE,TRUE,TRUE,FALSE,public,4,2,0,FALSE
192,\src\com\fsck\k9\helper\power\TracingPowerManager.java,TracingPowerManager,39,5,2,0,1,FALSE,FALSE,3,TRUE,FALSE,3,3,6,0,FALSE,FALSE,FALSE,TRUE,FALSE,public,2,0,0,FALSE
193,\src\com\fsck\k9\crypto\Apg.Intent.java,Intent,15,8,0,0,0,FALSE,FALSE,1,FALSE,FALSE,0,0,0,0,TRUE,FALSE,TRUE,TRUE,FALSE,public,0,0,0,FALSE
194,\src\com\fsck\k9\helper\Utility.java,Utility,673,6,21,1,0,FALSE,FALSE,1,FALSE,FALSE,50,33,16,66,FALSE,FALSE,FALSE,TRUE,FALSE,public,21,0,0,FALSE
195,\src\com\fsck\k9\crypto\CryptoProvider.java,CryptoProvider,35,1,1,0,0,FALSE,FALSE,2,TRUE,FALSE,1,1,4,2,FALSE,FALSE,FALSE,TRUE,FALSE,public,1,0,0,TRUE
196,\src\com\fsck\k9\crypto\None.java,None,78,2,13,0,3,FALSE,FALSE,1,FALSE,FALSE,0,24,3,0,FALSE,FALSE,FALSE,TRUE,FALSE,public,13,0,0,FALSE
197,\src\com\fsck\k9\crypto\Apg.java,Apg,510,32,13,0,3,FALSE,FALSE,1,FALSE,FALSE,27,24,19,47,FALSE,FALSE,FALSE,TRUE,FALSE,public,13,0,0,FALSE
198,\src\com\fsck\k9\crypto\PgpData.java,PgpData,77,8,16,7,7,FALSE,FALSE,2,FALSE,FALSE,0,7,1,0,FALSE,FALSE,FALSE,TRUE,FALSE,public,16,0,0,FALSE
199,\src\com\fsck\k9\controller\MessageDateComparator.java,MessageDateComparator,26,0,1,0,0,FALSE,FALSE,3,TRUE,FALSE,1,2,2,3,FALSE,FALSE,FALSE,TRUE,FALSE,public,1,0,0,FALSE
200,\src\com\fsck\k9\controller\MessageRemovalListener.java,MessageRemovalListener,6,0,0,0,0,FALSE,FALSE,3,TRUE,FALSE,0,0,1,0,FALSE,TRUE,FALSE,FALSE,FALSE,public,0,0,0,FALSE
201,\src\com\fsck\k9\controller\MessageRetrievalListener.java,MessageRetrievalListener,13,0,0,0,0,FALSE,FALSE,3,TRUE,FALSE,0,0,1,0,FALSE,TRUE,FALSE,FALSE,FALSE,public,0,0,0,FALSE
202,\src\com\fsck\k9\controller\MessagingController.Command.java,Command,38,5,1,0,0,FALSE,FALSE,1,FALSE,FALSE,1,1,1,1,TRUE,FALSE,TRUE,TRUE,FALSE,default,1,0,0,FALSE
203,\src\com\fsck\k9\controller\MessagingController.MemorizingState.java,MemorizingState,15,3,0,0,0,FALSE,FALSE,2,FALSE,FALSE,0,0,1,0,FALSE,FALSE,TRUE,FALSE,TRUE,default,0,0,0,FALSE
204,\src\com\fsck\k9\controller\MessagingController.MemorizingListener.java,MemorizingListener,210,1,14,1,1,FALSE,FALSE,2,TRUE,FALSE,15,28,2,2,TRUE,FALSE,TRUE,TRUE,FALSE,default,12,0,0,FALSE
205,\src\com\fsck\k9\controller\MessagingController.Memory.java,Memory,39,12,1,0,1,FALSE,FALSE,1,FALSE,FALSE,0,0,2,0,TRUE,FALSE,TRUE,TRUE,FALSE,default,0,0,0,FALSE
206,\src\com\fsck\k9\controller\MessagingController.MessageActor.java,MessageActor,21,0,0,0,0,FALSE,FALSE,2,TRUE,FALSE,0,0,4,0,FALSE,TRUE,TRUE,FALSE,FALSE,default,0,0,0,FALSE
207,\src\com\fsck\k9\controller\MessagingController.SORT_TYPE.java,TYPE,48,9,2,0,1,FALSE,FALSE,4,FALSE,FALSE,1,1,2,0,FALSE,FALSE,FALSE,FALSE,TRUE,public,2,0,0,FALSE
208,\src\com\fsck\k9\controller\MessagingControllerPushReceiver.java,MessagingControllerPushReceiver,124,3,9,1,2,FALSE,FALSE,4,TRUE,FALSE,5,14,15,13,FALSE,FALSE,FALSE,TRUE,FALSE,public,9,0,0,FALSE
209,\src\com\fsck\k9\controller\MessagingListener.java,MessagingListener,184,0,49,1,0,FALSE,FALSE,2,TRUE,FALSE,0,129,8,0,FALSE,FALSE,FALSE,TRUE,FALSE,public,49,0,0,FALSE
210,\src\com\fsck\k9\activity\AccessibleEmailContentActivity.java,AccessibleEmailContentActivity,79,1,2,0,0,FALSE,FALSE,4,FALSE,FALSE,4,3,6,7,FALSE,FALSE,FALSE,TRUE,FALSE,public,1,1,0,FALSE
211,\src\com\fsck\k9\activity\Accounts.AccountClickListener.java,AccountClickListener,67,2,1,0,0,FALSE,FALSE,3,TRUE,FALSE,1,1,6,5,FALSE,FALSE,TRUE,TRUE,FALSE,private,1,0,0,FALSE
212,\src\com\fsck\k9\activity\Accounts.AccountsAdapter.java,AccountsAdapter,158,0,1,0,1,FALSE,FALSE,2,TRUE,FALSE,11,3,8,25,FALSE,FALSE,TRUE,TRUE,FALSE,default,1,0,0,FALSE
213,\src\com\fsck\k9\activity\Accounts.AccountsHandler.java,AccountsHandler,92,0,7,1,0,FALSE,FALSE,2,TRUE,FALSE,3,7,6,12,FALSE,FALSE,TRUE,TRUE,FALSE,default,6,1,0,FALSE
214,\src\com\fsck\k9\activity\ActivityListener.java,ActivityListener,168,8,17,0,2,FALSE,FALSE,2,TRUE,FALSE,5,36,7,4,FALSE,FALSE,FALSE,TRUE,FALSE,public,17,0,0,FALSE
215,\src\com\fsck\k9\activity\ChooseAccount.IdentitiesAdapter.java,IdentitiesAdapter,132,2,11,0,9,FALSE,FALSE,2,TRUE,FALSE,3,18,12,17,TRUE,FALSE,TRUE,TRUE,FALSE,public,10,1,0,FALSE
216,\src\com\fsck\k9\activity\ChooseAccount.java,ChooseAccount,111,2,2,0,0,FALSE,FALSE,2,FALSE,FALSE,5,1,13,10,FALSE,FALSE,FALSE,TRUE,FALSE,public,0,1,1,FALSE
217,\src\com\fsck\k9\activity\ChooseFolder.ChooseFolderHandler.java,ChooseFolderHandler,49,3,4,1,0,FALSE,FALSE,3,TRUE,FALSE,1,3,2,3,FALSE,FALSE,TRUE,TRUE,FALSE,default,4,0,0,FALSE
218,\src\com\fsck\k9\activity\Accounts.java,Accounts,763,19,35,0,1,FALSE,FALSE,1,FALSE,FALSE,33,34,25,75,FALSE,FALSE,FALSE,TRUE,FALSE,public,15,20,0,FALSE
219,\src\com\fsck\k9\activity\ChooseIdentity.java,ChooseIdentity,83,6,4,1,0,FALSE,FALSE,2,FALSE,FALSE,2,1,13,11,FALSE,FALSE,FALSE,TRUE,FALSE,public,2,0,2,FALSE
220,\src\com\fsck\k9\activity\ColorPickerDialog.OnColorChangedListener.java,OnColorChangedListener,15,0,0,0,0,FALSE,FALSE,4,TRUE,FALSE,0,0,3,0,FALSE,TRUE,TRUE,FALSE,FALSE,public,0,0,0,FALSE
221,\src\com\fsck\k9\activity\ChooseFolder.java,ChooseFolder,312,21,4,1,0,FALSE,FALSE,2,TRUE,FALSE,23,4,21,16,FALSE,FALSE,FALSE,TRUE,FALSE,public,3,1,0,FALSE
222,\src\com\fsck\k9\activity\ColorPickerDialog.java,ColorPickerDialog,166,18,4,0,0,FALSE,FALSE,3,FALSE,FALSE,12,0,8,19,FALSE,FALSE,FALSE,TRUE,FALSE,public,1,1,2,FALSE
223,\src\com\fsck\k9\activity\EditIdentity.java,EditIdentity,139,13,5,0,0,FALSE,FALSE,2,FALSE,FALSE,7,4,12,21,FALSE,FALSE,FALSE,TRUE,FALSE,public,4,1,0,FALSE
224,\src\com\fsck\k9\activity\FolderInfoHolder.java,FolderInfoHolder,131,10,6,0,0,FALSE,FALSE,3,TRUE,FALSE,10,10,7,16,FALSE,FALSE,FALSE,TRUE,FALSE,public,5,1,0,FALSE
225,\src\com\fsck\k9\activity\FolderList.FolderClickListener.java,FolderClickListener,65,4,1,0,0,FALSE,FALSE,3,TRUE,FALSE,0,1,5,2,FALSE,FALSE,TRUE,TRUE,FALSE,private,1,0,0,FALSE
226,\src\com\fsck\k9\activity\FolderList.FolderListHandler.java,FolderListHandler,97,0,7,0,0,FALSE,FALSE,3,TRUE,FALSE,1,7,7,10,FALSE,FALSE,TRUE,TRUE,FALSE,default,7,0,0,FALSE
227,\src\com\fsck\k9\activity\FolderList.FolderViewHolder.java,FolderViewHolder,18,7,0,0,0,FALSE,FALSE,3,TRUE,FALSE,0,0,3,0,TRUE,FALSE,TRUE,TRUE,FALSE,default,0,0,0,FALSE
228,\src\com\fsck\k9\activity\FolderList.FolderListAdapter.java,FolderListAdapter,521,2,12,0,8,FALSE,FALSE,3,TRUE,FALSE,38,13,17,49,FALSE,FALSE,TRUE,TRUE,FALSE,default,12,0,0,FALSE
229,\src\com\fsck\k9\activity\FolderListFilter.java,FolderListFilter,122,2,3,0,0,FALSE,FALSE,3,TRUE,FALSE,5,3,6,8,FALSE,FALSE,FALSE,TRUE,FALSE,public,1,0,2,FALSE
230,\src\com\fsck\k9\activity\InsertableHtmlContent.InsertionLocation.java,InsertionLocation,15,2,0,0,0,FALSE,FALSE,2,FALSE,FALSE,0,0,0,0,FALSE,FALSE,TRUE,FALSE,TRUE,public,0,0,0,FALSE
231,\src\com\fsck\k9\activity\InsertableHtmlContent.java,InsertableHtmlContent,151,6,12,5,2,FALSE,FALSE,3,FALSE,FALSE,1,7,1,5,FALSE,FALSE,FALSE,TRUE,FALSE,default,12,0,0,FALSE
232,\src\com\fsck\k9\activity\FolderList.java,FolderList,619,16,37,1,0,FALSE,FALSE,2,FALSE,FALSE,24,47,29,49,FALSE,FALSE,FALSE,TRUE,FALSE,public,18,19,0,FALSE
233,\src\com\fsck\k9\activity\K9Activity.MyGestureDetector.java,MyGestureDetector,60,3,2,0,0,FALSE,FALSE,3,TRUE,FALSE,5,5,4,8,FALSE,FALSE,TRUE,TRUE,FALSE,default,2,0,0,FALSE
234,\src\com\fsck\k9\activity\K9Activity.java,K9Activity,109,4,13,2,2,FALSE,FALSE,2,FALSE,FALSE,2,8,13,10,FALSE,FALSE,FALSE,TRUE,FALSE,public,7,2,4,FALSE
235,\src\com\fsck\k9\activity\K9ExpandableListActivity.java,K9ExpandableListActivity,16,0,1,0,0,FALSE,FALSE,4,FALSE,FALSE,0,1,3,1,FALSE,FALSE,FALSE,TRUE,FALSE,public,0,0,1,FALSE
236,\src\com\fsck\k9\activity\K9ListActivity.java,K9ListActivity,99,2,7,1,2,FALSE,FALSE,3,FALSE,FALSE,10,5,8,15,FALSE,FALSE,FALSE,TRUE,FALSE,public,6,1,0,FALSE
237,\src\com\fsck\k9\activity\K9PreferenceActivity.PreferenceChangeListener.java,PreferenceChangeListener,23,1,1,0,0,FALSE,FALSE,3,TRUE,FALSE,0,2,2,2,TRUE,FALSE,TRUE,TRUE,FALSE,private,1,0,0,FALSE
238,\src\com\fsck\k9\controller\MessagingController.java,MessagingController,4613,29,118,8,11,FALSE,FALSE,2,TRUE,TRUE,344,330,59,524,FALSE,FALSE,FALSE,TRUE,FALSE,public,64,53,0,FALSE
239,\src\com\fsck\k9\activity\K9PreferenceActivity.java,K9PreferenceActivity,61,0,3,1,0,FALSE,FALSE,3,FALSE,FALSE,0,7,4,4,FALSE,FALSE,FALSE,TRUE,FALSE,public,1,0,2,FALSE
240,\src\com\fsck\k9\activity\LauncherShortcuts.AccountsAdapter.java,AccountsAdapter,65,0,1,0,1,FALSE,FALSE,2,TRUE,FALSE,4,3,7,10,FALSE,FALSE,TRUE,TRUE,FALSE,default,1,0,0,FALSE
241,\src\com\fsck\k9\activity\LauncherShortcuts.java,LauncherShortcuts,61,2,4,1,0,FALSE,FALSE,2,FALSE,FALSE,2,6,12,6,FALSE,FALSE,FALSE,TRUE,FALSE,public,2,2,0,FALSE
242,\src\com\fsck\k9\activity\MessageCompose.Attachment.java,Attachment,14,5,0,0,0,FALSE,FALSE,1,FALSE,FALSE,0,0,5,0,TRUE,FALSE,TRUE,TRUE,FALSE,default,0,0,0,FALSE
243,\src\com\fsck\k9\activity\ManageIdentities.java,ManageIdentities,141,3,9,1,0,FALSE,FALSE,2,FALSE,FALSE,7,9,10,12,FALSE,FALSE,FALSE,TRUE,FALSE,public,6,2,1,FALSE
244,\src\com\fsck\k9\activity\MessageCompose.IdentityField.java,IdentityField,33,8,2,0,1,FALSE,FALSE,2,FALSE,FALSE,0,0,3,0,FALSE,FALSE,TRUE,FALSE,TRUE,private,2,0,0,FALSE
245,\src\com\fsck\k9\activity\MessageCompose.Listener.java,Listener,84,0,5,0,0,FALSE,FALSE,1,TRUE,FALSE,9,19,6,3,FALSE,FALSE,TRUE,TRUE,FALSE,default,5,0,0,FALSE
246,\src\com\fsck\k9\activity\MessageCompose.SaveMessageTask.java,SaveMessageTask,57,0,1,0,0,FALSE,FALSE,3,FALSE,FALSE,3,1,9,3,FALSE,FALSE,TRUE,TRUE,FALSE,private,0,0,1,FALSE
247,\src\com\fsck\k9\activity\MessageCompose.SendMessageTask.java,SendMessageTask,49,0,1,0,0,FALSE,FALSE,3,FALSE,FALSE,1,1,10,2,FALSE,FALSE,TRUE,TRUE,FALSE,private,0,0,1,FALSE
248,\src\com\fsck\k9\activity\MessageInfoHolder.java,MessageInfoHolder,54,19,3,0,1,FALSE,FALSE,3,TRUE,FALSE,2,2,3,2,FALSE,FALSE,FALSE,TRUE,FALSE,public,3,0,0,FALSE
249,\src\com\fsck\k9\activity\MessageList.AttachmentComparator.java,AttachmentComparator,15,0,1,0,0,FALSE,FALSE,2,TRUE,FALSE,0,2,1,1,TRUE,FALSE,TRUE,TRUE,FALSE,public,1,0,0,FALSE
250,\src\com\fsck\k9\activity\MessageList.ComparatorChain.java,ComparatorChain,34,1,1,0,0,FALSE,FALSE,2,FALSE,FALSE,1,2,2,0,TRUE,FALSE,TRUE,TRUE,FALSE,public,1,0,0,FALSE
251,\src\com\fsck\k9\activity\MessageList.DateComparator.java,DateComparator,15,0,1,0,0,FALSE,FALSE,2,TRUE,FALSE,0,2,1,0,TRUE,FALSE,TRUE,TRUE,FALSE,public,1,0,0,FALSE
252,\src\com\fsck\k9\activity\MessageList.FlaggedComparator.java,FlaggedComparator,15,0,1,0,0,FALSE,FALSE,2,TRUE,FALSE,0,2,1,0,TRUE,FALSE,TRUE,TRUE,FALSE,public,1,0,0,FALSE
253,\src\com\fsck\k9\activity\MessageList.FooterViewHolder.java,FooterViewHolder,13,2,0,0,0,FALSE,FALSE,3,TRUE,FALSE,0,0,2,0,TRUE,FALSE,TRUE,TRUE,FALSE,default,0,0,0,FALSE
254,\src\com\fsck\k9\activity\MessageList.MessageViewHolder.java,MessageViewHolder,58,9,1,0,0,FALSE,FALSE,3,TRUE,FALSE,5,2,5,0,FALSE,FALSE,TRUE,TRUE,FALSE,default,1,0,0,FALSE
255,\src\com\fsck\k9\activity\MessageList.MessageListHandler.java,MessageListHandler,229,0,12,2,1,FALSE,FALSE,3,TRUE,FALSE,17,5,8,10,FALSE,FALSE,TRUE,TRUE,FALSE,default,4,7,1,FALSE
256,\src\com\fsck\k9\activity\MessageList.MyGestureDetector.java,MyGestureDetector,39,0,1,0,0,FALSE,FALSE,3,TRUE,FALSE,4,4,3,4,FALSE,FALSE,TRUE,TRUE,FALSE,default,1,0,0,FALSE
257,\src\com\fsck\k9\activity\MessageList.ReverseComparator.java,ReverseComparator,25,1,1,0,0,FALSE,FALSE,2,TRUE,FALSE,0,2,1,0,TRUE,FALSE,TRUE,TRUE,FALSE,public,1,0,0,FALSE
258,\src\com\fsck\k9\activity\MessageList.SenderComparator.java,SenderComparator,15,0,1,0,0,FALSE,FALSE,2,TRUE,FALSE,0,2,1,1,TRUE,FALSE,TRUE,TRUE,FALSE,public,1,0,0,FALSE
259,\src\com\fsck\k9\activity\MessageList.MessageListAdapter.java,MessageListAdapter,770,7,21,0,10,FALSE,FALSE,3,TRUE,FALSE,53,34,29,71,FALSE,FALSE,TRUE,TRUE,FALSE,default,16,5,0,FALSE
260,\src\com\fsck\k9\activity\MessageList.StorageListenerImplementation.java,StorageListenerImplementation,30,0,2,0,0,FALSE,FALSE,3,FALSE,FALSE,1,2,1,1,FALSE,FALSE,TRUE,TRUE,FALSE,private,2,0,0,FALSE
261,\src\com\fsck\k9\activity\MessageList.SubjectComparator.java,SubjectComparator,25,0,1,0,0,FALSE,FALSE,2,TRUE,FALSE,2,2,2,2,TRUE,FALSE,TRUE,TRUE,FALSE,public,1,0,0,FALSE
262,\src\com\fsck\k9\activity\MessageList.UnreadComparator.java,UnreadComparator,15,0,1,0,0,FALSE,FALSE,2,TRUE,FALSE,0,2,1,0,TRUE,FALSE,TRUE,TRUE,FALSE,public,1,0,0,FALSE
263,\src\com\fsck\k9\activity\MessageCompose.java,MessageCompose,2493,78,58,1,2,FALSE,FALSE,2,FALSE,FALSE,212,62,62,260,FALSE,FALSE,FALSE,TRUE,FALSE,public,17,38,3,FALSE
264,\src\com\fsck\k9\activity\MessageReference.java,MessageReference,44,4,3,0,0,FALSE,FALSE,2,FALSE,FALSE,2,1,1,3,FALSE,FALSE,FALSE,TRUE,FALSE,public,3,0,0,FALSE
265,\src\com\fsck\k9\activity\MessageView.Listener.java,Listener,160,0,8,0,0,FALSE,FALSE,1,TRUE,FALSE,13,33,7,15,FALSE,FALSE,TRUE,TRUE,FALSE,default,8,0,0,FALSE
266,\src\com\fsck\k9\activity\MessageView.MessageViewHandler.java,MessageViewHandler,142,0,9,2,0,FALSE,FALSE,3,TRUE,FALSE,2,5,9,6,FALSE,FALSE,TRUE,TRUE,FALSE,default,9,0,0,FALSE
267,\src\com\fsck\k9\activity\MessageView.StorageListenerImplementation.java,StorageListenerImplementation,28,0,2,0,0,FALSE,FALSE,3,FALSE,FALSE,1,2,6,1,FALSE,FALSE,TRUE,TRUE,FALSE,private,2,0,0,FALSE
268,\src\com\fsck\k9\activity\ProgressListener.java,ProgressListener,32,0,0,0,0,FALSE,FALSE,2,TRUE,FALSE,0,0,1,0,FALSE,TRUE,FALSE,FALSE,FALSE,public,0,0,0,FALSE
269,\src\com\fsck\k9\activity\Search.java,Search,5,0,0,0,0,FALSE,FALSE,1,FALSE,FALSE,0,0,1,0,FALSE,FALSE,FALSE,TRUE,FALSE,public,0,0,0,FALSE
270,\src\com\fsck\k9\activity\SearchModifier.java,SearchModifier,19,5,0,0,0,FALSE,FALSE,2,TRUE,FALSE,0,0,2,0,FALSE,FALSE,FALSE,FALSE,TRUE,default,0,0,0,FALSE
271,\src\com\fsck\k9\activity\setup\AccountSettings.PopulateFolderPrefsTask.java,PopulateFolderPrefsTask,77,3,3,0,0,FALSE,FALSE,4,FALSE,FALSE,0,2,7,14,FALSE,FALSE,TRUE,TRUE,FALSE,private,0,0,3,FALSE
272,\src\com\fsck\k9\activity\MessageList.java,MessageList,1875,55,75,3,0,FALSE,FALSE,2,FALSE,FALSE,132,80,50,131,FALSE,FALSE,FALSE,TRUE,FALSE,public,28,45,2,FALSE
273,\src\com\fsck\k9\activity\setup\AccountSetupAccountType.java,AccountSetupAccountType,113,4,7,0,0,FALSE,FALSE,4,FALSE,FALSE,1,6,14,14,FALSE,FALSE,FALSE,TRUE,FALSE,public,3,4,0,FALSE
274,\src\com\fsck\k9\activity\setup\AccountSetupBasics.Provider.java,Provider,24,9,0,0,0,FALSE,FALSE,1,TRUE,FALSE,0,0,3,0,TRUE,FALSE,TRUE,TRUE,FALSE,default,0,0,0,FALSE
275,\src\com\fsck\k9\activity\MessageView.java,MessageView,1412,44,61,6,0,FALSE,FALSE,2,FALSE,FALSE,101,40,34,110,FALSE,FALSE,FALSE,TRUE,FALSE,public,15,37,9,FALSE
276,\src\com\fsck\k9\activity\setup\AccountSetupBasics.java,AccountSetupBasics,412,12,19,0,3,FALSE,FALSE,3,FALSE,FALSE,17,21,23,37,FALSE,FALSE,FALSE,TRUE,FALSE,public,10,8,1,FALSE
277,\src\com\fsck\k9\activity\setup\AccountSetupCheckSettings.java,AccountSetupCheckSettings,333,12,9,1,0,FALSE,FALSE,4,FALSE,FALSE,20,14,24,34,FALSE,FALSE,FALSE,TRUE,FALSE,public,5,4,0,FALSE
278,\src\com\fsck\k9\activity\setup\AccountSetupComposition.java,AccountSetupComposition,135,10,7,0,0,FALSE,FALSE,3,FALSE,FALSE,5,9,14,19,FALSE,FALSE,FALSE,TRUE,FALSE,public,6,1,0,FALSE
279,\src\com\fsck\k9\activity\setup\AccountSettings.java,AccountSettings,851,109,17,0,0,FALSE,FALSE,2,FALSE,FALSE,17,11,25,216,FALSE,FALSE,FALSE,TRUE,FALSE,public,8,9,0,FALSE
280,\src\com\fsck\k9\activity\setup\AccountSetupNames.java,AccountSetupNames,95,5,5,0,0,FALSE,FALSE,3,FALSE,FALSE,4,4,14,8,FALSE,FALSE,FALSE,TRUE,FALSE,public,3,1,1,FALSE
281,\src\com\fsck\k9\activity\setup\AccountSetupOptions.java,AccountSetupOptions,151,8,4,0,0,FALSE,FALSE,3,FALSE,FALSE,4,5,12,15,FALSE,FALSE,FALSE,TRUE,FALSE,public,3,1,0,FALSE
282,\src\com\fsck\k9\activity\setup\AccountSetupIncoming.java,AccountSetupIncoming,485,28,10,0,0,FALSE,FALSE,3,FALSE,FALSE,24,12,18,54,FALSE,FALSE,FALSE,TRUE,FALSE,public,6,3,1,FALSE
283,\src\com\fsck\k9\activity\setup\FolderSettings.java,FolderSettings,169,14,5,0,0,FALSE,FALSE,2,FALSE,FALSE,2,6,17,33,FALSE,FALSE,FALSE,TRUE,FALSE,public,4,1,0,FALSE
284,\src\com\fsck\k9\activity\setup\AccountSetupOutgoing.java,AccountSetupOutgoing,343,16,11,0,0,FALSE,FALSE,3,FALSE,FALSE,16,14,20,31,FALSE,FALSE,FALSE,TRUE,FALSE,public,7,3,1,FALSE
285,\src\com\fsck\k9\activity\setup\FontSizeSettings.java,FontSizeSettings,156,32,4,0,0,FALSE,FALSE,3,FALSE,FALSE,1,4,9,37,FALSE,FALSE,FALSE,TRUE,FALSE,public,3,1,0,FALSE
286,\src\com\fsck\k9\activity\setup\SpinnerHelper.EntryValue.java,EntryValue,27,2,3,0,2,FALSE,FALSE,2,FALSE,FALSE,0,0,0,0,TRUE,FALSE,TRUE,TRUE,FALSE,private,3,0,0,FALSE
287,\src\com\fsck\k9\activity\setup\SpinnerHelper.java,SpinnerHelper,61,0,4,0,2,FALSE,FALSE,2,TRUE,FALSE,4,12,3,6,FALSE,FALSE,FALSE,TRUE,FALSE,public,4,0,0,FALSE
288,\src\com\fsck\k9\activity\setup\SpinnerOption.java,SpinnerOption,32,2,2,1,0,FALSE,FALSE,2,FALSE,FALSE,1,2,1,1,FALSE,FALSE,FALSE,TRUE,FALSE,public,2,0,0,FALSE
289,\src\com\fsck\k9\activity\setup\Prefs.java,Prefs,326,62,6,0,0,FALSE,FALSE,1,FALSE,FALSE,8,4,24,76,FALSE,FALSE,FALSE,TRUE,FALSE,public,3,3,0,FALSE
