index,fullpathname,classname,loc,numAttr,numMethod,setters,getters,isPersist,isCollection,numWordName,isOrEr,isController,numIfs,numParameters,numImports,numOutboundInvocation,isStaticClass,isInterface,isInnerClass,isClass,isEnum,classPublicity,numPublicMethods,numPrivateMethods,numProtectedMethods,isAbstract
0,\tests\src\com\fsck\k9\helper\Utility_quoteAtoms.java,quoteAtoms,53,0,4,0,0,FALSE,FALSE,2,FALSE,FALSE,0,2,1,0,FALSE,FALSE,FALSE,TRUE,FALSE,public,2,2,0,FALSE
1,\tests\src\com\fsck\k9\activity\AccountsTest.java,AccountsTest,18,0,0,0,0,FALSE,FALSE,2,FALSE,FALSE,0,0,2,0,FALSE,FALSE,FALSE,TRUE,FALSE,public,0,0,0,FALSE
2,\tests\src\com\fsck\k9\activity\MessageReferenceTest.java,MessageReferenceTest,79,0,7,0,0,FALSE,FALSE,3,FALSE,FALSE,0,0,3,2,FALSE,FALSE,FALSE,TRUE,FALSE,public,7,0,0,FALSE
3,\src\com\fsck\k9\Account.FolderMode.java,FolderMode,8,5,0,0,0,FALSE,FALSE,2,FALSE,FALSE,0,0,0,0,FALSE,FALSE,TRUE,FALSE,TRUE,public,0,0,0,FALSE
4,\src\com\fsck\k9\Account.MessageFormat.java,MessageFormat,8,2,0,0,0,FALSE,FALSE,2,FALSE,FALSE,0,0,0,0,FALSE,FALSE,TRUE,FALSE,TRUE,public,0,0,0,FALSE
5,\src\com\fsck\k9\Account.QuoteStyle.java,QuoteStyle,8,2,0,0,0,FALSE,FALSE,2,FALSE,FALSE,0,0,0,0,FALSE,FALSE,TRUE,FALSE,TRUE,public,0,0,0,FALSE
6,\src\com\fsck\k9\Account.ScrollButtons.java,ScrollButtons,8,3,0,0,0,FALSE,FALSE,2,FALSE,FALSE,0,0,0,0,FALSE,FALSE,TRUE,FALSE,TRUE,public,0,0,0,FALSE
7,\src\com\fsck\k9\Account.Searchable.java,Searchable,8,3,0,0,0,FALSE,FALSE,1,FALSE,FALSE,0,0,0,0,FALSE,FALSE,TRUE,FALSE,TRUE,public,0,0,0,FALSE
8,\src\com\fsck\k9\Account.ShowPictures.java,ShowPictures,8,3,0,0,0,FALSE,FALSE,2,FALSE,FALSE,0,0,0,0,FALSE,FALSE,TRUE,FALSE,TRUE,public,0,0,0,FALSE
9,\src\com\fsck\k9\AccountStats.java,AccountStats,12,5,0,0,0,FALSE,FALSE,2,FALSE,FALSE,0,0,1,0,FALSE,FALSE,FALSE,TRUE,FALSE,public,0,0,0,FALSE
10,\src\com\fsck\k9\BaseAccount.java,BaseAccount,8,0,0,0,0,FALSE,FALSE,2,FALSE,FALSE,0,0,0,0,FALSE,TRUE,FALSE,FALSE,FALSE,public,0,0,0,FALSE
11,\src\com\fsck\k9\EmailAddressAdapter.java,EmailAddressAdapter,54,2,4,0,1,FALSE,FALSE,3,TRUE,FALSE,1,6,7,1,FALSE,FALSE,FALSE,TRUE,FALSE,public,4,0,0,FALSE
12,\src\com\fsck\k9\EmailAddressValidator.java,EmailAddressValidator,14,0,3,0,0,FALSE,FALSE,3,TRUE,FALSE,0,3,2,1,FALSE,FALSE,FALSE,TRUE,FALSE,public,3,0,0,FALSE
13,\src\com\fsck\k9\EmailReceivedIntent.java,EmailReceivedIntent,12,9,0,0,0,FALSE,FALSE,3,FALSE,FALSE,0,0,0,0,FALSE,FALSE,FALSE,TRUE,FALSE,public,0,0,0,FALSE
14,\src\com\fsck\k9\Identity.java,Identity,51,7,13,6,6,FALSE,FALSE,1,FALSE,FALSE,0,6,1,0,FALSE,FALSE,FALSE,TRUE,FALSE,public,13,0,0,FALSE
15,\src\com\fsck\k9\K9.ApplicationAware.java,ApplicationAware,11,0,0,0,0,FALSE,FALSE,2,FALSE,FALSE,0,0,0,0,TRUE,TRUE,TRUE,FALSE,FALSE,public,0,0,0,FALSE
16,\src\com\fsck\k9\FontSizes.java,FontSizes,297,39,35,16,17,FALSE,FALSE,2,FALSE,FALSE,2,18,2,1,FALSE,FALSE,FALSE,TRUE,FALSE,public,35,0,0,FALSE
17,\src\com\fsck\k9\K9.BACKGROUND_OPS.java,OPS,4,4,0,0,0,FALSE,FALSE,3,FALSE,FALSE,0,0,0,0,FALSE,FALSE,FALSE,FALSE,TRUE,public,0,0,0,FALSE
18,\src\com\fsck\k9\Account.java,Account,1137,75,143,55,55,FALSE,FALSE,1,FALSE,FALSE,31,78,26,77,FALSE,FALSE,FALSE,TRUE,FALSE,public,138,4,1,FALSE
19,\src\com\fsck\k9\K9.Intents.java,Intents,25,0,0,0,0,FALSE,FALSE,1,FALSE,FALSE,0,0,0,0,TRUE,FALSE,TRUE,TRUE,FALSE,public,0,0,0,FALSE
20,\src\com\fsck\k9\NotificationSetting.java,NotificationSetting,121,7,16,7,6,FALSE,FALSE,2,FALSE,FALSE,1,9,0,0,FALSE,FALSE,FALSE,TRUE,FALSE,public,16,0,0,FALSE
21,\src\com\fsck\k9\Preferences.java,Preferences,136,7,11,1,6,FALSE,FALSE,1,FALSE,FALSE,11,4,12,14,FALSE,FALSE,FALSE,TRUE,FALSE,public,11,0,0,FALSE
22,\src\com\fsck\k9\SearchAccount.java,SearchAccount,92,11,20,8,8,FALSE,FALSE,2,FALSE,FALSE,1,10,4,1,FALSE,FALSE,FALSE,TRUE,FALSE,public,19,0,1,FALSE
23,\src\com\fsck\k9\SearchSpecification.java,SearchSpecification,10,0,0,0,0,FALSE,FALSE,2,FALSE,FALSE,0,0,1,0,FALSE,TRUE,FALSE,FALSE,FALSE,public,0,0,0,FALSE
24,\src\com\fsck\k9\K9.java,K9,719,74,75,33,9,FALSE,FALSE,1,FALSE,FALSE,12,40,31,29,FALSE,FALSE,FALSE,TRUE,FALSE,public,70,3,2,FALSE
25,\src\com\fsck\k9\view\AccessibleWebView.java,AccessibleWebView,82,3,7,0,1,FALSE,FALSE,3,FALSE,FALSE,2,9,9,1,FALSE,FALSE,FALSE,TRUE,FALSE,public,5,2,0,FALSE
26,\src\com\fsck\k9\view\ColorChip.java,ColorChip,23,2,1,0,0,FALSE,FALSE,2,FALSE,FALSE,0,0,3,2,FALSE,FALSE,FALSE,TRUE,FALSE,public,1,0,0,FALSE
27,\src\com\fsck\k9\view\AttachmentView.java,AttachmentView,225,12,10,0,1,FALSE,FALSE,2,FALSE,FALSE,13,6,25,24,FALSE,FALSE,FALSE,TRUE,FALSE,public,7,3,0,FALSE
28,\src\com\fsck\k9\view\ColorPickerBox.java,ColorPickerBox,54,8,2,1,0,FALSE,FALSE,3,FALSE,FALSE,1,2,6,1,FALSE,FALSE,FALSE,TRUE,FALSE,public,1,0,1,FALSE
29,\src\com\fsck\k9\view\MessageHeader.HeaderEntry.java,HeaderEntry,9,2,0,0,0,FALSE,FALSE,2,FALSE,FALSE,0,0,0,0,TRUE,FALSE,TRUE,TRUE,FALSE,private,0,0,0,FALSE
30,\src\com\fsck\k9\view\MessageCryptoView.java,MessageCryptoView,124,7,4,2,0,FALSE,FALSE,3,FALSE,FALSE,11,4,15,10,FALSE,FALSE,FALSE,TRUE,FALSE,public,4,0,0,FALSE
31,\src\com\fsck\k9\view\MessageWebView.java,MessageWebView,97,1,3,0,0,FALSE,FALSE,3,FALSE,FALSE,4,1,11,9,FALSE,FALSE,FALSE,TRUE,FALSE,public,3,0,0,FALSE
32,\src\com\fsck\k9\view\MessageHeader.java,MessageHeader,263,21,9,1,1,FALSE,FALSE,2,TRUE,FALSE,10,5,31,31,FALSE,FALSE,FALSE,TRUE,FALSE,public,4,5,0,FALSE
33,\src\com\fsck\k9\view\ToggleScrollView.YScrollDetector.java,YScrollDetector,18,0,1,0,0,FALSE,TRUE,3,TRUE,FALSE,1,4,2,0,FALSE,FALSE,TRUE,TRUE,FALSE,default,1,0,0,FALSE
34,\src\com\fsck\k9\view\ToggleScrollView.java,ToggleScrollView,38,2,3,1,0,FALSE,FALSE,3,FALSE,FALSE,2,3,5,1,FALSE,FALSE,FALSE,TRUE,FALSE,public,3,0,0,FALSE
35,\src\com\fsck\k9\view\SingleMessageView.java,SingleMessageView,258,11,23,6,0,FALSE,FALSE,3,FALSE,FALSE,15,32,27,30,FALSE,FALSE,FALSE,TRUE,FALSE,public,22,1,0,FALSE
36,\src\com\fsck\k9\service\BootReceiver.java,BootReceiver,119,5,5,0,0,FALSE,FALSE,2,TRUE,FALSE,9,11,10,8,FALSE,FALSE,FALSE,TRUE,FALSE,public,4,1,0,FALSE
37,\src\com\fsck\k9\service\CoreReceiver.java,CoreReceiver,72,4,5,0,1,FALSE,FALSE,2,TRUE,FALSE,9,9,10,3,FALSE,FALSE,FALSE,TRUE,FALSE,public,3,2,0,FALSE
38,\src\com\fsck\k9\service\CoreService.java,CoreService,137,6,8,0,0,FALSE,FALSE,2,FALSE,FALSE,16,11,15,22,FALSE,FALSE,FALSE,TRUE,FALSE,public,6,0,2,TRUE
39,\src\com\fsck\k9\service\PollService.Listener.java,Listener,77,3,9,1,1,FALSE,FALSE,1,TRUE,FALSE,6,12,9,8,FALSE,FALSE,TRUE,TRUE,FALSE,default,8,1,0,FALSE
40,\src\com\fsck\k9\service\PollService.java,PollService,56,3,4,0,0,FALSE,FALSE,2,FALSE,FALSE,6,5,6,6,FALSE,FALSE,FALSE,TRUE,FALSE,public,4,0,0,FALSE
41,\src\com\fsck\k9\service\PushService.java,PushService,40,2,4,0,0,FALSE,FALSE,2,FALSE,FALSE,3,5,5,2,FALSE,FALSE,FALSE,TRUE,FALSE,public,4,0,0,FALSE
42,\src\com\fsck\k9\service\MailService.java,MailService,388,14,20,1,1,FALSE,FALSE,2,FALSE,FALSE,45,28,17,55,FALSE,FALSE,FALSE,TRUE,FALSE,public,12,8,0,FALSE
43,\src\com\fsck\k9\service\RemoteControlReceiver.java,RemoteControlReceiver,40,0,1,0,0,FALSE,FALSE,3,TRUE,FALSE,2,3,9,5,FALSE,FALSE,FALSE,TRUE,FALSE,public,1,0,0,FALSE
44,\src\com\fsck\k9\service\ShutdownReceiver.java,ShutdownReceiver,34,0,1,0,0,FALSE,FALSE,2,TRUE,FALSE,1,2,5,1,FALSE,FALSE,FALSE,TRUE,FALSE,public,1,0,0,FALSE
45,\src\com\fsck\k9\service\RemoteControlService.java,RemoteControlService,145,4,2,1,0,FALSE,FALSE,3,FALSE,FALSE,23,5,14,17,FALSE,FALSE,FALSE,TRUE,FALSE,public,2,0,0,FALSE
46,\src\com\fsck\k9\service\SleepService.SleepDatum.java,SleepDatum,9,4,0,0,0,FALSE,FALSE,2,FALSE,FALSE,0,0,2,0,TRUE,FALSE,TRUE,TRUE,FALSE,private,0,0,0,FALSE
47,\src\com\fsck\k9\service\SleepService.java,SleepService,109,4,4,0,0,FALSE,FALSE,2,FALSE,FALSE,17,8,9,13,FALSE,FALSE,FALSE,TRUE,FALSE,public,2,2,0,FALSE
48,\src\com\fsck\k9\service\StorageGoneReceiver.java,StorageGoneReceiver,35,0,1,0,0,FALSE,FALSE,3,TRUE,FALSE,3,2,7,5,FALSE,FALSE,FALSE,TRUE,FALSE,public,1,0,0,FALSE
49,\src\com\fsck\k9\service\StorageReceiver.java,StorageReceiver,29,0,1,0,0,FALSE,FALSE,2,TRUE,FALSE,3,2,7,5,FALSE,FALSE,FALSE,TRUE,FALSE,public,1,0,0,FALSE
50,\src\com\fsck\k9\remotecontrol\AccountReceiver.java,AccountReceiver,23,1,1,0,0,FALSE,FALSE,2,TRUE,FALSE,2,2,5,1,FALSE,FALSE,FALSE,TRUE,FALSE,default,1,0,0,FALSE
51,\src\com\fsck\k9\remotecontrol\K9AccountReceptor.java,K9AccountReceptor,10,0,0,0,0,FALSE,FALSE,3,TRUE,FALSE,0,0,0,0,FALSE,TRUE,FALSE,FALSE,FALSE,public,0,0,0,FALSE
52,\src\com\fsck\k9\remotecontrol\K9RemoteControl.java,K9RemoteControl,118,30,2,1,0,FALSE,FALSE,3,FALSE,FALSE,0,4,3,0,FALSE,FALSE,FALSE,TRUE,FALSE,public,2,0,0,FALSE
53,\src\com\fsck\k9\provider\AttachmentProvider.AttachmentProviderColumns.java,AttachmentProviderColumns,12,4,0,0,0,FALSE,FALSE,3,FALSE,FALSE,0,0,1,0,TRUE,FALSE,TRUE,TRUE,FALSE,public,0,0,0,FALSE
54,\src\com\fsck\k9\provider\MessageProvider.AccountExtractor.java,AccountExtractor,8,0,1,0,1,FALSE,FALSE,2,TRUE,FALSE,0,1,1,1,TRUE,FALSE,TRUE,TRUE,FALSE,public,1,0,0,FALSE
55,\src\com\fsck\k9\provider\AttachmentProvider.java,AttachmentProvider,234,3,14,0,5,FALSE,FALSE,2,TRUE,FALSE,12,31,20,28,FALSE,FALSE,FALSE,TRUE,FALSE,public,10,4,0,FALSE
56,\src\com\fsck\k9\provider\MessageProvider.AccountsQueryHandler.java,AccountsQueryHandler,28,0,3,0,2,FALSE,FALSE,3,TRUE,FALSE,0,5,5,3,FALSE,FALSE,TRUE,TRUE,FALSE,protected,3,0,0,FALSE
57,\src\com\fsck\k9\provider\MessageProvider.CountExtractor.java,CountExtractor,11,1,1,0,1,FALSE,FALSE,2,TRUE,FALSE,0,1,0,0,TRUE,FALSE,TRUE,TRUE,FALSE,public,1,0,0,FALSE
58,\src\com\fsck\k9\provider\MessageProvider.DeleteUriExtractor.java,DeleteUriExtractor,12,0,1,0,1,FALSE,FALSE,3,TRUE,FALSE,0,1,2,2,TRUE,FALSE,TRUE,TRUE,FALSE,public,1,0,0,FALSE
59,\src\com\fsck\k9\provider\MessageProvider.FieldExtractor.java,FieldExtractor,4,0,0,0,0,FALSE,FALSE,2,TRUE,FALSE,0,0,0,0,TRUE,TRUE,TRUE,FALSE,FALSE,public,0,0,0,FALSE
60,\src\com\fsck\k9\provider\MessageProvider.IdExtractor.java,IdExtractor,8,0,1,0,1,FALSE,FALSE,2,TRUE,FALSE,0,1,1,1,TRUE,FALSE,TRUE,TRUE,FALSE,public,1,0,0,FALSE
61,\src\com\fsck\k9\provider\MessageProvider.IncrementExtractor.java,IncrementExtractor,11,1,1,0,1,FALSE,FALSE,2,TRUE,FALSE,0,1,1,0,TRUE,FALSE,TRUE,TRUE,FALSE,public,1,0,0,FALSE
62,\src\com\fsck\k9\provider\MessageProvider.MessageColumns.java,MessageColumns,30,8,0,0,0,FALSE,FALSE,2,FALSE,FALSE,0,0,1,0,TRUE,TRUE,TRUE,FALSE,FALSE,public,0,0,0,FALSE
63,\src\com\fsck\k9\provider\MessageProvider.MessagesQueryHandler.java,MessagesQueryHandler,95,0,4,0,2,FALSE,FALSE,3,TRUE,FALSE,3,8,13,15,FALSE,FALSE,TRUE,TRUE,FALSE,protected,2,0,2,FALSE
64,\src\com\fsck\k9\provider\MessageProvider.MesssageInfoHolderRetrieverListener.java,MesssageInfoHolderRetrieverListener,51,2,2,0,0,FALSE,FALSE,5,TRUE,FALSE,0,4,14,2,FALSE,FALSE,TRUE,TRUE,FALSE,protected,2,0,0,FALSE
65,\src\com\fsck\k9\provider\MessageProvider.PreviewExtractor.java,PreviewExtractor,8,0,1,0,1,FALSE,FALSE,2,TRUE,FALSE,0,1,1,1,TRUE,FALSE,TRUE,TRUE,FALSE,public,1,0,0,FALSE
66,\src\com\fsck\k9\provider\MessageProvider.MonitoredCursor.java,MonitoredCursor,265,3,43,1,17,FALSE,FALSE,2,TRUE,FALSE,2,26,12,24,TRUE,FALSE,TRUE,TRUE,FALSE,protected,41,0,2,FALSE
67,\src\com\fsck\k9\provider\MessageProvider.QueryHandler.java,QueryHandler,23,0,0,0,0,FALSE,FALSE,2,TRUE,FALSE,0,0,2,0,TRUE,TRUE,TRUE,FALSE,FALSE,protected,0,0,0,FALSE
68,\src\com\fsck\k9\provider\MessageProvider.SendDateExtractor.java,SendDateExtractor,8,0,1,0,1,FALSE,FALSE,3,TRUE,FALSE,0,1,1,1,TRUE,FALSE,TRUE,TRUE,FALSE,public,1,0,0,FALSE
69,\src\com\fsck\k9\provider\MessageProvider.SenderExtractor.java,SenderExtractor,8,0,1,0,1,FALSE,FALSE,2,TRUE,FALSE,0,1,1,0,TRUE,FALSE,TRUE,TRUE,FALSE,public,1,0,0,FALSE
70,\src\com\fsck\k9\provider\MessageProvider.SubjectExtractor.java,SubjectExtractor,8,0,1,0,1,FALSE,FALSE,2,TRUE,FALSE,0,1,1,1,TRUE,FALSE,TRUE,TRUE,FALSE,public,1,0,0,FALSE
71,\src\com\fsck\k9\provider\MessageProvider.ThrottlingQueryHandler.java,ThrottlingQueryHandler,49,1,2,0,1,FALSE,FALSE,3,TRUE,FALSE,2,5,7,6,FALSE,FALSE,TRUE,TRUE,FALSE,protected,2,0,0,FALSE
72,\src\com\fsck\k9\provider\MessageProvider.UnreadQueryHandler.java,UnreadQueryHandler,53,0,3,0,2,FALSE,FALSE,3,TRUE,FALSE,2,6,10,6,FALSE,FALSE,TRUE,TRUE,FALSE,protected,3,0,0,FALSE
73,\src\com\fsck\k9\provider\MessageProvider.UriExtractor.java,UriExtractor,8,0,1,0,1,FALSE,FALSE,2,TRUE,FALSE,0,1,1,0,TRUE,FALSE,TRUE,TRUE,FALSE,public,1,0,0,FALSE
74,\src\com\fsck\k9\preferences\AccountSettings.RingtoneValidator.java,RingtoneValidator,10,0,1,0,0,FALSE,FALSE,2,TRUE,FALSE,0,3,2,0,TRUE,FALSE,TRUE,TRUE,FALSE,public,1,0,0,FALSE
75,\src\com\fsck\k9\provider\MessageProvider.java,MessageProvider,227,8,7,0,1,FALSE,FALSE,2,TRUE,FALSE,16,16,22,11,FALSE,FALSE,FALSE,TRUE,FALSE,public,6,0,1,FALSE
76,\src\com\fsck\k9\preferences\AccountSettings.StorageProviderDefaultValue.java,StorageProviderDefaultValue,11,0,1,0,0,FALSE,FALSE,4,FALSE,FALSE,0,2,4,1,TRUE,FALSE,TRUE,TRUE,FALSE,public,1,0,0,FALSE
77,\src\com\fsck\k9\preferences\AccountSettings.StorageProviderValidator.java,StorageProviderValidator,17,0,1,0,0,FALSE,FALSE,3,TRUE,FALSE,1,3,4,2,TRUE,FALSE,TRUE,TRUE,FALSE,public,1,0,0,FALSE
78,\src\com\fsck\k9\preferences\AccountSettings.StoreUriValidator.java,StoreUriValidator,33,0,1,0,0,FALSE,FALSE,3,TRUE,FALSE,3,3,6,3,TRUE,FALSE,TRUE,TRUE,FALSE,public,1,0,0,FALSE
79,\src\com\fsck\k9\preferences\AccountSettings.TransportUriValidator.java,TransportUriValidator,32,0,1,0,0,FALSE,FALSE,3,TRUE,FALSE,3,3,6,3,TRUE,FALSE,TRUE,TRUE,FALSE,public,1,0,0,FALSE
80,\src\com\fsck\k9\preferences\CheckBoxListPreference.java,CheckBoxListPreference,58,3,5,2,1,FALSE,FALSE,4,FALSE,FALSE,1,4,5,1,FALSE,FALSE,FALSE,TRUE,FALSE,public,3,0,2,FALSE
81,\src\com\fsck\k9\preferences\AccountSettings.java,AccountSettings,154,1,2,0,0,FALSE,FALSE,2,FALSE,FALSE,0,5,9,2,FALSE,FALSE,FALSE,TRUE,FALSE,public,1,1,0,FALSE
82,\src\com\fsck\k9\preferences\GlobalSettings.DateFormatValidator.java,DateFormatValidator,15,0,1,0,0,FALSE,FALSE,3,TRUE,FALSE,0,3,3,0,TRUE,FALSE,TRUE,TRUE,FALSE,public,1,0,0,FALSE
83,\src\com\fsck\k9\preferences\Editor.java,Editor,119,5,11,0,0,FALSE,FALSE,1,TRUE,FALSE,6,12,6,12,FALSE,FALSE,FALSE,TRUE,FALSE,public,11,0,0,FALSE
84,\src\com\fsck\k9\preferences\GlobalSettings.DipFontSizeValidator.java,DipFontSizeValidator,22,0,1,0,0,FALSE,FALSE,4,TRUE,FALSE,1,3,3,0,TRUE,FALSE,TRUE,TRUE,FALSE,public,1,0,0,FALSE
85,\src\com\fsck\k9\preferences\GlobalSettings.GalleryBugWorkaroundDefaultValue.java,GalleryBugWorkaroundDefaultValue,10,0,1,0,0,FALSE,FALSE,5,FALSE,FALSE,0,2,3,1,TRUE,FALSE,TRUE,TRUE,FALSE,public,1,0,0,FALSE
86,\src\com\fsck\k9\preferences\GlobalSettings.ThemeValidator.java,ThemeValidator,10,0,1,0,0,FALSE,FALSE,2,TRUE,FALSE,0,3,2,0,TRUE,FALSE,TRUE,TRUE,FALSE,public,1,0,0,FALSE
87,\src\com\fsck\k9\preferences\GlobalSettings.TimeValidator.java,TimeValidator,9,0,1,0,0,FALSE,FALSE,2,TRUE,FALSE,0,3,2,0,TRUE,FALSE,TRUE,TRUE,FALSE,public,1,0,0,FALSE
88,\src\com\fsck\k9\preferences\GlobalSettings.WebViewFontSizeValidator.java,WebViewFontSizeValidator,10,0,1,0,0,FALSE,FALSE,5,TRUE,FALSE,0,3,2,0,TRUE,FALSE,TRUE,TRUE,FALSE,public,1,0,0,FALSE
89,\src\com\fsck\k9\preferences\Settings.BooleanValidator.java,BooleanValidator,21,0,1,0,0,FALSE,FALSE,2,TRUE,FALSE,0,3,1,1,TRUE,FALSE,TRUE,TRUE,FALSE,public,1,0,0,FALSE
90,\src\com\fsck\k9\preferences\GlobalSettings.java,GlobalSettings,137,3,3,0,1,FALSE,FALSE,2,FALSE,FALSE,1,5,8,5,FALSE,FALSE,FALSE,TRUE,FALSE,public,2,1,0,FALSE
91,\src\com\fsck\k9\preferences\Settings.ExceptionDefaultValue.java,ExceptionDefaultValue,21,0,1,0,0,FALSE,FALSE,3,FALSE,FALSE,0,2,1,0,TRUE,FALSE,TRUE,TRUE,FALSE,public,1,0,0,FALSE
92,\src\com\fsck\k9\preferences\Settings.IDefaultValue.java,IDefaultValue,18,0,0,0,0,FALSE,FALSE,3,FALSE,FALSE,0,0,1,0,FALSE,TRUE,TRUE,FALSE,FALSE,public,0,0,0,FALSE
93,\src\com\fsck\k9\preferences\Settings.ISettingValidator.java,ISettingValidator,18,0,0,0,0,FALSE,FALSE,3,TRUE,FALSE,0,0,1,0,FALSE,TRUE,TRUE,FALSE,FALSE,public,0,0,0,FALSE
94,\src\com\fsck\k9\preferences\Settings.IntegerValidator.java,IntegerValidator,26,0,1,0,0,FALSE,FALSE,2,TRUE,FALSE,0,3,1,0,TRUE,FALSE,TRUE,TRUE,FALSE,public,1,0,0,FALSE
95,\src\com\fsck\k9\preferences\Settings.PositiveIntegerValidator.java,PositiveIntegerValidator,21,0,1,0,0,FALSE,FALSE,3,TRUE,FALSE,0,3,1,0,TRUE,FALSE,TRUE,TRUE,FALSE,public,1,0,0,FALSE
96,\src\com\fsck\k9\preferences\Settings.ResourceArrayValidator.java,ResourceArrayValidator,37,1,1,0,0,FALSE,FALSE,3,TRUE,FALSE,1,3,3,1,TRUE,FALSE,TRUE,TRUE,FALSE,public,1,0,0,FALSE
97,\src\com\fsck\k9\preferences\Settings.SettingType.java,SettingType,20,4,0,0,0,FALSE,FALSE,2,FALSE,FALSE,0,0,0,0,FALSE,FALSE,TRUE,FALSE,TRUE,public,0,0,0,FALSE
98,\src\com\fsck\k9\preferences\Settings.SettingsDescription.java,SettingsDescription,25,3,0,0,0,FALSE,FALSE,2,FALSE,FALSE,0,0,0,0,TRUE,FALSE,TRUE,TRUE,FALSE,public,0,0,0,FALSE
99,\src\com\fsck\k9\preferences\Settings.SolidColorValidator.java,SolidColorValidator,22,0,1,0,0,FALSE,FALSE,3,TRUE,FALSE,0,3,1,0,TRUE,FALSE,TRUE,TRUE,FALSE,public,1,0,0,FALSE
100,\src\com\fsck\k9\preferences\Settings.java,Settings,86,5,2,0,0,FALSE,FALSE,1,FALSE,FALSE,8,7,4,4,FALSE,FALSE,FALSE,TRUE,FALSE,public,2,0,0,FALSE
101,\src\com\fsck\k9\preferences\StorageImportExportException.java,StorageImportExportException,15,0,0,0,0,FALSE,FALSE,4,FALSE,FALSE,0,0,0,0,FALSE,FALSE,FALSE,TRUE,FALSE,public,0,0,0,FALSE
102,\src\com\fsck\k9\preferences\Storage.java,Storage,343,9,24,0,7,TRUE,FALSE,1,FALSE,FALSE,31,29,15,43,FALSE,FALSE,FALSE,TRUE,FALSE,public,12,7,5,FALSE
103,\src\com\fsck\k9\preferences\StorageImporter.AccountDescription.java,AccountDescription,15,2,0,0,0,FALSE,FALSE,2,FALSE,FALSE,0,0,0,0,TRUE,FALSE,TRUE,TRUE,FALSE,public,0,0,0,FALSE
104,\src\com\fsck\k9\preferences\StorageExporter.java,StorageExporter,284,18,7,0,0,FALSE,FALSE,2,TRUE,FALSE,18,26,23,29,FALSE,FALSE,FALSE,TRUE,FALSE,public,3,4,0,FALSE
105,\src\com\fsck\k9\preferences\StorageImporter.AccountDescriptionPair.java,AccountDescriptionPair,9,2,0,0,0,FALSE,FALSE,3,FALSE,FALSE,0,0,0,0,TRUE,FALSE,TRUE,TRUE,FALSE,public,0,0,0,FALSE
106,\src\com\fsck\k9\preferences\StorageImporter.ImportContents.java,ImportContents,16,2,0,0,0,FALSE,FALSE,2,FALSE,FALSE,0,0,1,0,TRUE,FALSE,TRUE,TRUE,FALSE,public,0,0,0,FALSE
107,\src\com\fsck\k9\preferences\StorageImporter.ImportResults.java,ImportResults,14,3,0,0,0,FALSE,FALSE,2,FALSE,FALSE,0,0,1,0,TRUE,FALSE,TRUE,TRUE,FALSE,public,0,0,0,FALSE
108,\src\com\fsck\k9\preferences\StorageImporter.Imported.java,Imported,6,2,0,0,0,FALSE,FALSE,1,FALSE,FALSE,0,0,1,0,TRUE,FALSE,TRUE,TRUE,FALSE,private,0,0,0,FALSE
109,\src\com\fsck\k9\preferences\StorageImporter.ImportedAccount.java,ImportedAccount,9,5,0,0,0,FALSE,FALSE,2,FALSE,FALSE,0,0,1,0,TRUE,FALSE,TRUE,TRUE,FALSE,private,0,0,0,FALSE
110,\src\com\fsck\k9\preferences\StorageImporter.ImportedFolder.java,ImportedFolder,5,2,0,0,0,FALSE,FALSE,2,TRUE,FALSE,0,0,0,0,TRUE,FALSE,TRUE,TRUE,FALSE,private,0,0,0,FALSE
111,\src\com\fsck\k9\preferences\StorageImporter.ImportedIdentity.java,ImportedIdentity,7,4,0,0,0,FALSE,FALSE,2,FALSE,FALSE,0,0,0,0,TRUE,FALSE,TRUE,TRUE,FALSE,private,0,0,0,FALSE
112,\src\com\fsck\k9\preferences\StorageImporter.ImportedSettings.java,ImportedSettings,6,1,0,0,0,FALSE,FALSE,2,FALSE,FALSE,0,0,2,0,TRUE,FALSE,TRUE,TRUE,FALSE,private,0,0,0,FALSE
113,\src\com\fsck\k9\preferences\TimePickerPreference.java,TimePickerPreference,120,2,7,1,3,FALSE,FALSE,3,FALSE,FALSE,5,4,5,1,FALSE,FALSE,FALSE,TRUE,FALSE,public,3,3,1,FALSE
114,\src\com\fsck\k9\mail\AuthenticationFailedException.java,AuthenticationFailedException,10,1,0,0,0,FALSE,FALSE,3,FALSE,FALSE,0,0,0,0,FALSE,FALSE,FALSE,TRUE,FALSE,public,0,0,0,FALSE
115,\src\com\fsck\k9\mail\Body.java,Body,8,0,0,0,0,FALSE,FALSE,1,FALSE,FALSE,0,0,3,0,FALSE,TRUE,FALSE,FALSE,FALSE,public,0,0,0,FALSE
116,\src\com\fsck\k9\mail\BodyPart.java,BodyPart,10,1,2,1,1,FALSE,FALSE,2,FALSE,FALSE,0,1,0,0,FALSE,FALSE,FALSE,TRUE,FALSE,public,2,0,0,TRUE
117,\src\com\fsck\k9\mail\Address.java,Address,313,4,18,2,2,FALSE,FALSE,1,FALSE,FALSE,28,13,17,28,FALSE,FALSE,FALSE,TRUE,FALSE,public,18,0,0,FALSE
118,\src\com\fsck\k9\mail\CertificateValidationException.java,CertificateValidationException,10,1,0,0,0,FALSE,FALSE,3,FALSE,FALSE,0,0,0,0,FALSE,FALSE,FALSE,TRUE,FALSE,public,0,0,0,FALSE
119,\src\com\fsck\k9\preferences\StorageImporter.java,StorageImporter,586,0,20,0,2,FALSE,FALSE,2,TRUE,FALSE,61,53,20,84,FALSE,FALSE,FALSE,TRUE,FALSE,public,3,17,0,FALSE
120,\src\com\fsck\k9\mail\FetchProfile.Item.java,Item,42,5,0,0,0,FALSE,FALSE,1,FALSE,FALSE,0,0,0,0,FALSE,FALSE,TRUE,FALSE,TRUE,public,0,0,0,FALSE
121,\src\com\fsck\k9\mail\FetchProfile.java,FetchProfile,22,1,0,0,0,FALSE,TRUE,2,FALSE,FALSE,0,0,1,0,FALSE,FALSE,FALSE,TRUE,FALSE,public,0,0,0,FALSE
122,\src\com\fsck\k9\mail\Flag.java,Flag,48,13,0,0,0,FALSE,FALSE,1,FALSE,FALSE,0,0,0,0,FALSE,FALSE,FALSE,FALSE,TRUE,public,0,0,0,FALSE
123,\src\com\fsck\k9\mail\Folder.FolderClass.java,FolderClass,4,5,0,0,0,FALSE,FALSE,2,FALSE,FALSE,0,0,0,0,FALSE,FALSE,TRUE,FALSE,TRUE,public,0,0,0,FALSE
124,\src\com\fsck\k9\mail\Folder.FolderType.java,FolderType,4,2,0,0,0,FALSE,FALSE,2,FALSE,FALSE,0,0,0,0,FALSE,FALSE,TRUE,FALSE,TRUE,public,0,0,0,FALSE
125,\src\com\fsck\k9\mail\Folder.OpenMode.java,OpenMode,4,2,0,0,0,FALSE,FALSE,2,FALSE,FALSE,0,0,0,0,FALSE,FALSE,TRUE,FALSE,TRUE,public,0,0,0,FALSE
126,\src\com\fsck\k9\mail\Message.RecipientType.java,RecipientType,4,3,0,0,0,FALSE,FALSE,2,FALSE,FALSE,0,0,0,0,FALSE,FALSE,TRUE,FALSE,TRUE,public,0,0,0,FALSE
127,\src\com\fsck\k9\mail\Folder.java,Folder,155,4,23,3,10,FALSE,FALSE,1,TRUE,FALSE,1,19,6,3,FALSE,FALSE,FALSE,TRUE,FALSE,public,23,0,0,TRUE
128,\src\com\fsck\k9\mail\MessagingException.java,MessagingException,25,2,2,1,0,FALSE,FALSE,2,FALSE,FALSE,0,1,0,0,FALSE,FALSE,FALSE,TRUE,FALSE,public,2,0,0,FALSE
129,\src\com\fsck\k9\mail\Message.java,Message,145,6,18,5,4,FALSE,FALSE,1,FALSE,FALSE,6,14,5,8,FALSE,FALSE,FALSE,TRUE,FALSE,public,18,0,0,TRUE
130,\src\com\fsck\k9\mail\Multipart.java,Multipart,64,3,11,3,4,FALSE,FALSE,1,FALSE,FALSE,3,9,4,4,FALSE,FALSE,FALSE,TRUE,FALSE,public,11,0,0,TRUE
131,\src\com\fsck\k9\mail\Part.java,Part,18,0,0,0,0,FALSE,FALSE,1,FALSE,FALSE,0,0,2,0,FALSE,TRUE,FALSE,FALSE,FALSE,public,0,0,0,FALSE
132,\src\com\fsck\k9\mail\PushReceiver.java,PushReceiver,15,0,0,0,0,FALSE,FALSE,2,TRUE,FALSE,0,0,3,0,FALSE,TRUE,FALSE,FALSE,FALSE,public,0,0,0,FALSE
133,\src\com\fsck\k9\mail\Pusher.java,Pusher,14,0,0,0,0,FALSE,FALSE,1,TRUE,FALSE,0,0,1,0,FALSE,TRUE,FALSE,FALSE,FALSE,public,0,0,0,FALSE
134,\src\com\fsck\k9\mail\Store.java,Store,97,5,10,0,4,FALSE,FALSE,1,FALSE,FALSE,6,5,8,3,FALSE,FALSE,FALSE,TRUE,FALSE,public,10,0,0,TRUE
135,\src\com\fsck\k9\mail\Transport.java,Transport,22,2,1,0,1,FALSE,FALSE,1,FALSE,FALSE,1,1,3,1,FALSE,FALSE,FALSE,TRUE,FALSE,public,1,0,0,TRUE
136,\src\com\fsck\k9\mail\transport\TrustedSocketFactory.java,TrustedSocketFactory,57,2,4,0,0,FALSE,FALSE,3,FALSE,FALSE,0,11,15,3,FALSE,FALSE,FALSE,TRUE,FALSE,public,4,0,0,FALSE
137,\src\com\fsck\k9\mail\transport\WebDavTransport.java,WebDavTransport,33,1,3,0,0,FALSE,FALSE,3,FALSE,FALSE,3,1,7,3,FALSE,FALSE,FALSE,TRUE,FALSE,public,3,0,0,FALSE
138,\src\com\fsck\k9\mail\transport\imap\ImapSettings.java,ImapSettings,20,0,0,0,0,FALSE,FALSE,2,FALSE,FALSE,0,0,1,0,FALSE,TRUE,FALSE,FALSE,FALSE,public,0,0,0,FALSE
139,\src\com\fsck\k9\mail\store\ImapResponseParser.IImapResponseCallback.java,IImapResponseCallback,24,0,0,0,0,FALSE,FALSE,4,FALSE,FALSE,0,0,2,0,FALSE,TRUE,TRUE,FALSE,FALSE,public,0,0,0,FALSE
140,\src\com\fsck\k9\mail\transport\SmtpTransport.java,SmtpTransport,463,16,12,0,0,FALSE,FALSE,2,FALSE,FALSE,31,15,26,44,FALSE,FALSE,FALSE,TRUE,FALSE,public,3,9,0,FALSE
141,\src\com\fsck\k9\mail\store\ImapResponseParser.ImapList.java,ImapList,99,1,15,0,13,FALSE,TRUE,2,FALSE,FALSE,5,15,5,0,FALSE,FALSE,TRUE,TRUE,FALSE,public,14,1,0,FALSE
142,\src\com\fsck\k9\mail\store\ImapResponseParser.ImapResponse.java,ImapResponse,35,5,3,0,1,FALSE,FALSE,2,FALSE,FALSE,2,0,1,3,FALSE,FALSE,TRUE,TRUE,FALSE,public,3,0,0,FALSE
143,\src\com\fsck\k9\mail\store\ImapStore.AuthType.java,AuthType,8,2,0,0,0,FALSE,FALSE,2,FALSE,FALSE,0,0,0,0,FALSE,FALSE,TRUE,FALSE,TRUE,public,0,0,0,FALSE
144,\src\com\fsck\k9\mail\store\ImapStore.FetchBodyCallback.java,FetchBodyCallback,33,1,1,0,0,FALSE,FALSE,3,FALSE,FALSE,1,2,6,0,TRUE,FALSE,TRUE,TRUE,FALSE,private,1,0,0,FALSE
145,\src\com\fsck\k9\mail\store\ImapResponseParser.java,ImapResponseParser,312,6,16,0,0,FALSE,FALSE,3,TRUE,FALSE,18,10,5,18,FALSE,FALSE,FALSE,TRUE,FALSE,public,3,13,0,FALSE
146,\src\com\fsck\k9\mail\store\ImapStore.FetchPartCallback.java,FetchPartCallback,31,1,1,0,0,FALSE,FALSE,3,FALSE,FALSE,1,2,6,0,TRUE,FALSE,TRUE,TRUE,FALSE,private,1,0,0,FALSE
147,\src\com\fsck\k9\mail\store\ImapStore.ImapBodyPart.java,ImapBodyPart,17,0,1,1,0,FALSE,FALSE,3,FALSE,FALSE,0,1,2,0,TRUE,FALSE,TRUE,TRUE,FALSE,default,1,0,0,FALSE
148,\src\com\fsck\k9\mail\store\ImapStore.ImapException.java,ImapException,26,2,2,1,1,FALSE,FALSE,2,FALSE,FALSE,0,1,1,0,TRUE,FALSE,TRUE,TRUE,FALSE,default,2,0,0,FALSE
149,\src\com\fsck\k9\mail\store\ImapStore.ImapMessage.java,ImapMessage,39,0,5,3,0,FALSE,FALSE,2,FALSE,FALSE,0,7,7,0,TRUE,FALSE,TRUE,TRUE,FALSE,default,5,0,0,FALSE
150,\src\com\fsck\k9\mail\store\ImapStore.ImapConnection.java,ImapConnection,516,7,16,1,1,FALSE,FALSE,2,FALSE,FALSE,68,13,42,84,TRUE,FALSE,TRUE,TRUE,FALSE,public,10,1,5,FALSE
151,\src\com\fsck\k9\mail\store\ImapStore.ImapPushState.java,ImapPushState,41,1,2,0,0,FALSE,FALSE,3,FALSE,FALSE,3,1,3,6,TRUE,FALSE,TRUE,TRUE,FALSE,protected,1,0,1,FALSE
152,\src\com\fsck\k9\mail\store\ImapStore.ImapPusher.java,ImapPusher,73,4,6,1,2,FALSE,FALSE,2,TRUE,FALSE,3,2,6,11,FALSE,FALSE,TRUE,TRUE,FALSE,public,6,0,0,FALSE
153,\src\com\fsck\k9\mail\store\ImapStore.ImapSearcher.java,ImapSearcher,14,0,0,0,0,FALSE,FALSE,2,TRUE,FALSE,0,0,4,0,FALSE,TRUE,TRUE,FALSE,FALSE,private,0,0,0,FALSE
154,\src\com\fsck\k9\mail\store\ImapStore.ImapFolderPusher.java,ImapFolderPusher,454,10,13,0,0,FALSE,FALSE,3,TRUE,FALSE,72,14,20,76,FALSE,FALSE,TRUE,TRUE,FALSE,public,4,6,3,FALSE
155,\src\com\fsck\k9\mail\store\ImapStore.StoreImapSettings.java,StoreImapSettings,62,0,13,3,9,FALSE,FALSE,3,FALSE,FALSE,0,4,1,0,FALSE,FALSE,TRUE,TRUE,FALSE,public,13,0,0,FALSE
156,\src\com\fsck\k9\mail\store\ImapStore.UntaggedHandler.java,UntaggedHandler,11,0,0,0,0,FALSE,FALSE,2,TRUE,FALSE,0,0,1,0,FALSE,TRUE,TRUE,FALSE,FALSE,private,0,0,0,FALSE
157,\src\com\fsck\k9\mail\store\LockableDatabase.DbCallback.java,DbCallback,13,0,0,0,0,TRUE,FALSE,2,FALSE,FALSE,0,0,1,0,TRUE,TRUE,TRUE,FALSE,FALSE,public,0,0,0,FALSE
158,\src\com\fsck\k9\mail\store\ImapStore.ImapFolder.java,ImapFolder,1126,8,50,2,20,FALSE,FALSE,2,TRUE,FALSE,119,64,29,90,FALSE,FALSE,TRUE,TRUE,FALSE,default,31,8,11,FALSE
159,\src\com\fsck\k9\mail\store\LockableDatabase.SchemaDefinition.java,SchemaDefinition,9,0,0,0,0,TRUE,FALSE,2,FALSE,FALSE,0,0,1,0,TRUE,TRUE,TRUE,FALSE,FALSE,public,0,0,0,FALSE
160,\src\com\fsck\k9\mail\store\ImapStore.java,ImapStore,364,34,15,0,5,FALSE,FALSE,2,FALSE,FALSE,22,9,28,30,FALSE,FALSE,FALSE,TRUE,FALSE,public,8,7,0,FALSE
161,\src\com\fsck\k9\mail\store\LockableDatabase.StorageListener.java,StorageListener,38,0,2,0,0,FALSE,FALSE,2,TRUE,FALSE,4,2,2,1,FALSE,FALSE,TRUE,TRUE,FALSE,private,2,0,0,FALSE
162,\src\com\fsck\k9\mail\store\LockableDatabase.WrappedException.java,WrappedException,10,1,0,0,0,FALSE,FALSE,2,FALSE,FALSE,0,0,0,0,TRUE,FALSE,TRUE,TRUE,FALSE,protected,0,0,0,FALSE
163,\src\com\fsck\k9\mail\store\Pop3Store.Pop3Capabilities.java,Pop3Capabilities,20,5,1,0,0,FALSE,FALSE,2,FALSE,FALSE,0,0,3,0,TRUE,FALSE,TRUE,TRUE,FALSE,default,1,0,0,FALSE
164,\src\com\fsck\k9\mail\store\LockableDatabase.java,LockableDatabase,370,9,17,1,2,TRUE,FALSE,2,FALSE,FALSE,16,10,11,37,FALSE,FALSE,FALSE,TRUE,FALSE,public,7,2,8,FALSE
165,\src\com\fsck\k9\mail\store\Pop3Store.Pop3Message.java,Pop3Message,36,0,4,2,0,FALSE,FALSE,2,FALSE,FALSE,0,5,4,0,TRUE,FALSE,TRUE,TRUE,FALSE,default,3,0,1,FALSE
166,\src\com\fsck\k9\mail\store\Pop3Store.Pop3ResponseInputStream.java,Pop3ResponseInputStream,29,3,1,0,0,FALSE,FALSE,4,FALSE,FALSE,3,0,3,3,TRUE,FALSE,TRUE,TRUE,FALSE,default,1,0,0,FALSE
167,\src\com\fsck\k9\mail\store\Pop3Store.java,Pop3Store,110,13,3,0,2,FALSE,FALSE,2,FALSE,FALSE,6,2,10,9,FALSE,FALSE,FALSE,TRUE,FALSE,public,3,0,0,FALSE
168,\src\com\fsck\k9\mail\store\StorageManager.ExternalStorageProvider.java,ExternalStorageProvider,53,3,8,0,5,FALSE,FALSE,3,TRUE,FALSE,0,9,4,3,TRUE,FALSE,TRUE,TRUE,FALSE,public,8,0,0,FALSE
169,\src\com\fsck\k9\mail\store\Pop3Store.Pop3Folder.java,Pop3Folder,671,8,36,2,12,FALSE,FALSE,2,TRUE,FALSE,63,37,17,43,FALSE,FALSE,TRUE,TRUE,FALSE,default,25,11,0,FALSE
170,\src\com\fsck\k9\mail\store\StorageManager.FixedStorageProviderBase.java,FixedStorageProviderBase,70,2,6,0,3,FALSE,FALSE,4,FALSE,FALSE,0,8,6,3,TRUE,FALSE,TRUE,TRUE,FALSE,public,6,0,0,TRUE
171,\src\com\fsck\k9\mail\store\StorageManager.HtcIncredibleStorageProvider.java,HtcIncredibleStorageProvider,28,1,4,0,2,FALSE,FALSE,4,TRUE,FALSE,0,2,4,0,TRUE,FALSE,TRUE,TRUE,FALSE,public,2,0,2,FALSE
172,\src\com\fsck\k9\mail\store\StorageManager.InternalStorageProvider.java,InternalStorageProvider,46,2,8,0,5,FALSE,FALSE,3,TRUE,FALSE,0,9,3,0,TRUE,FALSE,TRUE,TRUE,FALSE,public,8,0,0,FALSE
173,\src\com\fsck\k9\mail\store\StorageManager.SamsungGalaxySStorageProvider.java,SamsungGalaxySStorageProvider,32,1,4,0,2,FALSE,FALSE,5,TRUE,FALSE,0,2,5,1,TRUE,FALSE,TRUE,TRUE,FALSE,public,2,0,2,FALSE
174,\src\com\fsck\k9\mail\store\StorageManager.StorageListener.java,StorageListener,23,0,0,0,0,FALSE,FALSE,2,TRUE,FALSE,0,0,0,0,TRUE,TRUE,TRUE,FALSE,FALSE,public,0,0,0,FALSE
175,\src\com\fsck\k9\mail\store\StorageManager.StorageProvider.java,StorageProvider,93,0,0,0,0,FALSE,FALSE,2,TRUE,FALSE,0,0,2,0,TRUE,TRUE,TRUE,FALSE,FALSE,public,0,0,0,FALSE
176,\src\com\fsck\k9\mail\store\StorageManager.SynchronizationAid.java,SynchronizationAid,22,3,0,0,0,FALSE,FALSE,2,FALSE,FALSE,0,0,3,2,TRUE,FALSE,TRUE,TRUE,FALSE,public,0,0,0,FALSE
177,\src\com\fsck\k9\mail\store\TrustManagerFactory.SecureX509TrustManager.java,SecureX509TrustManager,54,2,4,0,2,FALSE,FALSE,4,TRUE,FALSE,3,5,7,2,TRUE,FALSE,TRUE,TRUE,FALSE,private,4,0,0,FALSE
178,\src\com\fsck\k9\mail\store\StorageManager.java,StorageManager,348,5,16,0,6,FALSE,FALSE,2,TRUE,FALSE,13,17,10,19,FALSE,FALSE,FALSE,TRUE,FALSE,public,14,0,2,FALSE
179,\src\com\fsck\k9\mail\store\TrustManagerFactory.SimpleX509TrustManager.java,SimpleX509TrustManager,15,0,3,0,1,FALSE,FALSE,4,TRUE,FALSE,0,4,3,0,TRUE,FALSE,TRUE,TRUE,FALSE,private,3,0,0,FALSE
180,\src\com\fsck\k9\mail\store\UnavailableAccountException.java,UnavailableAccountException,34,1,0,0,0,FALSE,FALSE,3,FALSE,FALSE,0,0,0,0,FALSE,FALSE,FALSE,TRUE,FALSE,public,0,0,0,FALSE
181,\src\com\fsck\k9\mail\store\TrustManagerFactory.java,TrustManagerFactory,126,7,5,1,3,FALSE,FALSE,3,FALSE,FALSE,7,5,14,12,FALSE,FALSE,FALSE,TRUE,FALSE,public,5,0,0,FALSE
182,\src\com\fsck\k9\mail\store\UnavailableStorageException.java,UnavailableStorageException,19,1,0,0,0,FALSE,FALSE,3,FALSE,FALSE,0,0,1,0,FALSE,FALSE,FALSE,TRUE,FALSE,public,0,0,0,FALSE
183,\src\com\fsck\k9\mail\store\WebDavStore.ConnectionInfo.java,ConnectionInfo,16,4,0,0,0,FALSE,FALSE,2,FALSE,FALSE,0,0,3,0,TRUE,FALSE,TRUE,TRUE,FALSE,private,0,0,0,FALSE
184,\src\com\fsck\k9\mail\store\WebDavStore.DataSet.java,DataSet,155,3,8,0,6,FALSE,FALSE,2,FALSE,FALSE,8,2,10,8,FALSE,FALSE,TRUE,TRUE,FALSE,public,8,0,0,FALSE
185,\src\com\fsck\k9\mail\store\WebDavStore.HttpGeneric.java,HttpGeneric,77,1,2,1,1,FALSE,FALSE,2,FALSE,FALSE,5,1,7,2,FALSE,FALSE,TRUE,TRUE,FALSE,public,2,0,0,FALSE
186,\src\com\fsck\k9\mail\store\WebDavStore.ParsedMessageEnvelope.java,ParsedMessageEnvelope,63,5,7,2,4,FALSE,FALSE,3,FALSE,FALSE,2,4,5,0,TRUE,FALSE,TRUE,TRUE,FALSE,public,7,0,0,FALSE
187,\src\com\fsck\k9\mail\store\WebDavStore.WebDavHandler.java,WebDavHandler,47,2,6,0,1,FALSE,FALSE,3,TRUE,FALSE,1,10,7,4,FALSE,FALSE,TRUE,TRUE,FALSE,public,6,0,0,FALSE
188,\src\com\fsck\k9\mail\store\WebDavStore.WebDavHttpClient.java,WebDavHttpClient,56,0,3,0,1,FALSE,FALSE,4,FALSE,FALSE,4,4,9,3,TRUE,FALSE,TRUE,TRUE,FALSE,public,3,0,0,FALSE
189,\src\com\fsck\k9\mail\store\WebDavStore.WebDavMessage.java,WebDavMessage,98,1,8,5,1,FALSE,FALSE,3,FALSE,FALSE,5,9,7,4,FALSE,FALSE,TRUE,TRUE,FALSE,default,8,0,0,FALSE
190,\src\com\fsck\k9\mail\internet\BinaryTempFileBody.BinaryTempFileBodyInputStream.java,BinaryTempFileBodyInputStream,18,0,1,0,0,FALSE,FALSE,6,FALSE,FALSE,0,0,1,2,FALSE,FALSE,TRUE,TRUE,FALSE,default,1,0,0,FALSE
191,\src\com\fsck\k9\mail\store\WebDavStore.WebDavFolder.java,WebDavFolder,614,6,38,3,14,FALSE,FALSE,3,TRUE,FALSE,47,46,16,46,FALSE,FALSE,TRUE,TRUE,FALSE,default,28,9,1,FALSE
192,\src\com\fsck\k9\mail\internet\BinaryTempFileBody.java,BinaryTempFileBody,44,2,4,1,2,FALSE,FALSE,4,FALSE,FALSE,1,2,5,3,FALSE,FALSE,FALSE,TRUE,FALSE,public,4,0,0,FALSE
193,\src\com\fsck\k9\mail\internet\EncoderUtil.Encoding.java,Encoding,16,2,0,0,0,FALSE,FALSE,1,FALSE,FALSE,0,0,0,0,FALSE,FALSE,TRUE,FALSE,TRUE,public,0,0,0,FALSE
194,\src\com\fsck\k9\mail\internet\DecoderUtil.java,DecoderUtil,163,0,4,0,0,FALSE,FALSE,2,FALSE,FALSE,12,10,10,4,FALSE,FALSE,FALSE,TRUE,FALSE,public,1,3,0,FALSE
195,\src\com\fsck\k9\mail\internet\Iso2022JpToShiftJisInputStream.Charset.java,Charset,4,3,0,0,0,FALSE,FALSE,1,FALSE,FALSE,0,0,0,0,FALSE,FALSE,TRUE,FALSE,TRUE,private,0,0,0,FALSE
196,\src\com\fsck\k9\mail\internet\EncoderUtil.java,EncoderUtil,148,4,9,0,0,FALSE,FALSE,2,FALSE,FALSE,11,17,4,11,FALSE,FALSE,FALSE,TRUE,FALSE,public,1,8,0,FALSE
197,\src\com\fsck\k9\mail\internet\Iso2022JpToShiftJisInputStream.java,Iso2022JpToShiftJisInputStream,62,4,1,0,0,FALSE,FALSE,7,FALSE,FALSE,9,0,3,6,FALSE,FALSE,FALSE,TRUE,FALSE,default,1,0,0,FALSE
198,\src\com\fsck\k9\mail\store\WebDavStore.java,WebDavStore,880,31,31,0,17,FALSE,FALSE,3,FALSE,FALSE,61,29,36,61,FALSE,FALSE,FALSE,TRUE,FALSE,public,15,16,0,FALSE
199,\src\com\fsck\k9\mail\internet\MimeHeader.Field.java,Field,16,2,1,0,0,FALSE,FALSE,1,FALSE,FALSE,0,0,1,1,TRUE,FALSE,TRUE,TRUE,FALSE,default,1,0,0,FALSE
200,\src\com\fsck\k9\mail\internet\MimeBodyPart.java,MimeBodyPart,114,3,14,2,8,FALSE,FALSE,3,FALSE,FALSE,8,10,7,5,FALSE,FALSE,FALSE,TRUE,FALSE,public,13,0,1,FALSE
201,\src\com\fsck\k9\mail\internet\MimeHeader.java,MimeHeader,109,9,10,2,3,FALSE,FALSE,2,TRUE,FALSE,9,10,7,4,FALSE,FALSE,FALSE,TRUE,FALSE,public,10,0,0,FALSE
202,\src\com\fsck\k9\mail\internet\MimeMessage.MimeMessageBuilder.java,MimeMessageBuilder,127,1,15,0,0,FALSE,FALSE,3,TRUE,FALSE,2,9,9,19,FALSE,FALSE,TRUE,TRUE,FALSE,default,14,1,0,FALSE
203,\src\com\fsck\k9\mail\internet\MimeMultipart.java,MimeMultipart,72,4,7,2,3,FALSE,FALSE,2,FALSE,FALSE,3,3,4,6,FALSE,FALSE,FALSE,TRUE,FALSE,public,7,0,0,FALSE
204,\src\com\fsck\k9\mail\internet\MimeMessage.java,MimeMessage,368,13,37,13,17,FALSE,FALSE,2,FALSE,FALSE,25,24,11,13,FALSE,FALSE,FALSE,TRUE,FALSE,public,34,1,2,FALSE
205,\src\com\fsck\k9\mail\internet\TextBody.java,TextBody,75,6,9,4,4,FALSE,FALSE,2,FALSE,FALSE,3,5,4,1,FALSE,FALSE,FALSE,TRUE,FALSE,public,9,0,0,FALSE
206,\src\com\fsck\k9\mail\filter\CountingOutputStream.java,CountingOutputStream,19,1,2,0,1,FALSE,FALSE,3,FALSE,FALSE,0,1,2,0,FALSE,FALSE,FALSE,TRUE,FALSE,public,2,0,0,FALSE
207,\src\com\fsck\k9\mail\filter\Base64OutputStream.java,Base64OutputStream,171,3,5,0,0,FALSE,FALSE,3,FALSE,FALSE,6,5,3,3,FALSE,FALSE,FALSE,TRUE,FALSE,public,4,1,0,FALSE
208,\src\com\fsck\k9\mail\filter\EOLConvertingOutputStream.java,EOLConvertingOutputStream,34,2,2,0,0,FALSE,FALSE,6,FALSE,FALSE,3,1,3,1,FALSE,FALSE,FALSE,TRUE,FALSE,public,2,0,0,FALSE
209,\src\com\fsck\k9\mail\filter\FixedLengthInputStream.java,FixedLengthInputStream,52,3,5,0,0,FALSE,FALSE,4,FALSE,FALSE,3,4,2,2,FALSE,FALSE,FALSE,TRUE,FALSE,public,5,0,0,FALSE
210,\src\com\fsck\k9\mail\filter\Base64.java,Base64,693,18,23,1,0,FALSE,FALSE,1,FALSE,FALSE,39,29,6,7,FALSE,FALSE,FALSE,TRUE,FALSE,public,12,3,0,FALSE
211,\src\com\fsck\k9\mail\filter\LineWrapOutputStream.java,LineWrapOutputStream,73,5,2,0,0,FALSE,FALSE,4,FALSE,FALSE,7,1,3,1,FALSE,FALSE,FALSE,TRUE,FALSE,public,2,0,0,FALSE
212,\src\com\fsck\k9\mail\filter\PeekableInputStream.java,PeekableInputStream,56,3,5,0,0,FALSE,FALSE,3,FALSE,FALSE,4,4,2,2,FALSE,FALSE,FALSE,TRUE,FALSE,public,5,0,0,FALSE
213,\src\com\fsck\k9\mail\filter\SmtpDataStuffing.java,SmtpDataStuffing,28,4,1,0,0,FALSE,FALSE,3,FALSE,FALSE,1,1,3,0,FALSE,FALSE,FALSE,TRUE,FALSE,public,1,0,0,FALSE
214,\src\com\fsck\k9\mail\filter\StatusOutputStream.java,StatusOutputStream,23,1,1,0,0,FALSE,FALSE,3,FALSE,FALSE,2,1,6,0,FALSE,FALSE,FALSE,TRUE,FALSE,public,1,0,0,FALSE
215,\src\com\fsck\k9\mail\internet\MimeUtility.java,MimeUtility,2282,3,31,1,12,FALSE,FALSE,2,FALSE,FALSE,52,45,12,45,FALSE,FALSE,FALSE,TRUE,FALSE,public,21,8,0,FALSE
216,\src\com\fsck\k9\helper\AutoSyncHelper.java,AutoSyncHelper,102,3,3,0,1,FALSE,FALSE,3,TRUE,FALSE,5,0,3,2,FALSE,FALSE,FALSE,TRUE,FALSE,public,2,1,0,FALSE
217,\src\com\fsck\k9\helper\AutoSyncSdk3.java,AutoSyncSdk3,35,2,2,0,1,FALSE,FALSE,3,FALSE,FALSE,0,1,5,2,FALSE,FALSE,FALSE,TRUE,FALSE,public,2,0,0,FALSE
218,\src\com\fsck\k9\helper\AutoSyncSdk4.java,AutoSyncSdk4,35,2,2,0,1,FALSE,FALSE,3,FALSE,FALSE,0,1,5,1,FALSE,FALSE,FALSE,TRUE,FALSE,public,2,0,0,FALSE
219,\src\com\fsck\k9\helper\AutoSyncSdk5.java,AutoSyncSdk5,15,0,2,0,1,FALSE,FALSE,3,FALSE,FALSE,0,1,2,1,FALSE,FALSE,FALSE,TRUE,FALSE,public,2,0,0,FALSE
220,\src\com\fsck\k9\helper\Contacts.java,Contacts,151,3,1,0,1,FALSE,FALSE,1,FALSE,FALSE,2,1,9,1,FALSE,FALSE,FALSE,TRUE,FALSE,public,1,0,0,TRUE
221,\src\com\fsck\k9\helper\ContactsSdk3_4.java,4,209,5,9,0,5,FALSE,FALSE,1,FALSE,FALSE,12,8,6,17,FALSE,FALSE,FALSE,TRUE,FALSE,public,8,1,0,FALSE
222,\src\com\fsck\k9\helper\ContactsSdk5.java,ContactsSdk5,179,5,9,0,5,FALSE,FALSE,2,FALSE,FALSE,10,8,11,15,FALSE,FALSE,FALSE,TRUE,FALSE,public,8,1,0,FALSE
223,\src\com\fsck\k9\helper\ContactsSdk5p.java,ContactsSdk5p,97,0,1,0,0,FALSE,FALSE,2,FALSE,FALSE,4,1,6,7,FALSE,FALSE,FALSE,TRUE,FALSE,public,1,0,0,FALSE
224,\src\com\fsck\k9\helper\DateFormatter.java,DateFormatter,70,7,7,1,5,FALSE,FALSE,2,TRUE,FALSE,3,9,9,5,FALSE,FALSE,FALSE,TRUE,FALSE,public,7,0,0,FALSE
225,\src\com\fsck\k9\helper\HtmlConverter.HtmlToTextTagHandler.java,HtmlToTextTagHandler,75,3,3,0,1,FALSE,FALSE,5,TRUE,FALSE,4,7,5,7,TRUE,FALSE,TRUE,TRUE,FALSE,private,1,2,0,FALSE
226,\src\com\fsck\k9\helper\DomainNameChecker.java,DomainNameChecker,260,3,6,0,0,FALSE,FALSE,3,TRUE,FALSE,33,11,12,24,FALSE,FALSE,FALSE,TRUE,FALSE,public,1,5,0,FALSE
227,\src\com\fsck\k9\helper\IAutoSync.java,IAutoSync,23,0,0,0,0,FALSE,FALSE,3,FALSE,FALSE,0,0,1,0,FALSE,TRUE,FALSE,FALSE,FALSE,public,0,0,0,FALSE
228,\src\com\fsck\k9\helper\MediaScannerNotifier.java,MediaScannerNotifier,32,3,2,0,0,FALSE,FALSE,3,TRUE,FALSE,1,2,6,3,FALSE,FALSE,FALSE,TRUE,FALSE,public,2,0,0,FALSE
229,\src\com\fsck\k9\helper\HtmlConverter.java,HtmlConverter,1013,6,9,0,1,FALSE,FALSE,2,TRUE,FALSE,10,8,6,20,FALSE,FALSE,FALSE,TRUE,FALSE,public,4,5,0,FALSE
230,\src\com\fsck\k9\helper\MessageHelper.java,MessageHelper,80,4,3,0,1,FALSE,FALSE,2,TRUE,FALSE,5,6,17,10,FALSE,FALSE,FALSE,TRUE,FALSE,public,3,0,0,FALSE
231,\src\com\fsck\k9\helper\Regex.java,Regex,211,9,2,0,0,FALSE,FALSE,1,FALSE,FALSE,2,2,2,5,FALSE,FALSE,FALSE,TRUE,FALSE,public,2,0,0,FALSE
232,\src\com\fsck\k9\helper\SizeFormatter.java,SizeFormatter,21,0,1,0,0,FALSE,FALSE,2,TRUE,FALSE,3,2,2,0,FALSE,FALSE,FALSE,TRUE,FALSE,public,1,0,0,FALSE
233,\src\com\fsck\k9\helper\power\TracingPowerManager.TracingWakeLock.java,TracingWakeLock,101,6,6,1,0,FALSE,FALSE,3,FALSE,FALSE,13,2,4,9,FALSE,FALSE,TRUE,TRUE,FALSE,public,4,2,0,FALSE
234,\src\com\fsck\k9\helper\power\TracingPowerManager.java,TracingPowerManager,32,5,2,0,1,FALSE,FALSE,3,TRUE,FALSE,3,3,6,0,FALSE,FALSE,FALSE,TRUE,FALSE,public,2,0,0,FALSE
235,\src\com\fsck\k9\crypto\Apg.Intent.java,Intent,14,8,0,0,0,FALSE,FALSE,1,FALSE,FALSE,0,0,0,0,TRUE,FALSE,TRUE,TRUE,FALSE,public,0,0,0,FALSE
236,\src\com\fsck\k9\helper\Utility.java,Utility,556,6,21,1,0,FALSE,FALSE,1,FALSE,FALSE,50,33,16,66,FALSE,FALSE,FALSE,TRUE,FALSE,public,21,0,0,FALSE
237,\src\com\fsck\k9\crypto\CryptoProvider.java,CryptoProvider,32,1,1,0,0,FALSE,FALSE,2,TRUE,FALSE,1,1,4,2,FALSE,FALSE,FALSE,TRUE,FALSE,public,1,0,0,TRUE
238,\src\com\fsck\k9\crypto\None.java,None,64,2,13,0,3,FALSE,FALSE,1,FALSE,FALSE,0,24,3,0,FALSE,FALSE,FALSE,TRUE,FALSE,public,13,0,0,FALSE
239,\src\com\fsck\k9\crypto\Apg.java,Apg,427,32,13,0,3,FALSE,FALSE,1,FALSE,FALSE,27,24,19,46,FALSE,FALSE,FALSE,TRUE,FALSE,public,13,0,0,FALSE
240,\src\com\fsck\k9\crypto\PgpData.java,PgpData,60,8,16,7,7,FALSE,FALSE,2,FALSE,FALSE,0,7,1,0,FALSE,FALSE,FALSE,TRUE,FALSE,public,16,0,0,FALSE
241,\src\com\fsck\k9\controller\MessageDateComparator.java,MessageDateComparator,17,0,1,0,0,FALSE,FALSE,3,TRUE,FALSE,1,2,2,3,FALSE,FALSE,FALSE,TRUE,FALSE,public,1,0,0,FALSE
242,\src\com\fsck\k9\controller\MessageRemovalListener.java,MessageRemovalListener,5,0,0,0,0,FALSE,FALSE,3,TRUE,FALSE,0,0,1,0,FALSE,TRUE,FALSE,FALSE,FALSE,public,0,0,0,FALSE
243,\src\com\fsck\k9\controller\MessageRetrievalListener.java,MessageRetrievalListener,12,0,0,0,0,FALSE,FALSE,3,TRUE,FALSE,0,0,1,0,FALSE,TRUE,FALSE,FALSE,FALSE,public,0,0,0,FALSE
244,\src\com\fsck\k9\controller\MessagingController.Command.java,Command,31,5,1,0,0,FALSE,FALSE,1,FALSE,FALSE,1,1,1,1,TRUE,FALSE,TRUE,TRUE,FALSE,default,1,0,0,FALSE
245,\src\com\fsck\k9\controller\MessagingController.MemorizingState.java,MemorizingState,15,3,0,0,0,FALSE,FALSE,2,FALSE,FALSE,0,0,1,0,FALSE,FALSE,TRUE,FALSE,TRUE,default,0,0,0,FALSE
246,\src\com\fsck\k9\controller\MessagingController.Memory.java,Memory,36,12,1,0,1,FALSE,FALSE,1,FALSE,FALSE,0,0,2,0,TRUE,FALSE,TRUE,TRUE,FALSE,default,0,0,0,FALSE
247,\src\com\fsck\k9\controller\MessagingController.MemorizingListener.java,MemorizingListener,177,1,14,1,1,FALSE,FALSE,2,TRUE,FALSE,15,28,2,2,TRUE,FALSE,TRUE,TRUE,FALSE,default,12,0,0,FALSE
248,\src\com\fsck\k9\controller\MessagingController.MessageActor.java,MessageActor,20,0,0,0,0,FALSE,FALSE,2,TRUE,FALSE,0,0,4,0,FALSE,TRUE,TRUE,FALSE,FALSE,default,0,0,0,FALSE
249,\src\com\fsck\k9\controller\MessagingController.SORT_TYPE.java,TYPE,41,9,2,0,1,FALSE,FALSE,4,FALSE,FALSE,1,1,2,0,FALSE,FALSE,FALSE,FALSE,TRUE,public,2,0,0,FALSE
250,\src\com\fsck\k9\controller\MessagingControllerPushReceiver.java,MessagingControllerPushReceiver,99,3,9,1,2,FALSE,FALSE,4,TRUE,FALSE,5,14,15,13,FALSE,FALSE,FALSE,TRUE,FALSE,public,9,0,0,FALSE
251,\src\com\fsck\k9\controller\MessagingListener.java,MessagingListener,142,0,50,1,0,FALSE,FALSE,2,TRUE,FALSE,0,129,8,0,FALSE,FALSE,FALSE,TRUE,FALSE,public,50,0,0,FALSE
252,\src\com\fsck\k9\activity\AccessibleEmailContentActivity.java,AccessibleEmailContentActivity,66,1,2,0,0,FALSE,FALSE,4,FALSE,FALSE,4,3,6,7,FALSE,FALSE,FALSE,TRUE,FALSE,public,1,1,0,FALSE
253,\src\com\fsck\k9\activity\Accounts.AccountClickListener.java,AccountClickListener,55,2,1,0,0,FALSE,FALSE,3,TRUE,FALSE,1,1,7,5,FALSE,FALSE,TRUE,TRUE,FALSE,private,1,0,0,FALSE
254,\src\com\fsck\k9\activity\Accounts.AccountsAdapter.java,AccountsAdapter,125,0,1,0,1,FALSE,FALSE,2,TRUE,FALSE,10,3,18,23,FALSE,FALSE,TRUE,TRUE,FALSE,default,1,0,0,FALSE
255,\src\com\fsck\k9\activity\Accounts.AccountsHandler.java,AccountsHandler,71,0,7,1,0,FALSE,FALSE,2,TRUE,FALSE,3,7,8,12,FALSE,FALSE,TRUE,TRUE,FALSE,default,6,1,0,FALSE
256,\src\com\fsck\k9\activity\Accounts.ExportAsyncTask.java,ExportAsyncTask,50,4,3,0,0,FALSE,FALSE,3,FALSE,FALSE,1,2,8,1,FALSE,FALSE,TRUE,TRUE,FALSE,private,0,0,3,FALSE
257,\src\com\fsck\k9\activity\Accounts.ImportAsyncTask.java,ImportAsyncTask,60,6,3,0,0,FALSE,FALSE,3,FALSE,FALSE,1,2,10,2,FALSE,FALSE,TRUE,TRUE,FALSE,private,0,0,3,FALSE
258,\src\com\fsck\k9\activity\Accounts.ListImportContentsAsyncTask.java,ListImportContentsAsyncTask,119,3,3,0,0,FALSE,FALSE,5,FALSE,FALSE,3,2,22,12,FALSE,FALSE,TRUE,TRUE,FALSE,private,0,0,3,FALSE
259,\src\com\fsck\k9\activity\ActivityListener.java,ActivityListener,173,9,21,0,2,FALSE,FALSE,2,TRUE,FALSE,5,40,8,6,FALSE,FALSE,FALSE,TRUE,FALSE,public,21,0,0,FALSE
260,\src\com\fsck\k9\activity\ChooseAccount.IdentitiesAdapter.java,IdentitiesAdapter,113,2,11,0,9,FALSE,FALSE,2,TRUE,FALSE,3,18,12,17,TRUE,FALSE,TRUE,TRUE,FALSE,public,10,1,0,FALSE
261,\src\com\fsck\k9\activity\ChooseAccount.java,ChooseAccount,99,2,2,0,0,FALSE,FALSE,2,FALSE,FALSE,5,1,13,10,FALSE,FALSE,FALSE,TRUE,FALSE,public,0,1,1,FALSE
262,\src\com\fsck\k9\activity\ChooseFolder.ChooseFolderHandler.java,ChooseFolderHandler,43,3,4,1,0,FALSE,FALSE,3,TRUE,FALSE,1,3,2,3,FALSE,FALSE,TRUE,TRUE,FALSE,default,4,0,0,FALSE
263,\src\com\fsck\k9\activity\Accounts.java,Accounts,726,22,42,1,1,FALSE,FALSE,1,FALSE,FALSE,38,45,48,86,FALSE,FALSE,FALSE,TRUE,FALSE,public,18,23,1,FALSE
264,\src\com\fsck\k9\activity\ChooseIdentity.java,ChooseIdentity,71,6,4,1,0,FALSE,FALSE,2,FALSE,FALSE,2,1,13,11,FALSE,FALSE,FALSE,TRUE,FALSE,public,2,0,2,FALSE
265,\src\com\fsck\k9\activity\ColorPickerDialog.OnColorChangedListener.java,OnColorChangedListener,14,0,0,0,0,FALSE,FALSE,4,TRUE,FALSE,0,0,3,0,FALSE,TRUE,TRUE,FALSE,FALSE,public,0,0,0,FALSE
266,\src\com\fsck\k9\activity\ChooseFolder.java,ChooseFolder,256,21,4,1,0,FALSE,FALSE,2,TRUE,FALSE,23,4,21,17,FALSE,FALSE,FALSE,TRUE,FALSE,public,3,1,0,FALSE
267,\src\com\fsck\k9\activity\ColorPickerDialog.java,ColorPickerDialog,148,18,4,0,0,FALSE,FALSE,3,FALSE,FALSE,12,0,8,19,FALSE,FALSE,FALSE,TRUE,FALSE,public,1,1,2,FALSE
268,\src\com\fsck\k9\activity\EditIdentity.java,EditIdentity,116,13,5,0,0,FALSE,FALSE,2,FALSE,FALSE,7,4,12,21,FALSE,FALSE,FALSE,TRUE,FALSE,public,4,1,0,FALSE
269,\src\com\fsck\k9\activity\FolderInfoHolder.java,FolderInfoHolder,101,10,6,0,0,FALSE,FALSE,3,TRUE,FALSE,10,10,7,16,FALSE,FALSE,FALSE,TRUE,FALSE,public,5,1,0,FALSE
270,\src\com\fsck\k9\activity\FolderList.FolderClickListener.java,FolderClickListener,55,4,1,0,0,FALSE,FALSE,3,TRUE,FALSE,0,1,5,2,FALSE,FALSE,TRUE,TRUE,FALSE,private,1,0,0,FALSE
271,\src\com\fsck\k9\activity\FolderList.FolderListHandler.java,FolderListHandler,74,0,7,0,0,FALSE,FALSE,3,TRUE,FALSE,1,7,7,10,FALSE,FALSE,TRUE,TRUE,FALSE,default,7,0,0,FALSE
272,\src\com\fsck\k9\activity\FolderList.FolderViewHolder.java,FolderViewHolder,18,8,0,0,0,FALSE,FALSE,3,TRUE,FALSE,0,0,3,0,TRUE,FALSE,TRUE,TRUE,FALSE,default,0,0,0,FALSE
273,\src\com\fsck\k9\activity\FolderList.FolderListAdapter.java,FolderListAdapter,360,2,12,0,8,FALSE,FALSE,3,TRUE,FALSE,39,13,17,34,FALSE,FALSE,TRUE,TRUE,FALSE,default,12,0,0,FALSE
274,\src\com\fsck\k9\activity\FolderListFilter.java,FolderListFilter,104,2,3,0,0,FALSE,FALSE,3,TRUE,FALSE,5,3,6,8,FALSE,FALSE,FALSE,TRUE,FALSE,public,1,0,2,FALSE
275,\src\com\fsck\k9\activity\ImportListener.java,ImportListener,7,0,0,0,0,FALSE,FALSE,2,TRUE,FALSE,0,0,0,0,FALSE,TRUE,FALSE,FALSE,FALSE,public,0,0,0,FALSE
276,\src\com\fsck\k9\activity\InsertableHtmlContent.InsertionLocation.java,InsertionLocation,14,2,0,0,0,FALSE,FALSE,2,FALSE,FALSE,0,0,0,0,FALSE,FALSE,TRUE,FALSE,TRUE,public,0,0,0,FALSE
277,\src\com\fsck\k9\activity\FolderList.java,FolderList,515,16,37,1,0,FALSE,FALSE,2,FALSE,FALSE,24,47,29,49,FALSE,FALSE,FALSE,TRUE,FALSE,public,18,19,0,FALSE
278,\src\com\fsck\k9\activity\InsertableHtmlContent.java,InsertableHtmlContent,135,6,12,5,2,FALSE,FALSE,3,FALSE,FALSE,1,7,1,5,FALSE,FALSE,FALSE,TRUE,FALSE,default,12,0,0,FALSE
279,\src\com\fsck\k9\activity\K9Activity.MyGestureDetector.java,MyGestureDetector,46,3,2,0,0,FALSE,FALSE,3,TRUE,FALSE,5,5,4,8,FALSE,FALSE,TRUE,TRUE,FALSE,default,2,0,0,FALSE
280,\src\com\fsck\k9\activity\K9Activity.java,K9Activity,89,4,13,2,2,FALSE,FALSE,2,FALSE,FALSE,2,8,13,10,FALSE,FALSE,FALSE,TRUE,FALSE,public,7,2,4,FALSE
281,\src\com\fsck\k9\activity\K9ExpandableListActivity.java,K9ExpandableListActivity,14,0,1,0,0,FALSE,FALSE,4,FALSE,FALSE,0,1,3,1,FALSE,FALSE,FALSE,TRUE,FALSE,public,0,0,1,FALSE
282,\src\com\fsck\k9\controller\MessagingController.java,MessagingController,3700,29,119,8,11,FALSE,FALSE,2,TRUE,TRUE,344,330,61,528,FALSE,FALSE,FALSE,TRUE,FALSE,public,65,53,0,FALSE
283,\src\com\fsck\k9\activity\K9ListActivity.java,K9ListActivity,80,2,7,1,2,FALSE,FALSE,3,FALSE,FALSE,10,5,8,15,FALSE,FALSE,FALSE,TRUE,FALSE,public,6,1,0,FALSE
284,\src\com\fsck\k9\activity\K9PreferenceActivity.PreferenceChangeListener.java,PreferenceChangeListener,20,1,1,0,0,FALSE,FALSE,3,TRUE,FALSE,0,2,2,2,TRUE,FALSE,TRUE,TRUE,FALSE,private,1,0,0,FALSE
285,\src\com\fsck\k9\activity\K9PreferenceActivity.java,K9PreferenceActivity,57,0,3,1,0,FALSE,FALSE,3,FALSE,FALSE,0,7,4,4,FALSE,FALSE,FALSE,TRUE,FALSE,public,1,0,2,FALSE
286,\src\com\fsck\k9\activity\LauncherShortcuts.AccountsAdapter.java,AccountsAdapter,53,0,1,0,1,FALSE,FALSE,2,TRUE,FALSE,4,3,7,10,FALSE,FALSE,TRUE,TRUE,FALSE,default,1,0,0,FALSE
287,\src\com\fsck\k9\activity\LauncherShortcuts.java,LauncherShortcuts,54,2,4,1,0,FALSE,FALSE,2,FALSE,FALSE,2,6,12,6,FALSE,FALSE,FALSE,TRUE,FALSE,public,2,2,0,FALSE
288,\src\com\fsck\k9\activity\MessageCompose.Attachment.java,Attachment,13,5,0,0,0,FALSE,FALSE,1,FALSE,FALSE,0,0,5,0,TRUE,FALSE,TRUE,TRUE,FALSE,default,0,0,0,FALSE
289,\src\com\fsck\k9\activity\ManageIdentities.java,ManageIdentities,120,3,9,1,0,FALSE,FALSE,2,FALSE,FALSE,7,9,10,12,FALSE,FALSE,FALSE,TRUE,FALSE,public,6,2,1,FALSE
290,\src\com\fsck\k9\activity\MessageCompose.IdentityField.java,IdentityField,29,8,2,0,1,FALSE,FALSE,2,FALSE,FALSE,0,0,3,0,FALSE,FALSE,TRUE,FALSE,TRUE,private,2,0,0,FALSE
291,\src\com\fsck\k9\activity\MessageCompose.Listener.java,Listener,84,0,5,0,0,FALSE,FALSE,1,TRUE,FALSE,10,19,8,3,FALSE,FALSE,TRUE,TRUE,FALSE,default,5,0,0,FALSE
292,\src\com\fsck\k9\activity\MessageCompose.SaveMessageTask.java,SaveMessageTask,47,0,1,0,0,FALSE,FALSE,3,FALSE,FALSE,3,1,9,3,FALSE,FALSE,TRUE,TRUE,FALSE,private,0,0,1,FALSE
293,\src\com\fsck\k9\activity\MessageCompose.SendMessageTask.java,SendMessageTask,40,0,1,0,0,FALSE,FALSE,3,FALSE,FALSE,1,1,10,2,FALSE,FALSE,TRUE,TRUE,FALSE,private,0,0,1,FALSE
294,\src\com\fsck\k9\activity\MessageInfoHolder.java,MessageInfoHolder,47,19,3,0,1,FALSE,FALSE,3,TRUE,FALSE,2,2,3,2,FALSE,FALSE,FALSE,TRUE,FALSE,public,3,0,0,FALSE
295,\src\com\fsck\k9\activity\MessageList.AttachmentComparator.java,AttachmentComparator,13,0,1,0,0,FALSE,FALSE,2,TRUE,FALSE,0,2,1,1,TRUE,FALSE,TRUE,TRUE,FALSE,public,1,0,0,FALSE
296,\src\com\fsck\k9\activity\MessageList.ComparatorChain.java,ComparatorChain,29,1,1,0,0,FALSE,FALSE,2,FALSE,FALSE,1,2,2,0,TRUE,FALSE,TRUE,TRUE,FALSE,public,1,0,0,FALSE
297,\src\com\fsck\k9\activity\MessageList.DateComparator.java,DateComparator,13,0,1,0,0,FALSE,FALSE,2,TRUE,FALSE,0,2,1,0,TRUE,FALSE,TRUE,TRUE,FALSE,public,1,0,0,FALSE
298,\src\com\fsck\k9\activity\MessageList.FlaggedComparator.java,FlaggedComparator,13,0,1,0,0,FALSE,FALSE,2,TRUE,FALSE,0,2,1,0,TRUE,FALSE,TRUE,TRUE,FALSE,public,1,0,0,FALSE
299,\src\com\fsck\k9\activity\MessageList.FooterViewHolder.java,FooterViewHolder,12,2,0,0,0,FALSE,FALSE,3,TRUE,FALSE,0,0,2,0,TRUE,FALSE,TRUE,TRUE,FALSE,default,0,0,0,FALSE
300,\src\com\fsck\k9\activity\MessageList.MessageViewHolder.java,MessageViewHolder,47,9,1,0,0,FALSE,FALSE,3,TRUE,FALSE,5,2,5,0,FALSE,FALSE,TRUE,TRUE,FALSE,default,1,0,0,FALSE
301,\src\com\fsck\k9\activity\MessageList.MessageListHandler.java,MessageListHandler,180,0,12,2,1,FALSE,FALSE,3,TRUE,FALSE,17,5,8,11,FALSE,FALSE,TRUE,TRUE,FALSE,default,4,7,1,FALSE
302,\src\com\fsck\k9\activity\MessageList.MyGestureDetector.java,MyGestureDetector,34,0,1,0,0,FALSE,FALSE,3,TRUE,FALSE,4,4,3,4,FALSE,FALSE,TRUE,TRUE,FALSE,default,1,0,0,FALSE
303,\src\com\fsck\k9\activity\MessageList.ReverseComparator.java,ReverseComparator,22,1,1,0,0,FALSE,FALSE,2,TRUE,FALSE,0,2,1,0,TRUE,FALSE,TRUE,TRUE,FALSE,public,1,0,0,FALSE
304,\src\com\fsck\k9\activity\MessageList.SenderComparator.java,SenderComparator,13,0,1,0,0,FALSE,FALSE,2,TRUE,FALSE,0,2,1,1,TRUE,FALSE,TRUE,TRUE,FALSE,public,1,0,0,FALSE
305,\src\com\fsck\k9\activity\MessageList.MessageListAdapter.java,MessageListAdapter,505,5,19,0,8,FALSE,FALSE,3,TRUE,FALSE,46,28,28,53,FALSE,FALSE,TRUE,TRUE,FALSE,default,14,5,0,FALSE
306,\src\com\fsck\k9\activity\MessageList.StorageListenerImplementation.java,StorageListenerImplementation,24,0,2,0,0,FALSE,FALSE,3,FALSE,FALSE,1,2,1,1,FALSE,FALSE,TRUE,TRUE,FALSE,private,2,0,0,FALSE
307,\src\com\fsck\k9\activity\MessageList.SubjectComparator.java,SubjectComparator,21,0,1,0,0,FALSE,FALSE,2,TRUE,FALSE,2,2,2,2,TRUE,FALSE,TRUE,TRUE,FALSE,public,1,0,0,FALSE
308,\src\com\fsck\k9\activity\MessageList.UnreadComparator.java,UnreadComparator,13,0,1,0,0,FALSE,FALSE,2,TRUE,FALSE,0,2,1,0,TRUE,FALSE,TRUE,TRUE,FALSE,public,1,0,0,FALSE
309,\src\com\fsck\k9\activity\MessageCompose.java,MessageCompose,2125,83,59,1,2,FALSE,FALSE,2,FALSE,FALSE,216,62,62,256,FALSE,FALSE,FALSE,TRUE,FALSE,public,17,39,3,FALSE
310,\src\com\fsck\k9\activity\MessageReference.java,MessageReference,135,7,6,0,0,FALSE,FALSE,2,FALSE,FALSE,9,3,8,18,FALSE,FALSE,FALSE,TRUE,FALSE,public,6,0,0,FALSE
311,\src\com\fsck\k9\activity\MessageView.Listener.java,Listener,137,0,8,0,0,FALSE,FALSE,1,TRUE,FALSE,13,33,8,18,FALSE,FALSE,TRUE,TRUE,FALSE,default,8,0,0,FALSE
312,\src\com\fsck\k9\activity\MessageView.MessageViewHandler.java,MessageViewHandler,47,0,7,1,0,FALSE,FALSE,3,TRUE,FALSE,0,6,6,1,FALSE,FALSE,TRUE,TRUE,FALSE,default,6,1,0,FALSE
313,\src\com\fsck\k9\activity\MessageView.StorageListenerImplementation.java,StorageListenerImplementation,23,0,2,0,0,FALSE,FALSE,3,FALSE,FALSE,1,2,6,1,FALSE,FALSE,TRUE,TRUE,FALSE,private,2,0,0,FALSE
314,\src\com\fsck\k9\activity\PasswordEntryDialog.PasswordEntryListener.java,PasswordEntryListener,5,0,0,0,0,FALSE,FALSE,3,TRUE,FALSE,0,0,0,0,FALSE,TRUE,TRUE,FALSE,FALSE,public,0,0,0,FALSE
315,\src\com\fsck\k9\activity\PasswordEntryDialog.java,PasswordEntryDialog,61,3,1,0,0,FALSE,FALSE,3,FALSE,FALSE,2,0,11,9,FALSE,FALSE,FALSE,TRUE,FALSE,public,1,0,0,FALSE
316,\src\com\fsck\k9\activity\ProgressListener.java,ProgressListener,31,0,0,0,0,FALSE,FALSE,2,TRUE,FALSE,0,0,1,0,FALSE,TRUE,FALSE,FALSE,FALSE,public,0,0,0,FALSE
317,\src\com\fsck\k9\activity\Search.java,Search,4,0,0,0,0,FALSE,FALSE,1,FALSE,FALSE,0,0,1,0,FALSE,FALSE,FALSE,TRUE,FALSE,public,0,0,0,FALSE
318,\src\com\fsck\k9\activity\SearchModifier.java,SearchModifier,17,5,0,0,0,FALSE,FALSE,2,TRUE,FALSE,0,0,2,0,FALSE,FALSE,FALSE,FALSE,TRUE,default,0,0,0,FALSE
319,\src\com\fsck\k9\activity\MessageList.java,MessageList,1505,56,77,3,1,FALSE,FALSE,2,FALSE,FALSE,130,81,52,131,FALSE,FALSE,FALSE,TRUE,FALSE,public,28,47,2,FALSE
320,\src\com\fsck\k9\activity\setup\AccountSettings.PopulateFolderPrefsTask.java,PopulateFolderPrefsTask,72,3,3,0,0,FALSE,FALSE,4,FALSE,FALSE,1,2,8,16,FALSE,FALSE,TRUE,TRUE,FALSE,private,0,0,3,FALSE
321,\src\com\fsck\k9\activity\MessageView.java,MessageView,850,29,50,3,0,FALSE,FALSE,2,FALSE,FALSE,74,34,23,80,FALSE,FALSE,FALSE,TRUE,FALSE,public,14,27,9,FALSE
322,\src\com\fsck\k9\activity\setup\AccountSetupAccountType.java,AccountSetupAccountType,95,4,7,0,0,FALSE,FALSE,4,FALSE,FALSE,1,6,14,14,FALSE,FALSE,FALSE,TRUE,FALSE,public,3,4,0,FALSE
323,\src\com\fsck\k9\activity\setup\AccountSetupBasics.Provider.java,Provider,23,9,0,0,0,FALSE,FALSE,1,TRUE,FALSE,0,0,3,0,TRUE,FALSE,TRUE,TRUE,FALSE,default,0,0,0,FALSE
324,\src\com\fsck\k9\activity\setup\AccountSetupCheckSettings.java,AccountSetupCheckSettings,270,12,9,1,0,FALSE,FALSE,4,FALSE,FALSE,20,14,24,34,FALSE,FALSE,FALSE,TRUE,FALSE,public,5,4,0,FALSE
325,\src\com\fsck\k9\activity\setup\AccountSetupComposition.java,AccountSetupComposition,116,10,7,0,0,FALSE,FALSE,3,FALSE,FALSE,5,9,14,19,FALSE,FALSE,FALSE,TRUE,FALSE,public,6,1,0,FALSE
326,\src\com\fsck\k9\activity\setup\AccountSettings.java,AccountSettings,729,107,17,0,0,FALSE,FALSE,2,FALSE,FALSE,17,11,25,215,FALSE,FALSE,FALSE,TRUE,FALSE,public,8,9,0,FALSE
327,\src\com\fsck\k9\activity\setup\AccountSetupBasics.java,AccountSetupBasics,347,12,19,0,3,FALSE,FALSE,3,FALSE,FALSE,18,21,23,39,FALSE,FALSE,FALSE,TRUE,FALSE,public,10,8,1,FALSE
328,\src\com\fsck\k9\activity\setup\AccountSetupNames.java,AccountSetupNames,81,5,5,0,0,FALSE,FALSE,3,FALSE,FALSE,4,4,14,8,FALSE,FALSE,FALSE,TRUE,FALSE,public,3,1,1,FALSE
329,\src\com\fsck\k9\activity\setup\AccountSetupOptions.java,AccountSetupOptions,133,8,4,0,0,FALSE,FALSE,3,FALSE,FALSE,4,5,12,15,FALSE,FALSE,FALSE,TRUE,FALSE,public,3,1,0,FALSE
330,\src\com\fsck\k9\activity\setup\AccountSetupIncoming.java,AccountSetupIncoming,395,28,10,0,0,FALSE,FALSE,3,FALSE,FALSE,24,12,18,54,FALSE,FALSE,FALSE,TRUE,FALSE,public,6,3,1,FALSE
331,\src\com\fsck\k9\activity\setup\AccountSetupOutgoing.java,AccountSetupOutgoing,286,16,11,0,0,FALSE,FALSE,3,FALSE,FALSE,16,14,20,31,FALSE,FALSE,FALSE,TRUE,FALSE,public,7,3,1,FALSE
332,\src\com\fsck\k9\activity\setup\FolderSettings.java,FolderSettings,139,14,5,0,0,FALSE,FALSE,2,FALSE,FALSE,2,6,17,33,FALSE,FALSE,FALSE,TRUE,FALSE,public,4,1,0,FALSE
333,\src\com\fsck\k9\activity\setup\FontSizeSettings.java,FontSizeSettings,150,32,4,0,0,FALSE,FALSE,3,FALSE,FALSE,1,4,9,37,FALSE,FALSE,FALSE,TRUE,FALSE,public,3,1,0,FALSE
334,\src\com\fsck\k9\activity\setup\SpinnerHelper.EntryValue.java,EntryValue,22,2,3,0,2,FALSE,FALSE,2,FALSE,FALSE,0,0,0,0,TRUE,FALSE,TRUE,TRUE,FALSE,private,3,0,0,FALSE
335,\src\com\fsck\k9\activity\setup\SpinnerHelper.java,SpinnerHelper,47,0,4,0,2,FALSE,FALSE,2,TRUE,FALSE,4,12,3,6,FALSE,FALSE,FALSE,TRUE,FALSE,public,4,0,0,FALSE
336,\src\com\fsck\k9\activity\setup\SpinnerOption.java,SpinnerOption,26,2,2,1,0,FALSE,FALSE,2,FALSE,FALSE,1,2,1,1,FALSE,FALSE,FALSE,TRUE,FALSE,public,2,0,0,FALSE
337,\src\com\fsck\k9\activity\setup\Prefs.java,Prefs,300,64,6,0,0,FALSE,FALSE,1,FALSE,FALSE,8,4,24,78,FALSE,FALSE,FALSE,TRUE,FALSE,public,3,3,0,FALSE
