index,fullpathname,classname,loc,numAttr,numMethod,setters,getters,isPersist,isCollection,numWordName,isOrEr,isController,numIfs,numParameters,numImports,numOutboundInvocation,isStaticClass,isInterface,isInnerClass,isClass,isEnum,classPublicity,numPublicMethods,numPrivateMethods,numProtectedMethods,isAbstract
0,\tests\src\com\fsck\k9\helper\Utility_quoteAtoms.java,quoteAtoms,53,0,4,0,0,false,false,2,false,false,0,2,1,0,false,false,false,true,false,public,2,2,0,false
1,\tests\src\com\fsck\k9\activity\AccountsTest.java,AccountsTest,18,0,0,0,0,false,false,2,false,false,0,0,2,0,false,false,false,true,false,public,0,0,0,false
2,\tests\src\com\fsck\k9\activity\MessageReferenceTest.java,MessageReferenceTest,79,0,7,0,0,false,false,3,false,false,0,0,3,2,false,false,false,true,false,public,7,0,0,false
3,\src\com\fsck\k9\Account.FolderMode.java,FolderMode,8,5,0,0,0,false,false,2,false,false,0,0,0,0,false,false,true,false,true,public,0,0,0,false
4,\src\com\fsck\k9\Account.MessageFormat.java,MessageFormat,8,2,0,0,0,false,false,2,false,false,0,0,0,0,false,false,true,false,true,public,0,0,0,false
5,\src\com\fsck\k9\Account.QuoteStyle.java,QuoteStyle,8,2,0,0,0,false,false,2,false,false,0,0,0,0,false,false,true,false,true,public,0,0,0,false
6,\src\com\fsck\k9\Account.ScrollButtons.java,ScrollButtons,8,3,0,0,0,false,false,2,false,false,0,0,0,0,false,false,true,false,true,public,0,0,0,false
7,\src\com\fsck\k9\Account.Searchable.java,Searchable,8,3,0,0,0,false,false,1,false,false,0,0,0,0,false,false,true,false,true,public,0,0,0,false
8,\src\com\fsck\k9\Account.ShowPictures.java,ShowPictures,8,3,0,0,0,false,false,2,false,false,0,0,0,0,false,false,true,false,true,public,0,0,0,false
9,\src\com\fsck\k9\AccountStats.java,AccountStats,12,5,0,0,0,false,false,2,false,false,0,0,1,0,false,false,false,true,false,public,0,0,0,false
10,\src\com\fsck\k9\BaseAccount.java,BaseAccount,8,0,0,0,0,false,false,2,false,false,0,0,0,0,false,true,false,false,false,public,0,0,0,false
11,\src\com\fsck\k9\EmailAddressValidator.java,EmailAddressValidator,14,0,3,0,0,false,false,3,true,false,0,3,2,1,false,false,false,true,false,public,3,0,0,false
12,\src\com\fsck\k9\EmailReceivedIntent.java,EmailReceivedIntent,12,9,0,0,0,false,false,3,false,false,0,0,0,0,false,false,false,true,false,public,0,0,0,false
13,\src\com\fsck\k9\EmailAddressAdapter.java,EmailAddressAdapter,54,2,4,0,1,false,false,3,true,false,1,6,7,1,false,false,false,true,false,public,4,0,0,false
14,\src\com\fsck\k9\Identity.java,Identity,51,7,13,6,6,false,false,1,false,false,0,6,1,0,false,false,false,true,false,public,13,0,0,false
15,\src\com\fsck\k9\K9.ApplicationAware.java,ApplicationAware,11,0,0,0,0,false,false,2,false,false,0,0,0,0,true,true,true,false,false,public,0,0,0,false
16,\src\com\fsck\k9\K9.BACKGROUND_OPS.java,OPS,4,4,0,0,0,false,false,3,false,false,0,0,0,0,false,false,false,false,true,public,0,0,0,false
17,\src\com\fsck\k9\FontSizes.java,FontSizes,297,39,35,16,17,false,false,2,false,false,2,18,2,1,false,false,false,true,false,public,35,0,0,false
18,\src\com\fsck\k9\K9.Intents.java,Intents,25,0,0,0,0,false,false,1,false,false,0,0,0,0,true,false,true,true,false,public,0,0,0,false
19,\src\com\fsck\k9\NotificationSetting.java,NotificationSetting,121,7,16,7,6,false,false,2,false,false,1,9,0,0,false,false,false,true,false,public,16,0,0,false
20,\src\com\fsck\k9\Preferences.java,Preferences,151,7,12,1,6,false,false,1,false,false,14,4,12,14,false,false,false,true,false,public,11,1,0,false
21,\src\com\fsck\k9\Account.java,Account,1224,77,152,58,56,false,false,1,false,false,36,84,25,84,false,false,false,true,false,public,146,5,1,false
22,\src\com\fsck\k9\SearchAccount.java,SearchAccount,93,11,20,8,8,false,false,2,false,false,1,10,4,1,false,false,false,true,false,public,19,0,1,false
23,\src\com\fsck\k9\SearchSpecification.java,SearchSpecification,10,0,0,0,0,false,false,2,false,false,0,0,1,0,false,true,false,false,false,public,0,0,0,false
24,\src\com\fsck\k9\view\AttachmentView.AttachmentFileDownloadCallback.java,AttachmentFileDownloadCallback,13,0,0,0,0,false,false,4,false,false,0,0,0,0,false,true,true,false,false,public,0,0,0,false
25,\src\com\fsck\k9\view\AccessibleWebView.java,AccessibleWebView,82,3,7,0,1,false,false,3,false,false,2,9,9,1,false,false,false,true,false,public,5,2,0,false
26,\src\com\fsck\k9\K9.java,K9,802,79,85,38,10,false,false,1,false,false,14,45,34,30,false,false,false,true,false,public,80,3,2,false
27,\src\com\fsck\k9\view\ColorChip.java,ColorChip,23,2,1,0,0,false,false,2,false,false,0,0,3,2,false,false,false,true,false,public,1,0,0,false
28,\src\com\fsck\k9\view\MessageHeader.HeaderEntry.java,HeaderEntry,9,2,0,0,0,false,false,2,false,false,0,0,0,0,true,false,true,true,false,private,0,0,0,false
29,\src\com\fsck\k9\view\ColorPickerBox.java,ColorPickerBox,54,8,2,1,0,false,false,3,false,false,1,2,6,1,false,false,false,true,false,public,1,0,1,false
30,\src\com\fsck\k9\view\AttachmentView.java,AttachmentView,256,13,13,1,2,false,false,2,false,false,12,8,33,25,false,false,false,true,false,public,10,3,0,false
31,\src\com\fsck\k9\view\MessageCryptoView.java,MessageCryptoView,124,7,4,2,0,false,false,3,false,false,11,4,15,10,false,false,false,true,false,public,4,0,0,false
32,\src\com\fsck\k9\view\MessageWebView.java,MessageWebView,97,1,3,0,0,false,false,3,false,false,4,1,11,9,false,false,false,true,false,public,3,0,0,false
33,\src\com\fsck\k9\view\MessageHeader.java,MessageHeader,263,21,9,1,1,false,false,2,true,false,10,5,31,31,false,false,false,true,false,public,4,5,0,false
34,\src\com\fsck\k9\view\ToggleScrollView.YScrollDetector.java,YScrollDetector,18,0,1,0,0,false,true,3,true,false,1,4,2,0,false,false,true,true,false,default,1,0,0,false
35,\src\com\fsck\k9\view\ToggleScrollView.java,ToggleScrollView,38,2,3,1,0,false,false,3,false,false,2,3,5,1,false,false,false,true,false,public,3,0,0,false
36,\src\com\fsck\k9\view\SingleMessageView.java,SingleMessageView,270,12,25,7,1,false,false,3,false,false,15,33,27,32,false,false,false,true,false,public,24,1,0,false
37,\src\com\fsck\k9\service\BootReceiver.java,BootReceiver,119,5,5,0,0,false,false,2,true,false,9,11,10,8,false,false,false,true,false,public,4,1,0,false
38,\src\com\fsck\k9\service\CoreReceiver.java,CoreReceiver,72,4,5,0,1,false,false,2,true,false,9,9,10,3,false,false,false,true,false,public,3,2,0,false
39,\src\com\fsck\k9\service\CoreService.java,CoreService,260,8,12,1,0,false,false,2,false,false,18,18,15,22,false,false,false,true,false,public,6,0,6,true
40,\src\com\fsck\k9\service\PollService.Listener.java,Listener,77,3,9,1,1,false,false,1,true,false,6,12,9,8,false,false,true,true,false,default,8,1,0,false
41,\src\com\fsck\k9\service\PollService.java,PollService,61,3,5,0,0,false,false,2,false,false,6,5,6,7,false,false,false,true,false,public,5,0,0,false
42,\src\com\fsck\k9\service\PushService.java,PushService,45,2,5,0,0,false,false,2,false,false,3,5,5,3,false,false,false,true,false,public,5,0,0,false
43,\src\com\fsck\k9\service\RemoteControlReceiver.java,RemoteControlReceiver,40,0,1,0,0,false,false,3,true,false,2,3,9,5,false,false,false,true,false,public,1,0,0,false
44,\src\com\fsck\k9\service\MailService.java,MailService,372,14,20,1,1,false,false,2,false,false,42,28,17,58,false,false,false,true,false,public,12,8,0,false
45,\src\com\fsck\k9\service\ShutdownReceiver.java,ShutdownReceiver,34,0,1,0,0,false,false,2,true,false,1,2,5,1,false,false,false,true,false,public,1,0,0,false
46,\src\com\fsck\k9\service\SleepService.SleepDatum.java,SleepDatum,9,4,0,0,0,false,false,2,false,false,0,0,2,0,true,false,true,true,false,private,0,0,0,false
47,\src\com\fsck\k9\service\RemoteControlService.java,RemoteControlService,142,4,2,1,0,false,false,3,false,false,22,5,14,17,false,false,false,true,false,public,2,0,0,false
48,\src\com\fsck\k9\service\StorageGoneReceiver.java,StorageGoneReceiver,35,0,1,0,0,false,false,3,true,false,3,2,7,5,false,false,false,true,false,public,1,0,0,false
49,\src\com\fsck\k9\service\SleepService.java,SleepService,113,4,4,0,0,false,false,2,false,false,17,8,9,13,false,false,false,true,false,public,2,2,0,false
50,\src\com\fsck\k9\service\StorageReceiver.java,StorageReceiver,29,0,1,0,0,false,false,2,true,false,3,2,7,5,false,false,false,true,false,public,1,0,0,false
51,\src\com\fsck\k9\remotecontrol\AccountReceiver.java,AccountReceiver,23,1,1,0,0,false,false,2,true,false,2,2,5,1,false,false,false,true,false,default,1,0,0,false
52,\src\com\fsck\k9\remotecontrol\K9AccountReceptor.java,K9AccountReceptor,10,0,0,0,0,false,false,3,true,false,0,0,0,0,false,true,false,false,false,public,0,0,0,false
53,\src\com\fsck\k9\remotecontrol\K9RemoteControl.java,K9RemoteControl,118,30,2,1,0,false,false,3,false,false,0,4,3,0,false,false,false,true,false,public,2,0,0,false
54,\src\com\fsck\k9\provider\AttachmentProvider.AttachmentProviderColumns.java,AttachmentProviderColumns,12,4,0,0,0,false,false,3,false,false,0,0,1,0,true,false,true,true,false,public,0,0,0,false
55,\src\com\fsck\k9\provider\MessageProvider.AccountExtractor.java,AccountExtractor,8,0,1,0,1,false,false,2,true,false,0,1,1,1,true,false,true,true,false,public,1,0,0,false
56,\src\com\fsck\k9\provider\MessageProvider.CountExtractor.java,CountExtractor,11,1,1,0,1,false,false,2,true,false,0,1,0,0,true,false,true,true,false,public,1,0,0,false
57,\src\com\fsck\k9\provider\MessageProvider.AccountsQueryHandler.java,AccountsQueryHandler,28,0,3,0,2,false,false,3,true,false,0,5,5,3,false,false,true,true,false,protected,3,0,0,false
58,\src\com\fsck\k9\provider\MessageProvider.DeleteUriExtractor.java,DeleteUriExtractor,12,0,1,0,1,false,false,3,true,false,0,1,2,2,true,false,true,true,false,public,1,0,0,false
59,\src\com\fsck\k9\provider\AttachmentProvider.java,AttachmentProvider,253,4,16,0,7,false,false,2,true,false,15,37,20,30,false,false,false,true,false,public,11,5,0,false
60,\src\com\fsck\k9\provider\MessageProvider.FieldExtractor.java,FieldExtractor,4,0,0,0,0,false,false,2,true,false,0,0,0,0,true,true,true,false,false,public,0,0,0,false
61,\src\com\fsck\k9\provider\MessageProvider.IdExtractor.java,IdExtractor,8,0,1,0,1,false,false,2,true,false,0,1,1,1,true,false,true,true,false,public,1,0,0,false
62,\src\com\fsck\k9\provider\MessageProvider.IncrementExtractor.java,IncrementExtractor,11,1,1,0,1,false,false,2,true,false,0,1,1,0,true,false,true,true,false,public,1,0,0,false
63,\src\com\fsck\k9\provider\MessageProvider.MessageColumns.java,MessageColumns,38,10,0,0,0,false,false,2,false,false,0,0,1,0,true,true,true,false,false,public,0,0,0,false
64,\src\com\fsck\k9\provider\MessageProvider.MessagesQueryHandler.java,MessagesQueryHandler,99,0,4,0,2,false,false,3,true,false,3,8,13,17,false,false,true,true,false,protected,2,0,2,false
65,\src\com\fsck\k9\provider\MessageProvider.MesssageInfoHolderRetrieverListener.java,MesssageInfoHolderRetrieverListener,51,2,2,0,0,false,false,5,true,false,0,4,14,2,false,false,true,true,false,protected,2,0,0,false
66,\src\com\fsck\k9\provider\MessageProvider.PreviewExtractor.java,PreviewExtractor,8,0,1,0,1,false,false,2,true,false,0,1,1,1,true,false,true,true,false,public,1,0,0,false
67,\src\com\fsck\k9\provider\MessageProvider.QueryHandler.java,QueryHandler,23,0,0,0,0,false,false,2,true,false,0,0,2,0,true,true,true,false,false,protected,0,0,0,false
68,\src\com\fsck\k9\provider\MessageProvider.SendDateExtractor.java,SendDateExtractor,8,0,1,0,1,false,false,3,true,false,0,1,1,1,true,false,true,true,false,public,1,0,0,false
69,\src\com\fsck\k9\provider\MessageProvider.MonitoredCursor.java,MonitoredCursor,265,3,43,1,17,false,false,2,true,false,2,26,12,24,true,false,true,true,false,protected,41,0,2,false
70,\src\com\fsck\k9\provider\MessageProvider.SenderAddressExtractor.java,SenderAddressExtractor,8,0,1,0,1,false,false,3,true,false,0,1,1,0,true,false,true,true,false,public,1,0,0,false
71,\src\com\fsck\k9\provider\MessageProvider.SenderExtractor.java,SenderExtractor,8,0,1,0,1,false,false,2,true,false,0,1,1,0,true,false,true,true,false,public,1,0,0,false
72,\src\com\fsck\k9\provider\MessageProvider.SubjectExtractor.java,SubjectExtractor,8,0,1,0,1,false,false,2,true,false,0,1,1,1,true,false,true,true,false,public,1,0,0,false
73,\src\com\fsck\k9\provider\MessageProvider.ThrottlingQueryHandler.java,ThrottlingQueryHandler,49,1,2,0,1,false,false,3,true,false,2,5,7,6,false,false,true,true,false,protected,2,0,0,false
74,\src\com\fsck\k9\provider\MessageProvider.UnreadExtractor.java,UnreadExtractor,8,0,1,0,1,false,false,2,true,false,0,1,1,0,true,false,true,true,false,public,1,0,0,false
75,\src\com\fsck\k9\provider\MessageProvider.UnreadQueryHandler.java,UnreadQueryHandler,53,0,3,0,2,false,false,3,true,false,2,6,10,6,false,false,true,true,false,protected,3,0,0,false
76,\src\com\fsck\k9\provider\MessageProvider.UriExtractor.java,UriExtractor,8,0,1,0,1,false,false,2,true,false,0,1,1,0,true,false,true,true,false,public,1,0,0,false
77,\src\com\fsck\k9\preferences\CheckBoxListPreference.java,CheckBoxListPreference,58,3,5,2,1,false,false,4,false,false,1,4,5,1,false,false,false,true,false,public,3,0,2,false
78,\src\com\fsck\k9\preferences\Editor.java,Editor,119,5,11,0,0,false,false,1,true,false,6,12,6,12,false,false,false,true,false,public,11,0,0,false
79,\src\com\fsck\k9\provider\MessageProvider.java,MessageProvider,228,8,7,0,1,false,false,2,true,false,16,16,22,11,false,false,false,true,false,public,6,0,1,false
80,\src\com\fsck\k9\preferences\TimePickerPreference.java,TimePickerPreference,148,4,8,1,3,false,false,3,false,false,6,5,6,2,false,false,false,true,false,public,3,3,2,false
81,\src\com\fsck\k9\mail\Authentication.java,Authentication,71,1,2,0,0,false,false,1,false,false,1,6,3,0,false,false,false,true,false,public,2,0,0,false
82,\src\com\fsck\k9\mail\AuthenticationFailedException.java,AuthenticationFailedException,10,1,0,0,0,false,false,3,false,false,0,0,0,0,false,false,false,true,false,public,0,0,0,false
83,\src\com\fsck\k9\mail\Body.java,Body,8,0,0,0,0,false,false,1,false,false,0,0,3,0,false,true,false,false,false,public,0,0,0,false
84,\src\com\fsck\k9\preferences\Storage.java,Storage,343,9,24,0,7,true,false,1,false,false,31,29,15,43,false,false,false,true,false,public,12,7,5,false
85,\src\com\fsck\k9\mail\Address.java,Address,313,4,18,2,2,false,false,1,false,false,28,13,17,29,false,false,false,true,false,public,18,0,0,false
86,\src\com\fsck\k9\mail\BodyPart.java,BodyPart,10,1,2,1,1,false,false,2,false,false,0,1,0,0,false,false,false,true,false,public,2,0,0,true
87,\src\com\fsck\k9\mail\CertificateValidationException.java,CertificateValidationException,10,1,0,0,0,false,false,3,false,false,0,0,0,0,false,false,false,true,false,public,0,0,0,false
88,\src\com\fsck\k9\mail\FetchProfile.Item.java,Item,42,5,0,0,0,false,false,1,false,false,0,0,0,0,false,false,true,false,true,public,0,0,0,false
89,\src\com\fsck\k9\mail\FetchProfile.java,FetchProfile,22,1,0,0,0,false,true,2,false,false,0,0,1,0,false,false,false,true,false,public,0,0,0,false
90,\src\com\fsck\k9\mail\Flag.java,Flag,48,13,0,0,0,false,false,1,false,false,0,0,0,0,false,false,false,false,true,public,0,0,0,false
91,\src\com\fsck\k9\mail\Folder.FolderClass.java,FolderClass,4,5,0,0,0,false,false,2,false,false,0,0,0,0,false,false,true,false,true,public,0,0,0,false
92,\src\com\fsck\k9\mail\Folder.FolderType.java,FolderType,4,2,0,0,0,false,false,2,false,false,0,0,0,0,false,false,true,false,true,public,0,0,0,false
93,\src\com\fsck\k9\mail\Folder.OpenMode.java,OpenMode,4,2,0,0,0,false,false,2,false,false,0,0,0,0,false,false,true,false,true,public,0,0,0,false
94,\src\com\fsck\k9\mail\Message.RecipientType.java,RecipientType,4,3,0,0,0,false,false,2,false,false,0,0,0,0,false,false,true,false,true,public,0,0,0,false
95,\src\com\fsck\k9\mail\Folder.java,Folder,158,4,24,3,10,false,false,1,true,false,1,20,6,3,false,false,false,true,false,public,24,0,0,true
96,\src\com\fsck\k9\mail\MessagingException.java,MessagingException,25,2,2,1,0,false,false,2,false,false,0,1,0,0,false,false,false,true,false,public,2,0,0,false
97,\src\com\fsck\k9\mail\Part.java,Part,18,0,0,0,0,false,false,1,false,false,0,0,2,0,false,true,false,false,false,public,0,0,0,false
98,\src\com\fsck\k9\mail\Message.java,Message,164,6,19,5,4,false,false,1,false,false,6,14,10,10,false,false,false,true,false,public,19,0,0,true
99,\src\com\fsck\k9\mail\Multipart.java,Multipart,64,3,11,3,4,false,false,1,false,false,3,9,4,4,false,false,false,true,false,public,11,0,0,true
100,\src\com\fsck\k9\mail\PushReceiver.java,PushReceiver,15,0,0,0,0,false,false,2,true,false,0,0,3,0,false,true,false,false,false,public,0,0,0,false
101,\src\com\fsck\k9\mail\Pusher.java,Pusher,14,0,0,0,0,false,false,1,true,false,0,0,1,0,false,true,false,false,false,public,0,0,0,false
102,\src\com\fsck\k9\mail\Store.java,Store,97,5,10,0,4,false,false,1,false,false,6,5,8,3,false,false,false,true,false,public,10,0,0,true
103,\src\com\fsck\k9\mail\Transport.java,Transport,22,2,1,0,1,false,false,1,false,false,1,1,3,1,false,false,false,true,false,public,1,0,0,true
104,\src\com\fsck\k9\mail\transport\imap\ImapSettings.java,ImapSettings,20,0,0,0,0,false,false,2,false,false,0,0,1,0,false,true,false,false,false,public,0,0,0,false
105,\src\com\fsck\k9\mail\transport\WebDavTransport.java,WebDavTransport,33,1,3,0,0,false,false,3,false,false,3,1,7,3,false,false,false,true,false,public,3,0,0,false
106,\src\com\fsck\k9\mail\transport\TrustedSocketFactory.java,TrustedSocketFactory,57,2,4,0,0,false,false,3,false,false,0,11,15,3,false,false,false,true,false,public,4,0,0,false
107,\src\com\fsck\k9\mail\store\ImapResponseParser.IImapResponseCallback.java,IImapResponseCallback,24,0,0,0,0,false,false,4,false,false,0,0,2,0,false,true,true,false,false,public,0,0,0,false
108,\src\com\fsck\k9\mail\transport\SmtpTransport.java,SmtpTransport,498,21,12,0,0,false,false,2,false,false,40,15,24,47,false,false,false,true,false,public,3,9,0,false
109,\src\com\fsck\k9\mail\store\ImapResponseParser.ImapList.java,ImapList,103,1,16,0,14,false,true,2,false,false,5,16,5,0,true,false,true,true,false,public,14,2,0,false
110,\src\com\fsck\k9\mail\store\ImapResponseParser.ImapResponse.java,ImapResponse,35,5,3,0,1,false,false,2,false,false,2,0,1,3,false,false,true,true,false,public,3,0,0,false
111,\src\com\fsck\k9\mail\store\ImapStore.AuthType.java,AuthType,8,2,0,0,0,false,false,2,false,false,0,0,0,0,false,false,true,false,true,public,0,0,0,false
112,\src\com\fsck\k9\mail\store\ImapStore.FetchBodyCallback.java,FetchBodyCallback,33,1,1,0,0,false,false,3,false,false,1,2,6,0,true,false,true,true,false,private,1,0,0,false
113,\src\com\fsck\k9\mail\store\ImapStore.FetchPartCallback.java,FetchPartCallback,31,1,1,0,0,false,false,3,false,false,1,2,6,0,true,false,true,true,false,private,1,0,0,false
114,\src\com\fsck\k9\mail\store\ImapStore.ImapBodyPart.java,ImapBodyPart,17,0,1,1,0,false,false,3,false,false,0,1,2,0,true,false,true,true,false,default,1,0,0,false
115,\src\com\fsck\k9\mail\store\ImapResponseParser.java,ImapResponseParser,313,7,16,0,0,false,false,3,true,false,18,10,5,18,false,false,false,true,false,public,3,13,0,false
116,\src\com\fsck\k9\mail\store\ImapStore.ImapException.java,ImapException,26,2,2,1,1,false,false,2,false,false,0,1,1,0,true,false,true,true,false,default,2,0,0,false
117,\src\com\fsck\k9\mail\store\ImapStore.ImapMessage.java,ImapMessage,39,0,5,3,0,false,false,2,false,false,0,7,7,0,true,false,true,true,false,default,5,0,0,false
118,\src\com\fsck\k9\mail\store\ImapStore.ImapConnection.java,ImapConnection,487,7,16,1,1,false,false,2,false,false,65,13,40,81,true,false,true,true,false,public,10,1,5,false
119,\src\com\fsck\k9\mail\store\ImapStore.ImapPushState.java,ImapPushState,41,1,2,0,0,false,false,3,false,false,3,1,3,6,true,false,true,true,false,protected,1,0,1,false
120,\src\com\fsck\k9\mail\store\ImapStore.ImapPusher.java,ImapPusher,73,4,6,1,2,false,false,2,true,false,3,2,6,11,false,false,true,true,false,public,6,0,0,false
121,\src\com\fsck\k9\mail\store\ImapStore.ImapSearcher.java,ImapSearcher,14,0,0,0,0,false,false,2,true,false,0,0,4,0,false,true,true,false,false,private,0,0,0,false
122,\src\com\fsck\k9\mail\store\ImapStore.UntaggedHandler.java,UntaggedHandler,11,0,0,0,0,false,false,2,true,false,0,0,1,0,false,true,true,false,false,private,0,0,0,false
123,\src\com\fsck\k9\mail\store\ImapStore.StoreImapSettings.java,StoreImapSettings,62,0,13,3,9,false,false,3,false,false,0,4,1,0,false,false,true,true,false,public,13,0,0,false
124,\src\com\fsck\k9\mail\store\ImapStore.ImapFolderPusher.java,ImapFolderPusher,454,10,13,0,0,false,false,3,true,false,72,14,20,76,false,false,true,true,false,public,4,6,3,false
125,\src\com\fsck\k9\mail\store\LockableDatabase.DbCallback.java,DbCallback,13,0,0,0,0,true,false,2,false,false,0,0,1,0,true,true,true,false,false,public,0,0,0,false
126,\src\com\fsck\k9\mail\store\LockableDatabase.SchemaDefinition.java,SchemaDefinition,9,0,0,0,0,true,false,2,false,false,0,0,1,0,true,true,true,false,false,public,0,0,0,false
127,\src\com\fsck\k9\mail\store\LockableDatabase.StorageListener.java,StorageListener,38,0,2,0,0,false,false,2,true,false,4,2,2,1,false,false,true,true,false,private,2,0,0,false
128,\src\com\fsck\k9\mail\store\LockableDatabase.WrappedException.java,WrappedException,10,1,0,0,0,false,false,2,false,false,0,0,0,0,true,false,true,true,false,protected,0,0,0,false
129,\src\com\fsck\k9\mail\store\ImapStore.java,ImapStore,381,34,15,0,5,false,false,2,false,false,22,9,31,33,false,false,false,true,false,public,8,7,0,false
130,\src\com\fsck\k9\mail\store\Pop3Store.Pop3Capabilities.java,Pop3Capabilities,20,5,1,0,0,false,false,2,false,false,0,0,3,0,true,false,true,true,false,default,1,0,0,false
131,\src\com\fsck\k9\mail\store\ImapStore.ImapFolder.java,ImapFolder,1121,8,50,2,20,false,false,2,true,false,119,64,29,86,false,false,true,true,false,default,31,8,11,false
132,\src\com\fsck\k9\mail\store\Pop3Store.Pop3ErrorResponse.java,Pop3ErrorResponse,9,0,0,0,0,false,false,3,false,false,0,0,3,0,true,false,true,true,false,default,0,0,0,false
133,\src\com\fsck\k9\mail\store\LockableDatabase.java,LockableDatabase,370,9,17,1,2,true,false,2,false,false,16,10,11,37,false,false,false,true,false,public,7,2,8,false
134,\src\com\fsck\k9\mail\store\Pop3Store.Pop3Message.java,Pop3Message,36,0,4,2,0,false,false,2,false,false,0,5,4,0,true,false,true,true,false,default,3,0,1,false
135,\src\com\fsck\k9\mail\store\Pop3Store.Pop3ResponseInputStream.java,Pop3ResponseInputStream,29,3,1,0,0,false,false,4,false,false,3,0,3,3,true,false,true,true,false,default,1,0,0,false
136,\src\com\fsck\k9\mail\store\StorageManager.ExternalStorageProvider.java,ExternalStorageProvider,53,3,8,0,5,false,false,3,true,false,0,9,4,3,true,false,true,true,false,public,8,0,0,false
137,\src\com\fsck\k9\mail\store\StorageManager.FixedStorageProviderBase.java,FixedStorageProviderBase,70,2,6,0,3,false,false,4,false,false,0,8,6,3,true,false,true,true,false,public,6,0,0,true
138,\src\com\fsck\k9\mail\store\StorageManager.HtcIncredibleStorageProvider.java,HtcIncredibleStorageProvider,28,1,4,0,2,false,false,4,true,false,0,2,4,0,true,false,true,true,false,public,2,0,2,false
139,\src\com\fsck\k9\mail\store\StorageManager.InternalStorageProvider.java,InternalStorageProvider,46,2,8,0,5,false,false,3,true,false,0,9,3,0,true,false,true,true,false,public,8,0,0,false
140,\src\com\fsck\k9\mail\store\Pop3Store.java,Pop3Store,143,31,3,0,2,false,false,2,false,false,7,2,10,11,false,false,false,true,false,public,3,0,0,false
141,\src\com\fsck\k9\mail\store\StorageManager.SamsungGalaxySStorageProvider.java,SamsungGalaxySStorageProvider,32,1,4,0,2,false,false,5,true,false,0,2,5,1,true,false,true,true,false,public,2,0,2,false
142,\src\com\fsck\k9\mail\store\StorageManager.StorageListener.java,StorageListener,23,0,0,0,0,false,false,2,true,false,0,0,0,0,true,true,true,false,false,public,0,0,0,false
143,\src\com\fsck\k9\mail\store\Pop3Store.Pop3Folder.java,Pop3Folder,725,8,37,2,12,false,false,2,true,false,70,38,17,48,false,false,true,true,false,default,26,11,0,false
144,\src\com\fsck\k9\mail\store\StorageManager.StorageProvider.java,StorageProvider,93,0,0,0,0,false,false,2,true,false,0,0,2,0,true,true,true,false,false,public,0,0,0,false
145,\src\com\fsck\k9\mail\store\StorageManager.SynchronizationAid.java,SynchronizationAid,22,3,0,0,0,false,false,2,false,false,0,0,3,2,true,false,true,true,false,public,0,0,0,false
146,\src\com\fsck\k9\mail\store\TrustManagerFactory.SecureX509TrustManager.java,SecureX509TrustManager,54,2,4,0,2,false,false,4,true,false,3,5,7,2,true,false,true,true,false,private,4,0,0,false
147,\src\com\fsck\k9\mail\store\TrustManagerFactory.SimpleX509TrustManager.java,SimpleX509TrustManager,15,0,3,0,1,false,false,4,true,false,0,4,3,0,true,false,true,true,false,private,3,0,0,false
148,\src\com\fsck\k9\mail\store\StorageManager.java,StorageManager,348,5,16,0,6,false,false,2,true,false,13,17,10,19,false,false,false,true,false,public,14,0,2,false
149,\src\com\fsck\k9\mail\store\UnavailableAccountException.java,UnavailableAccountException,34,1,0,0,0,false,false,3,false,false,0,0,0,0,false,false,false,true,false,public,0,0,0,false
150,\src\com\fsck\k9\mail\store\TrustManagerFactory.java,TrustManagerFactory,126,7,5,1,3,false,false,3,false,false,7,5,14,12,false,false,false,true,false,public,5,0,0,false
151,\src\com\fsck\k9\mail\store\WebDavStore.ConnectionInfo.java,ConnectionInfo,16,4,0,0,0,false,false,2,false,false,0,0,3,0,true,false,true,true,false,private,0,0,0,false
152,\src\com\fsck\k9\mail\store\UnavailableStorageException.java,UnavailableStorageException,19,1,0,0,0,false,false,3,false,false,0,0,1,0,false,false,false,true,false,public,0,0,0,false
153,\src\com\fsck\k9\mail\store\WebDavStore.HttpGeneric.java,HttpGeneric,77,1,2,1,1,false,false,2,false,false,5,1,7,2,false,false,true,true,false,public,2,0,0,false
154,\src\com\fsck\k9\mail\store\WebDavStore.ParsedMessageEnvelope.java,ParsedMessageEnvelope,63,5,7,2,4,false,false,3,false,false,2,4,5,0,true,false,true,true,false,public,7,0,0,false
155,\src\com\fsck\k9\mail\store\WebDavStore.DataSet.java,DataSet,176,3,9,0,7,false,false,2,false,false,8,2,11,10,false,false,true,true,false,public,9,0,0,false
156,\src\com\fsck\k9\mail\store\WebDavStore.WebDavHandler.java,WebDavHandler,47,2,6,0,1,false,false,3,true,false,1,10,7,4,false,false,true,true,false,public,6,0,0,false
157,\src\com\fsck\k9\mail\store\WebDavStore.WebDavHttpClient.java,WebDavHttpClient,56,0,3,0,1,false,false,4,false,false,4,4,9,3,true,false,true,true,false,public,3,0,0,false
158,\src\com\fsck\k9\mail\store\WebDavStore.WebDavMessage.java,WebDavMessage,99,1,8,5,1,false,false,3,false,false,5,9,8,3,false,false,true,true,false,default,8,0,0,false
159,\src\com\fsck\k9\mail\internet\BinaryTempFileBody.BinaryTempFileBodyInputStream.java,BinaryTempFileBodyInputStream,18,0,1,0,0,false,false,6,false,false,0,0,1,2,false,false,true,true,false,default,1,0,0,false
160,\src\com\fsck\k9\mail\internet\BinaryTempFileBody.java,BinaryTempFileBody,44,2,4,1,2,false,false,4,false,false,1,2,5,3,false,false,false,true,false,public,4,0,0,false
161,\src\com\fsck\k9\mail\store\WebDavStore.WebDavFolder.java,WebDavFolder,623,6,38,3,14,false,false,3,true,false,48,46,16,47,false,false,true,true,false,default,28,9,1,false
162,\src\com\fsck\k9\mail\internet\EncoderUtil.Encoding.java,Encoding,16,2,0,0,0,false,false,1,false,false,0,0,0,0,false,false,true,false,true,public,0,0,0,false
163,\src\com\fsck\k9\mail\internet\Iso2022JpToShiftJisInputStream.Charset.java,Charset,4,3,0,0,0,false,false,1,false,false,0,0,0,0,false,false,true,false,true,private,0,0,0,false
164,\src\com\fsck\k9\mail\internet\DecoderUtil.java,DecoderUtil,163,0,4,0,0,false,false,2,false,false,12,10,10,4,false,false,false,true,false,public,1,3,0,false
165,\src\com\fsck\k9\mail\internet\Iso2022JpToShiftJisInputStream.java,Iso2022JpToShiftJisInputStream,62,4,1,0,0,false,false,7,false,false,8,0,3,6,false,false,false,true,false,default,1,0,0,false
166,\src\com\fsck\k9\mail\internet\MimeHeader.Field.java,Field,16,2,1,0,0,false,false,1,false,false,0,0,1,1,true,false,true,true,false,default,1,0,0,false
167,\src\com\fsck\k9\mail\internet\EncoderUtil.java,EncoderUtil,148,4,9,0,0,false,false,2,false,false,11,17,4,11,false,false,false,true,false,public,1,8,0,false
168,\src\com\fsck\k9\mail\internet\MimeBodyPart.java,MimeBodyPart,102,3,14,2,8,false,false,3,false,false,5,10,7,5,false,false,false,true,false,public,13,0,1,false
169,\src\com\fsck\k9\mail\internet\MimeHeader.java,MimeHeader,113,9,10,2,3,false,false,2,true,false,10,10,7,4,false,false,false,true,false,public,10,0,0,false
170,\src\com\fsck\k9\mail\internet\MimeMessage.MimeMessageBuilder.java,MimeMessageBuilder,127,1,15,0,0,false,false,3,true,false,2,9,9,19,false,false,true,true,false,default,14,1,0,false
171,\src\com\fsck\k9\mail\store\WebDavStore.java,WebDavStore,966,37,34,0,19,false,false,3,false,false,74,31,35,68,false,false,false,true,false,public,15,19,0,false
172,\src\com\fsck\k9\mail\internet\MimeMultipart.java,MimeMultipart,75,4,7,2,3,false,false,2,false,false,3,3,6,5,false,false,false,true,false,public,7,0,0,false
173,\src\com\fsck\k9\mail\internet\MimeMessage.java,MimeMessage,360,13,37,13,17,false,false,2,false,false,23,24,11,12,false,false,false,true,false,public,34,1,2,false
174,\src\com\fsck\k9\mail\filter\Base64.DecoderException.java,DecoderException,35,0,0,0,0,false,false,2,false,false,0,0,0,0,true,false,true,true,false,default,0,0,0,false
175,\src\com\fsck\k9\mail\filter\Base64.EncoderException.java,EncoderException,35,0,0,0,0,false,false,2,false,false,0,0,0,0,true,false,true,true,false,default,0,0,0,false
176,\src\com\fsck\k9\mail\internet\TextBody.java,TextBody,75,6,9,4,4,false,false,2,false,false,3,5,4,1,false,false,false,true,false,public,9,0,0,false
177,\src\com\fsck\k9\mail\filter\Base64OutputStream.java,Base64OutputStream,171,3,5,0,0,false,false,3,false,false,6,5,3,3,false,false,false,true,false,public,4,1,0,false
178,\src\com\fsck\k9\mail\filter\CountingOutputStream.java,CountingOutputStream,27,1,4,0,1,false,false,3,false,false,0,5,2,0,false,false,false,true,false,public,4,0,0,false
179,\src\com\fsck\k9\mail\filter\EOLConvertingOutputStream.java,EOLConvertingOutputStream,34,2,2,0,0,false,false,6,false,false,3,1,3,1,false,false,false,true,false,public,2,0,0,false
180,\src\com\fsck\k9\mail\filter\FixedLengthInputStream.java,FixedLengthInputStream,52,3,5,0,0,false,false,4,false,false,3,4,2,2,false,false,false,true,false,public,5,0,0,false
181,\src\com\fsck\k9\mail\filter\Hex.java,Hex,48,1,1,0,0,false,false,1,false,false,0,1,0,0,false,false,false,true,false,public,1,0,0,false
182,\src\com\fsck\k9\mail\filter\Base64.java,Base64,689,18,23,1,0,false,false,1,false,false,39,29,2,7,false,false,false,true,false,public,12,3,0,false
183,\src\com\fsck\k9\mail\filter\LineWrapOutputStream.java,LineWrapOutputStream,73,5,2,0,0,false,false,4,false,false,7,1,3,1,false,false,false,true,false,public,2,0,0,false
184,\src\com\fsck\k9\mail\filter\PeekableInputStream.java,PeekableInputStream,56,3,5,0,0,false,false,3,false,false,4,4,2,3,false,false,false,true,false,public,5,0,0,false
185,\src\com\fsck\k9\mail\filter\SmtpDataStuffing.java,SmtpDataStuffing,28,4,1,0,0,false,false,3,false,false,1,1,3,0,false,false,false,true,false,public,1,0,0,false
186,\src\com\fsck\k9\mail\filter\StatusOutputStream.java,StatusOutputStream,23,1,1,0,0,false,false,3,false,false,2,1,6,0,false,false,false,true,false,public,1,0,0,false
187,\src\com\fsck\k9\helper\AutoSyncSdk3.java,AutoSyncSdk3,35,2,2,0,1,false,false,3,false,false,0,1,5,2,false,false,false,true,false,public,2,0,0,false
188,\src\com\fsck\k9\helper\AutoSyncHelper.java,AutoSyncHelper,102,3,3,0,1,false,false,3,true,false,5,0,3,2,false,false,false,true,false,public,2,1,0,false
189,\src\com\fsck\k9\helper\AutoSyncSdk5.java,AutoSyncSdk5,15,0,2,0,1,false,false,3,false,false,0,1,2,1,false,false,false,true,false,public,2,0,0,false
190,\src\com\fsck\k9\helper\AutoSyncSdk4.java,AutoSyncSdk4,35,2,2,0,1,false,false,3,false,false,0,1,5,1,false,false,false,true,false,public,2,0,0,false
191,\src\com\fsck\k9\helper\Contacts.java,Contacts,175,4,2,0,1,false,false,1,false,false,3,1,10,3,false,false,false,true,false,public,2,0,0,true
192,\src\com\fsck\k9\mail\internet\MimeUtility.java,MimeUtility,2334,3,33,1,13,false,false,2,false,false,54,48,14,43,false,false,false,true,false,public,23,8,0,false
193,\src\com\fsck\k9\helper\ContactsSdk3_4.java,4,230,5,10,0,5,false,false,1,false,false,14,9,9,20,false,false,false,true,false,public,9,1,0,false
194,\src\com\fsck\k9\helper\ContactsSdk5p.java,ContactsSdk5p,97,0,1,0,0,false,false,2,false,false,4,1,6,7,false,false,false,true,false,public,1,0,0,false
195,\src\com\fsck\k9\helper\DateFormatter.java,DateFormatter,67,7,6,1,5,false,false,2,true,false,3,9,9,5,false,false,false,true,false,public,6,0,0,false
196,\src\com\fsck\k9\helper\ContactsSdk5.java,ContactsSdk5,194,5,10,0,5,false,false,2,false,false,11,9,11,18,false,false,false,true,false,public,9,1,0,false
197,\src\com\fsck\k9\helper\FileBrowserHelper.FileBrowserFailOverCallback.java,FileBrowserFailOverCallback,12,0,0,0,0,false,false,5,false,false,0,0,0,0,false,true,true,false,false,public,0,0,0,false
198,\src\com\fsck\k9\helper\FileBrowserHelper.java,FileBrowserHelper,105,2,3,0,1,false,false,3,true,false,4,7,11,8,false,false,false,true,false,public,2,1,0,false
199,\src\com\fsck\k9\helper\DomainNameChecker.java,DomainNameChecker,261,3,6,0,0,false,false,3,true,false,33,11,13,22,false,false,false,true,false,public,1,5,0,false
200,\src\com\fsck\k9\helper\HtmlConverter.HtmlToTextTagHandler.java,HtmlToTextTagHandler,77,3,3,0,1,false,false,5,true,false,4,7,6,5,true,false,true,true,false,private,1,2,0,false
201,\src\com\fsck\k9\helper\IAutoSync.java,IAutoSync,23,0,0,0,0,false,false,3,false,false,0,0,1,0,false,true,false,false,false,public,0,0,0,false
202,\src\com\fsck\k9\helper\MediaScannerNotifier.java,MediaScannerNotifier,32,3,2,0,0,false,false,3,true,false,1,2,6,3,false,false,false,true,false,public,2,0,0,false
203,\src\com\fsck\k9\helper\MessageHelper.java,MessageHelper,84,4,4,0,1,false,false,2,true,false,5,6,17,10,false,false,false,true,false,public,4,0,0,false
204,\src\com\fsck\k9\helper\SizeFormatter.java,SizeFormatter,21,0,1,0,0,false,false,2,true,false,3,2,2,0,false,false,false,true,false,public,1,0,0,false
205,\src\com\fsck\k9\helper\Regex.java,Regex,211,9,2,0,0,false,false,1,false,false,2,2,2,5,false,false,false,true,false,public,2,0,0,false
206,\src\com\fsck\k9\helper\HtmlConverter.java,HtmlConverter,1046,6,10,0,1,false,false,2,true,false,9,9,6,22,false,false,false,true,false,public,4,6,0,false
207,\src\com\fsck\k9\helper\power\TracingPowerManager.java,TracingPowerManager,32,5,2,0,1,false,false,3,true,false,3,3,6,0,false,false,false,true,false,public,2,0,0,false
208,\src\com\fsck\k9\helper\power\TracingPowerManager.TracingWakeLock.java,TracingWakeLock,101,6,6,1,0,false,false,3,false,false,13,2,4,9,false,false,true,true,false,public,4,2,0,false
209,\src\com\fsck\k9\crypto\Apg.Intent.java,Intent,14,8,0,0,0,false,false,1,false,false,0,0,0,0,true,false,true,true,false,public,0,0,0,false
210,\src\com\fsck\k9\helper\Utility.java,Utility,542,6,20,1,0,false,false,1,false,false,48,31,13,65,false,false,false,true,false,public,20,0,0,false
211,\src\com\fsck\k9\crypto\CryptoProvider.java,CryptoProvider,32,1,1,0,0,false,false,2,true,false,1,1,4,2,false,false,false,true,false,public,1,0,0,true
212,\src\com\fsck\k9\crypto\None.java,None,64,2,13,0,3,false,false,1,false,false,0,24,3,0,false,false,false,true,false,public,13,0,0,false
213,\src\com\fsck\k9\controller\MessageDateComparator.java,MessageDateComparator,17,0,1,0,0,false,false,3,true,false,1,2,2,3,false,false,false,true,false,public,1,0,0,false
214,\src\com\fsck\k9\controller\MessageRemovalListener.java,MessageRemovalListener,5,0,0,0,0,false,false,3,true,false,0,0,1,0,false,true,false,false,false,public,0,0,0,false
215,\src\com\fsck\k9\crypto\PgpData.java,PgpData,60,8,16,7,7,false,false,2,false,false,0,7,1,0,false,false,false,true,false,public,16,0,0,false
216,\src\com\fsck\k9\controller\MessageRetrievalListener.java,MessageRetrievalListener,12,0,0,0,0,false,false,3,true,false,0,0,1,0,false,true,false,false,false,public,0,0,0,false
217,\src\com\fsck\k9\crypto\Apg.java,Apg,427,32,13,0,3,false,false,1,false,false,27,24,19,46,false,false,false,true,false,public,13,0,0,false
218,\src\com\fsck\k9\controller\MessagingController.Command.java,Command,31,5,1,0,0,false,false,1,false,false,1,1,1,1,true,false,true,true,false,default,1,0,0,false
219,\src\com\fsck\k9\controller\MessagingController.MemorizingState.java,MemorizingState,15,3,0,0,0,false,false,2,false,false,0,0,1,0,false,false,true,false,true,default,0,0,0,false
220,\src\com\fsck\k9\controller\MessagingController.Memory.java,Memory,36,12,1,0,1,false,false,1,false,false,0,0,2,0,true,false,true,true,false,default,0,0,0,false
221,\src\com\fsck\k9\controller\MessagingController.MessageActor.java,MessageActor,20,0,0,0,0,false,false,2,true,false,0,0,4,0,false,true,true,false,false,default,0,0,0,false
222,\src\com\fsck\k9\controller\MessagingController.MemorizingListener.java,MemorizingListener,177,1,14,1,1,false,false,2,true,false,15,28,2,2,true,false,true,true,false,default,12,0,0,false
223,\src\com\fsck\k9\controller\MessagingController.SORT_TYPE.java,TYPE,41,9,2,0,1,false,false,4,false,false,1,1,2,0,false,false,false,false,true,public,2,0,0,false
224,\src\com\fsck\k9\controller\MessagingControllerPushReceiver.java,MessagingControllerPushReceiver,99,3,9,1,2,false,false,4,true,false,5,14,15,13,false,false,false,true,false,public,9,0,0,false
225,\src\com\fsck\k9\controller\MessagingListener.java,MessagingListener,142,0,50,1,0,false,false,2,true,false,0,129,8,0,false,false,false,true,false,public,50,0,0,false
226,\src\com\fsck\k9\activity\AccessibleEmailContentActivity.java,AccessibleEmailContentActivity,66,1,2,0,0,false,false,4,false,false,4,3,6,7,false,false,false,true,false,public,1,1,0,false
227,\src\com\fsck\k9\activity\Accounts.ACCOUNT_LOCATION.java,LOCATION,4,3,0,0,0,false,false,8,false,false,0,0,0,0,false,false,false,false,true,private,0,0,0,false
228,\src\com\fsck\k9\activity\Accounts.AccountClickListener.java,AccountClickListener,55,2,1,0,0,false,false,3,true,false,1,1,7,5,false,false,true,true,false,private,1,0,0,false
229,\src\com\fsck\k9\activity\Accounts.AccountsAdapter.java,AccountsAdapter,125,0,1,0,1,false,false,2,true,false,10,3,18,23,false,false,true,true,false,default,1,0,0,false
230,\src\com\fsck\k9\activity\Accounts.AccountsHandler.java,AccountsHandler,71,0,7,1,0,false,false,2,true,false,3,7,8,12,false,false,true,true,false,default,6,1,0,false
231,\src\com\fsck\k9\activity\ActivityListener.java,ActivityListener,172,9,21,0,2,false,false,2,true,false,5,40,7,7,false,false,false,true,false,public,21,0,0,false
232,\src\com\fsck\k9\activity\AsyncUIProcessor.java,AsyncUIProcessor,28,2,2,0,1,false,false,4,true,false,1,2,3,1,false,false,false,true,false,public,2,0,0,false
233,\src\com\fsck\k9\activity\ChooseAccount.IdentitiesAdapter.java,IdentitiesAdapter,113,2,11,0,9,false,false,2,true,false,3,18,12,17,true,false,true,true,false,public,10,1,0,false
234,\src\com\fsck\k9\activity\ChooseAccount.java,ChooseAccount,99,2,2,0,0,false,false,2,false,false,5,1,13,10,false,false,false,true,false,public,0,1,1,false
235,\src\com\fsck\k9\activity\ChooseFolder.ChooseFolderHandler.java,ChooseFolderHandler,43,3,4,1,0,false,false,3,true,false,1,3,2,3,false,false,true,true,false,default,4,0,0,false
236,\src\com\fsck\k9\activity\Accounts.java,Accounts,667,21,34,0,1,false,false,1,false,false,38,37,45,65,false,false,false,true,false,public,15,19,0,false
237,\src\com\fsck\k9\activity\ColorPickerDialog.OnColorChangedListener.java,OnColorChangedListener,14,0,0,0,0,false,false,4,true,false,0,0,3,0,false,true,true,false,false,public,0,0,0,false
238,\src\com\fsck\k9\activity\ChooseFolder.java,ChooseFolder,258,21,4,1,0,false,false,2,true,false,23,4,21,23,false,false,false,true,false,public,3,1,0,false
239,\src\com\fsck\k9\activity\ChooseIdentity.java,ChooseIdentity,71,6,4,1,0,false,false,2,false,false,2,1,13,11,false,false,false,true,false,public,2,0,2,false
240,\src\com\fsck\k9\activity\ColorPickerDialog.java,ColorPickerDialog,148,18,4,0,0,false,false,3,false,false,12,0,8,19,false,false,false,true,false,public,1,1,2,false
241,\src\com\fsck\k9\activity\ConfirmationDialog.java,ConfirmationDialog,83,0,3,0,0,false,false,2,false,false,1,22,4,5,false,false,false,true,false,public,3,0,0,false
242,\src\com\fsck\k9\activity\FolderInfoHolder.java,FolderInfoHolder,101,10,6,0,0,false,false,3,true,false,10,10,7,17,false,false,false,true,false,public,5,1,0,false
243,\src\com\fsck\k9\activity\EditIdentity.java,EditIdentity,116,13,5,0,0,false,false,2,false,false,7,4,12,21,false,false,false,true,false,public,4,1,0,false
244,\src\com\fsck\k9\activity\FolderList.FolderClickListener.java,FolderClickListener,55,4,1,0,0,false,false,3,true,false,0,1,5,2,false,false,true,true,false,private,1,0,0,false
245,\src\com\fsck\k9\activity\FolderList.FolderViewHolder.java,FolderViewHolder,18,8,0,0,0,false,false,3,true,false,0,0,3,0,true,false,true,true,false,default,0,0,0,false
246,\src\com\fsck\k9\activity\FolderList.FolderListHandler.java,FolderListHandler,75,0,7,0,0,false,false,3,true,false,1,7,7,10,false,false,true,true,false,default,7,0,0,false
247,\src\com\fsck\k9\activity\FolderListFilter.java,FolderListFilter,109,2,3,0,0,false,false,3,true,false,5,3,6,8,false,false,false,true,false,public,1,0,2,false
248,\src\com\fsck\k9\activity\InsertableHtmlContent.InsertionLocation.java,InsertionLocation,14,2,0,0,0,false,false,2,false,false,0,0,0,0,false,false,true,false,true,public,0,0,0,false
249,\src\com\fsck\k9\activity\FolderList.FolderListAdapter.java,FolderListAdapter,427,4,14,1,9,false,false,3,true,false,42,14,17,40,false,false,true,true,false,default,14,0,0,false
250,\src\com\fsck\k9\activity\InsertableHtmlContent.java,InsertableHtmlContent,135,6,12,5,2,false,false,3,false,false,1,7,1,5,false,false,false,true,false,default,12,0,0,false
251,\src\com\fsck\k9\activity\K9Activity.MyGestureDetector.java,MyGestureDetector,46,3,2,0,0,false,false,3,true,false,5,5,4,8,false,false,true,true,false,default,2,0,0,false
252,\src\com\fsck\k9\activity\K9ExpandableListActivity.java,K9ExpandableListActivity,14,0,1,0,0,false,false,4,false,false,0,1,3,1,false,false,false,true,false,public,0,0,1,false
253,\src\com\fsck\k9\activity\K9Activity.java,K9Activity,89,4,13,2,2,false,false,2,false,false,2,8,13,10,false,false,false,true,false,public,7,2,4,false
254,\src\com\fsck\k9\activity\K9PreferenceActivity.PreferenceChangeListener.java,PreferenceChangeListener,20,1,1,0,0,false,false,3,true,false,0,2,2,2,true,false,true,true,false,private,1,0,0,false
255,\src\com\fsck\k9\activity\FolderList.java,FolderList,519,16,37,1,0,false,false,2,false,false,25,47,29,48,false,false,false,true,false,public,18,19,0,false
256,\src\com\fsck\k9\activity\K9ListActivity.java,K9ListActivity,80,2,7,1,2,false,false,3,false,false,10,5,8,15,false,false,false,true,false,public,6,1,0,false
257,\src\com\fsck\k9\activity\K9PreferenceActivity.java,K9PreferenceActivity,57,0,3,1,0,false,false,3,false,false,0,7,4,4,false,false,false,true,false,public,1,0,2,false
258,\src\com\fsck\k9\activity\LauncherShortcuts.AccountsAdapter.java,AccountsAdapter,53,0,1,0,1,false,false,2,true,false,4,3,7,10,false,false,true,true,false,default,1,0,0,false
259,\src\com\fsck\k9\activity\LauncherShortcuts.java,LauncherShortcuts,54,2,4,1,0,false,false,2,false,false,2,6,12,6,false,false,false,true,false,public,2,2,0,false
260,\src\com\fsck\k9\activity\MessageCompose.Attachment.java,Attachment,13,5,0,0,0,false,false,1,false,false,0,0,5,0,true,false,true,true,false,default,0,0,0,false
261,\src\com\fsck\k9\activity\ManageIdentities.java,ManageIdentities,120,3,9,1,0,false,false,2,false,false,7,9,10,12,false,false,false,true,false,public,6,2,1,false
262,\src\com\fsck\k9\activity\MessageCompose.IdentityField.java,IdentityField,32,11,2,0,1,false,false,2,false,false,0,0,3,0,false,false,true,false,true,private,2,0,0,false
263,\src\com\fsck\k9\activity\MessageCompose.Listener.java,Listener,84,0,5,0,0,false,false,1,true,false,10,19,8,3,false,false,true,true,false,default,5,0,0,false
264,\src\com\fsck\k9\activity\MessageCompose.QuotedTextMode.java,QuotedTextMode,9,3,0,0,0,false,false,3,false,false,0,0,3,0,false,false,true,false,true,private,0,0,0,false
265,\src\com\fsck\k9\activity\MessageCompose.SaveMessageTask.java,SaveMessageTask,43,0,1,0,0,false,false,3,false,false,2,1,8,3,false,false,true,true,false,private,0,0,1,false
266,\src\com\fsck\k9\activity\MessageCompose.SendMessageTask.java,SendMessageTask,38,0,1,0,0,false,false,3,false,false,1,1,9,2,false,false,true,true,false,private,0,0,1,false
267,\src\com\fsck\k9\controller\MessagingController.java,MessagingController,3730,29,121,8,11,false,false,2,true,true,341,335,61,537,false,false,false,true,false,public,65,55,0,false
268,\src\com\fsck\k9\activity\MessageInfoHolder.java,MessageInfoHolder,47,19,3,0,1,false,false,3,true,false,2,2,3,2,false,false,false,true,false,public,3,0,0,false
269,\src\com\fsck\k9\activity\MessageList.ActivityState.java,ActivityState,11,2,0,0,0,false,false,2,false,false,0,0,1,0,true,false,true,true,false,default,0,0,0,false
270,\src\com\fsck\k9\activity\MessageList.AttachmentComparator.java,AttachmentComparator,13,0,1,0,0,false,false,2,true,false,0,2,1,1,true,false,true,true,false,public,1,0,0,false
271,\src\com\fsck\k9\activity\MessageList.ComparatorChain.java,ComparatorChain,29,1,1,0,0,false,false,2,false,false,1,2,2,0,true,false,true,true,false,public,1,0,0,false
272,\src\com\fsck\k9\activity\MessageList.DateComparator.java,DateComparator,13,0,1,0,0,false,false,2,true,false,0,2,1,0,true,false,true,true,false,public,1,0,0,false
273,\src\com\fsck\k9\activity\MessageList.FlaggedComparator.java,FlaggedComparator,13,0,1,0,0,false,false,2,true,false,0,2,1,0,true,false,true,true,false,public,1,0,0,false
274,\src\com\fsck\k9\activity\MessageList.FolderOperation.java,FolderOperation,9,2,0,0,0,false,false,2,false,false,0,0,0,0,true,false,true,false,true,private,0,0,0,false
275,\src\com\fsck\k9\activity\MessageList.FooterViewHolder.java,FooterViewHolder,12,2,0,0,0,false,false,3,true,false,0,0,2,0,true,false,true,true,false,default,0,0,0,false
276,\src\com\fsck\k9\activity\MessageList.MessageViewHolder.java,MessageViewHolder,47,9,1,0,0,false,false,3,true,false,5,2,5,0,false,false,true,true,false,default,1,0,0,false
277,\src\com\fsck\k9\activity\MessageList.MessageListHandler.java,MessageListHandler,197,0,12,2,1,false,false,3,true,false,19,5,7,14,false,false,true,true,false,default,4,7,1,false
278,\src\com\fsck\k9\activity\MessageList.MyGestureDetector.java,MyGestureDetector,34,0,1,0,0,false,false,3,true,false,4,4,3,4,false,false,true,true,false,default,1,0,0,false
279,\src\com\fsck\k9\activity\MessageList.ReverseComparator.java,ReverseComparator,22,1,1,0,0,false,false,2,true,false,0,2,1,0,true,false,true,true,false,public,1,0,0,false
280,\src\com\fsck\k9\activity\MessageList.MessageListAdapter.java,MessageListAdapter,512,5,18,0,8,false,false,3,true,false,45,27,30,53,false,false,true,true,false,default,13,5,0,false
281,\src\com\fsck\k9\activity\MessageList.SenderComparator.java,SenderComparator,13,0,1,0,0,false,false,2,true,false,0,2,1,1,true,false,true,true,false,public,1,0,0,false
282,\src\com\fsck\k9\activity\MessageList.StorageListenerImplementation.java,StorageListenerImplementation,24,0,2,0,0,false,false,3,false,false,1,2,1,1,false,false,true,true,false,private,2,0,0,false
283,\src\com\fsck\k9\activity\MessageList.SubjectComparator.java,SubjectComparator,21,0,1,0,0,false,false,2,true,false,2,2,2,2,true,false,true,true,false,public,1,0,0,false
284,\src\com\fsck\k9\activity\MessageList.UnreadComparator.java,UnreadComparator,13,0,1,0,0,false,false,2,true,false,0,2,1,0,true,false,true,true,false,public,1,0,0,false
285,\src\com\fsck\k9\activity\MessageReference.java,MessageReference,135,7,6,0,0,false,false,2,false,false,9,3,8,18,false,false,false,true,false,public,6,0,0,false
286,\src\com\fsck\k9\activity\MessageView.Listener.java,Listener,137,0,8,0,0,false,false,1,true,false,13,33,8,18,false,false,true,true,false,default,8,0,0,false
287,\src\com\fsck\k9\activity\MessageView.MessageViewHandler.java,MessageViewHandler,47,0,7,1,0,false,false,3,true,false,0,6,6,1,false,false,true,true,false,default,6,1,0,false
288,\src\com\fsck\k9\activity\MessageView.StorageListenerImplementation.java,StorageListenerImplementation,23,0,2,0,0,false,false,3,false,false,1,2,6,1,false,false,true,true,false,private,2,0,0,false
289,\src\com\fsck\k9\activity\ProgressListener.java,ProgressListener,31,0,0,0,0,false,false,2,true,false,0,0,1,0,false,true,false,false,false,public,0,0,0,false
290,\src\com\fsck\k9\activity\Search.java,Search,4,0,0,0,0,false,false,1,false,false,0,0,1,0,false,false,false,true,false,public,0,0,0,false
291,\src\com\fsck\k9\activity\MessageCompose.java,MessageCompose,2253,97,62,1,2,false,false,2,false,false,228,65,65,266,false,false,false,true,false,public,19,40,3,false
292,\src\com\fsck\k9\activity\SearchModifier.java,SearchModifier,18,5,0,0,0,false,false,2,true,false,0,0,2,0,false,false,false,false,true,default,0,0,0,false
293,\src\com\fsck\k9\activity\setup\AccountSettings.PopulateFolderPrefsTask.java,PopulateFolderPrefsTask,72,3,3,0,0,false,false,4,false,false,1,2,8,16,false,false,true,true,false,private,0,0,3,false
294,\src\com\fsck\k9\activity\setup\AccountSetupAccountType.java,AccountSetupAccountType,95,4,7,0,0,false,false,4,false,false,1,6,14,14,false,false,false,true,false,public,3,4,0,false
295,\src\com\fsck\k9\activity\setup\AccountSetupBasics.Provider.java,Provider,23,9,0,0,0,false,false,1,true,false,0,0,3,0,true,false,true,true,false,default,0,0,0,false
296,\src\com\fsck\k9\activity\MessageView.java,MessageView,980,35,51,3,0,false,false,2,false,false,81,32,29,90,false,false,false,true,false,public,14,28,9,false
297,\src\com\fsck\k9\activity\MessageList.java,MessageList,1632,55,77,4,4,false,false,2,false,false,122,89,52,123,false,false,false,true,false,public,29,46,2,false
298,\src\com\fsck\k9\activity\setup\AccountSetupBasics.java,AccountSetupBasics,339,12,19,0,3,false,false,3,false,false,17,21,22,37,false,false,false,true,false,public,10,8,1,false
299,\src\com\fsck\k9\activity\setup\AccountSetupCheckSettings.java,AccountSetupCheckSettings,358,12,9,1,0,false,false,4,false,false,25,14,31,41,false,false,false,true,false,public,5,4,0,false
300,\src\com\fsck\k9\activity\setup\AccountSetupComposition.java,AccountSetupComposition,116,10,7,0,0,false,false,3,false,false,5,9,14,19,false,false,false,true,false,public,6,1,0,false
301,\src\com\fsck\k9\activity\setup\AccountSetupNames.java,AccountSetupNames,81,5,5,0,0,false,false,3,false,false,4,4,14,8,false,false,false,true,false,public,3,1,1,false
302,\src\com\fsck\k9\activity\setup\AccountSettings.java,AccountSettings,768,114,17,0,0,false,false,2,false,false,24,11,26,226,false,false,false,true,false,public,8,9,0,false
303,\src\com\fsck\k9\activity\setup\AccountSetupOptions.java,AccountSetupOptions,133,8,4,0,0,false,false,3,false,false,4,5,12,15,false,false,false,true,false,public,3,1,0,false
304,\src\com\fsck\k9\activity\setup\AccountSetupIncoming.java,AccountSetupIncoming,399,28,10,0,0,false,false,3,false,false,25,12,18,55,false,false,false,true,false,public,6,3,1,false
305,\src\com\fsck\k9\activity\setup\FolderSettings.java,FolderSettings,139,14,5,0,0,false,false,2,false,false,2,6,17,33,false,false,false,true,false,public,4,1,0,false
306,\src\com\fsck\k9\activity\setup\AccountSetupOutgoing.java,AccountSetupOutgoing,288,16,11,0,0,false,false,3,false,false,16,14,21,31,false,false,false,true,false,public,7,3,1,false
307,\src\com\fsck\k9\activity\setup\FontSizeSettings.java,FontSizeSettings,150,32,4,0,0,false,false,3,false,false,1,4,9,37,false,false,false,true,false,public,3,1,0,false
308,\src\com\fsck\k9\activity\setup\SpinnerHelper.EntryValue.java,EntryValue,22,2,3,0,2,false,false,2,false,false,0,0,0,0,true,false,true,true,false,private,3,0,0,false
309,\src\com\fsck\k9\activity\setup\SpinnerHelper.java,SpinnerHelper,47,0,4,0,2,false,false,2,true,false,4,12,3,6,false,false,false,true,false,public,4,0,0,false
310,\src\com\fsck\k9\activity\setup\SpinnerOption.java,SpinnerOption,26,2,2,1,0,false,false,2,false,false,1,2,1,1,false,false,false,true,false,public,2,0,0,false
311,\src\com\fsck\k9\activity\setup\Prefs.java,Prefs,373,71,7,0,0,false,false,1,false,false,12,7,29,95,false,false,false,true,false,public,3,3,1,false
