index,fullpathname,classname,loc,numAttr,numMethod,setters,getters,isPersist,isCollection,numWordName,isOrEr,isController,numIfs,numParameters,numImports,numOutboundInvocation,isStaticClass,isInterface,isInnerClass,isClass,isEnum,classPublicity,numPublicMethods,numPrivateMethods,numProtectedMethods,isAbstract
0,\tests-on-jvm\src\com\fsck\k9\K9.java,K9,4,1,0,0,0,false,false,1,false,false,0,0,0,0,false,false,false,true,false,public,0,0,0,false
1,\tests-on-jvm\src\com\fsck\k9\mail\internet\DecoderUtilTest.java,DecoderUtilTest,88,0,3,1,0,false,false,3,false,false,0,0,1,2,false,false,false,true,false,public,1,0,2,false
2,\tests-on-jvm\src\com\fsck\k9\mail\internet\MimeUtilityTest.java,MimeUtilityTest,109,0,4,1,0,false,false,3,false,false,0,0,2,4,false,false,false,true,false,public,2,0,2,false
3,\tests-on-jvm\src\android\util\Log.java,Log,9,0,6,0,0,false,false,1,false,false,0,13,0,0,false,false,false,true,false,public,6,0,0,false
4,\tests-on-jvm\src\com\fsck\k9\mail\internet\TextBodyBuilderTest.java,TextBodyBuilderTest,283,2,4,0,0,false,false,4,false,false,19,19,6,18,false,false,false,true,false,public,4,0,0,false
5,\tests\src\com\zutubi\android\junitreport\JUnitReportListener.FilteringWriter.java,FilteringWriter,58,0,1,0,0,false,false,2,true,false,1,1,2,0,true,false,true,true,false,private,1,0,0,false
6,\tests\src\com\zutubi\android\junitreport\JUnitReportListener.java,JUnitReportListener,247,24,10,0,0,false,false,4,true,false,15,11,14,12,false,false,false,true,false,public,5,5,0,false
7,\tests\src\com\zutubi\android\junitreport\JUnitReportTestRunner.java,JUnitReportTestRunner,136,11,5,0,2,false,false,5,true,false,4,6,3,1,false,false,false,true,false,public,2,1,2,false
8,\tests\src\com\fsck\k9\mail\MessageTest.NonRandomMimeMultipartTest.java,NonRandomMimeMultipartTest,14,0,1,0,0,false,false,5,false,false,0,0,1,1,false,false,true,true,false,private,1,0,0,false
9,\tests\src\com\fsck\k9\net\ssl\TrustManagerFactoryTest.java,TrustManagerFactoryTest,280,18,16,1,0,false,false,4,false,false,0,3,8,5,false,false,false,true,false,public,13,2,1,false
10,\tests\src\com\fsck\k9\mail\store\ImapResponseParserTest.java,ImapResponseParserTest,78,0,6,0,0,false,false,4,false,false,0,1,6,11,false,false,false,true,false,public,5,1,0,false
11,\tests\src\com\fsck\k9\mail\MessageTest.java,MessageTest,335,3,5,0,0,false,false,2,false,false,0,2,17,10,false,false,false,true,false,public,1,4,0,false
12,\tests\src\com\fsck\k9\mail\internet\DecoderUtilTest.java,DecoderUtilTest,88,0,3,1,0,false,false,3,false,false,0,0,1,2,false,false,false,true,false,public,1,0,2,false
13,\tests\src\com\fsck\k9\mail\store\imap\ImapUtilityTest.java,ImapUtilityTest,118,0,2,0,0,false,false,3,false,false,0,0,3,25,false,false,false,true,false,public,2,0,0,false
14,\tests\src\com\fsck\k9\mail\store\ImapStoreUriTest.java,ImapStoreUriTest,97,0,9,0,0,false,false,4,false,false,0,0,8,9,false,false,false,true,false,public,9,0,0,false
15,\tests\src\com\fsck\k9\mail\internet\MimeUtilityTest.java,MimeUtilityTest,29,0,1,0,0,false,false,3,false,false,0,0,1,0,false,false,false,true,false,public,1,0,0,false
16,\tests\src\com\fsck\k9\mail\internet\ViewablesTest.java,ViewablesTest,145,0,4,0,0,false,false,2,false,false,0,0,9,5,false,false,false,true,false,public,4,0,0,false
17,\tests\src\com\fsck\k9\helper\Address.java,Address,35,0,3,0,0,false,false,1,false,false,0,0,1,8,false,false,false,true,false,public,3,0,0,false
18,\tests\src\com\fsck\k9\helper\Utility_quoteAtoms.java,quoteAtoms,53,0,4,0,0,false,false,2,false,false,0,2,1,0,false,false,false,true,false,public,2,2,0,false
19,\tests\src\com\fsck\k9\helper\HtmlConverterTest.java,HtmlConverterTest,167,2,7,0,0,false,false,3,false,false,1,1,4,4,false,false,false,true,false,public,6,1,0,false
20,\tests\src\com\fsck\k9\activity\AccountsTest.java,AccountsTest,18,0,0,0,0,false,false,2,false,false,0,0,2,0,false,false,false,true,false,public,0,0,0,false
21,\src\com\fsck\k9\Account.FolderMode.java,FolderMode,8,5,0,0,0,false,false,2,false,false,0,0,0,0,false,false,true,false,true,public,0,0,0,false
22,\tests\src\com\fsck\k9\activity\MessageReferenceTest.java,MessageReferenceTest,79,0,7,0,0,false,false,3,false,false,0,0,3,2,false,false,false,true,false,public,7,0,0,false
23,\src\com\fsck\k9\Account.MessageFormat.java,MessageFormat,8,3,0,0,0,false,false,2,false,false,0,0,0,0,false,false,true,false,true,public,0,0,0,false
24,\src\com\fsck\k9\Account.QuoteStyle.java,QuoteStyle,8,2,0,0,0,false,false,2,false,false,0,0,0,0,false,false,true,false,true,public,0,0,0,false
25,\src\com\fsck\k9\Account.Searchable.java,Searchable,8,3,0,0,0,false,false,1,false,false,0,0,0,0,false,false,true,false,true,public,0,0,0,false
26,\src\com\fsck\k9\Account.ShowPictures.java,ShowPictures,8,3,0,0,0,false,false,2,false,false,0,0,0,0,false,false,true,false,true,public,0,0,0,false
27,\src\com\fsck\k9\Account.SortType.java,SortType,28,10,2,0,1,false,false,2,false,false,0,1,0,0,false,false,true,false,true,public,2,0,0,false
28,\src\com\fsck\k9\AccountStats.java,AccountStats,12,5,0,0,0,false,false,2,false,false,0,0,1,0,false,false,false,true,false,public,0,0,0,false
29,\src\com\fsck\k9\BaseAccount.java,BaseAccount,8,0,0,0,0,false,false,2,false,false,0,0,0,0,false,true,false,false,false,public,0,0,0,false
30,\src\com\fsck\k9\Clock.java,Clock,28,1,1,0,1,false,false,1,false,false,0,0,0,1,false,false,false,true,false,public,1,0,0,false
31,\src\com\fsck\k9\EmailAddressAdapter.java,EmailAddressAdapter,47,1,3,0,0,false,false,3,true,false,0,5,7,2,false,false,false,true,false,public,3,0,0,false
32,\src\com\fsck\k9\EmailAddressValidator.java,EmailAddressValidator,14,0,3,0,0,false,false,3,true,false,0,3,2,1,false,false,false,true,false,public,3,0,0,false
33,\src\com\fsck\k9\Identity.java,Identity,51,7,13,6,6,false,false,1,false,false,0,6,1,0,false,false,false,true,false,public,13,0,0,false
34,\src\com\fsck\k9\K9.ApplicationAware.java,ApplicationAware,12,0,0,0,0,false,false,2,false,false,0,0,1,0,true,true,true,false,false,public,0,0,0,false
35,\src\com\fsck\k9\FontSizes.java,FontSizes,284,41,36,17,16,false,false,2,false,false,2,21,4,1,false,false,false,true,false,public,35,1,0,false
36,\src\com\fsck\k9\K9.BACKGROUND_OPS.java,OPS,4,3,0,0,0,false,false,3,false,false,0,0,0,0,false,false,false,false,true,public,0,0,0,false
37,\src\com\fsck\k9\K9.NotificationHideSubject.java,NotificationHideSubject,6,3,0,0,0,false,false,3,false,false,0,0,0,0,false,false,true,false,true,public,0,0,0,false
38,\src\com\fsck\k9\K9.Intents.java,Intents,25,0,0,0,0,false,false,1,false,false,0,0,0,0,true,false,true,true,false,public,0,0,0,false
39,\src\com\fsck\k9\K9.NotificationQuickDelete.java,NotificationQuickDelete,6,3,0,0,0,false,false,3,false,false,0,0,0,0,false,false,true,false,true,public,0,0,0,false
40,\src\com\fsck\k9\K9.SplitViewMode.java,SplitViewMode,6,3,0,0,0,false,false,3,false,false,0,0,0,0,false,false,true,false,true,public,0,0,0,false
41,\src\com\fsck\k9\K9.Theme.java,Theme,6,3,0,0,0,false,false,1,false,false,0,0,0,0,false,false,true,false,true,public,0,0,0,false
42,\src\com\fsck\k9\PRNGFixes.LinuxPRNGSecureRandom.java,LinuxPRNGSecureRandom,88,4,4,0,1,false,false,7,false,false,1,3,5,0,true,false,true,true,false,public,0,1,3,false
43,\src\com\fsck\k9\NotificationSetting.java,NotificationSetting,121,7,16,7,6,false,false,2,false,false,1,9,0,0,false,false,false,true,false,public,16,0,0,false
44,\src\com\fsck\k9\PRNGFixes.LinuxPRNGSecureRandomProvider.java,LinuxPRNGSecureRandomProvider,33,1,0,0,0,false,false,8,true,false,0,0,1,1,true,false,true,true,false,private,0,0,0,false
45,\src\com\fsck\k9\Account.java,Account,1609,100,178,64,57,true,false,1,false,false,51,107,41,116,false,false,false,true,false,public,171,6,1,false
46,\src\com\fsck\k9\PRNGFixes.java,PRNGFixes,179,3,6,0,2,false,false,5,false,false,8,0,10,14,false,false,false,true,false,public,1,5,0,false
47,\src\com\fsck\k9\Throttle.MyTimerTask.java,MyTimerTask,48,1,2,0,0,false,false,3,false,false,2,0,1,3,false,false,true,true,false,private,2,0,0,false
48,\src\com\fsck\k9\Preferences.java,Preferences,136,7,10,1,6,false,false,1,false,false,12,4,12,15,false,false,false,true,false,public,10,0,0,false
49,\src\com\fsck\k9\Throttle.java,Throttle,123,15,7,0,2,false,false,1,false,false,11,1,3,2,false,false,false,true,false,public,2,2,0,false
50,\src\com\fsck\k9\view\AttachmentView.AttachmentFileDownloadCallback.java,AttachmentFileDownloadCallback,10,0,0,0,0,false,false,4,false,false,0,0,0,0,false,true,true,false,false,public,0,0,0,false
51,\src\com\fsck\k9\view\AttachmentView.IntentAndResolvedActivitiesCount.java,IntentAndResolvedActivitiesCount,19,2,3,0,3,false,false,5,false,false,0,0,1,1,true,false,true,true,false,private,3,0,0,false
52,\src\com\fsck\k9\view\AttachmentView.LoadAndDisplayThumbnailAsyncTask.java,LoadAndDisplayThumbnailAsyncTask,39,1,3,0,1,false,false,6,false,false,1,2,7,3,false,false,true,true,false,private,0,1,2,false
53,\src\com\fsck\k9\K9.java,K9,1037,96,120,55,19,false,false,1,false,false,23,63,38,51,false,false,false,true,false,public,117,1,2,false
54,\src\com\fsck\k9\view\AttachmentView.ViewAttachmentAsyncTask.java,ViewAttachmentAsyncTask,31,0,4,0,0,false,false,4,false,false,0,3,6,0,false,false,true,true,false,private,0,1,3,false
55,\src\com\fsck\k9\view\ClientCertificateSpinner.OnClientCertificateChangedListener.java,OnClientCertificateChangedListener,4,0,0,0,0,false,false,5,true,false,0,0,0,0,false,true,true,false,false,public,0,0,0,false
56,\src\com\fsck\k9\view\ClientCertificateSpinner.java,ClientCertificateSpinner,97,5,6,2,1,false,false,3,true,false,6,2,13,5,false,false,false,true,false,public,4,2,0,false
57,\src\com\fsck\k9\view\AttachmentView.java,AttachmentView,320,12,23,2,4,false,false,2,false,false,18,20,39,25,false,false,false,true,false,public,8,15,0,false
58,\src\com\fsck\k9\view\ColorChip.java,ColorChip,61,6,1,0,0,false,false,2,false,false,2,0,5,9,false,false,false,true,false,public,1,0,0,false
59,\src\com\fsck\k9\view\FoldableLinearLayout.SavedState.java,SavedState,39,2,1,0,0,false,false,2,false,false,0,2,2,2,true,false,true,true,false,default,1,0,0,false
60,\src\com\fsck\k9\view\K9PullToRefreshListView.java,K9PullToRefreshListView,49,0,1,0,0,false,false,6,false,false,2,2,6,1,false,false,false,true,false,public,0,0,1,false
61,\src\com\fsck\k9\view\FoldableLinearLayout.java,FoldableLinearLayout,200,11,8,0,0,false,false,3,false,false,10,6,14,8,false,false,false,true,false,public,1,3,4,false
62,\src\com\fsck\k9\view\MessageHeader.HeaderEntry.java,HeaderEntry,9,2,0,0,0,false,false,2,false,false,0,0,0,0,true,false,true,true,false,private,0,0,0,false
63,\src\com\fsck\k9\view\MessageHeader.OnLayoutChangedListener.java,OnLayoutChangedListener,4,0,0,0,0,false,false,4,true,false,0,0,0,0,false,true,true,false,false,public,0,0,0,false
64,\src\com\fsck\k9\view\MessageCryptoView.java,MessageCryptoView,123,7,4,2,0,false,false,3,false,false,11,4,14,10,false,false,false,true,false,public,4,0,0,false
65,\src\com\fsck\k9\view\MessageHeader.SavedState.java,SavedState,29,2,1,0,0,false,false,2,false,false,0,2,2,2,true,false,true,true,false,default,1,0,0,false
66,\src\com\fsck\k9\view\MessageOpenPgpView.DecryptVerifyCallback.java,DecryptVerifyCallback,60,2,1,0,0,false,false,3,false,false,3,1,11,3,false,false,true,true,false,private,1,0,0,false
67,\src\com\fsck\k9\view\MessageHeader.java,MessageHeader,356,23,18,2,1,false,false,2,true,false,20,13,36,34,false,false,false,true,false,public,9,8,1,false
68,\src\com\fsck\k9\view\MessageTitleView.java,MessageTitleView,58,4,3,1,0,false,false,3,false,false,3,6,4,2,false,false,false,true,false,public,2,0,1,false
69,\src\com\fsck\k9\view\MessageOpenPgpView.java,MessageOpenPgpView,307,16,10,2,1,false,false,4,false,false,18,11,36,33,false,false,false,true,false,public,4,4,2,false
70,\src\com\fsck\k9\view\MessageWebView.java,MessageWebView,120,0,5,1,0,false,false,3,false,false,3,2,10,9,false,false,false,true,false,public,4,1,0,false
71,\src\com\fsck\k9\view\NonLockingScrollView.java,NonLockingScrollView,145,4,7,0,1,false,false,4,false,false,8,8,7,9,false,false,false,true,false,public,2,4,1,false
72,\src\com\fsck\k9\view\RigidWebView.java,RigidWebView,88,8,3,0,0,false,false,3,false,false,4,6,8,5,false,false,false,true,false,public,0,2,1,false
73,\src\com\fsck\k9\view\SingleMessageView.DownloadImageTask.java,DownloadImageTask,113,0,2,0,0,false,false,3,false,false,12,2,16,15,false,false,true,true,false,default,0,0,2,false
74,\src\com\fsck\k9\view\SingleMessageView.SavedState.java,SavedState,35,4,1,0,0,false,false,2,false,false,0,2,2,4,true,false,true,true,false,default,1,0,0,false
75,\src\com\fsck\k9\view\ViewSwitcher.OnSwitchCompleteListener.java,OnSwitchCompleteListener,14,0,0,0,0,false,false,4,true,false,1,0,0,0,false,true,true,false,false,public,0,0,0,false
76,\src\com\fsck\k9\view\ViewSwitcher.java,ViewSwitcher,96,5,16,6,4,false,false,2,true,false,5,10,6,3,false,false,false,true,false,public,14,2,0,false
77,\src\com\fsck\k9\service\BootReceiver.java,BootReceiver,112,5,5,0,0,false,false,2,true,false,8,11,9,7,false,false,false,true,false,public,4,1,0,false
78,\src\com\fsck\k9\service\CoreReceiver.java,CoreReceiver,72,4,5,0,1,false,false,2,true,false,9,9,10,3,false,false,false,true,false,public,3,2,0,false
79,\src\com\fsck\k9\view\SingleMessageView.java,SingleMessageView,609,34,40,8,2,false,false,3,false,false,28,40,46,54,false,false,false,true,false,public,37,3,0,false
80,\src\com\fsck\k9\service\CoreService.java,CoreService,386,8,12,1,0,false,false,2,false,false,19,19,15,20,false,false,false,true,false,public,6,0,6,true
81,\src\com\fsck\k9\service\DatabaseUpgradeService.java,DatabaseUpgradeService,186,14,11,0,0,false,false,3,false,false,3,8,14,6,false,false,false,true,false,public,4,7,0,false
82,\src\com\fsck\k9\service\NotificationActionService.java,NotificationActionService,105,7,5,0,4,false,false,3,false,false,8,13,13,9,false,false,false,true,false,public,5,0,0,false
83,\src\com\fsck\k9\service\PollService.Listener.java,Listener,77,3,9,1,1,false,false,1,true,false,6,12,9,8,false,false,true,true,false,default,8,1,0,false
84,\src\com\fsck\k9\service\PollService.java,PollService,62,3,5,0,0,false,false,2,false,false,6,5,6,7,false,false,false,true,false,public,5,0,0,false
85,\src\com\fsck\k9\service\PushService.java,PushService,48,2,5,0,0,false,false,2,false,false,3,5,5,3,false,false,false,true,false,public,5,0,0,false
86,\src\com\fsck\k9\service\RemoteControlReceiver.java,RemoteControlReceiver,40,0,1,0,0,false,false,3,true,false,2,3,9,5,false,false,false,true,false,public,1,0,0,false
87,\src\com\fsck\k9\service\MailService.java,MailService,367,14,23,1,1,false,false,2,false,false,39,32,15,55,false,false,false,true,false,public,12,11,0,false
88,\src\com\fsck\k9\service\ShutdownReceiver.java,ShutdownReceiver,34,0,1,0,0,false,false,2,true,false,1,2,5,1,false,false,false,true,false,public,1,0,0,false
89,\src\com\fsck\k9\service\RemoteControlService.java,RemoteControlService,142,4,2,1,0,false,false,3,false,false,22,5,14,17,false,false,false,true,false,public,2,0,0,false
90,\src\com\fsck\k9\service\SleepService.SleepDatum.java,SleepDatum,9,4,0,0,0,false,false,2,false,false,0,0,2,0,true,false,true,true,false,private,0,0,0,false
91,\src\com\fsck\k9\service\StorageGoneReceiver.java,StorageGoneReceiver,35,0,1,0,0,false,false,3,true,false,3,2,7,5,false,false,false,true,false,public,1,0,0,false
92,\src\com\fsck\k9\service\SleepService.java,SleepService,114,4,4,0,0,false,false,2,false,false,17,8,9,13,false,false,false,true,false,public,2,2,0,false
93,\src\com\fsck\k9\service\StorageReceiver.java,StorageReceiver,29,0,1,0,0,false,false,2,true,false,3,2,7,5,false,false,false,true,false,public,1,0,0,false
94,\src\com\fsck\k9\security\LocalKeyStore.LocalKeyStoreHolder.java,LocalKeyStoreHolder,4,1,0,0,0,false,false,4,true,false,0,0,0,0,true,false,true,true,false,private,0,0,0,false
95,\src\com\fsck\k9\search\ConditionsTreeNode.Operator.java,Operator,11,3,0,0,0,false,false,1,true,false,0,0,0,0,false,false,true,false,true,public,0,0,0,false
96,\src\com\fsck\k9\security\LocalKeyStore.java,LocalKeyStore,167,4,10,2,3,false,false,3,false,false,8,13,13,11,false,false,false,true,false,public,6,4,0,false
97,\src\com\fsck\k9\search\ConditionsTreeNode.java,ConditionsTreeNode,362,8,18,0,3,false,false,3,false,false,16,15,11,17,false,false,false,true,false,public,11,6,0,false
98,\src\com\fsck\k9\search\LocalSearch.java,LocalSearch,352,7,23,2,6,false,false,2,false,false,9,15,6,18,false,false,false,true,false,public,23,0,0,false
99,\src\com\fsck\k9\search\SearchAccount.java,SearchAccount,80,6,9,2,5,false,false,2,false,false,1,4,5,0,false,false,false,true,false,public,9,0,0,false
100,\src\com\fsck\k9\search\SearchSpecification.Attribute.java,Attribute,11,8,0,0,0,false,false,1,false,false,0,0,0,0,false,false,true,false,true,public,0,0,0,false
101,\src\com\fsck\k9\search\SearchSpecification.SearchCondition.java,SearchCondition,58,4,5,0,0,false,false,2,false,false,2,3,2,7,false,false,true,true,false,public,5,0,0,false
102,\src\com\fsck\k9\search\SearchSpecification.Searchfield.java,Searchfield,23,20,0,0,0,false,false,1,false,false,0,0,0,0,false,false,true,false,true,public,0,0,0,false
103,\src\com\fsck\k9\search\SearchSpecification.java,SearchSpecification,55,1,0,0,0,false,false,2,false,false,0,0,1,0,false,true,false,false,false,public,0,0,0,false
104,\src\com\fsck\k9\remotecontrol\AccountReceiver.java,AccountReceiver,23,1,1,0,0,false,false,2,true,false,2,2,5,1,false,false,false,true,false,default,1,0,0,false
105,\src\com\fsck\k9\search\SqlQueryBuilder.java,SqlQueryBuilder,265,0,8,0,2,false,false,3,true,false,12,21,9,7,false,false,false,true,false,public,2,6,0,false
106,\src\com\fsck\k9\remotecontrol\K9AccountReceptor.java,K9AccountReceptor,10,0,0,0,0,false,false,3,true,false,0,0,0,0,false,true,false,false,false,public,0,0,0,false
107,\src\com\fsck\k9\provider\AttachmentProvider.AttachmentProviderColumns.java,AttachmentProviderColumns,16,4,0,0,0,false,false,3,false,false,0,0,1,0,true,false,true,true,false,public,0,0,0,false
108,\src\com\fsck\k9\remotecontrol\K9RemoteControl.java,K9RemoteControl,117,29,2,1,0,false,false,3,false,false,0,4,3,0,false,false,false,true,false,public,2,0,0,false
109,\src\com\fsck\k9\provider\EmailProvider.FolderColumns.java,FolderColumns,29,14,0,0,0,false,false,2,false,false,0,0,0,0,false,true,true,false,false,public,0,0,0,false
110,\src\com\fsck\k9\provider\EmailProvider.InternalMessageColumns.java,InternalMessageColumns,20,5,0,0,0,false,false,3,false,false,0,0,0,0,false,true,true,false,false,private,0,0,0,false
111,\src\com\fsck\k9\provider\EmailProvider.IdTrickeryCursor.java,IdTrickeryCursor,34,0,2,0,2,false,false,3,true,false,2,2,2,0,true,false,true,true,false,default,2,0,0,false
112,\src\com\fsck\k9\provider\EmailProvider.MessageColumns.java,MessageColumns,34,19,0,0,0,false,false,2,false,false,0,0,0,0,false,true,true,false,false,public,0,0,0,false
113,\src\com\fsck\k9\provider\EmailProvider.SpecialColumns.java,SpecialColumns,19,4,0,0,0,false,false,2,false,false,0,0,0,0,false,true,true,false,false,public,0,0,0,false
114,\src\com\fsck\k9\provider\AttachmentProvider.java,AttachmentProvider,277,5,17,0,7,false,false,2,true,false,16,43,20,34,false,false,false,true,false,public,12,5,0,false
115,\src\com\fsck\k9\provider\EmailProvider.StatsColumns.java,StatsColumns,17,2,0,0,0,false,false,2,false,false,0,0,0,0,false,true,true,false,false,public,0,0,0,false
116,\src\com\fsck\k9\provider\EmailProvider.SpecialColumnsCursor.java,SpecialColumnsCursor,142,3,14,0,13,false,false,3,true,false,12,12,3,2,true,false,true,true,false,default,14,0,0,false
117,\src\com\fsck\k9\provider\EmailProvider.ThreadColumns.java,ThreadColumns,19,4,0,0,0,false,false,2,false,false,0,0,0,0,false,true,true,false,false,public,0,0,0,false
118,\src\com\fsck\k9\provider\MessageProvider.AccountColorExtractor.java,AccountColorExtractor,8,0,1,0,1,false,false,3,true,false,0,1,1,1,true,false,true,true,false,public,1,0,0,false
119,\src\com\fsck\k9\provider\MessageProvider.AccountExtractor.java,AccountExtractor,8,0,1,0,1,false,false,2,true,false,0,1,1,1,true,false,true,true,false,public,1,0,0,false
120,\src\com\fsck\k9\provider\MessageProvider.AccountNumberExtractor.java,AccountNumberExtractor,8,0,1,0,1,false,false,3,true,false,0,1,1,1,true,false,true,true,false,public,1,0,0,false
121,\src\com\fsck\k9\provider\EmailProvider.java,EmailProvider,467,18,13,0,7,true,false,2,true,false,24,39,24,14,false,false,false,true,false,public,6,4,3,false
122,\src\com\fsck\k9\provider\MessageProvider.AccountsQueryHandler.java,AccountsQueryHandler,49,4,3,0,2,false,false,3,true,false,2,6,5,5,false,false,true,true,false,protected,3,0,0,false
123,\src\com\fsck\k9\provider\MessageProvider.CountExtractor.java,CountExtractor,11,1,1,0,1,false,false,2,true,false,0,1,0,0,true,false,true,true,false,public,1,0,0,false
124,\src\com\fsck\k9\provider\MessageProvider.DeleteUriExtractor.java,DeleteUriExtractor,12,0,1,0,1,false,false,3,true,false,0,1,2,2,true,false,true,true,false,public,1,0,0,false
125,\src\com\fsck\k9\provider\MessageProvider.FieldExtractor.java,FieldExtractor,4,0,0,0,0,false,false,2,true,false,0,0,0,0,true,true,true,false,false,public,0,0,0,false
126,\src\com\fsck\k9\provider\MessageProvider.HasAttachmentsExtractor.java,HasAttachmentsExtractor,8,0,1,0,1,false,false,3,true,false,0,1,1,1,true,false,true,true,false,public,1,0,0,false
127,\src\com\fsck\k9\provider\MessageProvider.HasStarExtractor.java,HasStarExtractor,9,0,1,0,1,false,false,3,true,false,0,1,2,0,true,false,true,true,false,public,1,0,0,false
128,\src\com\fsck\k9\provider\MessageProvider.IdExtractor.java,IdExtractor,8,0,1,0,1,false,false,2,true,false,0,1,1,1,true,false,true,true,false,public,1,0,0,false
129,\src\com\fsck\k9\provider\MessageProvider.IncrementExtractor.java,IncrementExtractor,11,1,1,0,1,false,false,2,true,false,0,1,1,0,true,false,true,true,false,public,1,0,0,false
130,\src\com\fsck\k9\provider\MessageProvider.MessageColumns.java,MessageColumns,57,14,0,0,0,false,false,2,false,false,0,0,1,0,true,true,true,false,false,public,0,0,0,false
131,\src\com\fsck\k9\provider\MessageProvider.MesssageInfoHolderRetrieverListener.java,MesssageInfoHolderRetrieverListener,51,2,2,0,0,false,false,5,true,false,0,4,14,2,false,false,true,true,false,protected,2,0,0,false
132,\src\com\fsck\k9\provider\MessageProvider.MessagesQueryHandler.java,MessagesQueryHandler,105,0,4,0,2,false,false,3,true,false,3,8,12,23,false,false,true,true,false,protected,2,0,2,false
133,\src\com\fsck\k9\provider\MessageProvider.PreviewExtractor.java,PreviewExtractor,8,0,1,0,1,false,false,2,true,false,0,1,1,1,true,false,true,true,false,public,1,0,0,false
134,\src\com\fsck\k9\provider\MessageProvider.MonitoredCursor.java,MonitoredCursor,276,3,45,1,19,false,false,2,true,false,2,27,12,24,true,false,true,true,false,protected,43,0,2,false
135,\src\com\fsck\k9\provider\MessageProvider.QueryHandler.java,QueryHandler,23,0,0,0,0,false,false,2,true,false,0,0,2,0,true,true,true,false,false,protected,0,0,0,false
136,\src\com\fsck\k9\provider\MessageProvider.ReverseDateComparator.java,ReverseDateComparator,15,0,1,0,0,false,false,3,true,false,1,2,2,0,true,false,true,true,false,public,1,0,0,false
137,\src\com\fsck\k9\provider\MessageProvider.SendDateExtractor.java,SendDateExtractor,8,0,1,0,1,false,false,3,true,false,0,1,1,1,true,false,true,true,false,public,1,0,0,false
138,\src\com\fsck\k9\provider\MessageProvider.SenderAddressExtractor.java,SenderAddressExtractor,8,0,1,0,1,false,false,3,true,false,0,1,1,0,true,false,true,true,false,public,1,0,0,false
139,\src\com\fsck\k9\provider\MessageProvider.SenderExtractor.java,SenderExtractor,8,0,1,0,1,false,false,2,true,false,0,1,1,0,true,false,true,true,false,public,1,0,0,false
140,\src\com\fsck\k9\provider\MessageProvider.SubjectExtractor.java,SubjectExtractor,8,0,1,0,1,false,false,2,true,false,0,1,1,1,true,false,true,true,false,public,1,0,0,false
141,\src\com\fsck\k9\provider\MessageProvider.ThrottlingQueryHandler.java,ThrottlingQueryHandler,56,1,2,0,1,false,false,3,true,false,3,5,7,8,false,false,true,true,false,protected,2,0,0,false
142,\src\com\fsck\k9\provider\MessageProvider.UnreadExtractor.java,UnreadExtractor,8,0,1,0,1,false,false,2,true,false,0,1,1,0,true,false,true,true,false,public,1,0,0,false
143,\src\com\fsck\k9\provider\MessageProvider.UriExtractor.java,UriExtractor,8,0,1,0,1,false,false,2,true,false,0,1,1,0,true,false,true,true,false,public,1,0,0,false
144,\src\com\fsck\k9\provider\MessageProvider.UnreadQueryHandler.java,UnreadQueryHandler,65,0,3,0,2,false,false,3,true,false,2,6,11,8,false,false,true,true,false,protected,2,1,0,false
145,\src\com\fsck\k9\provider\MessageProvider.java,MessageProvider,230,8,7,0,1,false,false,2,true,false,16,16,23,11,false,false,false,true,false,public,6,0,1,false
146,\src\com\fsck\k9\provider\UnreadWidgetProvider.java,UnreadWidgetProvider,132,1,4,0,0,false,false,3,true,false,9,10,21,8,false,false,false,true,false,public,4,0,0,false
147,\src\com\fsck\k9\preferences\AccountSettings.DeletePolicySetting.java,DeletePolicySetting,31,1,2,0,1,false,true,3,false,false,1,1,5,0,true,false,true,true,false,public,1,0,1,false
148,\src\com\fsck\k9\preferences\AccountSettings.IntegerResourceSetting.java,IntegerResourceSetting,31,1,2,0,1,false,true,3,false,false,0,1,5,1,true,false,true,true,false,public,1,0,1,false
149,\src\com\fsck\k9\preferences\AccountSettings.RingtoneSetting.java,RingtoneSetting,12,0,1,0,0,false,false,2,false,false,0,1,1,0,true,false,true,true,false,public,1,0,0,false
150,\src\com\fsck\k9\preferences\AccountSettings.StorageProviderSetting.java,StorageProviderSetting,23,0,2,0,1,false,false,3,false,false,1,1,4,2,true,false,true,true,false,public,2,0,0,false
151,\src\com\fsck\k9\preferences\AccountSettings.StringResourceSetting.java,StringResourceSetting,29,1,2,0,1,false,true,3,false,false,1,1,5,1,true,false,true,true,false,public,1,0,1,false
152,\src\com\fsck\k9\preferences\CheckBoxListPreference.java,CheckBoxListPreference,58,3,5,2,1,false,false,4,false,false,1,4,5,1,false,false,false,true,false,public,3,0,2,false
153,\src\com\fsck\k9\preferences\Editor.java,Editor,124,5,12,0,0,false,false,1,true,false,6,14,7,12,false,false,false,true,false,public,12,0,0,false
154,\src\com\fsck\k9\preferences\AccountSettings.java,AccountSettings,270,2,4,0,1,false,false,2,false,false,1,8,14,1,false,false,false,true,false,public,4,0,0,false
155,\src\com\fsck\k9\preferences\FolderSettings.java,FolderSettings,65,2,4,0,1,false,false,2,false,false,1,9,9,1,false,false,false,true,false,public,4,0,0,false
156,\src\com\fsck\k9\preferences\GlobalSettings.DirectorySetting.java,DirectorySetting,17,0,1,0,0,false,false,2,false,false,1,1,2,1,true,false,true,true,false,public,1,0,0,false
157,\src\com\fsck\k9\preferences\GlobalSettings.LanguageSetting.java,LanguageSetting,34,1,2,0,1,false,true,2,false,false,2,1,6,2,true,false,true,true,false,public,1,0,1,false
158,\src\com\fsck\k9\preferences\GlobalSettings.SettingsUpgraderV12.java,SettingsUpgraderV12,21,0,1,0,0,false,false,3,false,false,1,1,6,1,true,false,true,true,false,public,1,0,0,false
159,\src\com\fsck\k9\preferences\GlobalSettings.SettingsUpgraderV24.java,SettingsUpgraderV24,16,0,1,0,0,false,false,3,false,false,1,1,4,0,true,false,true,true,false,public,1,0,0,false
160,\src\com\fsck\k9\preferences\GlobalSettings.SettingsUpgraderV31.java,SettingsUpgraderV31,35,0,2,0,0,false,false,3,false,false,1,2,5,1,true,false,true,true,false,public,2,0,0,false
161,\src\com\fsck\k9\preferences\GlobalSettings.SubThemeSetting.java,SubThemeSetting,36,1,3,0,0,false,false,3,false,false,3,3,3,1,true,false,true,true,false,public,3,0,0,false
162,\src\com\fsck\k9\preferences\GlobalSettings.ThemeSetting.java,ThemeSetting,50,2,4,0,0,false,false,2,false,false,3,4,2,3,true,false,true,true,false,public,4,0,0,false
163,\src\com\fsck\k9\preferences\GlobalSettings.TimeSetting.java,TimeSetting,14,0,1,0,0,false,false,2,false,false,1,1,1,0,true,false,true,true,false,public,1,0,0,false
164,\src\com\fsck\k9\preferences\IdentitySettings.OptionalEmailAddressSetting.java,OptionalEmailAddressSetting,29,1,4,0,0,false,false,4,false,false,1,4,2,2,true,false,true,true,false,public,4,0,0,false
165,\src\com\fsck\k9\preferences\IdentitySettings.SignatureSetting.java,SignatureSetting,17,0,2,0,1,false,false,2,false,false,0,1,3,1,true,false,true,true,false,public,2,0,0,false
166,\src\com\fsck\k9\preferences\IdentitySettings.java,IdentitySettings,66,2,5,0,1,false,false,2,false,false,1,10,9,1,false,false,false,true,false,public,5,0,0,false
167,\src\com\fsck\k9\preferences\GlobalSettings.java,GlobalSettings,307,2,4,0,1,false,false,2,false,false,1,6,15,5,false,false,false,true,false,public,4,0,0,false
168,\src\com\fsck\k9\preferences\Settings.BooleanSetting.java,BooleanSetting,23,0,1,0,0,false,false,2,false,false,1,1,0,2,true,false,true,true,false,public,1,0,0,false
169,\src\com\fsck\k9\preferences\Settings.ColorSetting.java,ColorSetting,36,0,3,0,0,false,false,2,false,false,1,3,0,1,true,false,true,true,false,public,3,0,0,false
170,\src\com\fsck\k9\preferences\Settings.EnumSetting.java,EnumSetting,24,1,1,0,0,false,false,2,false,false,0,1,0,0,true,false,true,true,false,public,1,0,0,false
171,\src\com\fsck\k9\preferences\Settings.FontSizeSetting.java,FontSizeSetting,42,1,2,0,1,false,true,3,false,false,1,1,4,0,true,false,true,true,false,public,1,0,1,false
172,\src\com\fsck\k9\preferences\Settings.IntegerRangeSetting.java,IntegerRangeSetting,28,2,1,0,0,false,false,3,false,false,1,1,0,0,true,false,true,true,false,public,1,0,0,false
173,\src\com\fsck\k9\preferences\Settings.InvalidSettingValueException.java,InvalidSettingValueException,12,1,0,0,0,false,false,4,false,false,0,0,0,0,true,false,true,true,false,public,0,0,0,false
174,\src\com\fsck\k9\preferences\Settings.PseudoEnumSetting.java,PseudoEnumSetting,30,0,2,0,0,false,false,3,false,false,1,2,2,3,true,false,true,true,false,public,2,0,0,true
175,\src\com\fsck\k9\preferences\Settings.SettingsDescription.java,SettingsDescription,75,1,4,0,1,false,false,2,false,false,0,3,0,1,true,false,true,true,false,public,4,0,0,true
176,\src\com\fsck\k9\preferences\Settings.SettingsUpgrader.java,SettingsUpgrader,24,0,0,0,0,false,false,2,true,false,0,0,2,0,false,true,true,false,false,public,0,0,0,false
177,\src\com\fsck\k9\preferences\Settings.StringSetting.java,StringSetting,18,0,1,0,0,false,false,2,false,false,0,1,0,0,true,false,true,true,false,public,1,0,0,false
178,\src\com\fsck\k9\preferences\Settings.V.java,V,17,2,0,0,0,false,false,1,false,false,0,0,0,0,true,false,true,true,false,public,0,0,0,false
179,\src\com\fsck\k9\preferences\Settings.WebFontSizeSetting.java,WebFontSizeSetting,39,1,2,0,1,false,true,4,false,false,1,1,3,0,true,false,true,true,false,public,1,0,1,false
180,\src\com\fsck\k9\preferences\Settings.java,Settings,275,1,4,0,0,false,false,1,false,false,13,11,9,18,false,false,false,true,false,public,4,0,0,false
181,\src\com\fsck\k9\preferences\SettingsImportExportException.java,SettingsImportExportException,16,1,0,0,0,false,false,4,false,false,0,0,0,0,false,false,false,true,false,public,0,0,0,false
182,\src\com\fsck\k9\preferences\SettingsImporter.AccountDescription.java,AccountDescription,15,2,0,0,0,false,false,2,false,false,0,0,0,0,true,false,true,true,false,public,0,0,0,false
183,\src\com\fsck\k9\preferences\SettingsImporter.AccountDescriptionPair.java,AccountDescriptionPair,12,3,0,0,0,false,false,3,false,false,0,0,0,0,true,false,true,true,false,public,0,0,0,false
184,\src\com\fsck\k9\preferences\SettingsImporter.ImportContents.java,ImportContents,16,2,0,0,0,false,false,2,false,false,0,0,1,0,true,false,true,true,false,public,0,0,0,false
185,\src\com\fsck\k9\preferences\SettingsExporter.java,SettingsExporter,438,31,8,0,0,false,false,2,true,false,35,26,27,50,false,false,false,true,false,public,2,6,0,false
186,\src\com\fsck\k9\preferences\SettingsImporter.ImportResults.java,ImportResults,14,3,0,0,0,false,false,2,false,false,0,0,1,0,true,false,true,true,false,public,0,0,0,false
187,\src\com\fsck\k9\preferences\SettingsImporter.Imported.java,Imported,7,3,0,0,0,false,false,1,false,false,0,0,1,0,true,false,true,true,false,private,0,0,0,false
188,\src\com\fsck\k9\preferences\SettingsImporter.ImportedAccount.java,ImportedAccount,11,7,0,0,0,false,false,2,false,false,0,0,1,0,true,false,true,true,false,private,0,0,0,false
189,\src\com\fsck\k9\preferences\SettingsImporter.ImportedFolder.java,ImportedFolder,5,2,0,0,0,false,false,2,true,false,0,0,0,0,true,false,true,true,false,private,0,0,0,false
190,\src\com\fsck\k9\preferences\SettingsImporter.ImportedIdentity.java,ImportedIdentity,7,4,0,0,0,false,false,2,false,false,0,0,0,0,true,false,true,true,false,private,0,0,0,false
191,\src\com\fsck\k9\preferences\SettingsImporter.ImportedServer.java,ImportedServer,13,9,0,0,0,false,false,2,true,false,0,0,1,0,true,false,true,true,false,private,0,0,0,false
192,\src\com\fsck\k9\preferences\SettingsImporter.ImportedServerSettings.java,ImportedServerSettings,44,1,3,0,1,false,false,3,false,false,1,2,4,0,true,false,true,true,false,private,1,2,0,false
193,\src\com\fsck\k9\preferences\SettingsImporter.ImportedSettings.java,ImportedSettings,6,1,0,0,0,false,false,2,false,false,0,0,2,0,true,false,true,true,false,private,0,0,0,false
194,\src\com\fsck\k9\preferences\TimePickerPreference.java,TimePickerPreference,149,4,8,1,3,false,false,3,false,false,6,5,7,2,false,false,false,true,false,public,3,3,2,false
195,\src\com\fsck\k9\net\ssl\KeyChainKeyManager.java,KeyChainKeyManager,186,4,12,0,4,false,false,4,true,false,11,25,20,5,false,false,false,true,false,public,8,4,0,false
196,\src\com\fsck\k9\net\ssl\TrustManagerFactory.SecureX509TrustManager.java,SecureX509TrustManager,58,3,4,0,2,false,false,4,true,false,2,6,8,3,true,false,true,true,false,private,4,0,0,false
197,\src\com\fsck\k9\preferences\Storage.java,Storage,359,9,25,0,8,true,false,1,false,false,29,31,16,41,false,false,false,true,false,public,13,7,5,false
198,\src\com\fsck\k9\net\ssl\TrustManagerFactory.java,TrustManagerFactory,38,3,1,0,1,false,false,3,false,false,2,2,7,2,false,false,false,true,false,public,1,0,0,false
199,\src\com\fsck\k9\preferences\SettingsImporter.java,SettingsImporter,875,0,24,0,2,false,false,2,true,false,90,64,25,95,false,false,false,true,false,public,2,22,0,false
200,\src\com\fsck\k9\net\ssl\TrustedSocketFactory.java,TrustedSocketFactory,141,5,4,0,0,false,false,3,false,false,6,11,15,8,false,false,false,true,false,public,2,1,1,false
201,\src\com\fsck\k9\mail\Authentication.java,Authentication,71,1,2,0,0,false,false,1,false,false,1,6,3,2,false,false,false,true,false,public,2,0,0,false
202,\src\com\fsck\k9\mail\AuthenticationFailedException.java,AuthenticationFailedException,10,1,0,0,0,false,false,3,false,false,0,0,0,0,false,false,false,true,false,public,0,0,0,false
203,\src\com\fsck\k9\mail\Body.java,Body,10,0,0,0,0,false,false,1,false,false,0,0,4,0,false,true,false,false,false,public,0,0,0,false
204,\src\com\fsck\k9\mail\Address.java,Address,329,4,19,2,3,false,false,1,false,false,30,13,19,25,false,false,false,true,false,public,19,0,0,false
205,\src\com\fsck\k9\mail\BodyPart.java,BodyPart,12,1,2,1,1,false,false,2,false,false,0,1,0,0,false,false,false,true,false,public,2,0,0,true
206,\src\com\fsck\k9\mail\CertificateChainException.java,CertificateChainException,27,2,2,1,1,false,false,3,false,false,0,1,2,0,false,false,false,true,false,public,2,0,0,false
207,\src\com\fsck\k9\mail\CertificateValidationException.java,CertificateValidationException,90,3,3,0,1,false,false,3,false,false,3,0,5,5,false,false,false,true,false,public,2,1,0,false
208,\src\com\fsck\k9\mail\CompositeBody.java,CompositeBody,24,0,0,0,0,false,false,2,false,false,0,0,0,0,false,true,false,false,false,public,0,0,0,false
209,\src\com\fsck\k9\mail\FetchProfile.Item.java,Item,42,5,0,0,0,false,false,1,false,false,0,0,0,0,false,false,true,false,true,public,0,0,0,false
210,\src\com\fsck\k9\mail\FetchProfile.java,FetchProfile,22,1,0,0,0,false,true,2,false,false,0,0,1,0,false,false,false,true,false,public,0,0,0,false
211,\src\com\fsck\k9\mail\Flag.java,Flag,49,14,0,0,0,false,false,1,false,false,0,0,0,0,false,false,false,false,true,public,0,0,0,false
212,\src\com\fsck\k9\mail\Folder.FolderClass.java,FolderClass,4,5,0,0,0,false,false,2,false,false,0,0,0,0,false,false,true,false,true,public,0,0,0,false
213,\src\com\fsck\k9\mail\Folder.FolderType.java,FolderType,4,2,0,0,0,false,false,2,false,false,0,0,0,0,false,false,true,false,true,public,0,0,0,false
214,\src\com\fsck\k9\mail\Message.RecipientType.java,RecipientType,4,3,0,0,0,false,false,2,false,false,0,0,0,0,false,false,true,false,true,public,0,0,0,false
215,\src\com\fsck\k9\mail\Folder.java,Folder,188,7,25,3,10,false,false,1,true,false,1,23,8,3,false,false,false,true,false,public,25,0,0,true
216,\src\com\fsck\k9\mail\MessagingException.java,MessagingException,25,2,2,1,0,false,false,2,false,false,0,1,0,0,false,false,false,true,false,public,2,0,0,false
217,\src\com\fsck\k9\mail\Message.java,Message,230,6,19,5,4,false,false,1,false,false,8,14,10,13,false,false,false,true,false,public,18,0,1,true
218,\src\com\fsck\k9\mail\Multipart.java,Multipart,59,3,11,3,4,false,false,1,false,false,3,9,4,3,false,false,false,true,false,public,11,0,0,true
219,\src\com\fsck\k9\mail\Part.java,Part,30,0,0,0,0,false,false,1,false,false,0,0,2,0,false,true,false,false,false,public,0,0,0,false
220,\src\com\fsck\k9\mail\PushReceiver.java,PushReceiver,15,0,0,0,0,false,false,2,true,false,0,0,3,0,false,true,false,false,false,public,0,0,0,false
221,\src\com\fsck\k9\mail\Pusher.java,Pusher,14,0,0,0,0,false,false,1,true,false,0,0,1,0,false,true,false,false,false,public,0,0,0,false
222,\src\com\fsck\k9\mail\transport\SmtpTransport.NegativeSmtpReplyException.java,NegativeSmtpReplyException,20,3,2,0,2,false,false,4,false,false,0,0,3,0,true,false,true,true,false,default,2,0,0,false
223,\src\com\fsck\k9\mail\Transport.java,Transport,63,2,3,0,1,false,false,1,false,false,3,3,3,1,false,false,false,true,false,public,3,0,0,true
224,\src\com\fsck\k9\mail\ServerSettings.java,ServerSettings,179,9,4,0,1,false,false,2,false,false,1,5,3,0,false,false,false,true,false,public,3,0,1,false
225,\src\com\fsck\k9\mail\Store.java,Store,206,6,16,0,4,false,false,1,false,false,9,10,11,7,false,false,false,true,false,public,14,2,0,true
226,\src\com\fsck\k9\mail\transport\WebDavTransport.java,WebDavTransport,57,2,5,0,0,false,false,3,false,false,3,3,8,3,false,false,false,true,false,public,5,0,0,false
227,\src\com\fsck\k9\mail\transport\imap\ImapSettings.java,ImapSettings,22,0,0,0,0,false,false,2,false,false,0,0,2,0,false,true,false,false,false,public,0,0,0,false
228,\src\com\fsck\k9\mail\store\ImapResponseParser.IImapResponseCallback.java,IImapResponseCallback,24,0,0,0,0,false,false,4,false,false,0,0,2,0,false,true,true,false,false,public,0,0,0,false
229,\src\com\fsck\k9\mail\store\ImapResponseParser.ImapList.java,ImapList,99,1,15,0,13,false,true,2,false,false,5,15,4,0,true,false,true,true,false,public,13,2,0,false
230,\src\com\fsck\k9\mail\store\ImapResponseParser.ImapResponse.java,ImapResponse,26,4,2,0,1,false,false,2,false,false,1,0,0,3,false,false,true,true,false,public,2,0,0,false
231,\src\com\fsck\k9\mail\transport\SmtpTransport.java,SmtpTransport,688,13,16,0,0,false,false,2,false,false,47,19,23,49,false,false,false,true,false,public,5,11,0,false
232,\src\com\fsck\k9\mail\store\ImapStore.FetchBodyCallback.java,FetchBodyCallback,33,1,1,0,0,false,false,3,false,false,1,2,6,0,true,false,true,true,false,private,1,0,0,false
233,\src\com\fsck\k9\mail\store\ImapStore.FetchPartCallback.java,FetchPartCallback,34,1,1,0,0,false,false,3,false,false,1,2,6,0,true,false,true,true,false,private,1,0,0,false
234,\src\com\fsck\k9\mail\store\ImapStore.ImapBodyPart.java,ImapBodyPart,17,0,1,1,0,false,false,3,false,false,0,1,2,0,true,false,true,true,false,default,1,0,0,false
235,\src\com\fsck\k9\mail\store\ImapResponseParser.java,ImapResponseParser,359,7,19,0,0,false,false,3,true,false,22,12,6,21,false,false,false,true,false,public,4,15,0,false
236,\src\com\fsck\k9\mail\store\ImapStore.ImapException.java,ImapException,22,2,2,1,1,false,false,2,false,false,0,1,1,0,true,false,true,true,false,default,2,0,0,false
237,\src\com\fsck\k9\mail\store\ImapStore.ImapMessage.java,ImapMessage,39,0,5,3,0,false,false,2,false,false,0,7,7,0,true,false,true,true,false,default,5,0,0,false
238,\src\com\fsck\k9\mail\store\ImapStore.ImapConnection.java,ImapConnection,562,7,21,1,1,false,false,2,false,false,65,17,45,80,true,false,true,true,false,public,10,2,9,false
239,\src\com\fsck\k9\mail\store\ImapStore.ImapPushState.java,ImapPushState,41,1,2,0,0,false,false,3,false,false,3,1,3,6,true,false,true,true,false,protected,1,0,1,false
240,\src\com\fsck\k9\mail\store\ImapStore.ImapPusher.java,ImapPusher,73,4,6,1,2,false,false,2,true,false,3,2,6,11,false,false,true,true,false,public,6,0,0,false
241,\src\com\fsck\k9\mail\store\ImapStore.ImapSearcher.java,ImapSearcher,14,0,0,0,0,false,false,2,true,false,0,0,4,0,false,true,true,false,false,private,0,0,0,false
242,\src\com\fsck\k9\mail\store\ImapStore.ImapStoreSettings.java,ImapStoreSettings,38,4,2,0,1,false,false,3,false,false,0,1,5,1,true,false,true,true,false,public,2,0,0,false
243,\src\com\fsck\k9\mail\store\ImapStore.ImapFolderPusher.java,ImapFolderPusher,465,10,13,0,0,false,false,3,true,false,73,14,20,76,false,false,true,true,false,public,4,6,3,false
244,\src\com\fsck\k9\mail\store\ImapStore.StoreImapSettings.java,StoreImapSettings,68,0,14,3,10,false,false,3,false,false,0,4,3,0,false,false,true,true,false,public,14,0,0,false
245,\src\com\fsck\k9\mail\store\ImapStore.UntaggedHandler.java,UntaggedHandler,11,0,0,0,0,false,false,2,true,false,0,0,1,0,false,true,true,false,false,private,0,0,0,false
246,\src\com\fsck\k9\mail\store\LockableDatabase.DbCallback.java,DbCallback,13,0,0,0,0,true,false,2,false,false,0,0,1,0,true,true,true,false,false,public,0,0,0,false
247,\src\com\fsck\k9\mail\store\LockableDatabase.SchemaDefinition.java,SchemaDefinition,9,0,0,0,0,true,false,2,false,false,0,0,1,0,true,true,true,false,false,public,0,0,0,false
248,\src\com\fsck\k9\mail\store\LockableDatabase.WrappedException.java,WrappedException,10,1,0,0,0,false,false,2,false,false,0,0,0,0,true,false,true,true,false,public,0,0,0,false
249,\src\com\fsck\k9\mail\store\LockableDatabase.StorageListener.java,StorageListener,38,0,2,0,0,false,false,2,true,false,4,2,2,1,false,false,true,true,false,private,2,0,0,false
250,\src\com\fsck\k9\mail\store\ImapStore.ImapFolder.java,ImapFolder,1391,9,51,2,19,false,false,2,true,false,140,68,33,106,false,false,true,true,false,default,31,9,11,false
251,\src\com\fsck\k9\mail\store\ImapStore.java,ImapStore,581,35,18,0,5,false,false,2,false,false,40,12,37,41,false,false,false,true,false,public,10,8,0,false
252,\src\com\fsck\k9\mail\store\Pop3Store.Pop3Capabilities.java,Pop3Capabilities,22,6,1,0,0,false,false,2,false,false,0,0,3,0,true,false,true,true,false,default,1,0,0,false
253,\src\com\fsck\k9\mail\store\Pop3Store.Pop3ErrorResponse.java,Pop3ErrorResponse,10,1,0,0,0,false,false,3,false,false,0,0,3,0,true,false,true,true,false,default,0,0,0,false
254,\src\com\fsck\k9\mail\store\LockableDatabase.java,LockableDatabase,402,9,18,1,2,true,false,2,false,false,20,11,14,40,false,false,false,true,false,public,7,3,8,false
255,\src\com\fsck\k9\mail\store\Pop3Store.Pop3Message.java,Pop3Message,36,0,4,2,0,false,false,2,false,false,0,5,4,0,true,false,true,true,false,default,3,0,1,false
256,\src\com\fsck\k9\mail\store\Pop3Store.Pop3ResponseInputStream.java,Pop3ResponseInputStream,29,3,1,0,0,false,false,4,false,false,3,0,3,3,true,false,true,true,false,default,1,0,0,false
257,\src\com\fsck\k9\mail\store\StorageManager.ExternalStorageProvider.java,ExternalStorageProvider,53,3,8,0,5,false,false,3,true,false,0,9,4,3,true,false,true,true,false,public,8,0,0,false
258,\src\com\fsck\k9\mail\store\StorageManager.FixedStorageProviderBase.java,FixedStorageProviderBase,70,2,6,0,3,false,false,4,false,false,0,8,6,3,true,false,true,true,false,public,6,0,0,true
259,\src\com\fsck\k9\mail\store\StorageManager.HtcIncredibleStorageProvider.java,HtcIncredibleStorageProvider,28,1,4,0,2,false,false,4,true,false,0,2,4,0,true,false,true,true,false,public,2,0,2,false
260,\src\com\fsck\k9\mail\store\Pop3Store.java,Pop3Store,234,30,6,0,2,false,false,2,false,false,10,4,7,14,false,false,false,true,false,public,6,0,0,false
261,\src\com\fsck\k9\mail\store\StorageManager.InternalStorageProvider.java,InternalStorageProvider,46,2,8,0,5,false,false,3,true,false,0,9,3,0,true,false,true,true,false,public,8,0,0,false
262,\src\com\fsck\k9\mail\store\StorageManager.SamsungGalaxySStorageProvider.java,SamsungGalaxySStorageProvider,32,1,4,0,2,false,false,5,true,false,0,2,5,1,true,false,true,true,false,public,2,0,2,false
263,\src\com\fsck\k9\mail\store\Pop3Store.Pop3Folder.java,Pop3Folder,847,8,41,2,11,false,false,2,true,false,79,39,24,53,false,false,true,true,false,default,25,16,0,false
264,\src\com\fsck\k9\mail\store\StorageManager.StorageListener.java,StorageListener,23,0,0,0,0,false,false,2,true,false,0,0,0,0,true,true,true,false,false,public,0,0,0,false
265,\src\com\fsck\k9\mail\store\StorageManager.StorageProvider.java,StorageProvider,93,0,0,0,0,false,false,2,true,false,0,0,2,0,true,true,true,false,false,public,0,0,0,false
266,\src\com\fsck\k9\mail\store\StorageManager.SynchronizationAid.java,SynchronizationAid,22,3,0,0,0,false,false,2,false,false,0,0,3,2,true,false,true,true,false,public,0,0,0,false
267,\src\com\fsck\k9\mail\store\UnavailableAccountException.java,UnavailableAccountException,34,1,0,0,0,false,false,3,false,false,0,0,0,0,false,false,false,true,false,public,0,0,0,false
268,\src\com\fsck\k9\mail\store\UnavailableStorageException.java,UnavailableStorageException,19,1,0,0,0,false,false,3,false,false,0,0,1,0,false,false,false,true,false,public,0,0,0,false
269,\src\com\fsck\k9\mail\store\StorageManager.java,StorageManager,348,5,16,0,6,false,false,2,true,false,13,17,10,19,false,false,false,true,false,public,14,0,2,false
270,\src\com\fsck\k9\mail\store\WebDavSocketFactory.java,WebDavSocketFactory,61,2,4,0,0,false,false,4,false,false,0,11,15,3,false,false,false,true,false,public,4,0,0,false
271,\src\com\fsck\k9\mail\store\WebDavStore.ConnectionInfo.java,ConnectionInfo,17,4,0,0,0,false,false,2,false,false,0,0,4,0,true,false,true,true,false,private,0,0,0,false
272,\src\com\fsck\k9\mail\store\WebDavStore.DataSet.java,DataSet,172,3,9,0,7,false,false,2,false,false,8,2,8,14,false,false,true,true,false,public,9,0,0,false
273,\src\com\fsck\k9\mail\store\WebDavStore.HttpGeneric.java,HttpGeneric,78,1,2,1,1,false,false,2,false,false,5,1,8,2,false,false,true,true,false,public,2,0,0,false
274,\src\com\fsck\k9\mail\store\WebDavStore.ParsedMessageEnvelope.java,ParsedMessageEnvelope,63,5,7,2,4,false,false,3,false,false,2,4,4,0,true,false,true,true,false,public,7,0,0,false
275,\src\com\fsck\k9\mail\store\WebDavStore.WebDavHandler.java,WebDavHandler,47,2,6,0,1,false,false,3,true,false,1,10,7,4,false,false,true,true,false,public,6,0,0,false
276,\src\com\fsck\k9\mail\store\WebDavStore.WebDavHttpClient.java,WebDavHttpClient,57,0,3,0,1,false,false,4,false,false,4,4,10,3,true,false,true,true,false,public,3,0,0,false
277,\src\com\fsck\k9\mail\store\WebDavStore.WebDavMessage.java,WebDavMessage,98,1,8,5,1,false,false,3,false,false,5,9,7,3,false,false,true,true,false,default,8,0,0,false
278,\src\com\fsck\k9\mail\store\WebDavStore.WebDavStoreSettings.java,WebDavStoreSettings,45,8,2,0,1,false,false,4,false,false,0,1,4,0,true,false,true,true,false,public,2,0,0,false
279,\src\com\fsck\k9\mail\store\imap\ImapUtility.java,ImapUtility,121,0,4,0,2,false,false,2,false,false,8,4,4,0,false,false,false,true,false,public,2,2,0,false
280,\src\com\fsck\k9\mail\internet\BinaryTempFileBody.BinaryTempFileBodyInputStream.java,BinaryTempFileBodyInputStream,24,0,2,0,0,false,false,6,false,false,0,0,1,3,false,false,true,true,false,default,2,0,0,false
281,\src\com\fsck\k9\mail\store\WebDavStore.WebDavFolder.java,WebDavFolder,613,6,36,3,13,false,false,3,true,false,48,46,14,46,false,false,true,true,false,default,26,9,1,false
282,\src\com\fsck\k9\mail\internet\BinaryTempFileBody.java,BinaryTempFileBody,65,3,5,2,2,false,false,4,false,false,3,3,7,3,false,false,false,true,false,public,5,0,0,false
283,\src\com\fsck\k9\mail\internet\BinaryTempFileMessageBody.java,BinaryTempFileMessageBody,54,0,3,2,0,false,false,5,false,false,2,2,7,2,false,false,false,true,false,public,3,0,0,false
284,\src\com\fsck\k9\mail\internet\EncoderUtil.Encoding.java,Encoding,16,2,0,0,0,false,false,1,false,false,0,0,0,0,false,false,true,false,true,public,0,0,0,false
285,\src\com\fsck\k9\mail\internet\Iso2022JpToShiftJisInputStream.Charset.java,Charset,4,3,0,0,0,false,false,1,false,false,0,0,0,0,false,false,true,false,true,private,0,0,0,false
286,\src\com\fsck\k9\mail\internet\DecoderUtil.java,DecoderUtil,167,0,4,0,0,false,false,2,false,false,12,10,10,7,false,false,false,true,false,public,1,3,0,false
287,\src\com\fsck\k9\mail\internet\EncoderUtil.java,EncoderUtil,148,4,9,0,0,false,false,2,false,false,11,17,4,11,false,false,false,true,false,public,1,8,0,false
288,\src\com\fsck\k9\mail\internet\Iso2022JpToShiftJisInputStream.java,Iso2022JpToShiftJisInputStream,62,4,1,0,0,false,false,7,false,false,8,0,3,6,false,false,false,true,false,default,1,0,0,false
289,\src\com\fsck\k9\mail\internet\MimeHeader.Field.java,Field,16,2,1,0,0,false,false,1,false,false,0,0,1,1,true,false,true,true,false,default,1,0,0,false
290,\src\com\fsck\k9\mail\internet\MimeBodyPart.java,MimeBodyPart,160,3,16,4,8,false,false,3,false,false,8,11,11,6,false,false,false,true,false,public,15,0,1,false
291,\src\com\fsck\k9\mail\internet\MimeHeader.java,MimeHeader,121,9,11,2,3,false,false,2,true,false,9,10,7,4,false,false,false,true,false,public,11,0,0,false
292,\src\com\fsck\k9\mail\internet\MimeMessage.MimeMessageBuilder.java,MimeMessageBuilder,119,1,14,0,0,false,false,3,true,false,2,8,11,17,false,false,true,true,false,default,13,1,0,false
293,\src\com\fsck\k9\mail\internet\MimeUtility.Alternative.java,Alternative,17,2,2,0,2,false,false,1,false,false,0,0,2,0,true,false,true,true,false,default,2,0,0,false
294,\src\com\fsck\k9\mail\store\WebDavStore.java,WebDavStore,1047,31,36,0,19,false,false,3,false,false,76,33,31,70,false,false,false,true,false,public,17,19,0,false
295,\src\com\fsck\k9\mail\internet\MimeMultipart.java,MimeMultipart,88,4,8,3,3,false,false,2,false,false,3,3,6,6,false,false,false,true,false,public,8,0,0,false
296,\src\com\fsck\k9\mail\internet\MimeUtility.Html.java,Html,7,0,0,0,0,false,false,1,false,false,0,0,1,0,true,false,true,true,false,default,0,0,0,false
297,\src\com\fsck\k9\mail\internet\MimeUtility.MessageHeader.java,MessageHeader,16,2,2,0,2,false,false,2,true,false,0,0,1,0,true,false,true,true,false,default,2,0,0,false
298,\src\com\fsck\k9\mail\internet\MimeUtility.Text.java,Text,7,0,0,0,0,false,false,1,false,false,0,0,1,0,true,false,true,true,false,default,0,0,0,false
299,\src\com\fsck\k9\mail\internet\MimeMessage.java,MimeMessage,491,13,44,14,19,false,false,2,false,false,30,28,26,18,false,false,false,true,false,public,39,1,4,false
300,\src\com\fsck\k9\mail\internet\MimeUtility.Textual.java,Textual,11,1,1,0,1,false,false,1,false,false,0,0,1,0,true,false,true,true,false,default,1,0,0,true
301,\src\com\fsck\k9\mail\internet\MimeUtility.Viewable.java,Viewable,3,0,0,0,0,false,false,1,false,false,0,0,1,0,true,false,true,true,false,default,0,0,0,true
302,\src\com\fsck\k9\mail\internet\MimeUtility.ViewableContainer.java,ViewableContainer,22,3,0,0,0,false,false,2,true,false,0,0,2,0,true,false,true,true,false,public,0,0,0,false
303,\src\com\fsck\k9\mail\internet\TextBody.java,TextBody,77,6,9,4,4,false,false,2,false,false,3,5,5,2,false,false,false,true,false,public,9,0,0,false
304,\src\com\fsck\k9\mail\filter\Base64.DecoderException.java,DecoderException,36,1,0,0,0,false,false,2,false,false,0,0,0,0,true,false,true,true,false,default,0,0,0,false
305,\src\com\fsck\k9\mail\internet\TextBodyBuilder.java,TextBodyBuilder,195,9,15,8,4,false,false,3,true,false,20,9,5,8,false,false,false,true,false,public,11,4,0,false
306,\src\com\fsck\k9\mail\filter\Base64.EncoderException.java,EncoderException,36,1,0,0,0,false,false,2,false,false,0,0,0,0,true,false,true,true,false,default,0,0,0,false
307,\src\com\fsck\k9\mail\filter\CountingOutputStream.java,CountingOutputStream,27,1,4,0,1,false,false,3,false,false,0,5,2,0,false,false,false,true,false,public,4,0,0,false
308,\src\com\fsck\k9\mail\filter\Base64OutputStream.java,Base64OutputStream,171,3,5,0,0,false,false,3,false,false,6,5,3,3,false,false,false,true,false,public,4,1,0,false
309,\src\com\fsck\k9\mail\filter\EOLConvertingOutputStream.java,EOLConvertingOutputStream,34,2,2,0,0,false,false,6,false,false,3,1,3,1,false,false,false,true,false,public,2,0,0,false
310,\src\com\fsck\k9\mail\filter\Hex.java,Hex,48,1,1,0,0,false,false,1,false,false,0,1,0,0,false,false,false,true,false,public,1,0,0,false
311,\src\com\fsck\k9\mail\filter\FixedLengthInputStream.java,FixedLengthInputStream,60,3,6,0,0,false,false,4,false,false,5,5,3,3,false,false,false,true,false,public,6,0,0,false
312,\src\com\fsck\k9\mail\filter\Base64.java,Base64,689,18,23,1,0,false,false,1,false,false,39,29,2,7,false,false,false,true,false,public,12,3,0,false
313,\src\com\fsck\k9\mail\filter\LineWrapOutputStream.java,LineWrapOutputStream,73,5,2,0,0,false,false,4,false,false,7,1,3,1,false,false,false,true,false,public,2,0,0,false
314,\src\com\fsck\k9\mail\filter\PeekableInputStream.java,PeekableInputStream,57,3,5,0,0,false,false,3,false,false,4,4,3,3,false,false,false,true,false,public,5,0,0,false
315,\src\com\fsck\k9\mail\filter\SmtpDataStuffing.java,SmtpDataStuffing,28,4,1,0,0,false,false,3,false,false,1,1,3,0,false,false,false,true,false,public,1,0,0,false
316,\src\com\fsck\k9\helper\ClipboardManager.java,ClipboardManager,40,2,2,1,1,false,false,2,true,false,1,3,2,1,false,false,false,true,false,public,2,0,0,false
317,\src\com\fsck\k9\helper\ContactItem.java,ContactItem,13,3,0,0,0,false,false,2,false,false,0,0,3,0,false,false,false,true,false,public,0,0,0,false
318,\src\com\fsck\k9\helper\ContactPicture.java,ContactPicture,20,0,1,0,1,false,false,2,false,false,1,1,5,2,false,false,false,true,false,public,1,0,0,false
319,\src\com\fsck\k9\helper\FileBrowserHelper.FileBrowserFailOverCallback.java,FileBrowserFailOverCallback,12,0,0,0,0,false,false,5,false,false,0,0,0,0,false,true,true,false,false,public,0,0,0,false
320,\src\com\fsck\k9\helper\Contacts.java,Contacts,358,8,14,0,6,false,false,1,false,false,19,12,11,26,false,false,false,true,false,public,13,1,0,false
321,\src\com\fsck\k9\helper\FileBrowserHelper.java,FileBrowserHelper,132,2,4,0,1,false,false,3,true,false,6,11,12,11,false,false,false,true,false,public,3,1,0,false
322,\src\com\fsck\k9\helper\HtmlConverter.HtmlToTextTagHandler.java,HtmlToTextTagHandler,77,3,3,0,1,false,false,5,true,false,4,7,6,5,true,false,true,true,false,private,1,2,0,false
323,\src\com\fsck\k9\helper\HtmlConverter.ListTagHandler.java,ListTagHandler,32,0,1,0,0,false,false,3,true,false,6,4,3,2,true,false,true,true,false,public,1,0,0,false
324,\src\com\fsck\k9\mail\internet\MimeUtility.java,MimeUtility,3189,11,53,1,19,false,false,2,false,false,102,87,25,97,false,false,false,true,false,public,29,22,0,false
325,\src\com\fsck\k9\helper\IdentityHelper.java,IdentityHelper,53,0,1,0,1,false,false,2,true,false,5,2,7,0,false,false,false,true,false,public,1,0,0,false
326,\src\com\fsck\k9\helper\MediaScannerNotifier.java,MediaScannerNotifier,10,0,1,0,0,false,false,3,true,false,0,2,3,1,false,false,false,true,false,public,1,0,0,false
327,\src\com\fsck\k9\helper\MergeCursorWithUniqueId.java,MergeCursorWithUniqueId,62,5,6,0,6,false,false,5,false,false,8,3,2,3,false,false,false,true,false,public,4,0,2,false
328,\src\com\fsck\k9\helper\HtmlConverter.java,HtmlConverter,1208,17,16,0,2,false,false,2,true,false,15,18,6,27,false,false,false,true,false,public,6,8,2,false
329,\src\com\fsck\k9\helper\MergeCursor.java,MergeCursor,383,6,41,1,18,false,false,2,true,false,28,23,8,17,false,false,false,true,false,public,40,1,0,false
330,\src\com\fsck\k9\helper\MessageHelper.java,MessageHelper,84,2,4,0,2,false,false,2,true,false,6,10,13,12,false,false,false,true,false,public,4,0,0,false
331,\src\com\fsck\k9\helper\Regex.java,Regex,101,5,0,0,0,false,false,1,false,false,0,0,1,1,false,false,false,true,false,public,0,0,0,false
332,\src\com\fsck\k9\helper\SizeFormatter.java,SizeFormatter,21,0,1,0,0,false,false,2,true,false,3,2,2,0,false,false,false,true,false,public,1,0,0,false
333,\src\com\fsck\k9\helper\StringUtils.java,StringUtils,17,0,2,0,0,false,false,2,false,false,2,3,0,1,false,false,false,true,false,public,2,0,0,false
334,\src\com\fsck\k9\helper\power\TracingPowerManager.TracingWakeLock.java,TracingWakeLock,101,6,6,1,0,false,false,3,false,false,13,2,4,9,false,false,true,true,false,public,4,2,0,false
335,\src\com\fsck\k9\helper\power\TracingPowerManager.java,TracingPowerManager,33,5,2,0,1,false,false,3,true,false,3,3,6,1,false,false,false,true,false,public,2,0,0,false
336,\src\com\fsck\k9\fragment\ConfirmationDialogFragment.ConfirmationDialogFragmentListener.java,ConfirmationDialogFragmentListener,6,0,0,0,0,false,false,4,true,false,0,0,0,0,false,true,true,false,false,public,0,0,0,false
337,\src\com\fsck\k9\helper\Utility.java,Utility,652,10,26,1,1,false,false,1,false,false,53,37,23,72,false,false,false,true,false,public,26,0,0,false
338,\src\com\fsck\k9\fragment\ConfirmationDialogFragment.java,ConfirmationDialogFragment,103,6,8,0,2,false,false,3,false,false,4,14,10,8,false,false,false,true,false,public,6,2,0,false
339,\src\com\fsck\k9\fragment\MessageListFragment.ArrivalComparator.java,ArrivalComparator,17,0,1,0,0,false,false,2,true,false,1,2,2,0,true,false,true,true,false,public,1,0,0,false
340,\src\com\fsck\k9\fragment\MessageListFragment.ActionModeCallback.java,ActionModeCallback,200,5,9,1,1,false,false,3,false,false,14,12,12,7,false,false,true,true,false,default,7,2,0,false
341,\src\com\fsck\k9\fragment\MessageListFragment.AttachmentComparator.java,AttachmentComparator,11,0,1,0,0,false,false,2,true,false,0,2,2,0,true,false,true,true,false,public,1,0,0,false
342,\src\com\fsck\k9\fragment\MessageListFragment.ComparatorChain.java,ComparatorChain,24,1,1,0,0,false,false,2,false,false,1,2,2,0,true,false,true,true,false,public,1,0,0,false
343,\src\com\fsck\k9\fragment\MessageListFragment.DateComparator.java,DateComparator,17,0,1,0,0,false,false,2,true,false,1,2,2,0,true,false,true,true,false,public,1,0,0,false
344,\src\com\fsck\k9\fragment\MessageListFragment.FlaggedComparator.java,FlaggedComparator,11,0,1,0,0,false,false,2,true,false,0,2,2,0,true,false,true,true,false,public,1,0,0,false
345,\src\com\fsck\k9\fragment\MessageListFragment.FolderOperation.java,FolderOperation,4,2,0,0,0,false,false,2,false,false,0,0,0,0,true,false,true,false,true,private,0,0,0,false
346,\src\com\fsck\k9\fragment\MessageListFragment.FooterViewHolder.java,FooterViewHolder,5,1,0,0,0,false,false,3,true,false,0,0,1,0,true,false,true,true,false,default,0,0,0,false
347,\src\com\fsck\k9\fragment\MessageListFragment.MessageListActivityListener.java,MessageListActivityListener,104,0,11,0,0,false,false,4,true,false,9,27,9,11,false,false,true,true,false,default,10,1,0,false
348,\src\com\fsck\k9\fragment\MessageListFragment.MessageListFragmentListener.java,MessageListFragmentListener,23,0,0,0,0,false,false,4,true,false,0,0,3,0,false,true,true,false,false,public,0,0,0,false
349,\src\com\fsck\k9\fragment\MessageListFragment.MessageViewHolder.java,MessageViewHolder,33,11,1,0,0,false,false,3,true,false,2,1,5,1,false,false,true,true,false,default,1,0,0,false
350,\src\com\fsck\k9\fragment\MessageListFragment.ReverseComparator.java,ReverseComparator,17,1,1,0,0,false,false,2,true,false,0,2,1,0,true,false,true,true,false,public,1,0,0,false
351,\src\com\fsck\k9\fragment\MessageListFragment.ReverseIdComparator.java,ReverseIdComparator,15,1,1,0,0,false,false,3,true,false,1,2,2,0,true,false,true,true,false,public,1,0,0,false
352,\src\com\fsck\k9\fragment\MessageListFragment.SenderComparator.java,SenderComparator,19,0,1,0,0,false,false,2,true,false,1,2,2,0,true,false,true,true,false,public,1,0,0,false
353,\src\com\fsck\k9\fragment\MessageListFragment.MessageListHandler.java,MessageListHandler,115,8,9,0,0,false,false,3,true,false,6,6,5,7,true,false,true,true,false,default,9,0,0,false
354,\src\com\fsck\k9\fragment\MessageListFragment.SubjectComparator.java,SubjectComparator,16,0,1,0,0,false,false,2,true,false,1,2,2,0,true,false,true,true,false,public,1,0,0,false
355,\src\com\fsck\k9\fragment\MessageListFragment.MessageListAdapter.java,MessageListAdapter,251,4,3,0,0,false,false,3,true,false,23,8,23,20,false,false,true,true,false,default,2,1,0,false
356,\src\com\fsck\k9\fragment\MessageListFragment.UnreadComparator.java,UnreadComparator,11,0,1,0,0,false,false,2,true,false,0,2,2,0,true,false,true,true,false,public,1,0,0,false
357,\src\com\fsck\k9\fragment\MessageViewFragment.MessageViewFragmentListener.java,MessageViewFragmentListener,15,0,0,0,0,false,false,4,true,false,0,0,3,0,false,true,true,false,false,public,0,0,0,false
358,\src\com\fsck\k9\fragment\MessageViewFragment.MessageViewHandler.java,MessageViewHandler,55,0,6,0,0,false,false,3,true,false,3,4,5,1,false,false,true,true,false,default,5,1,0,false
359,\src\com\fsck\k9\fragment\MessageViewFragment.Listener.java,Listener,182,0,8,0,0,false,false,1,true,false,14,33,13,24,false,false,true,true,false,default,8,0,0,false
360,\src\com\fsck\k9\fragment\ProgressDialogFragment.CancelListener.java,CancelListener,4,0,0,0,0,false,false,2,true,false,0,0,0,0,false,true,true,false,false,public,0,0,0,false
361,\src\com\fsck\k9\fragment\ProgressDialogFragment.java,ProgressDialogFragment,39,2,3,0,0,false,false,3,false,false,1,4,6,0,false,false,false,true,false,public,3,0,0,false
362,\src\com\fsck\k9\crypto\Apg.Intent.java,Intent,14,8,0,0,0,false,false,1,false,false,0,0,0,0,true,false,true,true,false,public,0,0,0,false
363,\src\com\fsck\k9\crypto\CryptoHelper.java,CryptoHelper,64,2,2,0,0,false,false,2,true,false,6,2,6,2,false,false,false,true,false,public,2,0,0,false
364,\src\com\fsck\k9\crypto\CryptoProvider.CryptoDecryptCallback.java,CryptoDecryptCallback,9,0,0,0,0,false,false,3,false,false,0,0,0,0,false,true,true,false,false,public,0,0,0,false
365,\src\com\fsck\k9\crypto\CryptoProvider.java,CryptoProvider,38,1,1,0,0,false,false,2,true,false,1,1,5,2,false,false,false,true,false,public,1,0,0,true
366,\src\com\fsck\k9\fragment\MessageViewFragment.java,MessageViewFragment,521,20,51,2,3,false,false,3,false,false,37,34,39,51,false,false,false,true,false,public,41,10,0,false
367,\src\com\fsck\k9\crypto\OpenPgpApiHelper.java,OpenPgpApiHelper,23,0,1,0,0,false,false,4,true,false,1,1,2,3,false,false,false,true,false,public,1,0,0,false
368,\src\com\fsck\k9\crypto\None.java,None,83,2,17,0,4,false,false,1,false,false,0,35,5,0,false,false,false,true,false,public,17,0,0,false
369,\src\com\fsck\k9\controller\MessageRemovalListener.java,MessageRemovalListener,5,0,0,0,0,false,false,3,true,false,0,0,1,0,false,true,false,false,false,public,0,0,0,false
370,\src\com\fsck\k9\crypto\Apg.java,Apg,524,32,17,0,4,false,false,1,false,false,34,35,20,66,false,false,false,true,false,public,17,0,0,false
371,\src\com\fsck\k9\controller\MessageRetrievalListener.java,MessageRetrievalListener,12,0,0,0,0,false,false,3,true,false,0,0,1,0,false,true,false,false,false,public,0,0,0,false
372,\src\com\fsck\k9\crypto\PgpData.java,PgpData,69,9,18,8,8,false,false,2,false,false,0,8,2,0,false,false,false,true,false,public,18,0,0,false
373,\src\com\fsck\k9\controller\MessagingController.Command.java,Command,31,5,1,0,0,false,false,1,false,false,1,1,1,1,true,false,true,true,false,default,1,0,0,false
374,\src\com\fsck\k9\controller\MessagingController.MemorizingState.java,MemorizingState,15,3,0,0,0,false,false,2,false,false,0,0,1,0,false,false,true,false,true,default,0,0,0,false
375,\src\com\fsck\k9\controller\MessagingController.Memory.java,Memory,36,12,1,0,1,false,false,1,false,false,0,0,2,0,true,false,true,true,false,default,0,0,0,false
376,\src\com\fsck\k9\controller\MessagingController.MemorizingListener.java,MemorizingListener,180,1,14,1,1,false,false,2,true,false,15,28,3,2,true,false,true,true,false,default,12,0,0,false
377,\src\com\fsck\k9\controller\MessagingController.MessageActor.java,MessageActor,21,0,0,0,0,false,false,2,true,false,0,0,5,0,false,true,true,false,false,default,0,0,0,false
378,\src\com\fsck\k9\controller\MessagingController.UidReverseComparator.java,UidReverseComparator,37,0,1,0,0,false,false,3,true,false,3,2,3,3,true,false,true,true,false,public,1,0,0,false
379,\src\com\fsck\k9\controller\MessagingController.NotificationData.java,NotificationData,117,4,4,0,2,false,false,2,false,false,4,3,6,9,true,false,true,true,false,private,4,0,0,false
380,\src\com\fsck\k9\controller\MessagingControllerPushReceiver.java,MessagingControllerPushReceiver,99,3,9,1,2,false,false,4,true,false,5,14,14,13,false,false,false,true,false,public,9,0,0,false
381,\src\com\fsck\k9\controller\MessagingListener.java,MessagingListener,134,0,56,1,0,false,false,2,true,false,0,145,8,0,false,false,false,true,false,public,56,0,0,false
382,\src\com\fsck\k9\cache\EmailProviderCache.java,EmailProviderCache,150,7,11,2,3,false,false,3,false,false,9,20,11,10,false,false,false,true,false,public,10,1,0,false
383,\src\com\fsck\k9\fragment\MessageListFragment.java,MessageListFragment,2231,84,146,7,17,true,false,3,false,false,184,120,85,187,false,false,false,true,false,public,69,76,1,false
384,\src\com\fsck\k9\cache\EmailProviderCacheCursor.java,EmailProviderCacheCursor,114,6,10,0,3,false,false,4,true,false,8,3,7,10,false,false,false,true,false,public,10,0,0,false
385,\src\com\fsck\k9\activity\AccountList.LoadAccounts.java,LoadAccounts,23,0,2,0,0,false,false,2,false,false,0,2,3,1,false,false,true,true,false,default,0,0,2,false
386,\src\com\fsck\k9\activity\AccountList.AccountsAdapter.java,AccountsAdapter,68,0,1,0,1,false,false,2,true,false,5,3,8,10,false,false,true,true,false,default,1,0,0,false
387,\src\com\fsck\k9\activity\AccountList.java,AccountList,84,1,4,0,0,false,false,2,false,false,1,6,14,5,false,false,false,true,false,public,4,0,0,true
388,\src\com\fsck\k9\activity\Accounts.ACCOUNT_LOCATION.java,LOCATION,4,3,0,0,0,false,false,8,false,false,0,0,0,0,false,false,false,false,true,private,0,0,0,false
389,\src\com\fsck\k9\activity\Accounts.AccountClickListener.java,AccountClickListener,14,1,1,0,0,false,false,3,true,false,0,1,3,0,false,false,true,true,false,private,1,0,0,false
390,\src\com\fsck\k9\activity\Accounts.AccountsAdapter.java,AccountsAdapter,148,0,3,0,1,false,false,2,true,false,9,5,20,22,false,false,true,true,false,default,1,2,0,false
391,\src\com\fsck\k9\activity\Accounts.AccountsHandler.java,AccountsHandler,94,0,7,1,0,false,false,2,true,false,7,7,9,13,false,false,true,true,false,default,6,1,0,false
392,\src\com\fsck\k9\activity\Accounts.AccountsImportedDialog.java,AccountsImportedDialog,43,2,2,0,0,false,false,3,false,false,2,2,8,5,true,false,true,true,false,private,0,0,2,false
393,\src\com\fsck\k9\activity\Accounts.ExportAsyncTask.java,ExportAsyncTask,52,3,3,0,0,false,false,3,false,false,1,2,8,0,true,false,true,true,false,private,0,0,3,false
394,\src\com\fsck\k9\activity\Accounts.ImportAsyncTask.java,ImportAsyncTask,84,5,3,0,0,false,false,3,false,false,2,2,13,5,true,false,true,true,false,private,0,0,3,false
395,\src\com\fsck\k9\activity\Accounts.ImportSelectionDialog.java,ImportSelectionDialog,112,4,4,0,0,false,false,3,false,false,4,4,13,13,true,false,true,true,false,private,4,0,0,false
396,\src\com\fsck\k9\activity\Accounts.ListImportContentsAsyncTask.java,ListImportContentsAsyncTask,66,2,3,0,0,false,false,5,false,false,1,2,13,3,true,false,true,true,false,private,0,0,3,false
397,\src\com\fsck\k9\activity\Accounts.MoveAccountAsyncTask.java,MoveAccountAsyncTask,34,2,3,0,0,false,false,4,false,false,0,2,6,1,true,false,true,true,false,private,0,0,3,false
398,\src\com\fsck\k9\activity\Accounts.SimpleDialog.java,SimpleDialog,67,4,5,0,0,false,false,2,false,false,1,4,6,4,true,false,true,true,false,private,3,0,2,false
399,\src\com\fsck\k9\activity\Accounts.SetPasswordsAsyncTask.java,SetPasswordsAsyncTask,83,5,3,0,0,false,false,4,false,false,3,2,14,6,true,false,true,true,false,private,0,0,3,false
400,\src\com\fsck\k9\activity\Accounts.PasswordPromptDialog.java,PasswordPromptDialog,238,9,7,0,0,false,false,3,false,false,16,13,21,30,true,false,true,true,false,private,6,1,0,false
401,\src\com\fsck\k9\activity\ChooseFolder.ChooseFolderHandler.java,ChooseFolderHandler,31,2,3,1,0,false,false,3,true,false,1,3,1,2,false,false,true,true,false,default,3,0,0,false
402,\src\com\fsck\k9\activity\ActivityListener.java,ActivityListener,189,10,23,0,3,false,false,2,true,false,5,39,10,8,false,false,false,true,false,public,23,0,0,false
403,\src\com\fsck\k9\activity\ChooseIdentity.java,ChooseIdentity,71,5,4,1,0,false,false,2,false,false,2,1,13,11,false,false,false,true,false,public,2,0,2,false
404,\src\com\fsck\k9\activity\ColorPickerDialog.OnColorChangedListener.java,OnColorChangedListener,14,0,0,0,0,false,false,4,true,false,0,0,1,0,false,true,true,false,false,public,0,0,0,false
405,\src\com\fsck\k9\activity\ChooseFolder.java,ChooseFolder,311,21,6,1,0,false,false,2,true,false,20,5,26,28,false,false,false,true,false,public,3,3,0,false
406,\src\com\fsck\k9\activity\ColorPickerDialog.java,ColorPickerDialog,46,2,1,1,0,false,false,3,false,false,1,1,6,2,false,false,false,true,false,public,1,0,0,false
407,\src\com\fsck\k9\activity\ConfirmationDialog.java,ConfirmationDialog,83,0,3,0,0,false,false,2,false,false,1,22,4,5,false,false,false,true,false,public,3,0,0,false
408,\src\com\fsck\k9\activity\Accounts.java,Accounts,935,32,47,2,1,false,false,1,false,false,53,53,57,84,false,false,false,true,false,public,19,27,1,false
409,\src\com\fsck\k9\activity\EditIdentity.java,EditIdentity,108,13,4,0,0,false,false,2,false,false,6,2,11,21,false,false,false,true,false,public,3,1,0,false
410,\src\com\fsck\k9\activity\EmailAddressList.java,EmailAddressList,41,2,2,0,0,false,false,3,false,false,1,5,10,1,false,false,false,true,false,public,2,0,0,false
411,\src\com\fsck\k9\activity\FolderList.FolderClickListener.java,FolderClickListener,18,1,1,0,0,false,false,3,true,false,0,1,3,0,false,false,true,true,false,private,1,0,0,false
412,\src\com\fsck\k9\activity\FolderInfoHolder.java,FolderInfoHolder,109,10,7,0,1,false,false,3,true,false,4,13,4,13,false,false,false,true,false,public,6,1,0,false
413,\src\com\fsck\k9\activity\FolderList.FolderListHandler.java,FolderListHandler,93,0,7,0,0,false,false,3,true,false,5,7,6,11,false,false,true,true,false,default,7,0,0,false
414,\src\com\fsck\k9\activity\FolderList.FolderViewHolder.java,FolderViewHolder,23,12,0,0,0,false,false,3,true,false,0,0,4,0,true,false,true,true,false,default,0,0,0,false
415,\src\com\fsck\k9\activity\FolderList.FolderListAdapter.java,FolderListAdapter,496,4,16,1,9,false,false,3,true,false,43,18,31,48,false,false,true,true,false,default,14,2,0,false
416,\src\com\fsck\k9\activity\FolderListFilter.java,FolderListFilter,111,2,3,0,0,false,false,3,true,false,5,3,7,9,false,false,false,true,false,public,1,0,2,false
417,\src\com\fsck\k9\activity\InsertableHtmlContent.InsertionLocation.java,InsertionLocation,14,2,0,0,0,false,false,2,false,false,0,0,0,0,false,false,true,false,true,public,0,0,0,false
418,\src\com\fsck\k9\activity\InsertableHtmlContent.java,InsertableHtmlContent,151,6,13,5,3,false,false,3,false,false,3,7,1,7,false,false,false,true,false,public,13,0,0,false
419,\src\com\fsck\k9\activity\K9Activity.java,K9Activity,23,1,3,1,0,false,false,2,false,false,0,3,5,0,false,false,false,true,false,public,3,0,0,false
420,\src\com\fsck\k9\activity\K9ActivityCommon.K9ActivityMagic.java,K9ActivityMagic,12,0,0,0,0,false,false,3,false,false,0,0,1,0,false,true,true,false,false,public,0,0,0,false
421,\src\com\fsck\k9\activity\FolderList.java,FolderList,432,17,28,1,0,false,false,2,false,false,17,25,40,43,false,false,false,true,false,public,13,15,0,false
422,\src\com\fsck\k9\activity\K9ActivityCommon.java,K9ActivityCommon,93,2,5,2,1,false,false,3,false,false,2,5,12,8,false,false,false,true,false,public,5,0,0,false
423,\src\com\fsck\k9\activity\K9FragmentActivity.java,K9FragmentActivity,23,1,3,1,0,false,false,3,false,false,0,3,5,0,false,false,false,true,false,public,3,0,0,false
424,\src\com\fsck\k9\activity\K9ListActivity.java,K9ListActivity,62,1,6,1,0,false,false,3,false,false,4,7,9,7,false,false,false,true,false,public,6,0,0,false
425,\src\com\fsck\k9\activity\K9PreferenceActivity.PreferenceChangeListener.java,PreferenceChangeListener,20,1,1,0,0,false,false,3,true,false,0,2,2,2,true,false,true,true,false,private,1,0,0,false
426,\src\com\fsck\k9\activity\K9PreferenceActivity.java,K9PreferenceActivity,54,0,3,1,0,false,false,3,false,false,0,7,4,4,false,false,false,true,false,public,1,0,2,false
427,\src\com\fsck\k9\activity\LauncherShortcuts.java,LauncherShortcuts,44,0,3,0,0,false,false,2,false,false,3,2,7,5,false,false,false,true,false,public,1,0,2,false
428,\src\com\fsck\k9\activity\MessageCompose.Action.java,Action,8,5,0,0,0,false,false,1,false,false,0,0,0,0,false,false,true,false,true,default,0,0,0,false
429,\src\com\fsck\k9\activity\ManageIdentities.java,ManageIdentities,121,3,9,1,0,false,false,2,false,false,6,7,13,13,false,false,false,true,false,public,6,2,1,false
430,\src\com\fsck\k9\activity\MessageCompose.CaseInsensitiveParamWrapper.java,CaseInsensitiveParamWrapper,21,2,1,0,1,false,false,4,true,false,1,1,4,1,true,false,true,true,false,private,1,0,0,false
431,\src\com\fsck\k9\activity\MessageCompose.EolConvertingEditText.java,EolConvertingEditText,26,0,2,1,1,false,false,4,false,false,0,1,3,2,true,false,true,true,false,public,2,0,0,false
432,\src\com\fsck\k9\activity\MessageCompose.IdentityContainer.java,IdentityContainer,11,2,0,0,0,false,false,2,true,false,0,0,2,0,true,false,true,true,false,default,0,0,0,false
433,\src\com\fsck\k9\activity\MessageCompose.IdentityField.java,IdentityField,37,15,2,0,1,false,false,2,false,false,0,0,0,0,false,false,true,false,true,private,2,0,0,false
434,\src\com\fsck\k9\activity\MessageCompose.IdentityAdapter.java,IdentityAdapter,104,2,8,0,6,false,false,2,true,false,3,7,12,11,true,false,true,true,false,default,8,0,0,false
435,\src\com\fsck\k9\controller\MessagingController.java,MessagingController,4512,31,152,9,18,true,false,2,true,true,382,422,90,643,false,false,false,true,false,public,75,75,0,false
436,\src\com\fsck\k9\activity\MessageCompose.QuotedTextMode.java,QuotedTextMode,6,3,0,0,0,false,false,3,false,false,0,0,0,0,false,false,true,false,true,private,0,0,0,false
437,\src\com\fsck\k9\activity\MessageCompose.Listener.java,Listener,78,0,5,0,0,false,false,1,true,false,9,19,7,1,false,false,true,true,false,default,5,0,0,false
438,\src\com\fsck\k9\activity\MessageCompose.SaveMessageTask.java,SaveMessageTask,40,0,1,0,0,false,false,3,false,false,2,1,7,1,false,false,true,true,false,private,0,0,1,false
439,\src\com\fsck\k9\activity\MessageCompose.SendMessageTask.java,SendMessageTask,37,0,1,0,0,false,false,3,false,false,1,1,7,2,false,false,true,true,false,private,0,0,1,false
440,\src\com\fsck\k9\activity\MessageCompose.SignEncryptCallback.java,SignEncryptCallback,51,2,1,0,0,false,false,3,false,false,2,1,9,2,false,false,true,true,false,private,1,0,0,false
441,\src\com\fsck\k9\activity\MessageCompose.SimpleMessageFormat.java,SimpleMessageFormat,5,2,0,0,0,false,false,3,false,false,0,0,0,0,false,false,true,false,true,default,0,0,0,false
442,\src\com\fsck\k9\activity\MessageCompose.WaitingAction.java,WaitingAction,6,3,0,0,0,false,false,2,false,false,0,0,0,0,false,false,true,false,true,private,0,0,0,false
443,\src\com\fsck\k9\activity\MessageInfoHolder.java,MessageInfoHolder,40,19,2,0,0,false,false,3,true,false,1,1,2,1,false,false,false,true,false,public,2,0,0,false
444,\src\com\fsck\k9\activity\MessageList.DisplayMode.java,DisplayMode,11,3,0,0,0,false,false,2,false,false,0,0,0,0,false,false,true,false,true,private,0,0,0,false
445,\src\com\fsck\k9\activity\MessageList.StorageListenerImplementation.java,StorageListenerImplementation,24,0,2,0,0,false,false,3,false,false,1,2,1,1,false,false,true,true,false,private,2,0,0,false
446,\src\com\fsck\k9\activity\NotificationDeleteConfirmation.java,NotificationDeleteConfirmation,86,5,5,0,1,false,false,3,false,false,3,7,13,7,false,false,false,true,false,public,4,1,0,false
447,\src\com\fsck\k9\activity\Search.java,Search,20,1,4,1,0,false,false,1,false,false,0,1,0,2,false,false,false,true,false,public,4,0,0,false
448,\src\com\fsck\k9\activity\MessageReference.java,MessageReference,163,7,7,0,0,false,false,2,false,false,12,4,13,19,false,false,false,true,false,public,7,0,0,false
449,\src\com\fsck\k9\activity\UpgradeDatabases.UpgradeDatabaseBroadcastReceiver.java,UpgradeDatabaseBroadcastReceiver,67,0,1,0,0,false,false,4,true,false,2,2,6,2,false,false,true,true,false,default,1,0,0,false
450,\src\com\fsck\k9\activity\UnreadWidgetConfiguration.java,UnreadWidgetConfiguration,79,3,6,0,1,false,false,3,false,false,2,9,9,6,false,false,false,true,false,public,3,1,2,false
451,\src\com\fsck\k9\activity\UpgradeDatabases.java,UpgradeDatabases,153,8,8,1,0,false,false,2,false,false,4,3,10,6,false,false,false,true,false,public,4,4,0,false
452,\src\com\fsck\k9\activity\setup\AccountSettings.PopulateFolderPrefsTask.java,PopulateFolderPrefsTask,84,3,3,0,0,false,false,4,false,false,3,2,9,16,false,false,true,true,false,private,0,0,3,false
453,\src\com\fsck\k9\activity\setup\AccountSetupAccountType.java,AccountSetupAccountType,116,4,7,0,0,false,false,4,false,false,3,6,14,22,false,false,false,true,false,public,3,4,0,false
454,\src\com\fsck\k9\activity\setup\AccountSetupBasics.Provider.java,Provider,21,9,0,0,0,false,false,1,true,false,0,0,2,0,true,false,true,true,false,default,0,0,0,false
455,\src\com\fsck\k9\activity\MessageList.java,MessageList,1346,39,78,8,0,false,false,2,false,false,104,72,54,152,false,false,false,true,false,public,51,25,2,false
456,\src\com\fsck\k9\activity\setup\AccountSetupCheckSettings.CheckDirection.java,CheckDirection,13,2,0,0,0,false,false,2,false,false,0,0,1,0,false,false,true,false,true,public,0,0,0,false
457,\src\com\fsck\k9\activity\setup\AccountSetupBasics.java,AccountSetupBasics,456,15,25,0,3,false,false,3,false,false,26,28,40,45,false,false,false,true,false,public,11,11,3,false
458,\src\com\fsck\k9\activity\setup\AccountSetupComposition.java,AccountSetupComposition,108,10,6,0,0,false,false,3,false,false,4,7,13,19,false,false,false,true,false,public,5,1,0,false
459,\src\com\fsck\k9\activity\setup\AccountSetupCheckSettings.java,AccountSetupCheckSettings,407,10,16,1,1,false,false,4,false,false,26,21,35,42,false,false,false,true,false,public,8,8,0,false
460,\src\com\fsck\k9\activity\setup\AccountSettings.java,AccountSettings,868,129,20,0,0,false,false,2,false,false,30,15,33,231,false,false,false,true,false,public,8,11,1,false
461,\src\com\fsck\k9\activity\setup\AccountSetupNames.java,AccountSetupNames,82,5,5,0,0,false,false,3,false,false,4,4,15,8,false,false,false,true,false,public,3,1,1,false
462,\src\com\fsck\k9\activity\setup\AccountSetupOptions.java,AccountSetupOptions,133,8,4,0,0,false,false,3,false,false,4,5,12,15,false,false,false,true,false,public,3,1,0,false
463,\src\com\fsck\k9\activity\setup\FolderSettings.java,FolderSettings,149,16,4,0,0,false,false,2,false,false,1,4,17,40,false,false,false,true,false,public,3,1,0,false
464,\src\com\fsck\k9\activity\setup\AccountSetupOutgoing.java,AccountSetupOutgoing,461,26,18,0,1,false,false,3,false,false,23,20,26,51,false,false,false,true,false,public,8,7,3,false
465,\src\com\fsck\k9\activity\setup\FontSizeSettings.java,FontSizeSettings,176,34,6,0,0,false,false,3,false,false,1,4,8,44,false,false,false,true,false,public,3,3,0,false
466,\src\com\fsck\k9\activity\setup\AccountSetupIncoming.java,AccountSetupIncoming,575,41,16,0,1,false,false,3,false,false,29,17,36,65,false,false,false,true,false,public,7,7,2,false
467,\src\com\fsck\k9\activity\MessageCompose.java,MessageCompose,3226,132,90,2,8,false,false,2,false,false,278,88,109,352,false,false,false,true,false,public,20,66,3,false
468,\src\com\fsck\k9\activity\setup\SpinnerOption.java,SpinnerOption,26,2,2,1,0,false,false,2,false,false,1,2,1,1,false,false,false,true,false,public,2,0,0,false
469,\src\com\fsck\k9\activity\setup\SliderPreference.java,SliderPreference,167,6,13,5,2,false,false,2,false,false,5,12,9,6,false,false,false,true,false,public,6,1,6,false
470,\src\com\fsck\k9\activity\setup\WelcomeMessage.java,WelcomeMessage,47,0,3,0,0,false,false,2,false,false,1,3,12,2,false,false,false,true,false,public,3,0,0,false
471,\src\com\fsck\k9\activity\misc\Attachment.LoadingState.java,LoadingState,26,4,0,0,0,false,false,2,false,false,0,0,0,0,true,false,true,false,true,public,0,0,0,false
472,\src\com\fsck\k9\activity\misc\ContactPictureLoader.AsyncDrawable.java,AsyncDrawable,15,1,1,0,1,false,false,2,false,false,0,0,4,1,true,false,true,true,false,default,1,0,0,false
473,\src\com\fsck\k9\activity\setup\Prefs.java,Prefs,459,92,9,0,0,false,false,1,false,false,15,7,33,122,false,false,false,true,false,public,2,5,2,false
474,\src\com\fsck\k9\activity\misc\Attachment.java,Attachment,88,8,2,0,0,false,false,1,false,false,0,2,3,8,false,false,false,true,false,public,2,0,0,false
475,\src\com\fsck\k9\activity\misc\ContactPictureLoader.ContactPictureRetrievalTask.java,ContactPictureRetrievalTask,64,2,3,0,1,false,false,4,false,false,7,2,10,4,false,false,true,true,false,default,1,0,2,false
476,\src\com\fsck\k9\activity\misc\ExtendedAsyncTask.java,ExtendedAsyncTask,102,3,4,0,0,false,false,3,false,false,1,1,4,2,false,false,false,true,false,public,2,0,2,true
477,\src\com\fsck\k9\activity\misc\NonConfigurationInstance.java,NonConfigurationInstance,34,0,0,0,0,false,false,3,false,false,0,0,1,0,false,true,false,false,false,public,0,0,0,false
478,\src\com\fsck\k9\activity\misc\ContactPictureLoader.java,ContactPictureLoader,228,10,8,0,2,false,false,3,true,false,8,11,19,14,false,false,false,true,false,public,1,7,0,false
479,\src\com\fsck\k9\activity\misc\SwipeGestureDetector.OnSwipeGestureListener.java,OnSwipeGestureListener,28,0,0,0,0,false,false,4,true,false,0,0,1,0,false,true,true,false,false,public,0,0,0,false
480,\src\com\fsck\k9\activity\misc\SwipeGestureDetector.java,SwipeGestureDetector,69,7,2,0,0,false,false,3,true,false,5,5,3,3,false,false,false,true,false,public,2,0,0,false
481,\src\com\fsck\k9\activity\loader\AttachmentContentLoader.java,AttachmentContentLoader,63,2,2,0,0,false,false,3,true,false,3,0,10,8,false,false,false,true,false,public,1,0,1,false
482,\src\com\fsck\k9\activity\loader\AttachmentInfoLoader.java,AttachmentInfoLoader,83,1,2,0,0,false,false,3,true,false,9,0,11,8,false,false,false,true,false,public,1,0,1,false
483,\plugins\openpgp-api-library\src\org\openintents\openpgp\OpenPgpError.java,OpenPgpError,99,9,6,2,2,false,false,3,true,false,0,4,2,8,false,false,false,true,false,public,6,0,0,false
484,\plugins\openpgp-api-library\src\org\openintents\openpgp\OpenPgpSignatureResult.java,OpenPgpSignatureResult,133,10,11,4,3,false,false,4,false,false,0,6,2,10,false,false,false,true,false,public,11,0,0,false
485,\plugins\openpgp-api-library\src\org\openintents\openpgp\util\OpenPgpApi.IOpenPgpCallback.java,IOpenPgpCallback,20,0,0,0,0,false,false,4,false,false,0,0,1,0,false,true,true,false,false,public,0,0,0,false
486,\plugins\openpgp-api-library\src\org\openintents\openpgp\util\OpenPgpApi.OpenPgpAsyncTask.java,OpenPgpAsyncTask,39,4,2,0,0,false,false,4,false,false,0,2,4,0,false,false,true,true,false,private,0,0,2,false
487,\plugins\openpgp-api-library\src\org\openintents\openpgp\util\OpenPgpListPreference.OpenPgpProviderEntry.java,OpenPgpProviderEntry,41,4,1,0,0,false,false,4,false,false,0,0,2,0,true,false,true,true,false,private,1,0,0,false
488,\plugins\openpgp-api-library\src\org\openintents\openpgp\util\OpenPgpApi.java,OpenPgpApi,209,25,2,0,0,false,false,3,false,false,3,7,12,8,false,false,false,true,false,public,2,0,0,false
489,\plugins\openpgp-api-library\src\org\openintents\openpgp\util\OpenPgpServiceConnection.java,OpenPgpServiceConnection,74,5,4,0,1,false,false,4,false,false,1,0,6,2,false,false,false,true,false,public,4,0,0,false
490,\plugins\openpgp-api-library\src\org\openintents\openpgp\util\ParcelFileDescriptorUtil.IThreadListener.java,IThreadListener,20,0,0,0,0,false,false,3,true,false,0,0,0,0,false,true,true,false,false,public,0,0,0,false
491,\plugins\openpgp-api-library\src\org\openintents\openpgp\util\OpenPgpUtils.java,OpenPgpUtils,53,5,2,0,0,false,false,3,false,false,2,2,6,4,false,false,false,true,false,public,2,0,0,false
492,\plugins\openpgp-api-library\src\org\openintents\openpgp\util\OpenPgpListPreference.java,OpenPgpListPreference,197,6,10,1,4,false,false,4,false,false,8,13,18,16,false,false,false,true,false,public,5,1,4,false
493,\plugins\openpgp-api-library\src\org\openintents\openpgp\util\ParcelFileDescriptorUtil.TransferThread.java,TransferThread,60,3,1,0,0,false,false,2,false,false,1,0,3,7,true,false,true,true,false,default,1,0,0,false
494,\plugins\openpgp-api-library\src\org\openintents\openpgp\util\ParcelFileDescriptorUtil.java,ParcelFileDescriptorUtil,45,0,2,0,0,false,false,4,false,false,0,4,4,4,false,false,false,true,false,public,2,0,0,false
495,\plugins\ckChangeLog\library\src\de\cketti\library\changelog\ChangeLog.ChangeLogTag.java,ChangeLogTag,39,1,0,0,0,false,false,3,false,false,0,0,0,0,false,true,true,false,false,protected,0,0,0,false
496,\plugins\ckChangeLog\library\src\de\cketti\library\changelog\ChangeLog.ChangeTag.java,ChangeTag,39,1,0,0,0,false,false,2,false,false,0,0,0,0,false,true,true,false,false,protected,0,0,0,false
497,\plugins\ckChangeLog\library\src\de\cketti\library\changelog\ChangeLog.ReleaseItem.java,ReleaseItem,56,3,0,0,0,false,false,2,false,false,0,0,1,0,true,false,true,true,false,protected,0,0,0,false
498,\plugins\ckChangeLog\library\src\de\cketti\library\changelog\ChangeLog.ReleaseTag.java,ReleaseTag,41,3,0,0,0,false,false,2,false,false,0,0,0,0,false,true,true,false,false,protected,0,0,0,false
499,\plugins\Android-PullToRefresh\library\src\com\handmark\pulltorefresh\library\ILoadingLayout.java,ILoadingLayout,48,0,0,0,0,false,false,3,false,false,0,0,2,0,false,true,false,false,false,public,0,0,0,false
500,\plugins\ckChangeLog\library\src\de\cketti\library\changelog\ChangeLog.java,ChangeLog,428,9,14,0,9,false,false,2,false,false,5,7,18,32,false,false,false,true,false,public,9,2,3,false
501,\plugins\Android-PullToRefresh\library\src\com\handmark\pulltorefresh\library\IPullToRefresh.java,IPullToRefresh,217,0,0,0,0,false,false,4,false,false,0,0,7,1,false,true,false,false,false,public,0,0,0,false
502,\plugins\Android-PullToRefresh\library\src\com\handmark\pulltorefresh\library\LoadingLayoutProxy.java,LoadingLayoutProxy,60,1,7,6,0,false,false,3,false,false,1,7,4,0,false,false,false,true,false,public,7,0,0,false
503,\plugins\Android-PullToRefresh\library\src\com\handmark\pulltorefresh\library\OverscrollHelper.java,OverscrollHelper,163,2,4,0,0,false,false,2,true,false,9,23,5,11,false,false,false,true,false,public,3,0,0,false
504,\plugins\HoloColorPicker\src\com\larswerkman\colorpicker\ColorPicker.java,ColorPicker,419,13,14,1,2,false,false,2,true,false,15,15,13,6,false,false,false,true,false,public,4,6,4,false
505,\plugins\Android-PullToRefresh\library\src\com\handmark\pulltorefresh\library\PullToRefreshBase.AnimationStyle.java,AnimationStyle,62,2,3,0,1,false,false,2,false,false,2,5,5,0,true,false,true,false,true,public,0,0,0,false
506,\plugins\Android-PullToRefresh\library\src\com\handmark\pulltorefresh\library\PullToRefreshBase.Mode.java,Mode,98,8,6,0,2,false,false,1,false,false,1,1,0,2,true,false,true,false,true,public,2,0,0,false
507,\plugins\Android-PullToRefresh\library\src\com\handmark\pulltorefresh\library\PullToRefreshAdapterViewBase.java,PullToRefreshAdapterViewBase,410,8,26,7,2,false,false,6,false,false,43,20,18,37,false,false,false,true,false,public,10,7,9,true
508,\plugins\Android-PullToRefresh\library\src\com\handmark\pulltorefresh\library\PullToRefreshBase.OnLastItemVisibleListener.java,OnLastItemVisibleListener,22,0,0,0,0,false,false,5,true,false,0,0,0,0,true,true,true,false,false,public,0,0,0,false
509,\plugins\Android-PullToRefresh\library\src\com\handmark\pulltorefresh\library\PullToRefreshBase.OnPullEventListener.java,OnPullEventListener,32,0,0,0,0,false,false,4,true,false,0,0,1,0,true,true,true,false,false,public,0,0,0,false
510,\plugins\Android-PullToRefresh\library\src\com\handmark\pulltorefresh\library\PullToRefreshBase.OnRefreshListener.java,OnRefreshListener,24,0,0,0,0,false,false,3,true,false,0,0,1,0,true,true,true,false,false,public,0,0,0,false
511,\plugins\Android-PullToRefresh\library\src\com\handmark\pulltorefresh\library\PullToRefreshBase.OnRefreshListener2.java,OnRefreshListener2,30,0,0,0,0,false,false,3,false,false,0,0,1,0,true,true,true,false,false,public,0,0,0,false
512,\plugins\Android-PullToRefresh\library\src\com\handmark\pulltorefresh\library\PullToRefreshBase.OnSmoothScrollFinishedListener.java,OnSmoothScrollFinishedListener,19,0,0,0,0,false,false,5,true,false,0,0,0,0,true,true,true,false,false,default,0,0,0,false
513,\plugins\Android-PullToRefresh\library\src\com\handmark\pulltorefresh\library\PullToRefreshBase.Orientation.java,Orientation,19,2,0,0,0,false,false,1,false,false,0,0,0,0,true,false,true,false,true,public,0,0,0,false
514,\plugins\Android-PullToRefresh\library\src\com\handmark\pulltorefresh\library\PullToRefreshBase.SmoothScrollRunnable.java,SmoothScrollRunnable,69,8,2,0,0,false,false,3,false,false,3,0,2,3,false,false,true,true,false,default,2,0,0,false
515,\plugins\Android-PullToRefresh\library\src\com\handmark\pulltorefresh\library\PullToRefreshBase.State.java,State,69,7,2,0,1,false,false,1,false,false,1,1,0,2,true,false,true,false,true,public,0,0,0,false
516,\plugins\Android-PullToRefresh\library\src\com\handmark\pulltorefresh\library\PullToRefreshExpandableListView.InternalExpandableListView.java,InternalExpandableListView,34,0,2,2,0,false,false,4,false,false,0,2,5,0,false,false,true,true,false,default,2,0,0,false
517,\plugins\Android-PullToRefresh\library\src\com\handmark\pulltorefresh\library\PullToRefreshExpandableListView.InternalExpandableListViewSDK9.java,InternalExpandableListViewSDK9,35,0,1,0,0,false,false,7,false,false,0,9,3,0,false,false,true,true,false,default,0,0,1,false
518,\plugins\Android-PullToRefresh\library\src\com\handmark\pulltorefresh\library\PullToRefreshExpandableListView.java,PullToRefreshExpandableListView,51,0,2,0,1,false,false,6,false,false,1,2,5,0,false,false,false,true,false,public,1,0,1,false
519,\plugins\Android-PullToRefresh\library\src\com\handmark\pulltorefresh\library\PullToRefreshGridView.InternalGridView.java,InternalGridView,34,0,2,2,0,false,false,3,false,false,0,2,5,0,false,false,true,true,false,default,2,0,0,false
520,\plugins\Android-PullToRefresh\library\src\com\handmark\pulltorefresh\library\PullToRefreshGridView.InternalGridViewSDK9.java,InternalGridViewSDK9,34,0,1,0,0,false,false,6,false,false,0,9,3,0,false,false,true,true,false,default,0,0,1,false
521,\plugins\Android-PullToRefresh\library\src\com\handmark\pulltorefresh\library\PullToRefreshGridView.java,PullToRefreshGridView,51,0,2,0,1,false,false,5,false,false,1,2,5,0,false,false,false,true,false,public,1,0,1,false
522,\plugins\Android-PullToRefresh\library\src\com\handmark\pulltorefresh\library\PullToRefreshBase.java,PullToRefreshBase,1097,34,79,25,17,false,false,4,false,false,83,70,21,60,false,false,false,true,false,public,41,9,28,true
523,\plugins\Android-PullToRefresh\library\src\com\handmark\pulltorefresh\library\PullToRefreshHorizontalScrollView.InternalHorizontalScrollViewSDK9.java,InternalHorizontalScrollViewSDK9,48,0,2,0,1,false,false,7,false,false,1,9,5,1,false,false,true,true,false,default,0,1,1,false
524,\plugins\Android-PullToRefresh\library\src\com\handmark\pulltorefresh\library\PullToRefreshHorizontalScrollView.java,PullToRefreshHorizontalScrollView,63,0,4,0,1,false,false,6,false,false,2,2,6,2,false,false,false,true,false,public,1,0,3,false
525,\plugins\Android-PullToRefresh\library\src\com\handmark\pulltorefresh\library\PullToRefreshListView.InternalListView.java,InternalListView,74,1,5,3,0,false,false,3,false,false,1,5,8,2,false,false,true,true,false,protected,4,0,1,false
526,\plugins\Android-PullToRefresh\library\src\com\handmark\pulltorefresh\library\PullToRefreshListView.InternalListViewSDK9.java,InternalListViewSDK9,34,0,1,0,0,false,false,6,false,false,0,9,3,0,false,false,true,true,false,default,0,0,1,false
527,\plugins\Android-PullToRefresh\library\src\com\handmark\pulltorefresh\library\PullToRefreshScrollView.InternalScrollViewSDK9.java,InternalScrollViewSDK9,48,0,2,0,1,false,false,6,false,false,1,9,5,1,false,false,true,true,false,default,0,1,1,false
528,\plugins\Android-PullToRefresh\library\src\com\handmark\pulltorefresh\library\PullToRefreshScrollView.java,PullToRefreshScrollView,63,0,4,0,1,false,false,5,false,false,2,2,6,2,false,false,false,true,false,public,1,0,3,false
529,\plugins\Android-PullToRefresh\library\src\com\handmark\pulltorefresh\library\PullToRefreshWebView.InternalWebViewSDK9.java,InternalWebViewSDK9,47,2,2,0,1,false,false,6,false,false,0,9,5,1,false,false,true,true,false,default,0,1,1,false
530,\plugins\Android-PullToRefresh\library\src\com\handmark\pulltorefresh\library\PullToRefreshListView.java,PullToRefreshListView,208,4,7,0,1,false,false,5,false,false,13,8,11,15,false,false,false,true,false,public,1,0,6,false
531,\plugins\Android-PullToRefresh\library\src\com\handmark\pulltorefresh\library\internal\EmptyViewMethodAccessor.java,EmptyViewMethodAccessor,38,0,0,0,0,false,false,4,true,false,0,0,1,3,false,true,false,false,false,public,0,0,0,false
532,\plugins\Android-PullToRefresh\library\src\com\handmark\pulltorefresh\library\PullToRefreshWebView.java,PullToRefreshWebView,106,2,6,0,1,false,false,5,false,false,2,4,8,4,false,false,false,true,false,public,1,0,5,false
533,\plugins\Android-PullToRefresh\library\src\com\handmark\pulltorefresh\library\internal\FlipLoadingLayout.java,FlipLoadingLayout,123,2,8,0,2,false,false,3,false,false,5,2,13,8,false,false,false,true,false,public,0,1,7,false
534,\plugins\Android-PullToRefresh\library\src\com\handmark\pulltorefresh\library\internal\IndicatorLayout.java,IndicatorLayout,120,4,8,0,0,false,false,2,false,false,3,3,16,3,false,false,false,true,false,public,8,0,0,false
535,\plugins\Android-PullToRefresh\library\src\com\handmark\pulltorefresh\library\internal\RotateLoadingLayout.java,RotateLoadingLayout,89,5,8,0,1,false,false,3,false,false,3,2,10,4,false,false,false,true,false,public,1,1,6,false
536,\plugins\Android-PullToRefresh\library\src\com\handmark\pulltorefresh\library\internal\Utils.java,Utils,8,1,1,0,0,false,false,1,false,false,0,2,1,0,false,false,false,true,false,public,1,0,0,false
537,\plugins\Android-PullToRefresh\library\src\com\handmark\pulltorefresh\library\internal\ViewCompat.SDK11.java,SDK11,24,0,1,1,0,false,false,3,false,false,0,2,2,0,true,false,true,true,false,default,1,0,0,false
538,\plugins\Android-PullToRefresh\library\src\com\handmark\pulltorefresh\library\internal\ViewCompat.SDK16.java,SDK16,28,0,2,1,0,false,false,3,false,false,0,4,3,0,true,false,true,true,false,default,2,0,0,false
539,\plugins\Android-PullToRefresh\library\src\com\handmark\pulltorefresh\library\internal\LoadingLayout.java,LoadingLayout,323,13,21,13,1,false,false,2,false,false,42,14,23,20,false,false,false,true,false,public,16,5,0,true
540,\plugins\Android-PullToRefresh\library\src\com\handmark\pulltorefresh\library\internal\ViewCompat.java,ViewCompat,42,0,3,2,0,false,false,2,false,false,3,6,4,0,false,false,false,true,false,public,3,0,0,false
541,\plugins\Android-PullToRefresh\library\src\com\handmark\pulltorefresh\library\extras\PullToRefreshWebView2.JsValueCallback.java,JsValueCallback,60,0,2,0,0,false,false,3,false,false,0,2,0,0,false,false,true,true,false,default,2,0,0,false
542,\plugins\Android-PullToRefresh\library\src\com\handmark\pulltorefresh\library\extras\PullToRefreshWebView2.java,PullToRefreshWebView2,103,6,3,0,0,false,false,5,false,false,0,2,5,2,false,false,false,true,false,public,0,0,3,false
543,\plugins\Android-PullToRefresh\library\src\com\handmark\pulltorefresh\library\extras\SoundPullEventListener.java,SoundPullEventListener,82,3,5,0,1,false,false,4,true,false,3,6,7,5,false,false,false,true,false,public,4,1,0,false
