index,fullpathname,classname,loc,numAttr,numMethod,setters,getters,isPersist,isCollection,numWordName,isOrEr,isController,numIfs,numParameters,numImports,numOutboundInvocation,isStaticClass,isInterface,isInnerClass,isClass,isEnum,classPublicity,numPublicMethods,numPrivateMethods,numProtectedMethods,isAbstract,pred_label
5,\src\com\fsck\k9\Account.FolderMode.java,FolderMode,8,5,0,0,0,False,False,2,False,False,0,0,0,0,False,False,True,False,True,public,0,0,0,False,Information Holder
7,\src\com\fsck\k9\Account.MessageFormat.java,MessageFormat,8,3,0,0,0,False,False,2,False,False,0,0,0,0,False,False,True,False,True,public,0,0,0,False,Information Holder
8,\src\com\fsck\k9\Account.QuoteStyle.java,QuoteStyle,8,2,0,0,0,False,False,2,False,False,0,0,0,0,False,False,True,False,True,public,0,0,0,False,Information Holder
9,\src\com\fsck\k9\Account.ScrollButtons.java,ScrollButtons,8,3,0,0,0,False,False,2,False,False,0,0,0,0,False,False,True,False,True,public,0,0,0,False,Information Holder
10,\src\com\fsck\k9\Account.Searchable.java,Searchable,8,3,0,0,0,False,False,1,False,False,0,0,0,0,False,False,True,False,True,public,0,0,0,False,Information Holder
11,\src\com\fsck\k9\Account.ShowPictures.java,ShowPictures,8,3,0,0,0,False,False,2,False,False,0,0,0,0,False,False,True,False,True,public,0,0,0,False,Information Holder
12,\src\com\fsck\k9\AccountStats.java,AccountStats,12,5,0,0,0,False,False,2,False,False,0,0,1,0,False,False,False,True,False,public,0,0,0,False,Information Holder
13,\src\com\fsck\k9\BaseAccount.java,BaseAccount,8,0,0,0,0,False,False,2,False,False,0,0,0,0,False,True,False,False,False,public,0,0,0,False,Information Holder
14,\src\com\fsck\k9\EmailAddressValidator.java,EmailAddressValidator,14,0,3,0,0,False,False,3,True,False,0,3,2,1,False,False,False,True,False,public,3,0,0,False,Service Provider
15,\src\com\fsck\k9\EmailReceivedIntent.java,EmailReceivedIntent,12,9,0,0,0,False,False,3,False,False,0,0,0,0,False,False,False,True,False,public,0,0,0,False,Information Holder
16,\src\com\fsck\k9\EmailAddressAdapter.java,EmailAddressAdapter,54,2,4,0,1,False,False,3,True,False,1,6,7,1,False,False,False,True,False,public,4,0,0,False,Coordinator
17,\src\com\fsck\k9\K9.ApplicationAware.java,ApplicationAware,11,0,0,0,0,False,False,2,False,False,0,0,0,0,True,True,True,False,False,public,0,0,0,False,Service Provider
18,\src\com\fsck\k9\Identity.java,Identity,51,7,13,6,6,False,False,1,False,False,0,6,1,0,False,False,False,True,False,public,13,0,0,False,Information Holder
19,\src\com\fsck\k9\K9.BACKGROUND_OPS.java,OPS,4,4,0,0,0,False,False,3,False,False,0,0,0,0,False,False,False,False,True,public,0,0,0,False,Information Holder
20,\src\com\fsck\k9\K9.Intents.java,Intents,25,0,0,0,0,False,False,1,False,False,0,0,0,0,True,False,True,True,False,public,0,0,0,False,Information Holder
21,\src\com\fsck\k9\FontSizes.java,FontSizes,311,41,37,17,18,False,False,2,False,False,2,19,2,1,False,False,False,True,False,public,37,0,0,False,Information Holder
22,\src\com\fsck\k9\NotificationSetting.java,NotificationSetting,121,7,16,7,6,False,False,2,False,False,1,9,0,0,False,False,False,True,False,public,16,0,0,False,Information Holder
23,\src\com\fsck\k9\SearchAccount.java,SearchAccount,93,11,20,8,8,False,False,2,False,False,1,10,4,1,False,False,False,True,False,public,19,0,1,False,Information Holder
24,\src\com\fsck\k9\SearchSpecification.java,SearchSpecification,10,0,0,0,0,False,False,2,False,False,0,0,1,0,False,True,False,False,False,public,0,0,0,False,Service Provider
25,\src\com\fsck\k9\Preferences.java,Preferences,140,7,11,1,6,False,False,1,False,False,13,4,12,15,False,False,False,True,False,public,11,0,0,False,Structurer
26,\src\com\fsck\k9\Account.java,Account,1282,89,157,61,56,False,False,1,False,False,38,86,25,85,False,False,False,True,False,public,152,4,1,False,Structurer
27,\src\com\fsck\k9\view\AttachmentView.AttachmentFileDownloadCallback.java,AttachmentFileDownloadCallback,13,0,0,0,0,False,False,4,False,False,0,0,0,0,False,True,True,False,False,public,0,0,0,False,Service Provider
28,\src\com\fsck\k9\view\AccessibleWebView.java,AccessibleWebView,94,4,8,1,1,False,False,3,False,False,3,10,11,2,False,False,False,True,False,public,6,2,0,False,Interfacer
29,\src\com\fsck\k9\K9.java,K9,770,79,87,39,10,False,False,1,False,False,12,46,32,30,False,False,False,True,False,public,82,3,2,False,Coordinator
30,\src\com\fsck\k9\view\ColorChip.java,ColorChip,23,2,1,0,0,False,False,2,False,False,0,0,3,2,False,False,False,True,False,public,1,0,0,False,Information Holder
31,\src\com\fsck\k9\view\ColorPickerBox.java,ColorPickerBox,54,8,2,1,0,False,False,3,False,False,1,2,6,1,False,False,False,True,False,public,1,0,1,False,Interfacer
32,\src\com\fsck\k9\view\AttachmentView.java,AttachmentView,290,15,14,1,2,False,False,2,False,False,13,9,33,25,False,False,False,True,False,public,10,4,0,False,Interfacer
33,\src\com\fsck\k9\view\MessageHeader.HeaderEntry.java,HeaderEntry,9,2,0,0,0,False,False,2,False,False,0,0,0,0,True,False,True,True,False,private,0,0,0,False,Information Holder
34,\src\com\fsck\k9\view\MessageCryptoView.java,MessageCryptoView,123,7,4,2,0,False,False,3,False,False,11,4,14,10,False,False,False,True,False,public,4,0,0,False,Interfacer
35,\src\com\fsck\k9\view\MessageWebView.java,MessageWebView,115,2,4,1,0,False,False,3,False,False,5,2,14,10,False,False,False,True,False,public,4,0,0,False,Interfacer
36,\src\com\fsck\k9\view\MessageHeader.java,MessageHeader,262,21,9,1,1,False,False,2,True,False,10,5,31,31,False,False,False,True,False,public,4,5,0,False,Interfacer
37,\src\com\fsck\k9\view\ToggleScrollView.ScrollToLastLocationListener.java,ScrollToLastLocationListener,19,0,1,0,0,False,False,5,True,False,1,0,3,0,False,False,True,True,False,default,1,0,0,False,Service Provider
38,\src\com\fsck\k9\view\ToggleScrollView.YScrollDetector.java,YScrollDetector,21,0,1,0,0,False,True,3,True,False,1,4,2,0,False,False,True,True,False,default,1,0,0,False,Service Provider
39,\src\com\fsck\k9\view\SingleMessageView.java,SingleMessageView,288,12,26,8,1,False,False,3,False,False,18,34,29,33,False,False,False,True,False,public,25,1,0,False,Interfacer
40,\src\com\fsck\k9\view\ToggleScrollView.java,ToggleScrollView,101,5,7,2,2,False,False,3,False,False,4,8,8,3,False,False,False,True,False,public,6,0,1,False,Interfacer
41,\src\com\fsck\k9\service\BootReceiver.java,BootReceiver,118,5,5,0,0,False,False,2,True,False,9,11,9,8,False,False,False,True,False,public,4,1,0,False,Service Provider
42,\src\com\fsck\k9\service\CoreReceiver.java,CoreReceiver,72,4,5,0,1,False,False,2,True,False,9,9,10,3,False,False,False,True,False,public,3,2,0,False,Service Provider
43,\src\com\fsck\k9\service\PollService.Listener.java,Listener,77,3,9,1,1,False,False,1,True,False,6,12,9,8,False,False,True,True,False,default,8,1,0,False,Service Provider
44,\src\com\fsck\k9\service\CoreService.java,CoreService,388,8,12,1,0,False,False,2,False,False,19,19,15,22,False,False,False,True,False,public,6,0,6,True,Service Provider
45,\src\com\fsck\k9\service\PollService.java,PollService,62,3,5,0,0,False,False,2,False,False,6,5,6,7,False,False,False,True,False,public,5,0,0,False,Service Provider
46,\src\com\fsck\k9\service\PushService.java,PushService,48,2,5,0,0,False,False,2,False,False,3,5,5,3,False,False,False,True,False,public,5,0,0,False,Service Provider
47,\src\com\fsck\k9\service\RemoteControlReceiver.java,RemoteControlReceiver,40,0,1,0,0,False,False,3,True,False,2,3,9,5,False,False,False,True,False,public,1,0,0,False,Service Provider
48,\src\com\fsck\k9\service\MailService.java,MailService,381,14,23,1,1,False,False,2,False,False,41,32,17,57,False,False,False,True,False,public,12,11,0,False,Controller
49,\src\com\fsck\k9\service\ShutdownReceiver.java,ShutdownReceiver,34,0,1,0,0,False,False,2,True,False,1,2,5,1,False,False,False,True,False,public,1,0,0,False,Service Provider
50,\src\com\fsck\k9\service\SleepService.SleepDatum.java,SleepDatum,9,4,0,0,0,False,False,2,False,False,0,0,2,0,True,False,True,True,False,private,0,0,0,False,Information Holder
51,\src\com\fsck\k9\service\RemoteControlService.java,RemoteControlService,143,4,2,1,0,False,False,3,False,False,22,5,14,17,False,False,False,True,False,public,2,0,0,False,Controller
52,\src\com\fsck\k9\service\StorageGoneReceiver.java,StorageGoneReceiver,35,0,1,0,0,False,False,3,True,False,3,2,7,5,False,False,False,True,False,public,1,0,0,False,Service Provider
53,\src\com\fsck\k9\service\SleepService.java,SleepService,114,4,4,0,0,False,False,2,False,False,17,8,9,13,False,False,False,True,False,public,2,2,0,False,Service Provider
54,\src\com\fsck\k9\service\StorageReceiver.java,StorageReceiver,29,0,1,0,0,False,False,2,True,False,3,2,7,5,False,False,False,True,False,public,1,0,0,False,Service Provider
55,\src\com\fsck\k9\remotecontrol\AccountReceiver.java,AccountReceiver,23,1,1,0,0,False,False,2,True,False,2,2,5,1,False,False,False,True,False,default,1,0,0,False,Service Provider
56,\src\com\fsck\k9\remotecontrol\K9AccountReceptor.java,K9AccountReceptor,10,0,0,0,0,False,False,3,True,False,0,0,0,0,False,True,False,False,False,public,0,0,0,False,Service Provider
57,\src\com\fsck\k9\remotecontrol\K9RemoteControl.java,K9RemoteControl,118,30,2,1,0,False,False,3,False,False,0,4,3,0,False,False,False,True,False,public,2,0,0,False,Information Holder
58,\src\com\fsck\k9\provider\AttachmentProvider.AttachmentProviderColumns.java,AttachmentProviderColumns,16,4,0,0,0,False,False,3,False,False,0,0,1,0,True,False,True,True,False,public,0,0,0,False,Information Holder
59,\src\com\fsck\k9\provider\MessageProvider.AccountExtractor.java,AccountExtractor,8,0,1,0,1,False,False,2,True,False,0,1,1,1,True,False,True,True,False,public,1,0,0,False,Coordinator
60,\src\com\fsck\k9\provider\MessageProvider.AccountsQueryHandler.java,AccountsQueryHandler,28,0,3,0,2,False,False,3,True,False,0,5,5,3,False,False,True,True,False,protected,3,0,0,False,Service Provider
61,\src\com\fsck\k9\provider\MessageProvider.CountExtractor.java,CountExtractor,11,1,1,0,1,False,False,2,True,False,0,1,0,0,True,False,True,True,False,public,1,0,0,False,Information Holder
62,\src\com\fsck\k9\provider\AttachmentProvider.java,AttachmentProvider,268,5,18,0,8,False,False,2,True,False,14,43,20,31,False,False,False,True,False,public,12,6,0,False,Service Provider
63,\src\com\fsck\k9\provider\MessageProvider.DeleteUriExtractor.java,DeleteUriExtractor,12,0,1,0,1,False,False,3,True,False,0,1,2,2,True,False,True,True,False,public,1,0,0,False,Coordinator
64,\src\com\fsck\k9\provider\MessageProvider.FieldExtractor.java,FieldExtractor,4,0,0,0,0,False,False,2,True,False,0,0,0,0,True,True,True,False,False,public,0,0,0,False,Service Provider
65,\src\com\fsck\k9\provider\MessageProvider.IdExtractor.java,IdExtractor,8,0,1,0,1,False,False,2,True,False,0,1,1,1,True,False,True,True,False,public,1,0,0,False,Coordinator
66,\src\com\fsck\k9\provider\MessageProvider.IncrementExtractor.java,IncrementExtractor,11,1,1,0,1,False,False,2,True,False,0,1,1,0,True,False,True,True,False,public,1,0,0,False,Coordinator
67,\src\com\fsck\k9\provider\MessageProvider.MessageColumns.java,MessageColumns,38,10,0,0,0,False,False,2,False,False,0,0,1,0,True,True,True,False,False,public,0,0,0,False,Information Holder
68,\src\com\fsck\k9\provider\MessageProvider.MessagesQueryHandler.java,MessagesQueryHandler,99,0,4,0,2,False,False,3,True,False,3,8,13,17,False,False,True,True,False,protected,2,0,2,False,Structurer
69,\src\com\fsck\k9\provider\MessageProvider.MesssageInfoHolderRetrieverListener.java,MesssageInfoHolderRetrieverListener,51,2,2,0,0,False,False,5,True,False,0,4,14,2,False,False,True,True,False,protected,2,0,0,False,Structurer
70,\src\com\fsck\k9\provider\MessageProvider.PreviewExtractor.java,PreviewExtractor,8,0,1,0,1,False,False,2,True,False,0,1,1,1,True,False,True,True,False,public,1,0,0,False,Coordinator
71,\src\com\fsck\k9\provider\MessageProvider.QueryHandler.java,QueryHandler,23,0,0,0,0,False,False,2,True,False,0,0,2,0,True,True,True,False,False,protected,0,0,0,False,Service Provider
72,\src\com\fsck\k9\provider\MessageProvider.SendDateExtractor.java,SendDateExtractor,8,0,1,0,1,False,False,3,True,False,0,1,1,1,True,False,True,True,False,public,1,0,0,False,Coordinator
73,\src\com\fsck\k9\provider\MessageProvider.MonitoredCursor.java,MonitoredCursor,265,3,43,1,17,False,False,2,True,False,2,26,12,24,True,False,True,True,False,protected,41,0,2,False,Service Provider
74,\src\com\fsck\k9\provider\MessageProvider.SenderAddressExtractor.java,SenderAddressExtractor,8,0,1,0,1,False,False,3,True,False,0,1,1,0,True,False,True,True,False,public,1,0,0,False,Coordinator
75,\src\com\fsck\k9\provider\MessageProvider.SenderExtractor.java,SenderExtractor,8,0,1,0,1,False,False,2,True,False,0,1,1,0,True,False,True,True,False,public,1,0,0,False,Coordinator
76,\src\com\fsck\k9\provider\MessageProvider.SubjectExtractor.java,SubjectExtractor,8,0,1,0,1,False,False,2,True,False,0,1,1,1,True,False,True,True,False,public,1,0,0,False,Coordinator
77,\src\com\fsck\k9\provider\MessageProvider.ThrottlingQueryHandler.java,ThrottlingQueryHandler,49,1,2,0,1,False,False,3,True,False,2,5,7,6,False,False,True,True,False,protected,2,0,0,False,Service Provider
78,\src\com\fsck\k9\provider\MessageProvider.UnreadExtractor.java,UnreadExtractor,8,0,1,0,1,False,False,2,True,False,0,1,1,0,True,False,True,True,False,public,1,0,0,False,Coordinator
79,\src\com\fsck\k9\provider\MessageProvider.UnreadQueryHandler.java,UnreadQueryHandler,53,0,3,0,2,False,False,3,True,False,2,6,10,6,False,False,True,True,False,protected,3,0,0,False,Service Provider
80,\src\com\fsck\k9\provider\MessageProvider.UriExtractor.java,UriExtractor,8,0,1,0,1,False,False,2,True,False,0,1,1,0,True,False,True,True,False,public,1,0,0,False,Coordinator
81,\src\com\fsck\k9\preferences\AccountSettings.DeletePolicySetting.java,DeletePolicySetting,31,1,2,0,1,False,True,3,False,False,1,1,5,0,True,False,True,True,False,public,1,0,1,False,Structurer
82,\src\com\fsck\k9\provider\MessageProvider.java,MessageProvider,228,8,7,0,1,False,False,2,True,False,16,16,22,11,False,False,False,True,False,public,6,0,1,False,Coordinator
83,\src\com\fsck\k9\preferences\AccountSettings.IntegerResourceSetting.java,IntegerResourceSetting,31,1,2,0,1,False,True,3,False,False,0,1,5,1,True,False,True,True,False,public,1,0,1,False,Structurer
84,\src\com\fsck\k9\preferences\AccountSettings.RingtoneSetting.java,RingtoneSetting,12,0,1,0,0,False,False,2,False,False,0,1,1,0,True,False,True,True,False,public,1,0,0,False,Service Provider
85,\src\com\fsck\k9\preferences\AccountSettings.StorageProviderSetting.java,StorageProviderSetting,23,0,2,0,1,False,False,3,False,False,1,1,4,2,True,False,True,True,False,public,2,0,0,False,Service Provider
86,\src\com\fsck\k9\preferences\AccountSettings.StringResourceSetting.java,StringResourceSetting,29,1,2,0,1,False,True,3,False,False,1,1,5,1,True,False,True,True,False,public,1,0,1,False,Structurer
87,\src\com\fsck\k9\preferences\CheckBoxListPreference.java,CheckBoxListPreference,58,3,5,2,1,False,False,4,False,False,1,4,5,1,False,False,False,True,False,public,3,0,2,False,Service Provider
88,\src\com\fsck\k9\preferences\Editor.java,Editor,119,5,11,0,0,False,False,1,True,False,6,12,6,12,False,False,False,True,False,public,11,0,0,False,Service Provider
89,\src\com\fsck\k9\preferences\AccountSettings.java,AccountSettings,250,2,4,0,1,False,False,2,False,False,1,8,14,1,False,False,False,True,False,public,4,0,0,False,Coordinator
90,\src\com\fsck\k9\preferences\FolderSettings.java,FolderSettings,58,2,4,0,1,False,False,2,False,False,1,9,9,1,False,False,False,True,False,public,4,0,0,False,Coordinator
91,\src\com\fsck\k9\preferences\GlobalSettings.DateFormatSetting.java,DateFormatSetting,24,0,1,0,0,False,False,3,False,False,1,1,3,0,True,False,True,True,False,public,1,0,0,False,Service Provider
92,\src\com\fsck\k9\preferences\GlobalSettings.DirectorySetting.java,DirectorySetting,17,0,1,0,0,False,False,2,False,False,1,1,2,1,True,False,True,True,False,public,1,0,0,False,Service Provider
93,\src\com\fsck\k9\preferences\GlobalSettings.GalleryBugWorkaroundSetting.java,GalleryBugWorkaroundSetting,12,0,1,0,1,False,False,4,False,False,0,0,2,1,True,False,True,True,False,public,1,0,0,False,Service Provider
94,\src\com\fsck\k9\preferences\GlobalSettings.LanguageSetting.java,LanguageSetting,34,1,2,0,1,False,True,2,False,False,2,1,6,2,True,False,True,True,False,public,1,0,1,False,Structurer
95,\src\com\fsck\k9\preferences\GlobalSettings.ThemeSetting.java,ThemeSetting,29,1,2,0,1,False,True,2,False,False,1,1,4,0,True,False,True,True,False,public,1,0,1,False,Structurer
96,\src\com\fsck\k9\preferences\GlobalSettings.TimeSetting.java,TimeSetting,14,0,1,0,0,False,False,2,False,False,1,1,1,0,True,False,True,True,False,public,1,0,0,False,Service Provider
97,\src\com\fsck\k9\preferences\IdentitySettings.OptionalEmailAddressSetting.java,OptionalEmailAddressSetting,29,1,4,0,0,False,False,4,False,False,1,4,2,2,True,False,True,True,False,public,4,0,0,False,Service Provider
98,\src\com\fsck\k9\preferences\IdentitySettings.SignatureSetting.java,SignatureSetting,17,0,2,0,1,False,False,2,False,False,0,1,3,1,True,False,True,True,False,public,2,0,0,False,Coordinator
99,\src\com\fsck\k9\preferences\GlobalSettings.java,GlobalSettings,243,2,4,0,1,False,False,2,False,False,1,6,12,2,False,False,False,True,False,public,4,0,0,False,Coordinator
100,\src\com\fsck\k9\preferences\IdentitySettings.java,IdentitySettings,62,2,5,0,1,False,False,2,False,False,1,10,9,1,False,False,False,True,False,public,5,0,0,False,Service Provider
101,\src\com\fsck\k9\preferences\Settings.BooleanSetting.java,BooleanSetting,23,0,1,0,0,False,False,2,False,False,1,1,0,2,True,False,True,True,False,public,1,0,0,False,Service Provider
102,\src\com\fsck\k9\preferences\Settings.ColorSetting.java,ColorSetting,36,0,3,0,0,False,False,2,False,False,1,3,0,1,True,False,True,True,False,public,3,0,0,False,Service Provider
103,\src\com\fsck\k9\preferences\Settings.EnumSetting.java,EnumSetting,25,1,1,0,0,False,False,2,False,False,0,1,0,0,True,False,True,True,False,public,1,0,0,False,Service Provider
104,\src\com\fsck\k9\preferences\Settings.FontSizeSetting.java,FontSizeSetting,42,1,2,0,1,False,True,3,False,False,1,1,4,0,True,False,True,True,False,public,1,0,1,False,Structurer
105,\src\com\fsck\k9\preferences\Settings.IntegerRangeSetting.java,IntegerRangeSetting,28,2,1,0,0,False,False,3,False,False,1,1,0,0,True,False,True,True,False,public,1,0,0,False,Service Provider
106,\src\com\fsck\k9\preferences\Settings.InvalidSettingValueException.java,InvalidSettingValueException,12,1,0,0,0,False,False,4,False,False,0,0,0,0,True,False,True,True,False,public,0,0,0,False,Information Holder
107,\src\com\fsck\k9\preferences\Settings.PseudoEnumSetting.java,PseudoEnumSetting,30,0,2,0,0,False,False,3,False,False,1,2,2,3,True,False,True,True,False,public,2,0,0,True,Service Provider
108,\src\com\fsck\k9\preferences\Settings.SettingsDescription.java,SettingsDescription,75,1,4,0,1,False,False,2,False,False,0,3,0,1,True,False,True,True,False,public,4,0,0,True,Information Holder
109,\src\com\fsck\k9\preferences\Settings.SettingsUpgrader.java,SettingsUpgrader,24,0,0,0,0,False,False,2,True,False,0,0,2,0,False,True,True,False,False,public,0,0,0,False,Service Provider
110,\src\com\fsck\k9\preferences\Settings.StringSetting.java,StringSetting,18,0,1,0,0,False,False,2,False,False,0,1,0,0,True,False,True,True,False,public,1,0,0,False,Service Provider
111,\src\com\fsck\k9\preferences\Settings.V.java,V,17,2,0,0,0,False,False,1,False,False,0,0,0,0,True,False,True,True,False,public,0,0,0,False,Information Holder
112,\src\com\fsck\k9\preferences\Settings.WebFontSizeSetting.java,WebFontSizeSetting,39,1,2,0,1,False,True,4,False,False,1,1,3,0,True,False,True,True,False,public,1,0,1,False,Structurer
113,\src\com\fsck\k9\preferences\Settings.java,Settings,275,1,4,0,0,False,False,1,False,False,13,11,9,18,False,False,False,True,False,public,4,0,0,False,Service Provider
114,\src\com\fsck\k9\preferences\SettingsImportExportException.java,SettingsImportExportException,15,0,0,0,0,False,False,4,False,False,0,0,0,0,False,False,False,True,False,public,0,0,0,False,Information Holder
115,\src\com\fsck\k9\preferences\SettingsImporter.AccountDescription.java,AccountDescription,15,2,0,0,0,False,False,2,False,False,0,0,0,0,True,False,True,True,False,public,0,0,0,False,Information Holder
116,\src\com\fsck\k9\preferences\SettingsImporter.AccountDescriptionPair.java,AccountDescriptionPair,12,3,0,0,0,False,False,3,False,False,0,0,0,0,True,False,True,True,False,public,0,0,0,False,Information Holder
117,\src\com\fsck\k9\preferences\SettingsImporter.ImportContents.java,ImportContents,16,2,0,0,0,False,False,2,False,False,0,0,1,0,True,False,True,True,False,public,0,0,0,False,Information Holder
118,\src\com\fsck\k9\preferences\SettingsExporter.java,SettingsExporter,427,30,8,0,0,False,False,2,True,False,31,26,27,48,False,False,False,True,False,public,2,6,0,False,Service Provider
119,\src\com\fsck\k9\preferences\SettingsImporter.ImportResults.java,ImportResults,14,3,0,0,0,False,False,2,False,False,0,0,1,0,True,False,True,True,False,public,0,0,0,False,Information Holder
120,\src\com\fsck\k9\preferences\SettingsImporter.Imported.java,Imported,7,3,0,0,0,False,False,1,False,False,0,0,1,0,True,False,True,True,False,private,0,0,0,False,Information Holder
121,\src\com\fsck\k9\preferences\SettingsImporter.ImportedAccount.java,ImportedAccount,11,7,0,0,0,False,False,2,False,False,0,0,1,0,True,False,True,True,False,private,0,0,0,False,Information Holder
122,\src\com\fsck\k9\preferences\SettingsImporter.ImportedFolder.java,ImportedFolder,5,2,0,0,0,False,False,2,True,False,0,0,0,0,True,False,True,True,False,private,0,0,0,False,Information Holder
123,\src\com\fsck\k9\preferences\SettingsImporter.ImportedIdentity.java,ImportedIdentity,7,4,0,0,0,False,False,2,False,False,0,0,0,0,True,False,True,True,False,private,0,0,0,False,Information Holder
124,\src\com\fsck\k9\preferences\SettingsImporter.ImportedServer.java,ImportedServer,11,8,0,0,0,False,False,2,True,False,0,0,0,0,True,False,True,True,False,private,0,0,0,False,Information Holder
125,\src\com\fsck\k9\preferences\SettingsImporter.ImportedServerSettings.java,ImportedServerSettings,33,1,3,0,1,False,False,3,False,False,0,2,4,0,True,False,True,True,False,private,1,2,0,False,Service Provider
126,\src\com\fsck\k9\preferences\SettingsImporter.ImportedSettings.java,ImportedSettings,6,1,0,0,0,False,False,2,False,False,0,0,2,0,True,False,True,True,False,private,0,0,0,False,Information Holder
127,\src\com\fsck\k9\preferences\TimePickerPreference.java,TimePickerPreference,148,4,8,1,3,False,False,3,False,False,6,5,6,2,False,False,False,True,False,public,3,3,2,False,Interfacer
128,\src\com\fsck\k9\mail\Authentication.java,Authentication,71,1,2,0,0,False,False,1,False,False,1,6,3,0,False,False,False,True,False,public,2,0,0,False,Service Provider
129,\src\com\fsck\k9\preferences\Storage.java,Storage,339,9,24,0,7,True,False,1,False,False,29,29,15,41,False,False,False,True,False,public,12,7,5,False,Structurer
130,\src\com\fsck\k9\mail\AuthenticationFailedException.java,AuthenticationFailedException,10,1,0,0,0,False,False,3,False,False,0,0,0,0,False,False,False,True,False,public,0,0,0,False,Information Holder
131,\src\com\fsck\k9\mail\Body.java,Body,8,0,0,0,0,False,False,1,False,False,0,0,3,0,False,True,False,False,False,public,0,0,0,False,Service Provider
132,\src\com\fsck\k9\mail\Address.java,Address,316,4,18,2,2,False,False,1,False,False,28,13,18,27,False,False,False,True,False,public,18,0,0,False,Service Provider
133,\src\com\fsck\k9\mail\BodyPart.java,BodyPart,10,1,2,1,1,False,False,2,False,False,0,1,0,0,False,False,False,True,False,public,2,0,0,True,Information Holder
134,\src\com\fsck\k9\preferences\SettingsImporter.java,SettingsImporter,856,0,24,0,2,False,False,2,True,False,89,64,25,95,False,False,False,True,False,public,2,22,0,False,Service Provider
135,\src\com\fsck\k9\mail\CertificateValidationException.java,CertificateValidationException,10,1,0,0,0,False,False,3,False,False,0,0,0,0,False,False,False,True,False,public,0,0,0,False,Information Holder
136,\src\com\fsck\k9\mail\ConnectionSecurity.java,ConnectionSecurity,18,5,0,0,0,False,False,2,False,False,0,0,0,0,False,False,False,False,True,public,0,0,0,False,Information Holder
137,\src\com\fsck\k9\mail\FetchProfile.Item.java,Item,42,5,0,0,0,False,False,1,False,False,0,0,0,0,False,False,True,False,True,public,0,0,0,False,Information Holder
138,\src\com\fsck\k9\mail\FetchProfile.java,FetchProfile,22,1,0,0,0,False,True,2,False,False,0,0,1,0,False,False,False,True,False,public,0,0,0,False,Structurer
139,\src\com\fsck\k9\mail\Flag.java,Flag,48,13,0,0,0,False,False,1,False,False,0,0,0,0,False,False,False,False,True,public,0,0,0,False,Information Holder
140,\src\com\fsck\k9\mail\Folder.FolderClass.java,FolderClass,4,5,0,0,0,False,False,2,False,False,0,0,0,0,False,False,True,False,True,public,0,0,0,False,Information Holder
141,\src\com\fsck\k9\mail\Folder.FolderType.java,FolderType,4,2,0,0,0,False,False,2,False,False,0,0,0,0,False,False,True,False,True,public,0,0,0,False,Information Holder
142,\src\com\fsck\k9\mail\Folder.OpenMode.java,OpenMode,4,2,0,0,0,False,False,2,False,False,0,0,0,0,False,False,True,False,True,public,0,0,0,False,Information Holder
143,\src\com\fsck\k9\mail\Message.RecipientType.java,RecipientType,4,3,0,0,0,False,False,2,False,False,0,0,0,0,False,False,True,False,True,public,0,0,0,False,Information Holder
144,\src\com\fsck\k9\mail\Folder.java,Folder,158,4,24,3,10,False,False,1,True,False,1,20,6,3,False,False,False,True,False,public,24,0,0,True,Structurer
145,\src\com\fsck\k9\mail\MessagingException.java,MessagingException,25,2,2,1,0,False,False,2,False,False,0,1,0,0,False,False,False,True,False,public,2,0,0,False,Information Holder
146,\src\com\fsck\k9\mail\Message.java,Message,190,6,20,5,4,False,False,1,False,False,6,15,10,10,False,False,False,True,False,public,19,0,1,True,Structurer
147,\src\com\fsck\k9\mail\Multipart.java,Multipart,64,3,11,3,4,False,False,1,False,False,3,9,4,4,False,False,False,True,False,public,11,0,0,True,Structurer
148,\src\com\fsck\k9\mail\Part.java,Part,18,0,0,0,0,False,False,1,False,False,0,0,2,0,False,True,False,False,False,public,0,0,0,False,Service Provider
149,\src\com\fsck\k9\mail\PushReceiver.java,PushReceiver,15,0,0,0,0,False,False,2,True,False,0,0,3,0,False,True,False,False,False,public,0,0,0,False,Service Provider
150,\src\com\fsck\k9\mail\Pusher.java,Pusher,14,0,0,0,0,False,False,1,True,False,0,0,1,0,False,True,False,False,False,public,0,0,0,False,Service Provider
151,\src\com\fsck\k9\mail\ServerSettings.java,ServerSettings,161,8,3,0,1,False,False,2,False,False,1,4,3,0,False,False,False,True,False,public,2,0,1,False,Information Holder
152,\src\com\fsck\k9\mail\Store.java,Store,144,5,12,0,4,False,False,1,False,False,8,7,8,3,False,False,False,True,False,public,12,0,0,True,Structurer
153,\src\com\fsck\k9\mail\Transport.java,Transport,63,2,3,0,1,False,False,1,False,False,3,3,3,1,False,False,False,True,False,public,3,0,0,True,Service Provider
154,\src\com\fsck\k9\mail\transport\SmtpTransport.NegativeSmtpReplyException.java,NegativeSmtpReplyException,20,3,2,0,2,False,False,4,False,False,0,0,3,0,True,False,True,True,False,default,2,0,0,False,Information Holder
155,\src\com\fsck\k9\mail\transport\TrustedSocketFactory.java,TrustedSocketFactory,57,2,4,0,0,False,False,3,False,False,0,11,15,3,False,False,False,True,False,public,4,0,0,False,Interfacer
156,\src\com\fsck\k9\mail\transport\WebDavTransport.java,WebDavTransport,57,2,5,0,0,False,False,3,False,False,3,3,8,3,False,False,False,True,False,public,5,0,0,False,Service Provider
157,\src\com\fsck\k9\mail\transport\imap\ImapSettings.java,ImapSettings,20,0,0,0,0,False,False,2,False,False,0,0,1,0,False,True,False,False,False,public,0,0,0,False,Service Provider
158,\src\com\fsck\k9\mail\store\ImapResponseParser.IImapResponseCallback.java,IImapResponseCallback,24,0,0,0,0,False,False,4,False,False,0,0,2,0,False,True,True,False,False,public,0,0,0,False,Service Provider
159,\src\com\fsck\k9\mail\transport\SmtpTransport.java,SmtpTransport,641,22,15,0,0,False,False,2,False,False,46,18,24,48,False,False,False,True,False,public,5,10,0,False,Interfacer
160,\src\com\fsck\k9\mail\store\ImapResponseParser.ImapList.java,ImapList,96,1,14,0,12,False,True,2,False,False,5,14,4,0,True,False,True,True,False,public,12,2,0,False,Structurer
161,\src\com\fsck\k9\mail\store\ImapResponseParser.ImapResponse.java,ImapResponse,26,4,2,0,1,False,False,2,False,False,1,0,0,3,False,False,True,True,False,public,2,0,0,False,Information Holder
162,\src\com\fsck\k9\mail\store\ImapStore.AuthType.java,AuthType,8,2,0,0,0,False,False,2,False,False,0,0,0,0,False,False,True,False,True,public,0,0,0,False,Information Holder
163,\src\com\fsck\k9\mail\store\ImapStore.FetchBodyCallback.java,FetchBodyCallback,33,1,1,0,0,False,False,3,False,False,1,2,6,0,True,False,True,True,False,private,1,0,0,False,Service Provider
164,\src\com\fsck\k9\mail\store\ImapStore.FetchPartCallback.java,FetchPartCallback,31,1,1,0,0,False,False,3,False,False,1,2,6,0,True,False,True,True,False,private,1,0,0,False,Service Provider
165,\src\com\fsck\k9\mail\store\ImapStore.ImapBodyPart.java,ImapBodyPart,17,0,1,1,0,False,False,3,False,False,0,1,2,0,True,False,True,True,False,default,1,0,0,False,Service Provider
166,\src\com\fsck\k9\mail\store\ImapResponseParser.java,ImapResponseParser,359,7,19,0,0,False,False,3,True,False,22,12,6,21,False,False,False,True,False,public,4,15,0,False,Service Provider
167,\src\com\fsck\k9\mail\store\ImapStore.ImapException.java,ImapException,26,2,2,1,1,False,False,2,False,False,0,1,1,0,True,False,True,True,False,default,2,0,0,False,Information Holder
168,\src\com\fsck\k9\mail\store\ImapStore.ImapMessage.java,ImapMessage,39,0,5,3,0,False,False,2,False,False,0,7,7,0,True,False,True,True,False,default,5,0,0,False,Service Provider
169,\src\com\fsck\k9\mail\store\ImapStore.ImapPushState.java,ImapPushState,41,1,2,0,0,False,False,3,False,False,3,1,3,6,True,False,True,True,False,protected,1,0,1,False,Service Provider
170,\src\com\fsck\k9\mail\store\ImapStore.ImapPusher.java,ImapPusher,73,4,6,1,2,False,False,2,True,False,3,2,6,11,False,False,True,True,False,public,6,0,0,False,Service Provider
171,\src\com\fsck\k9\mail\store\ImapStore.ImapSearcher.java,ImapSearcher,14,0,0,0,0,False,False,2,True,False,0,0,4,0,False,True,True,False,False,private,0,0,0,False,Service Provider
172,\src\com\fsck\k9\mail\store\ImapStore.ImapConnection.java,ImapConnection,497,7,16,1,1,False,False,2,False,False,66,13,42,77,True,False,True,True,False,public,10,1,5,False,Interfacer
173,\src\com\fsck\k9\mail\store\ImapStore.ImapStoreSettings.java,ImapStoreSettings,37,4,2,0,1,False,False,3,False,False,0,1,4,1,True,False,True,True,False,public,2,0,0,False,Information Holder
174,\src\com\fsck\k9\mail\store\ImapStore.StoreImapSettings.java,StoreImapSettings,62,0,13,3,9,False,False,3,False,False,0,4,1,0,False,False,True,True,False,public,13,0,0,False,Information Holder
175,\src\com\fsck\k9\mail\store\ImapStore.UntaggedHandler.java,UntaggedHandler,11,0,0,0,0,False,False,2,True,False,0,0,1,0,False,True,True,False,False,private,0,0,0,False,Service Provider
176,\src\com\fsck\k9\mail\store\ImapStore.ImapFolderPusher.java,ImapFolderPusher,454,10,13,0,0,False,False,3,True,False,72,14,20,76,False,False,True,True,False,public,4,6,3,False,Service Provider
177,\src\com\fsck\k9\mail\store\LockableDatabase.DbCallback.java,DbCallback,13,0,0,0,0,True,False,2,False,False,0,0,1,0,True,True,True,False,False,public,0,0,0,False,Service Provider
178,\src\com\fsck\k9\mail\store\LockableDatabase.SchemaDefinition.java,SchemaDefinition,9,0,0,0,0,True,False,2,False,False,0,0,1,0,True,True,True,False,False,public,0,0,0,False,Service Provider
179,\src\com\fsck\k9\mail\store\LockableDatabase.StorageListener.java,StorageListener,38,0,2,0,0,False,False,2,True,False,4,2,2,1,False,False,True,True,False,private,2,0,0,False,Service Provider
180,\src\com\fsck\k9\mail\store\LockableDatabase.WrappedException.java,WrappedException,10,1,0,0,0,False,False,2,False,False,0,0,0,0,True,False,True,True,False,protected,0,0,0,False,Information Holder
181,\src\com\fsck\k9\mail\store\ImapStore.ImapFolder.java,ImapFolder,1122,8,50,2,20,False,False,2,True,False,119,64,29,86,False,False,True,True,False,default,31,8,11,False,Structurer
182,\src\com\fsck\k9\mail\store\Pop3Store.AuthType.java,AuthType,8,2,0,0,0,False,False,2,False,False,0,0,3,0,False,False,True,False,True,private,0,0,0,False,Information Holder
183,\src\com\fsck\k9\mail\store\ImapStore.java,ImapStore,583,35,18,0,5,False,False,2,False,False,38,12,35,42,False,False,False,True,False,public,10,8,0,False,Interfacer
184,\src\com\fsck\k9\mail\store\Pop3Store.Pop3Capabilities.java,Pop3Capabilities,20,5,1,0,0,False,False,2,False,False,0,0,3,0,True,False,True,True,False,default,1,0,0,False,Service Provider
185,\src\com\fsck\k9\mail\store\LockableDatabase.java,LockableDatabase,370,9,17,1,2,True,False,2,False,False,16,10,11,37,False,False,False,True,False,public,7,2,8,False,Service Provider
186,\src\com\fsck\k9\mail\store\Pop3Store.Pop3ErrorResponse.java,Pop3ErrorResponse,9,0,0,0,0,False,False,3,False,False,0,0,3,0,True,False,True,True,False,default,0,0,0,False,Information Holder
187,\src\com\fsck\k9\mail\store\Pop3Store.Pop3Message.java,Pop3Message,36,0,4,2,0,False,False,2,False,False,0,5,4,0,True,False,True,True,False,default,3,0,1,False,Service Provider
188,\src\com\fsck\k9\mail\store\Pop3Store.Pop3ResponseInputStream.java,Pop3ResponseInputStream,29,3,1,0,0,False,False,4,False,False,3,0,3,3,True,False,True,True,False,default,1,0,0,False,Service Provider
189,\src\com\fsck\k9\mail\store\StorageManager.ExternalStorageProvider.java,ExternalStorageProvider,53,3,8,0,5,False,False,3,True,False,0,9,4,3,True,False,True,True,False,public,8,0,0,False,Information Holder
190,\src\com\fsck\k9\mail\store\StorageManager.FixedStorageProviderBase.java,FixedStorageProviderBase,70,2,6,0,3,False,False,4,False,False,0,8,6,3,True,False,True,True,False,public,6,0,0,True,Information Holder
191,\src\com\fsck\k9\mail\store\StorageManager.HtcIncredibleStorageProvider.java,HtcIncredibleStorageProvider,28,1,4,0,2,False,False,4,True,False,0,2,4,0,True,False,True,True,False,public,2,0,2,False,Information Holder
192,\src\com\fsck\k9\mail\store\StorageManager.SamsungGalaxySStorageProvider.java,SamsungGalaxySStorageProvider,32,1,4,0,2,False,False,5,True,False,0,2,5,1,True,False,True,True,False,public,2,0,2,False,Information Holder
193,\src\com\fsck\k9\mail\store\StorageManager.InternalStorageProvider.java,InternalStorageProvider,46,2,8,0,5,False,False,3,True,False,0,9,3,0,True,False,True,True,False,public,8,0,0,False,Information Holder
194,\src\com\fsck\k9\mail\store\StorageManager.StorageListener.java,StorageListener,23,0,0,0,0,False,False,2,True,False,0,0,0,0,True,True,True,False,False,public,0,0,0,False,Structurer
195,\src\com\fsck\k9\mail\store\StorageManager.StorageProvider.java,StorageProvider,93,0,0,0,0,False,False,2,True,False,0,0,2,0,True,True,True,False,False,public,0,0,0,False,Information Holder
196,\src\com\fsck\k9\mail\store\Pop3Store.java,Pop3Store,242,32,5,0,2,False,False,2,False,False,9,4,8,13,False,False,False,True,False,public,5,0,0,False,Service Provider
197,\src\com\fsck\k9\mail\store\StorageManager.SynchronizationAid.java,SynchronizationAid,22,3,0,0,0,False,False,2,False,False,0,0,3,2,True,False,True,True,False,public,0,0,0,False,Information Holder
198,\src\com\fsck\k9\mail\store\Pop3Store.Pop3Folder.java,Pop3Folder,725,8,37,2,12,False,False,2,True,False,70,38,17,48,False,False,True,True,False,default,26,11,0,False,Controller
199,\src\com\fsck\k9\mail\store\TrustManagerFactory.SecureX509TrustManager.java,SecureX509TrustManager,56,2,4,0,2,False,False,4,True,False,3,5,7,2,True,False,True,True,False,private,4,0,0,False,Service Provider
200,\src\com\fsck\k9\mail\store\StorageManager.java,StorageManager,348,5,16,0,6,False,False,2,True,False,13,17,10,19,False,False,False,True,False,public,14,0,2,False,Service Provider
201,\src\com\fsck\k9\mail\store\TrustManagerFactory.SimpleX509TrustManager.java,SimpleX509TrustManager,15,0,3,0,1,False,False,4,True,False,0,4,3,0,True,False,True,True,False,private,3,0,0,False,Service Provider
202,\src\com\fsck\k9\mail\store\UnavailableAccountException.java,UnavailableAccountException,34,1,0,0,0,False,False,3,False,False,0,0,0,0,False,False,False,True,False,public,0,0,0,False,Service Provider
203,\src\com\fsck\k9\mail\store\TrustManagerFactory.java,TrustManagerFactory,127,7,5,1,3,False,False,3,False,False,6,5,15,10,False,False,False,True,False,public,5,0,0,False,Interfacer
204,\src\com\fsck\k9\mail\store\UnavailableStorageException.java,UnavailableStorageException,19,1,0,0,0,False,False,3,False,False,0,0,1,0,False,False,False,True,False,public,0,0,0,False,Information Holder
205,\src\com\fsck\k9\mail\store\WebDavStore.ConnectionInfo.java,ConnectionInfo,17,4,0,0,0,False,False,2,False,False,0,0,4,0,True,False,True,True,False,private,0,0,0,False,Information Holder
206,\src\com\fsck\k9\mail\store\WebDavStore.DataSet.java,DataSet,172,3,9,0,7,False,False,2,False,False,8,2,8,14,False,False,True,True,False,public,9,0,0,False,Structurer
207,\src\com\fsck\k9\mail\store\WebDavStore.HttpGeneric.java,HttpGeneric,78,1,2,1,1,False,False,2,False,False,5,1,8,2,False,False,True,True,False,public,2,0,0,False,Information Holder
208,\src\com\fsck\k9\mail\store\WebDavStore.ParsedMessageEnvelope.java,ParsedMessageEnvelope,63,5,7,2,4,False,False,3,False,False,2,4,4,0,True,False,True,True,False,public,7,0,0,False,Information Holder
209,\src\com\fsck\k9\mail\store\WebDavStore.WebDavHandler.java,WebDavHandler,47,2,6,0,1,False,False,3,True,False,1,10,7,4,False,False,True,True,False,public,6,0,0,False,Service Provider
210,\src\com\fsck\k9\mail\store\WebDavStore.WebDavHttpClient.java,WebDavHttpClient,57,0,3,0,1,False,False,4,False,False,4,4,10,3,True,False,True,True,False,public,3,0,0,False,Service Provider
211,\src\com\fsck\k9\mail\store\WebDavStore.WebDavMessage.java,WebDavMessage,98,1,8,5,1,False,False,3,False,False,5,9,7,3,False,False,True,True,False,default,8,0,0,False,Service Provider
212,\src\com\fsck\k9\mail\store\WebDavStore.WebDavStoreSettings.java,WebDavStoreSettings,45,8,2,0,1,False,False,4,False,False,0,1,4,0,True,False,True,True,False,public,2,0,0,False,Information Holder
213,\src\com\fsck\k9\mail\store\WebDavStore.WebDavFolder.java,WebDavFolder,619,6,38,3,14,False,False,3,True,False,48,46,15,47,False,False,True,True,False,default,28,9,1,False,Service Provider
214,\src\com\fsck\k9\mail\internet\BinaryTempFileBody.BinaryTempFileBodyInputStream.java,BinaryTempFileBodyInputStream,18,0,1,0,0,False,False,6,False,False,0,0,1,2,False,False,True,True,False,default,1,0,0,False,Service Provider
215,\src\com\fsck\k9\mail\internet\EncoderUtil.Encoding.java,Encoding,16,2,0,0,0,False,False,1,False,False,0,0,0,0,False,False,True,False,True,public,0,0,0,False,Information Holder
216,\src\com\fsck\k9\mail\internet\BinaryTempFileBody.java,BinaryTempFileBody,47,2,4,1,2,False,False,4,False,False,1,2,5,3,False,False,False,True,False,public,4,0,0,False,Information Holder
217,\src\com\fsck\k9\mail\internet\DecoderUtil.java,DecoderUtil,163,0,4,0,0,False,False,2,False,False,12,10,10,4,False,False,False,True,False,public,1,3,0,False,Service Provider
218,\src\com\fsck\k9\mail\internet\Iso2022JpToShiftJisInputStream.Charset.java,Charset,4,3,0,0,0,False,False,1,False,False,0,0,0,0,False,False,True,False,True,private,0,0,0,False,Information Holder
219,\src\com\fsck\k9\mail\internet\EncoderUtil.java,EncoderUtil,148,4,9,0,0,False,False,2,False,False,11,17,4,11,False,False,False,True,False,public,1,8,0,False,Service Provider
220,\src\com\fsck\k9\mail\internet\Iso2022JpToShiftJisInputStream.java,Iso2022JpToShiftJisInputStream,62,4,1,0,0,False,False,7,False,False,8,0,3,6,False,False,False,True,False,default,1,0,0,False,Service Provider
221,\src\com\fsck\k9\mail\internet\MimeBodyPart.java,MimeBodyPart,102,3,14,2,8,False,False,3,False,False,5,10,7,5,False,False,False,True,False,public,13,0,1,False,Structurer
222,\src\com\fsck\k9\mail\internet\MimeHeader.Field.java,Field,16,2,1,0,0,False,False,1,False,False,0,0,1,1,True,False,True,True,False,default,1,0,0,False,Information Holder
223,\src\com\fsck\k9\mail\internet\MimeHeader.java,MimeHeader,122,9,11,2,3,False,False,2,True,False,10,10,7,4,False,False,False,True,False,public,11,0,0,False,Structurer
224,\src\com\fsck\k9\mail\store\WebDavStore.java,WebDavStore,1084,38,36,0,19,False,False,3,False,False,77,33,33,70,False,False,False,True,False,public,17,19,0,False,Information Holder
225,\src\com\fsck\k9\mail\internet\MimeMessage.MimeMessageBuilder.java,MimeMessageBuilder,127,1,15,0,0,False,False,3,True,False,2,9,9,19,False,False,True,True,False,default,14,1,0,False,Structurer
226,\src\com\fsck\k9\mail\internet\MimeMultipart.java,MimeMultipart,82,4,7,2,3,False,False,2,False,False,3,3,6,5,False,False,False,True,False,public,7,0,0,False,Structurer
227,\src\com\fsck\k9\mail\internet\MimeMessage.java,MimeMessage,389,13,39,13,17,False,False,2,False,False,23,25,11,13,False,False,False,True,False,public,35,1,3,False,Information Holder
228,\src\com\fsck\k9\mail\internet\TextBody.java,TextBody,75,6,9,4,4,False,False,2,False,False,3,5,4,1,False,False,False,True,False,public,9,0,0,False,Information Holder
229,\src\com\fsck\k9\mail\filter\Base64.DecoderException.java,DecoderException,35,0,0,0,0,False,False,2,False,False,0,0,0,0,True,False,True,True,False,default,0,0,0,False,Information Holder
230,\src\com\fsck\k9\mail\filter\Base64.EncoderException.java,EncoderException,35,0,0,0,0,False,False,2,False,False,0,0,0,0,True,False,True,True,False,default,0,0,0,False,Information Holder
231,\src\com\fsck\k9\mail\filter\Base64OutputStream.java,Base64OutputStream,171,3,5,0,0,False,False,3,False,False,6,5,3,3,False,False,False,True,False,public,4,1,0,False,Coordinator
232,\src\com\fsck\k9\mail\filter\CountingOutputStream.java,CountingOutputStream,27,1,4,0,1,False,False,3,False,False,0,5,2,0,False,False,False,True,False,public,4,0,0,False,Information Holder
233,\src\com\fsck\k9\mail\filter\EOLConvertingOutputStream.java,EOLConvertingOutputStream,34,2,2,0,0,False,False,6,False,False,3,1,3,1,False,False,False,True,False,public,2,0,0,False,Service Provider
234,\src\com\fsck\k9\mail\filter\FixedLengthInputStream.java,FixedLengthInputStream,59,3,6,0,0,False,False,4,False,False,5,5,2,3,False,False,False,True,False,public,6,0,0,False,Coordinator
235,\src\com\fsck\k9\mail\filter\Hex.java,Hex,48,1,1,0,0,False,False,1,False,False,0,1,0,0,False,False,False,True,False,public,1,0,0,False,Service Provider
236,\src\com\fsck\k9\mail\filter\Base64.java,Base64,689,18,23,1,0,False,False,1,False,False,39,29,2,7,False,False,False,True,False,public,12,3,0,False,Service Provider
237,\src\com\fsck\k9\mail\filter\PeekableInputStream.java,PeekableInputStream,56,3,5,0,0,False,False,3,False,False,4,4,2,3,False,False,False,True,False,public,5,0,0,False,Service Provider
238,\src\com\fsck\k9\mail\filter\StatusOutputStream.java,StatusOutputStream,23,1,1,0,0,False,False,3,False,False,2,1,6,0,False,False,False,True,False,public,1,0,0,False,Service Provider
239,\src\com\fsck\k9\mail\filter\SmtpDataStuffing.java,SmtpDataStuffing,28,4,1,0,0,False,False,3,False,False,1,1,3,0,False,False,False,True,False,public,1,0,0,False,Service Provider
240,\src\com\fsck\k9\mail\filter\LineWrapOutputStream.java,LineWrapOutputStream,73,5,2,0,0,False,False,4,False,False,7,1,3,1,False,False,False,True,False,public,2,0,0,False,Service Provider
241,\src\com\fsck\k9\helper\Contacts.java,Contacts,172,4,2,0,1,False,False,1,False,False,3,1,10,3,False,False,False,True,False,public,2,0,0,True,Service Provider
242,\src\com\fsck\k9\mail\internet\MimeUtility.java,MimeUtility,2344,4,33,1,13,False,False,2,False,False,54,48,14,43,False,False,False,True,False,public,23,8,0,False,Service Provider
243,\src\com\fsck\k9\helper\ContactsSdk5.java,ContactsSdk5,192,5,10,0,5,False,False,2,False,False,10,9,11,17,False,False,False,True,False,public,9,1,0,False,Structurer
244,\src\com\fsck\k9\helper\ContactsSdk5p.java,ContactsSdk5p,97,0,1,0,0,False,False,2,False,False,4,1,6,7,False,False,False,True,False,public,1,0,0,False,Service Provider
245,\src\com\fsck\k9\helper\DateFormatter.java,DateFormatter,70,7,7,1,5,False,False,2,True,False,3,9,9,5,False,False,False,True,False,public,7,0,0,False,Structurer
246,\src\com\fsck\k9\helper\FileBrowserHelper.FileBrowserFailOverCallback.java,FileBrowserFailOverCallback,12,0,0,0,0,False,False,5,False,False,0,0,0,0,False,True,True,False,False,public,0,0,0,False,Service Provider
247,\src\com\fsck\k9\helper\DomainNameChecker.java,DomainNameChecker,261,3,6,0,0,False,False,3,True,False,33,11,13,22,False,False,False,True,False,public,1,5,0,False,Service Provider
248,\src\com\fsck\k9\helper\FileBrowserHelper.java,FileBrowserHelper,105,2,3,0,1,False,False,3,True,False,4,7,11,8,False,False,False,True,False,public,2,1,0,False,Service Provider
249,\src\com\fsck\k9\helper\HtmlConverter.HtmlToTextTagHandler.java,HtmlToTextTagHandler,77,3,3,0,1,False,False,5,True,False,4,7,6,5,True,False,True,True,False,private,1,2,0,False,Service Provider
250,\src\com\fsck\k9\helper\MediaScannerNotifier.java,MediaScannerNotifier,32,3,2,0,0,False,False,3,True,False,1,2,6,3,False,False,False,True,False,public,2,0,0,False,Service Provider
251,\src\com\fsck\k9\helper\MessageHelper.java,MessageHelper,84,4,4,0,1,False,False,2,True,False,5,6,17,10,False,False,False,True,False,public,4,0,0,False,Service Provider
252,\src\com\fsck\k9\helper\SizeFormatter.java,SizeFormatter,21,0,1,0,0,False,False,2,True,False,3,2,2,0,False,False,False,True,False,public,1,0,0,False,Service Provider
253,\src\com\fsck\k9\helper\Regex.java,Regex,211,9,2,0,0,False,False,1,False,False,2,2,2,5,False,False,False,True,False,public,2,0,0,False,Information Holder
254,\src\com\fsck\k9\helper\HtmlConverter.java,HtmlConverter,1046,6,10,0,1,False,False,2,True,False,9,9,6,22,False,False,False,True,False,public,4,6,0,False,Service Provider
255,\src\com\fsck\k9\helper\StringUtils.java,StringUtils,6,0,1,0,0,False,False,2,False,False,0,1,0,1,False,False,False,True,False,public,1,0,0,False,Service Provider
256,\src\com\fsck\k9\helper\power\TracingPowerManager.java,TracingPowerManager,32,5,2,0,1,False,False,3,True,False,3,3,6,0,False,False,False,True,False,public,2,0,0,False,Service Provider
257,\src\com\fsck\k9\helper\power\TracingPowerManager.TracingWakeLock.java,TracingWakeLock,101,6,6,1,0,False,False,3,False,False,13,2,4,9,False,False,True,True,False,public,4,2,0,False,Service Provider
258,\src\com\fsck\k9\crypto\Apg.Intent.java,Intent,14,8,0,0,0,False,False,1,False,False,0,0,0,0,True,False,True,True,False,public,0,0,0,False,Information Holder
259,\src\com\fsck\k9\helper\Utility.java,Utility,563,7,21,1,0,False,False,1,False,False,49,32,14,68,False,False,False,True,False,public,21,0,0,False,Service Provider
260,\src\com\fsck\k9\crypto\CryptoProvider.java,CryptoProvider,35,1,1,0,0,False,False,2,True,False,1,1,4,2,False,False,False,True,False,public,1,0,0,True,Service Provider
261,\src\com\fsck\k9\crypto\None.java,None,76,2,16,0,4,False,False,1,False,False,0,30,3,0,False,False,False,True,False,public,16,0,0,False,Information Holder
262,\src\com\fsck\k9\crypto\Apg.java,Apg,512,32,16,0,4,False,False,1,False,False,33,30,20,66,False,False,False,True,False,public,16,0,0,False,Service Provider
263,\src\com\fsck\k9\controller\MessageDateComparator.java,MessageDateComparator,17,0,1,0,0,False,False,3,True,False,1,2,2,3,False,False,False,True,False,public,1,0,0,False,Service Provider
264,\src\com\fsck\k9\controller\MessageRemovalListener.java,MessageRemovalListener,5,0,0,0,0,False,False,3,True,False,0,0,1,0,False,True,False,False,False,public,0,0,0,False,Service Provider
265,\src\com\fsck\k9\crypto\PgpData.java,PgpData,60,8,16,7,7,False,False,2,False,False,0,7,1,0,False,False,False,True,False,public,16,0,0,False,Information Holder
266,\src\com\fsck\k9\controller\MessageRetrievalListener.java,MessageRetrievalListener,12,0,0,0,0,False,False,3,True,False,0,0,1,0,False,True,False,False,False,public,0,0,0,False,Service Provider
267,\src\com\fsck\k9\controller\MessagingController.Command.java,Command,31,5,1,0,0,False,False,1,False,False,1,1,1,1,True,False,True,True,False,default,1,0,0,False,Service Provider
268,\src\com\fsck\k9\controller\MessagingController.MemorizingState.java,MemorizingState,15,3,0,0,0,False,False,2,False,False,0,0,1,0,False,False,True,False,True,default,0,0,0,False,Information Holder
269,\src\com\fsck\k9\controller\MessagingController.Memory.java,Memory,36,12,1,0,1,False,False,1,False,False,0,0,2,0,True,False,True,True,False,default,0,0,0,False,Information Holder
270,\src\com\fsck\k9\controller\MessagingController.MessageActor.java,MessageActor,20,0,0,0,0,False,False,2,True,False,0,0,4,0,False,True,True,False,False,default,0,0,0,False,Service Provider
271,\src\com\fsck\k9\controller\MessagingController.MemorizingListener.java,MemorizingListener,177,1,14,1,1,False,False,2,True,False,15,28,2,2,True,False,True,True,False,default,12,0,0,False,Information Holder
272,\src\com\fsck\k9\controller\MessagingController.SORT_TYPE.java,TYPE,41,9,2,0,1,False,False,4,False,False,1,1,2,0,False,False,False,False,True,public,2,0,0,False,Information Holder
273,\src\com\fsck\k9\controller\MessagingControllerPushReceiver.java,MessagingControllerPushReceiver,99,3,9,1,2,False,False,4,True,False,5,14,15,13,False,False,False,True,False,public,9,0,0,False,Coordinator
274,\src\com\fsck\k9\activity\AccessibleEmailContentActivity.java,AccessibleEmailContentActivity,66,1,2,0,0,False,False,4,False,False,4,3,6,7,False,False,False,True,False,public,1,1,0,False,Service Provider
275,\src\com\fsck\k9\activity\Accounts.ACCOUNT_LOCATION.java,LOCATION,4,3,0,0,0,False,False,8,False,False,0,0,0,0,False,False,False,False,True,private,0,0,0,False,Information Holder
276,\src\com\fsck\k9\controller\MessagingListener.java,MessagingListener,146,0,51,1,0,False,False,2,True,False,0,129,8,0,False,False,False,True,False,public,51,0,0,False,Service Provider
277,\src\com\fsck\k9\activity\Accounts.AccountClickListener.java,AccountClickListener,55,2,1,0,0,False,False,3,True,False,1,1,7,5,False,False,True,True,False,private,1,0,0,False,Service Provider
278,\src\com\fsck\k9\activity\Accounts.AccountsAdapter.java,AccountsAdapter,125,0,1,0,1,False,False,2,True,False,10,3,18,23,False,False,True,True,False,default,1,0,0,False,Interfacer
279,\src\com\fsck\k9\activity\Accounts.AccountsHandler.java,AccountsHandler,71,0,7,1,0,False,False,2,True,False,3,7,8,12,False,False,True,True,False,default,6,1,0,False,Service Provider
280,\src\com\fsck\k9\activity\Accounts.AccountsImportedDialog.java,AccountsImportedDialog,43,2,2,0,0,False,False,3,False,False,2,2,8,5,True,False,True,True,False,private,0,0,2,False,Coordinator
281,\src\com\fsck\k9\activity\Accounts.ExportAsyncTask.java,ExportAsyncTask,52,3,3,0,0,False,False,3,False,False,1,2,8,0,True,False,True,True,False,private,0,0,3,False,Service Provider
282,\src\com\fsck\k9\activity\Accounts.ImportAsyncTask.java,ImportAsyncTask,82,5,3,0,0,False,False,3,False,False,2,2,13,5,True,False,True,True,False,private,0,0,3,False,Service Provider
283,\src\com\fsck\k9\activity\Accounts.ImportSelectionDialog.java,ImportSelectionDialog,123,5,4,0,0,False,False,3,False,False,4,4,19,14,True,False,True,True,False,private,4,0,0,False,Interfacer
284,\src\com\fsck\k9\activity\Accounts.ListImportContentsAsyncTask.java,ListImportContentsAsyncTask,65,2,3,0,0,False,False,5,False,False,1,2,13,3,True,False,True,True,False,private,0,0,3,False,Service Provider
285,\src\com\fsck\k9\activity\Accounts.MoveAccountAsyncTask.java,MoveAccountAsyncTask,34,2,3,0,0,False,False,4,False,False,0,2,6,1,True,False,True,True,False,private,0,0,3,False,Service Provider
286,\src\com\fsck\k9\activity\Accounts.PasswordPromptDialog.java,PasswordPromptDialog,200,9,7,0,0,False,False,3,False,False,9,13,20,25,True,False,True,True,False,private,6,1,0,False,Interfacer
287,\src\com\fsck\k9\activity\Accounts.SetPasswordsAsyncTask.java,SetPasswordsAsyncTask,81,5,3,0,0,False,False,4,False,False,2,2,14,6,True,False,True,True,False,private,0,0,3,False,Service Provider
288,\src\com\fsck\k9\activity\Accounts.SimpleDialog.java,SimpleDialog,67,4,5,0,0,False,False,2,False,False,1,4,6,4,True,False,True,True,False,private,3,0,2,False,Coordinator
289,\src\com\fsck\k9\activity\ActivityListener.java,ActivityListener,172,9,21,0,2,False,False,2,True,False,5,40,7,7,False,False,False,True,False,public,21,0,0,False,Service Provider
290,\src\com\fsck\k9\activity\ChooseAccount.IdentitiesAdapter.java,IdentitiesAdapter,116,3,11,0,9,False,False,2,True,False,3,18,12,17,True,False,True,True,False,public,10,1,0,False,Structurer
291,\src\com\fsck\k9\activity\ChooseAccount.java,ChooseAccount,98,3,2,0,0,False,False,2,False,False,5,1,11,10,False,False,False,True,False,public,0,1,1,False,Interfacer
292,\src\com\fsck\k9\activity\ChooseFolder.ChooseFolderHandler.java,ChooseFolderHandler,43,3,4,1,0,False,False,3,True,False,1,3,2,3,False,False,True,True,False,default,4,0,0,False,Service Provider
293,\src\com\fsck\k9\activity\ChooseIdentity.java,ChooseIdentity,71,6,4,1,0,False,False,2,False,False,2,1,13,11,False,False,False,True,False,public,2,0,2,False,Interfacer
294,\src\com\fsck\k9\activity\Accounts.java,Accounts,840,23,47,2,1,False,False,1,False,False,47,55,51,73,False,False,False,True,False,public,19,27,1,False,Coordinator
295,\src\com\fsck\k9\activity\ColorPickerDialog.OnColorChangedListener.java,OnColorChangedListener,14,0,0,0,0,False,False,4,True,False,0,0,3,0,False,True,True,False,False,public,0,0,0,False,Service Provider
296,\src\com\fsck\k9\activity\ChooseFolder.java,ChooseFolder,310,21,6,1,0,False,False,2,True,False,23,4,26,32,False,False,False,True,False,public,3,3,0,False,Interfacer
297,\src\com\fsck\k9\activity\ColorPickerDialog.java,ColorPickerDialog,148,18,4,0,0,False,False,3,False,False,12,0,8,19,False,False,False,True,False,public,1,1,2,False,Interfacer
298,\src\com\fsck\k9\activity\ConfirmationDialog.java,ConfirmationDialog,83,0,3,0,0,False,False,2,False,False,1,22,4,5,False,False,False,True,False,public,3,0,0,False,Interfacer
299,\src\com\fsck\k9\activity\EditIdentity.java,EditIdentity,108,13,4,0,0,False,False,2,False,False,6,2,11,21,False,False,False,True,False,public,3,1,0,False,Interfacer
300,\src\com\fsck\k9\activity\FolderInfoHolder.java,FolderInfoHolder,101,10,6,0,0,False,False,3,True,False,10,10,7,17,False,False,False,True,False,public,5,1,0,False,Service Provider
301,\src\com\fsck\k9\activity\FolderList.FolderClickListener.java,FolderClickListener,55,4,1,0,0,False,False,3,True,False,0,1,5,2,False,False,True,True,False,private,1,0,0,False,Service Provider
302,\src\com\fsck\k9\activity\FolderList.FolderViewHolder.java,FolderViewHolder,18,8,0,0,0,False,False,3,True,False,0,0,3,0,True,False,True,True,False,default,0,0,0,False,Information Holder
303,\src\com\fsck\k9\activity\FolderList.FolderListHandler.java,FolderListHandler,75,0,7,0,0,False,False,3,True,False,1,7,7,10,False,False,True,True,False,default,7,0,0,False,Service Provider
304,\src\com\fsck\k9\controller\MessagingController.java,MessagingController,3744,30,122,8,12,False,False,2,True,True,343,337,61,541,False,False,False,True,False,public,66,55,0,False,Controller
305,\src\com\fsck\k9\activity\FolderList.FolderListAdapter.java,FolderListAdapter,427,4,14,1,9,False,False,3,True,False,42,14,17,40,False,False,True,True,False,default,14,0,0,False,Interfacer
306,\src\com\fsck\k9\activity\InsertableHtmlContent.InsertionLocation.java,InsertionLocation,14,2,0,0,0,False,False,2,False,False,0,0,0,0,False,False,True,False,True,public,0,0,0,False,Information Holder
307,\src\com\fsck\k9\activity\FolderListFilter.java,FolderListFilter,109,2,3,0,0,False,False,3,True,False,5,3,6,8,False,False,False,True,False,public,1,0,2,False,Service Provider
308,\src\com\fsck\k9\activity\InsertableHtmlContent.java,InsertableHtmlContent,142,6,13,5,3,False,False,3,False,False,1,7,1,5,False,False,False,True,False,default,13,0,0,False,Information Holder
309,\src\com\fsck\k9\activity\K9Activity.MyGestureDetector.java,MyGestureDetector,91,3,2,0,0,False,False,3,True,False,12,5,5,8,False,False,True,True,False,default,2,0,0,False,Service Provider
310,\src\com\fsck\k9\activity\FolderList.java,FolderList,545,16,38,1,0,False,False,2,False,False,24,47,32,54,False,False,False,True,False,public,18,20,0,False,Interfacer
311,\src\com\fsck\k9\activity\K9ExpandableListActivity.java,K9ExpandableListActivity,14,0,1,0,0,False,False,4,False,False,0,1,3,1,False,False,False,True,False,public,0,0,1,False,Interfacer
312,\src\com\fsck\k9\activity\K9Activity.java,K9Activity,97,3,12,2,1,False,False,2,False,False,2,12,12,9,False,False,False,True,False,public,6,2,4,False,Coordinator
313,\src\com\fsck\k9\activity\K9PreferenceActivity.PreferenceChangeListener.java,PreferenceChangeListener,20,1,1,0,0,False,False,3,True,False,0,2,2,2,True,False,True,True,False,private,1,0,0,False,Service Provider
314,\src\com\fsck\k9\activity\K9ListActivity.java,K9ListActivity,80,2,7,1,2,False,False,3,False,False,10,5,8,15,False,False,False,True,False,public,6,1,0,False,Interfacer
315,\src\com\fsck\k9\activity\K9PreferenceActivity.java,K9PreferenceActivity,57,0,3,1,0,False,False,3,False,False,0,7,4,4,False,False,False,True,False,public,1,0,2,False,Coordinator
316,\src\com\fsck\k9\activity\LauncherShortcuts.AccountsAdapter.java,AccountsAdapter,53,0,1,0,1,False,False,2,True,False,4,3,7,10,False,False,True,True,False,default,1,0,0,False,Service Provider
317,\src\com\fsck\k9\activity\LauncherShortcuts.java,LauncherShortcuts,54,2,4,1,0,False,False,2,False,False,2,6,12,6,False,False,False,True,False,public,2,2,0,False,Interfacer
318,\src\com\fsck\k9\activity\MessageCompose.Attachment.java,Attachment,13,5,0,0,0,False,False,1,False,False,0,0,5,0,True,False,True,True,False,default,0,0,0,False,Information Holder
319,\src\com\fsck\k9\activity\ManageIdentities.java,ManageIdentities,118,3,9,1,0,False,False,2,False,False,6,7,10,13,False,False,False,True,False,public,6,2,1,False,Interfacer
320,\src\com\fsck\k9\activity\MessageCompose.IdentityField.java,IdentityField,40,15,2,0,1,False,False,2,False,False,0,0,3,0,False,False,True,False,True,private,2,0,0,False,Information Holder
321,\src\com\fsck\k9\activity\MessageCompose.QuotedTextMode.java,QuotedTextMode,9,3,0,0,0,False,False,3,False,False,0,0,3,0,False,False,True,False,True,private,0,0,0,False,Information Holder
322,\src\com\fsck\k9\activity\MessageCompose.Listener.java,Listener,78,0,5,0,0,False,False,1,True,False,9,19,8,1,False,False,True,True,False,default,5,0,0,False,Service Provider
323,\src\com\fsck\k9\activity\MessageCompose.SaveMessageTask.java,SaveMessageTask,41,0,1,0,0,False,False,3,False,False,2,1,8,2,False,False,True,True,False,private,0,0,1,False,Service Provider
324,\src\com\fsck\k9\activity\MessageCompose.SendMessageTask.java,SendMessageTask,39,0,1,0,0,False,False,3,False,False,1,1,9,2,False,False,True,True,False,private,0,0,1,False,Service Provider
325,\src\com\fsck\k9\activity\MessageList.ActivityState.java,ActivityState,11,2,0,0,0,False,False,2,False,False,0,0,1,0,True,False,True,True,False,default,0,0,0,False,Information Holder
326,\src\com\fsck\k9\activity\MessageInfoHolder.java,MessageInfoHolder,47,19,3,0,1,False,False,3,True,False,2,2,3,2,False,False,False,True,False,public,3,0,0,False,Information Holder
327,\src\com\fsck\k9\activity\MessageList.AttachmentComparator.java,AttachmentComparator,13,0,1,0,0,False,False,2,True,False,0,2,1,1,True,False,True,True,False,public,1,0,0,False,Service Provider
328,\src\com\fsck\k9\activity\MessageList.ComparatorChain.java,ComparatorChain,29,1,1,0,0,False,False,2,False,False,1,2,2,0,True,False,True,True,False,public,1,0,0,False,Service Provider
329,\src\com\fsck\k9\activity\MessageList.DateComparator.java,DateComparator,13,0,1,0,0,False,False,2,True,False,0,2,1,0,True,False,True,True,False,public,1,0,0,False,Service Provider
330,\src\com\fsck\k9\activity\MessageList.FlaggedComparator.java,FlaggedComparator,13,0,1,0,0,False,False,2,True,False,0,2,1,0,True,False,True,True,False,public,1,0,0,False,Service Provider
331,\src\com\fsck\k9\activity\MessageList.FolderOperation.java,FolderOperation,9,2,0,0,0,False,False,2,False,False,0,0,0,0,True,False,True,False,True,private,0,0,0,False,Information Holder
332,\src\com\fsck\k9\activity\MessageList.FooterViewHolder.java,FooterViewHolder,12,2,0,0,0,False,False,3,True,False,0,0,2,0,True,False,True,True,False,default,0,0,0,False,Information Holder
333,\src\com\fsck\k9\activity\MessageList.MessageViewHolder.java,MessageViewHolder,47,9,1,0,0,False,False,3,True,False,5,2,5,0,False,False,True,True,False,default,1,0,0,False,Service Provider
334,\src\com\fsck\k9\activity\MessageList.MessageListHandler.java,MessageListHandler,197,0,12,2,1,False,False,3,True,False,19,5,7,14,False,False,True,True,False,default,4,7,1,False,Service Provider
335,\src\com\fsck\k9\activity\MessageList.ReverseComparator.java,ReverseComparator,22,1,1,0,0,False,False,2,True,False,0,2,1,0,True,False,True,True,False,public,1,0,0,False,Service Provider
336,\src\com\fsck\k9\activity\MessageList.SenderComparator.java,SenderComparator,13,0,1,0,0,False,False,2,True,False,0,2,1,1,True,False,True,True,False,public,1,0,0,False,Service Provider
337,\src\com\fsck\k9\activity\MessageList.StorageListenerImplementation.java,StorageListenerImplementation,24,0,2,0,0,False,False,3,False,False,1,2,1,1,False,False,True,True,False,private,2,0,0,False,Service Provider
338,\src\com\fsck\k9\activity\MessageList.SubjectComparator.java,SubjectComparator,21,0,1,0,0,False,False,2,True,False,2,2,2,2,True,False,True,True,False,public,1,0,0,False,Service Provider
339,\src\com\fsck\k9\activity\MessageList.UnreadComparator.java,UnreadComparator,13,0,1,0,0,False,False,2,True,False,0,2,1,0,True,False,True,True,False,public,1,0,0,False,Service Provider
340,\src\com\fsck\k9\activity\MessageList.MessageListAdapter.java,MessageListAdapter,513,5,18,0,8,False,False,3,True,False,45,27,31,53,False,False,True,True,False,default,13,5,0,False,Interfacer
341,\src\com\fsck\k9\activity\MessageReference.java,MessageReference,135,7,6,0,0,False,False,2,False,False,9,3,8,18,False,False,False,True,False,public,6,0,0,False,Interfacer
342,\src\com\fsck\k9\activity\MessageView.Listener.java,Listener,151,0,8,0,0,False,False,1,True,False,13,33,8,19,False,False,True,True,False,default,8,0,0,False,Service Provider
343,\src\com\fsck\k9\activity\MessageView.MessageViewHandler.java,MessageViewHandler,40,0,6,0,0,False,False,3,True,False,0,4,6,1,False,False,True,True,False,default,5,1,0,False,Service Provider
344,\src\com\fsck\k9\activity\MessageView.StorageListenerImplementation.java,StorageListenerImplementation,23,0,2,0,0,False,False,3,False,False,1,2,6,1,False,False,True,True,False,private,2,0,0,False,Service Provider
345,\src\com\fsck\k9\activity\ProgressListener.java,ProgressListener,31,0,0,0,0,False,False,2,True,False,0,0,1,0,False,True,False,False,False,public,0,0,0,False,Service Provider
346,\src\com\fsck\k9\activity\Search.java,Search,4,0,0,0,0,False,False,1,False,False,0,0,1,0,False,False,False,True,False,public,0,0,0,False,Information Holder
347,\src\com\fsck\k9\activity\SearchModifier.java,SearchModifier,18,5,0,0,0,False,False,2,True,False,0,0,2,0,False,False,False,False,True,default,0,0,0,False,Information Holder
348,\src\com\fsck\k9\activity\setup\AccountSettings.PopulateFolderPrefsTask.java,PopulateFolderPrefsTask,72,3,3,0,0,False,False,4,False,False,1,2,8,16,False,False,True,True,False,private,0,0,3,False,Service Provider
349,\src\com\fsck\k9\activity\MessageCompose.java,MessageCompose,2624,111,65,1,4,False,False,2,False,False,259,70,71,320,False,False,False,True,False,public,17,45,3,False,Interfacer
350,\src\com\fsck\k9\activity\MessageList.java,MessageList,1699,56,82,4,4,False,False,2,False,False,123,99,52,125,False,False,False,True,False,public,30,48,4,False,Interfacer
351,\src\com\fsck\k9\activity\setup\AccountSetupAccountType.java,AccountSetupAccountType,95,4,7,0,0,False,False,4,False,False,1,6,14,14,False,False,False,True,False,public,3,4,0,False,Interfacer
352,\src\com\fsck\k9\activity\setup\AccountSetupBasics.Provider.java,Provider,23,9,0,0,0,False,False,1,True,False,0,0,3,0,True,False,True,True,False,default,0,0,0,False,Information Holder
353,\src\com\fsck\k9\activity\MessageView.java,MessageView,969,34,52,3,0,False,False,2,False,False,79,35,26,95,False,False,False,True,False,public,14,28,10,False,Interfacer
354,\src\com\fsck\k9\activity\setup\AccountSetupBasics.java,AccountSetupBasics,343,12,19,0,3,False,False,3,False,False,18,21,22,38,False,False,False,True,False,public,10,8,1,False,Structurer
355,\src\com\fsck\k9\activity\setup\AccountSetupComposition.java,AccountSetupComposition,108,10,6,0,0,False,False,3,False,False,4,7,13,19,False,False,False,True,False,public,5,1,0,False,Interfacer
356,\src\com\fsck\k9\activity\setup\AccountSettings.java,AccountSettings,773,118,16,0,0,False,False,2,False,False,23,9,25,230,False,False,False,True,False,public,6,9,1,False,Interfacer
357,\src\com\fsck\k9\activity\setup\AccountSetupCheckSettings.java,AccountSetupCheckSettings,365,12,9,1,0,False,False,4,False,False,26,14,31,43,False,False,False,True,False,public,5,4,0,False,Interfacer
358,\src\com\fsck\k9\activity\setup\AccountSetupNames.java,AccountSetupNames,80,5,5,0,0,False,False,3,False,False,4,4,14,8,False,False,False,True,False,public,3,1,1,False,Interfacer
359,\src\com\fsck\k9\activity\setup\AccountSetupOptions.java,AccountSetupOptions,133,8,4,0,0,False,False,3,False,False,4,5,12,15,False,False,False,True,False,public,3,1,0,False,Interfacer
360,\src\com\fsck\k9\activity\setup\AccountSetupIncoming.java,AccountSetupIncoming,385,27,10,0,0,False,False,3,False,False,20,12,28,41,False,False,False,True,False,public,6,3,1,False,Interfacer
361,\src\com\fsck\k9\activity\setup\FolderSettings.java,FolderSettings,132,14,4,0,0,False,False,2,False,False,1,4,16,33,False,False,False,True,False,public,3,1,0,False,Interfacer
362,\src\com\fsck\k9\activity\setup\AccountSetupOutgoing.java,AccountSetupOutgoing,287,16,11,0,0,False,False,3,False,False,16,14,21,31,False,False,False,True,False,public,7,3,1,False,Interfacer
363,\src\com\fsck\k9\activity\setup\FontSizeSettings.java,FontSizeSettings,153,34,4,0,0,False,False,3,False,False,0,2,8,40,False,False,False,True,False,public,3,1,0,False,Interfacer
364,\src\com\fsck\k9\activity\setup\SpinnerHelper.EntryValue.java,EntryValue,22,2,3,0,2,False,False,2,False,False,0,0,0,0,True,False,True,True,False,private,3,0,0,False,Information Holder
365,\src\com\fsck\k9\activity\setup\SpinnerHelper.java,SpinnerHelper,47,0,4,0,2,False,False,2,True,False,4,12,3,6,False,False,False,True,False,public,4,0,0,False,Service Provider
366,\src\com\fsck\k9\activity\setup\SpinnerOption.java,SpinnerOption,26,2,2,1,0,False,False,2,False,False,1,2,1,1,False,False,False,True,False,public,2,0,0,False,Information Holder
367,\src\com\fsck\k9\activity\misc\ExtendedAsyncTask.java,ExtendedAsyncTask,102,3,4,0,0,False,False,3,False,False,1,1,4,2,False,False,False,True,False,public,2,0,2,True,Coordinator
368,\src\com\fsck\k9\activity\setup\Prefs.java,Prefs,378,71,8,0,0,False,False,1,False,False,11,5,29,99,False,False,False,True,False,public,3,3,2,False,Interfacer
369,\src\com\fsck\k9\activity\misc\NonConfigurationInstance.java,NonConfigurationInstance,34,0,0,0,0,False,False,3,False,False,0,0,1,0,False,True,False,False,False,public,0,0,0,False,Service Provider
