index,fullpathname,classname,loc,numAttr,numMethod,setters,getters,isPersist,isCollection,numWordName,isOrEr,isController,numIfs,numParameters,numImports,numOutboundInvocation,isStaticClass,isInterface,isInnerClass,isClass,isEnum,classPublicity,numPublicMethods,numPrivateMethods,numProtectedMethods,isAbstract,pred_label
32,\SweetHome3D\src\com\eteks\sweethome3d\HomeFrameController.java,HomeFrameController,78,7,3,0,2,False,False,3,True,True,2,0,8,1,False,False,False,True,False,public,3,0,0,False,Controller
33,\SweetHome3D\src\com\eteks\sweethome3d\HomeFramePane.LanguageChangeListener.java,LanguageChangeListener,52,2,1,0,0,False,False,3,True,False,1,1,7,4,True,False,True,True,False,private,1,0,0,False,Service Provider
34,\SweetHome3D\src\com\eteks\sweethome3d\SweetHome3D.StandaloneBasicService.java,StandaloneBasicService,134,0,5,0,1,False,False,3,False,False,4,1,5,4,True,False,True,True,False,private,4,1,0,False,Service Provider
35,\SweetHome3D\src\com\eteks\sweethome3d\HomeFramePane.java,HomeFramePane,322,13,5,0,1,False,False,3,False,False,17,9,31,43,False,False,False,True,False,public,1,4,0,False,Interfacer
36,\SweetHome3D\src\com\eteks\sweethome3d\SweetHome3D.StandaloneServiceManager.java,StandaloneServiceManager,87,1,2,0,1,False,False,3,True,False,1,1,2,0,True,False,True,True,False,private,2,0,0,False,Service Provider
37,\SweetHome3D\src\com\eteks\sweethome3d\MacOSXConfiguration.java,MacOSXConfiguration,275,0,2,0,0,False,False,5,False,False,13,5,25,37,False,False,False,True,False,default,1,1,0,False,Service Provider
38,\SweetHome3D\src\com\eteks\sweethome3d\SweetHome3D.StandaloneSingleInstanceService.java,StandaloneSingleInstanceService,188,3,4,0,0,False,False,4,False,False,5,4,16,17,True,False,True,True,False,private,3,1,0,False,Service Provider
39,\SweetHome3D\src\com\eteks\sweethome3d\SweetHome3DBootstrap.java,SweetHome3DBootstrap,89,0,1,0,0,False,False,4,False,False,1,1,8,4,False,False,False,True,False,public,1,0,0,False,Service Provider
40,\SweetHome3D\src\com\eteks\sweethome3d\SweetHome3DJavaWebStartBootstrap.java,SweetHome3DJavaWebStartBootstrap,70,0,1,0,0,False,False,7,False,False,2,1,10,5,False,False,False,True,False,public,1,0,0,False,Service Provider
41,\SweetHome3D\src\com\eteks\sweethome3d\viewcontroller\BackgroundImageWizardController.BackgroundImageUndoableEdit.java,BackgroundImageUndoableEdit,65,5,3,0,1,False,False,4,False,False,0,0,6,2,True,False,True,True,False,private,3,0,0,False,Information Holder
42,\SweetHome3D\src\com\eteks\sweethome3d\SweetHome3D.java,SweetHome3D,624,12,21,0,9,False,False,3,False,False,35,9,40,63,False,False,False,True,False,public,6,8,5,False,Interfacer
43,\SweetHome3D\src\com\eteks\sweethome3d\viewcontroller\BackgroundImageWizardController.BackgroundImageWizardStepState.java,BackgroundImageWizardStepState,41,1,3,0,2,False,False,5,False,False,0,0,1,0,False,False,True,True,False,protected,3,0,0,True,Structurer
44,\SweetHome3D\src\com\eteks\sweethome3d\viewcontroller\BackgroundImageWizardController.ImageChoiceStepState.java,ImageChoiceStepState,50,0,3,0,1,False,False,4,False,False,0,0,2,1,False,False,True,True,False,private,3,0,0,False,Information Holder
45,\SweetHome3D\src\com\eteks\sweethome3d\viewcontroller\BackgroundImageWizardController.ImageOriginStepState.java,ImageOriginStepState,41,0,3,0,1,False,False,4,False,False,0,0,0,1,False,False,True,True,False,private,3,0,0,False,Service Provider
46,\SweetHome3D\src\com\eteks\sweethome3d\viewcontroller\BackgroundImageWizardController.ImageScaleStepState.java,ImageScaleStepState,53,0,4,0,1,False,False,4,False,False,0,0,2,1,False,False,True,True,False,private,4,0,0,False,Information Holder
47,\SweetHome3D\src\com\eteks\sweethome3d\viewcontroller\BackgroundImageWizardController.Property.java,Property,25,6,0,0,0,False,False,1,False,False,0,0,0,0,False,False,True,False,True,public,0,0,0,False,Information Holder
48,\SweetHome3D\src\com\eteks\sweethome3d\viewcontroller\BackgroundImageWizardController.Step.java,Step,25,3,0,0,0,False,False,1,False,False,0,0,0,0,False,False,True,False,True,public,0,0,0,False,Information Holder
49,\SweetHome3D\src\com\eteks\sweethome3d\viewcontroller\BackgroundImageWizardController.java,BackgroundImageWizardController,269,19,20,5,12,False,False,4,True,True,7,13,8,14,False,False,False,True,False,public,14,0,6,False,Controller
50,\SweetHome3D\src\com\eteks\sweethome3d\viewcontroller\CompassController.CompassUndoableEdit.java,CompassUndoableEdit,87,18,3,0,1,False,False,3,False,False,0,0,5,10,True,False,True,True,False,private,3,0,0,False,Information Holder
51,\SweetHome3D\src\com\eteks\sweethome3d\viewcontroller\CompassController.Property.java,Property,26,8,0,0,0,False,False,1,False,False,0,0,0,0,False,False,True,False,True,public,0,0,0,False,Information Holder
52,\SweetHome3D\src\com\eteks\sweethome3d\viewcontroller\ContentManager.ContentType.java,ContentType,25,13,0,0,0,False,False,2,False,False,0,0,0,0,False,False,True,False,True,public,0,0,0,False,Information Holder
53,\SweetHome3D\src\com\eteks\sweethome3d\viewcontroller\ContentManager.java,ContentManager,61,0,0,0,0,False,False,2,True,False,0,0,2,0,False,True,False,False,False,public,0,0,0,False,Service Provider
54,\SweetHome3D\src\com\eteks\sweethome3d\viewcontroller\CompassController.java,CompassController,265,14,23,8,8,False,False,2,True,True,9,22,7,24,False,False,False,True,False,public,21,1,1,False,Controller
55,\SweetHome3D\src\com\eteks\sweethome3d\viewcontroller\Controller.java,Controller,27,0,0,0,0,False,False,1,True,True,0,0,0,0,False,True,False,False,False,public,0,0,0,False,Service Provider
56,\SweetHome3D\src\com\eteks\sweethome3d\viewcontroller\DialogView.java,DialogView,30,0,0,0,0,False,False,2,False,False,0,0,0,0,False,True,False,False,False,public,0,0,0,False,Service Provider
57,\SweetHome3D\src\com\eteks\sweethome3d\viewcontroller\FurnitureCatalogController.AddedFurnitureSelector.java,AddedFurnitureSelector,42,1,2,0,0,False,False,3,True,False,2,1,5,3,False,False,True,True,False,private,2,0,0,False,Structurer
58,\SweetHome3D\src\com\eteks\sweethome3d\viewcontroller\FurnitureCatalogController.FurnitureCatalogChangeListener.java,FurnitureCatalogChangeListener,44,1,1,0,0,False,False,4,True,False,1,1,5,4,True,False,True,True,False,private,1,0,0,False,Coordinator
59,\SweetHome3D\src\com\eteks\sweethome3d\viewcontroller\FurnitureCatalogController.FurnitureCatalogViewChangeListener.java,FurnitureCatalogViewChangeListener,45,1,1,0,0,False,False,5,True,False,1,1,4,2,True,False,True,True,False,private,1,0,0,False,Service Provider
60,\SweetHome3D\src\com\eteks\sweethome3d\viewcontroller\FurnitureController.AlignedPieceOfFurniture.java,AlignedPieceOfFurniture,62,2,3,0,3,False,False,4,False,False,2,3,2,3,True,False,True,True,False,private,3,0,0,False,Information Holder
61,\SweetHome3D\src\com\eteks\sweethome3d\viewcontroller\FurnitureCatalogController.java,FurnitureCatalogController,201,7,11,1,2,False,False,3,True,True,10,6,8,19,False,False,False,True,False,public,9,2,0,False,Controller
62,\SweetHome3D\src\com\eteks\sweethome3d\viewcontroller\HelpController.HelpDocument.java,HelpDocument,153,4,6,0,4,False,False,2,False,False,8,2,14,9,False,False,True,True,False,private,5,1,0,False,Structurer
63,\SweetHome3D\src\com\eteks\sweethome3d\viewcontroller\HelpController.LanguageChangeListener.java,LanguageChangeListener,47,1,1,0,0,False,False,3,True,False,1,1,4,4,True,False,True,True,False,private,1,0,0,False,Coordinator
64,\SweetHome3D\src\com\eteks\sweethome3d\viewcontroller\HelpController.Property.java,Property,26,5,0,0,0,False,False,1,False,False,0,0,0,0,False,False,True,False,True,public,0,0,0,False,Information Holder
65,\SweetHome3D\src\com\eteks\sweethome3d\viewcontroller\HelpView.java,HelpView,30,0,0,0,0,False,False,2,False,False,0,0,0,0,False,True,False,False,False,public,0,0,0,False,Service Provider
66,\SweetHome3D\src\com\eteks\sweethome3d\viewcontroller\Home3DAttributesController.EnvironmentPaint.java,EnvironmentPaint,25,2,0,0,0,False,False,2,False,False,0,0,0,0,False,False,True,False,True,public,0,0,0,False,Information Holder
67,\SweetHome3D\src\com\eteks\sweethome3d\viewcontroller\FurnitureController.java,FurnitureController,813,7,40,2,8,False,False,2,True,True,38,40,23,98,False,False,False,True,False,public,20,17,3,False,Controller
68,\SweetHome3D\src\com\eteks\sweethome3d\viewcontroller\Home3DAttributesController.Property.java,Property,27,8,0,0,0,False,False,1,False,False,0,0,0,0,False,False,True,False,True,public,0,0,0,False,Information Holder
69,\SweetHome3D\src\com\eteks\sweethome3d\viewcontroller\Home3DAttributesController.Home3DAttributesModificationUndoableEdit.java,Home3DAttributesModificationUndoableEdit,104,18,3,0,1,False,False,6,False,False,0,0,6,2,True,False,True,True,False,private,3,0,0,False,Information Holder
70,\SweetHome3D\src\com\eteks\sweethome3d\viewcontroller\HelpController.java,HelpController,394,12,23,5,6,False,False,2,True,True,10,16,15,36,False,False,False,True,False,public,14,8,1,False,Controller
71,\SweetHome3D\src\com\eteks\sweethome3d\viewcontroller\HomeController.FurnitureCatalogChangeListener.java,FurnitureCatalogChangeListener,45,1,1,0,0,False,False,4,True,False,1,1,5,2,True,False,True,True,False,private,1,0,0,False,Service Provider
72,\SweetHome3D\src\com\eteks\sweethome3d\viewcontroller\HomeController.LanguageChangeListener.java,LanguageChangeListener,51,1,1,0,0,False,False,3,True,False,1,1,4,7,True,False,True,True,False,private,1,0,0,False,Service Provider
73,\SweetHome3D\src\com\eteks\sweethome3d\viewcontroller\Home3DAttributesController.java,Home3DAttributesController,360,17,25,8,11,False,False,4,True,True,14,22,10,33,False,False,False,True,False,public,23,1,1,False,Controller
74,\SweetHome3D\src\com\eteks\sweethome3d\viewcontroller\HomeController.TexturesCatalogChangeListener.java,TexturesCatalogChangeListener,45,1,1,0,0,False,False,4,True,False,1,1,5,2,True,False,True,True,False,private,1,0,0,False,Service Provider
75,\SweetHome3D\src\com\eteks\sweethome3d\viewcontroller\HomeController.UserPreferencesChangeListener.java,UserPreferencesChangeListener,49,1,1,0,0,False,False,4,True,False,1,1,4,3,True,False,True,True,False,private,1,0,0,True,Service Provider
76,\SweetHome3D\src\com\eteks\sweethome3d\viewcontroller\HomeController.UserPreferencesPropertiesChangeListener.java,UserPreferencesPropertiesChangeListener,45,1,1,0,0,False,False,5,True,False,1,1,4,3,True,False,True,True,False,private,1,0,0,False,Service Provider
77,\SweetHome3D\src\com\eteks\sweethome3d\viewcontroller\HomeController3D.CameraControllerState.java,CameraControllerState,41,0,7,0,0,False,False,3,False,False,0,5,1,0,True,False,True,True,False,protected,7,0,0,True,Service Provider
78,\SweetHome3D\src\com\eteks\sweethome3d\viewcontroller\HomeController3D.ObserverCameraState.java,ObserverCameraState,88,1,7,0,0,False,False,3,False,False,1,5,6,9,False,False,True,True,False,private,7,0,0,False,Service Provider
79,\SweetHome3D\src\com\eteks\sweethome3d\viewcontroller\HomeController3D.java,HomeController3D,208,9,13,1,3,False,False,3,False,False,4,7,10,28,False,False,False,True,False,public,10,0,3,False,Interfacer
80,\SweetHome3D\src\com\eteks\sweethome3d\viewcontroller\HomeFurnitureController.FurnitureModificationUndoableEdit.java,FurnitureModificationUndoableEdit,116,23,3,0,1,False,False,4,False,False,0,0,8,2,True,False,True,True,False,private,3,0,0,False,Information Holder
81,\SweetHome3D\src\com\eteks\sweethome3d\viewcontroller\HomeFurnitureController.FurniturePaint.java,FurniturePaint,25,3,0,0,0,False,False,2,False,False,0,0,0,0,False,False,True,False,True,public,0,0,0,False,Information Holder
82,\SweetHome3D\src\com\eteks\sweethome3d\viewcontroller\HomeController3D.TopCameraState.java,TopCameraState,269,8,11,0,2,False,False,3,False,False,13,9,10,68,False,False,True,True,False,private,7,4,0,False,Information Holder
83,\SweetHome3D\src\com\eteks\sweethome3d\viewcontroller\HomeFurnitureController.FurnitureShininess.java,FurnitureShininess,25,3,0,0,0,False,False,2,False,False,0,0,0,0,False,False,True,False,True,public,0,0,0,False,Information Holder
84,\SweetHome3D\src\com\eteks\sweethome3d\viewcontroller\HomeFurnitureController.ModifiedDoorOrWindow.java,ModifiedDoorOrWindow,36,1,1,0,0,False,False,4,False,False,0,0,1,2,True,False,True,True,False,private,1,0,0,False,Information Holder
85,\SweetHome3D\src\com\eteks\sweethome3d\viewcontroller\HomeFurnitureController.ModifiedFurnitureGroup.java,ModifiedFurnitureGroup,77,4,2,0,1,False,False,3,False,False,2,1,4,13,True,False,True,True,False,private,1,1,0,False,Service Provider
86,\SweetHome3D\src\com\eteks\sweethome3d\viewcontroller\HomeFurnitureController.ModifiedLight.java,ModifiedLight,36,1,1,0,0,False,False,2,False,False,0,0,1,2,True,False,True,True,False,private,1,0,0,False,Information Holder
87,\SweetHome3D\src\com\eteks\sweethome3d\viewcontroller\HomeFurnitureController.ModifiedPieceOfFurniture.java,ModifiedPieceOfFurniture,86,16,2,0,1,False,False,4,False,False,2,0,2,17,True,False,True,True,False,private,2,0,0,False,Information Holder
88,\SweetHome3D\src\com\eteks\sweethome3d\viewcontroller\HomeFurnitureController.Property.java,Property,27,21,0,0,0,False,False,1,False,False,0,0,0,0,False,False,True,False,True,public,0,0,0,False,Information Holder
89,\SweetHome3D\src\com\eteks\sweethome3d\viewcontroller\HomeView.ActionType.java,ActionType,55,107,0,0,0,False,False,2,False,False,0,0,0,0,False,False,True,False,True,public,0,0,0,False,Information Holder
90,\SweetHome3D\src\com\eteks\sweethome3d\viewcontroller\HomeView.SaveAnswer.java,SaveAnswer,25,3,0,0,0,False,False,2,True,False,0,0,0,0,False,False,True,False,True,public,0,0,0,False,Information Holder
91,\SweetHome3D\src\com\eteks\sweethome3d\viewcontroller\HomeView.java,HomeView,181,0,0,0,0,False,False,2,False,False,0,0,2,0,False,True,False,False,False,public,0,0,0,False,Service Provider
92,\SweetHome3D\src\com\eteks\sweethome3d\viewcontroller\ImportedFurnitureWizardController.FurnitureIconStepState.java,FurnitureIconStepState,41,0,3,0,1,False,False,4,False,False,0,0,0,1,False,False,True,True,False,private,3,0,0,False,Service Provider
93,\SweetHome3D\src\com\eteks\sweethome3d\viewcontroller\ImportedFurnitureWizardController.FurnitureAttributesStepState.java,FurnitureAttributesStepState,108,4,6,0,1,False,False,4,False,False,3,0,2,4,False,False,True,True,False,private,5,1,0,False,Structurer
94,\SweetHome3D\src\com\eteks\sweethome3d\viewcontroller\HomeController.java,HomeController,1809,17,86,3,10,False,False,2,True,True,97,42,51,254,False,False,False,True,False,public,61,21,4,False,Controller
95,\SweetHome3D\src\com\eteks\sweethome3d\viewcontroller\ImportedFurnitureWizardController.FurnitureModelStepState.java,FurnitureModelStepState,51,0,3,0,1,False,False,4,False,False,0,0,2,1,False,False,True,True,False,private,3,0,0,False,Structurer
96,\SweetHome3D\src\com\eteks\sweethome3d\viewcontroller\ImportedFurnitureWizardController.FurnitureOrientationStepState.java,FurnitureOrientationStepState,44,0,4,0,1,False,False,4,False,False,0,0,0,1,False,False,True,True,False,private,4,0,0,False,Structurer
97,\SweetHome3D\src\com\eteks\sweethome3d\viewcontroller\ImportedFurnitureWizardController.ImportedFurnitureWizardStepState.java,ImportedFurnitureWizardStepState,41,1,3,0,2,False,False,5,False,False,0,0,1,0,False,False,True,True,False,protected,3,0,0,True,Structurer
98,\SweetHome3D\src\com\eteks\sweethome3d\viewcontroller\ImportedFurnitureWizardController.Property.java,Property,27,15,0,0,0,False,False,1,False,False,0,0,0,0,False,False,True,False,True,public,0,0,0,False,Information Holder
99,\SweetHome3D\src\com\eteks\sweethome3d\viewcontroller\ImportedFurnitureWizardController.Step.java,Step,25,4,0,0,0,False,False,1,False,False,0,0,0,0,False,False,True,False,True,public,0,0,0,False,Information Holder
100,\SweetHome3D\src\com\eteks\sweethome3d\viewcontroller\ImportedFurnitureWizardController.PieceOfFurnitureImportationUndoableEdit.java,PieceOfFurnitureImportationUndoableEdit,68,5,3,0,1,False,False,6,False,False,0,0,9,2,True,False,True,True,False,private,3,0,0,False,Information Holder
101,\SweetHome3D\src\com\eteks\sweethome3d\viewcontroller\ImportedFurnitureWizardStepsView.java,ImportedFurnitureWizardStepsView,31,0,0,0,0,False,False,5,False,False,0,0,1,0,False,True,False,False,False,public,0,0,0,False,Service Provider
102,\SweetHome3D\src\com\eteks\sweethome3d\viewcontroller\HomeFurnitureController.java,HomeFurnitureController,960,31,56,24,19,False,False,3,True,True,87,52,15,108,False,False,False,True,False,public,47,8,1,False,Controller
103,\SweetHome3D\src\com\eteks\sweethome3d\viewcontroller\ImportedTextureWizardController.ImportedTextureWizardStepState.java,ImportedTextureWizardStepState,41,1,3,0,2,False,False,5,False,False,0,0,1,0,False,False,True,True,False,protected,3,0,0,True,Structurer
104,\SweetHome3D\src\com\eteks\sweethome3d\viewcontroller\ImportedTextureWizardController.Property.java,Property,25,6,0,0,0,False,False,1,False,False,0,0,0,0,False,False,True,False,True,public,0,0,0,False,Information Holder
105,\SweetHome3D\src\com\eteks\sweethome3d\viewcontroller\ImportedTextureWizardController.Step.java,Step,25,2,0,0,0,False,False,1,False,False,0,0,0,0,False,False,True,False,True,public,0,0,0,False,Information Holder
106,\SweetHome3D\src\com\eteks\sweethome3d\viewcontroller\ImportedFurnitureWizardController.java,ImportedFurnitureWizardController,556,28,43,15,19,False,False,4,True,True,25,20,19,31,False,False,False,True,False,public,35,1,7,False,Controller
107,\SweetHome3D\src\com\eteks\sweethome3d\viewcontroller\ImportedTextureWizardController.TextureImageStepState.java,TextureImageStepState,50,0,3,0,1,False,False,4,False,False,0,0,2,1,False,False,True,True,False,private,3,0,0,False,Information Holder
108,\SweetHome3D\src\com\eteks\sweethome3d\viewcontroller\ImportedTextureWizardController.TextureAttributesStepState.java,TextureAttributesStepState,80,3,4,0,1,False,False,4,False,False,0,0,2,6,False,False,True,True,False,private,4,0,0,False,Coordinator
109,\SweetHome3D\src\com\eteks\sweethome3d\viewcontroller\LabelController.LabelCreationUndoableEdit.java,LabelCreationUndoableEdit,68,6,3,0,1,False,False,4,False,False,0,0,8,2,True,False,True,True,False,private,3,0,0,False,Information Holder
110,\SweetHome3D\src\com\eteks\sweethome3d\viewcontroller\LabelController.LabelModificationUndoableEdit.java,LabelModificationUndoableEdit,66,5,3,0,1,False,False,4,False,False,0,0,7,2,True,False,True,True,False,private,3,0,0,False,Information Holder
111,\SweetHome3D\src\com\eteks\sweethome3d\viewcontroller\ImportedTextureWizardController.java,ImportedTextureWizardController,288,15,21,6,11,False,False,4,True,True,10,10,8,17,False,False,False,True,False,public,16,0,5,False,Controller
112,\SweetHome3D\src\com\eteks\sweethome3d\viewcontroller\LabelController.ModifiedLabel.java,ModifiedLabel,39,2,2,0,1,False,False,2,False,False,0,0,1,1,True,False,True,True,False,private,2,0,0,False,Information Holder
113,\SweetHome3D\src\com\eteks\sweethome3d\viewcontroller\LabelController.Property.java,Property,25,1,0,0,0,False,False,1,False,False,0,0,0,0,False,False,True,False,True,public,0,0,0,False,Information Holder
114,\SweetHome3D\src\com\eteks\sweethome3d\viewcontroller\Object3DFactory.java,Object3DFactory,35,0,0,0,0,False,False,3,False,False,0,0,2,0,False,True,False,False,False,public,0,0,0,False,Service Provider
115,\SweetHome3D\src\com\eteks\sweethome3d\viewcontroller\LabelController.java,LabelController,240,9,14,1,2,False,False,2,True,True,9,16,10,17,False,False,False,True,False,public,8,4,2,False,Controller
116,\SweetHome3D\src\com\eteks\sweethome3d\viewcontroller\PageSetupController.Property.java,Property,25,1,0,0,0,False,False,1,False,False,0,0,0,0,False,False,True,False,True,public,0,0,0,False,Information Holder
117,\SweetHome3D\src\com\eteks\sweethome3d\viewcontroller\PageSetupController.HomePrintModificationUndoableEdit.java,HomePrintModificationUndoableEdit,59,4,3,0,1,False,False,5,False,False,0,0,6,2,True,False,True,True,False,private,3,0,0,False,Information Holder
118,\SweetHome3D\src\com\eteks\sweethome3d\viewcontroller\PageSetupController.java,PageSetupController,116,7,7,1,2,False,False,3,True,True,2,6,7,5,False,False,False,True,False,public,7,0,0,False,Coordinator
119,\SweetHome3D\src\com\eteks\sweethome3d\viewcontroller\PhotoController.CameraChangeListener.java,CameraChangeListener,43,1,1,0,0,False,False,3,True,False,1,1,4,3,True,False,True,True,False,private,1,0,0,False,Service Provider
120,\SweetHome3D\src\com\eteks\sweethome3d\viewcontroller\PhotoController.HomeCameraChangeListener.java,HomeCameraChangeListener,46,1,1,0,0,False,False,4,True,False,1,1,5,5,True,False,True,True,False,private,1,0,0,False,Service Provider
121,\SweetHome3D\src\com\eteks\sweethome3d\viewcontroller\PhotoController.HomeEnvironmentChangeListener.java,HomeEnvironmentChangeListener,45,1,1,0,0,False,False,4,True,False,1,1,5,5,True,False,True,True,False,private,1,0,0,False,Service Provider
122,\SweetHome3D\src\com\eteks\sweethome3d\viewcontroller\PhotoController.Property.java,Property,25,8,0,0,0,False,False,1,False,False,0,0,0,0,False,False,True,False,True,public,0,0,0,False,Information Holder
123,\SweetHome3D\src\com\eteks\sweethome3d\viewcontroller\PlanController.AbstractModeChangeState.java,AbstractModeChangeState,58,0,4,1,0,False,False,4,False,False,1,4,0,1,False,False,True,True,False,private,4,0,0,True,Service Provider
124,\SweetHome3D\src\com\eteks\sweethome3d\viewcontroller\PhotoController.java,PhotoController,315,16,27,11,12,False,False,2,True,True,16,19,7,35,False,False,False,True,False,public,24,2,1,False,Controller
125,\SweetHome3D\src\com\eteks\sweethome3d\viewcontroller\PlanController.AbstractRoomState.java,AbstractRoomState,104,2,5,0,3,False,False,3,False,False,5,8,2,4,False,False,True,True,False,private,1,0,4,True,Service Provider
126,\SweetHome3D\src\com\eteks\sweethome3d\viewcontroller\PlanController.AbstractWallState.java,AbstractWallState,127,4,5,0,3,False,False,3,False,False,12,7,1,30,False,False,True,True,False,private,1,1,3,True,Service Provider
127,\SweetHome3D\src\com\eteks\sweethome3d\viewcontroller\PlanController.CameraElevationState.java,CameraElevationState,88,4,8,0,2,False,False,3,False,False,1,5,1,6,False,False,True,True,False,private,7,1,0,False,Information Holder
128,\SweetHome3D\src\com\eteks\sweethome3d\viewcontroller\PlanController.CameraPitchRotationState.java,CameraPitchRotationState,82,3,8,0,2,False,False,4,False,False,0,5,1,5,False,False,True,True,False,private,7,1,0,False,Information Holder
129,\SweetHome3D\src\com\eteks\sweethome3d\viewcontroller\PlanController.CameraYawRotationState.java,CameraYawRotationState,101,6,8,0,2,False,False,4,False,False,2,5,1,13,False,False,True,True,False,private,7,1,0,False,Information Holder
130,\SweetHome3D\src\com\eteks\sweethome3d\viewcontroller\PlanController.CompassResizeState.java,CompassResizeState,92,5,8,0,2,False,False,3,False,False,0,5,2,10,False,False,True,True,False,private,7,1,0,False,Information Holder
131,\SweetHome3D\src\com\eteks\sweethome3d\viewcontroller\PlanController.CompassRotationState.java,CompassRotationState,91,4,8,0,2,False,False,3,False,False,1,5,1,8,False,False,True,True,False,private,7,1,0,False,Information Holder
132,\SweetHome3D\src\com\eteks\sweethome3d\viewcontroller\PlanController.ControllerState.java,ControllerState,59,0,15,3,0,False,False,2,False,False,0,18,0,0,True,False,True,True,False,protected,15,0,0,True,Information Holder
133,\SweetHome3D\src\com\eteks\sweethome3d\viewcontroller\PlanController.DimensionLineCreationState.java,DimensionLineCreationState,75,1,7,1,1,False,False,4,False,False,3,9,2,2,False,False,True,True,False,private,7,0,0,False,Information Holder
134,\SweetHome3D\src\com\eteks\sweethome3d\viewcontroller\PlanController.DimensionLineOffsetState.java,DimensionLineOffsetState,84,4,7,0,1,False,False,4,False,False,0,4,2,12,False,False,True,True,False,private,7,0,0,False,Information Holder
135,\SweetHome3D\src\com\eteks\sweethome3d\viewcontroller\PlanController.EditableProperty.java,EditableProperty,25,7,0,0,0,False,False,2,False,False,0,0,0,0,True,False,True,False,True,public,0,0,0,False,Information Holder
136,\SweetHome3D\src\com\eteks\sweethome3d\viewcontroller\PlanController.DragAndDropState.java,DragAndDropState,97,8,5,0,1,False,False,4,False,False,4,2,5,9,False,False,True,True,False,private,5,0,0,False,Information Holder
137,\SweetHome3D\src\com\eteks\sweethome3d\viewcontroller\PlanController.DimensionLineDrawingState.java,DimensionLineDrawingState,323,8,14,2,2,False,False,4,False,False,23,12,6,38,False,False,True,True,False,private,11,3,0,False,Information Holder
138,\SweetHome3D\src\com\eteks\sweethome3d\viewcontroller\PlanController.DimensionLineResizeState.java,DimensionLineResizeState,240,9,10,0,2,False,False,4,False,False,16,5,2,49,False,False,True,True,False,private,8,2,0,False,Information Holder
139,\SweetHome3D\src\com\eteks\sweethome3d\viewcontroller\PlanController.JoinedWall.java,JoinedWall,96,7,9,0,5,False,False,2,False,False,0,2,3,8,True,False,True,True,False,private,9,0,0,False,Information Holder
140,\SweetHome3D\src\com\eteks\sweethome3d\viewcontroller\PlanController.LabelCreationState.java,LabelCreationState,39,0,3,0,1,False,False,3,False,False,0,5,0,0,False,False,True,True,False,private,3,0,0,False,Service Provider
141,\SweetHome3D\src\com\eteks\sweethome3d\viewcontroller\PlanController.Mode.java,Mode,44,7,2,0,0,False,False,1,False,False,0,0,0,0,True,False,True,True,False,public,2,0,0,False,Information Holder
142,\SweetHome3D\src\com\eteks\sweethome3d\viewcontroller\PlanController.LightPowerModificationState.java,LightPowerModificationState,86,4,8,0,2,False,False,4,False,False,0,5,1,7,False,False,True,True,False,private,7,1,0,False,Information Holder
143,\SweetHome3D\src\com\eteks\sweethome3d\viewcontroller\PlanController.PanningState.java,PanningState,86,2,9,1,1,False,False,2,False,False,3,13,0,3,False,False,True,True,False,private,9,0,0,False,Information Holder
144,\SweetHome3D\src\com\eteks\sweethome3d\viewcontroller\PlanController.PieceOfFurnitureElevationState.java,PieceOfFurnitureElevationState,101,5,9,0,2,False,False,5,False,False,1,6,1,10,False,False,True,True,False,private,8,1,0,False,Information Holder
145,\SweetHome3D\src\com\eteks\sweethome3d\viewcontroller\PlanController.PieceOfFurnitureNameOffsetState.java,PieceOfFurnitureNameOffsetState,75,5,7,0,1,False,False,6,False,False,0,4,1,7,False,False,True,True,False,private,7,0,0,False,Information Holder
146,\SweetHome3D\src\com\eteks\sweethome3d\viewcontroller\PlanController.PieceOfFurnitureHeightState.java,PieceOfFurnitureHeightState,121,6,9,0,2,False,False,5,False,False,2,6,1,18,False,False,True,True,False,private,8,1,0,False,Information Holder
147,\SweetHome3D\src\com\eteks\sweethome3d\viewcontroller\PlanController.PointMagnetizedToClosestWallOrRoomPoint.java,PointMagnetizedToClosestWallOrRoomPoint,84,3,4,0,2,False,False,8,False,False,2,4,4,1,False,False,True,True,False,private,3,1,0,False,Information Holder
148,\SweetHome3D\src\com\eteks\sweethome3d\viewcontroller\PlanController.PieceOfFurnitureRotationState.java,PieceOfFurnitureRotationState,112,7,9,0,2,False,False,5,False,False,3,6,2,11,False,False,True,True,False,private,8,1,0,False,Information Holder
149,\SweetHome3D\src\com\eteks\sweethome3d\viewcontroller\PlanController.PieceOfFurnitureResizeState.java,PieceOfFurnitureResizeState,160,7,9,0,2,False,False,5,False,False,7,7,3,31,False,False,True,True,False,private,8,1,0,False,Information Holder
150,\SweetHome3D\src\com\eteks\sweethome3d\viewcontroller\PlanController.Property.java,Property,25,3,0,0,0,False,False,1,False,False,0,0,0,0,False,False,True,False,True,public,0,0,0,False,Information Holder
151,\SweetHome3D\src\com\eteks\sweethome3d\viewcontroller\PlanController.PointWithAngleMagnetism.java,PointWithAngleMagnetism,125,3,2,0,2,False,False,4,False,False,5,0,2,0,True,False,True,True,False,private,0,0,0,False,Information Holder
152,\SweetHome3D\src\com\eteks\sweethome3d\viewcontroller\PlanController.RectangleSelectionState.java,RectangleSelectionState,138,2,8,0,1,False,False,3,False,False,10,9,5,6,False,False,True,True,False,private,7,1,0,False,Controller
153,\SweetHome3D\src\com\eteks\sweethome3d\viewcontroller\PlanController.ResizedPieceOfFurniture.java,ResizedPieceOfFurniture,127,12,7,0,5,False,False,4,False,False,5,1,5,20,True,False,True,True,False,private,6,1,0,False,Information Holder
154,\SweetHome3D\src\com\eteks\sweethome3d\viewcontroller\PlanController.RoomAreaOffsetState.java,RoomAreaOffsetState,75,5,7,0,1,False,False,4,False,False,0,4,1,7,False,False,True,True,False,private,7,0,0,False,Information Holder
155,\SweetHome3D\src\com\eteks\sweethome3d\viewcontroller\PlanController.RoomCreationState.java,RoomCreationState,75,1,7,1,1,False,False,3,False,False,2,9,1,5,False,False,True,True,False,private,7,0,0,False,Information Holder
156,\SweetHome3D\src\com\eteks\sweethome3d\viewcontroller\PlanController.RoomNameOffsetState.java,RoomNameOffsetState,75,5,7,0,1,False,False,4,False,False,0,4,1,7,False,False,True,True,False,private,7,0,0,False,Information Holder
157,\SweetHome3D\src\com\eteks\sweethome3d\viewcontroller\PlanController.RoomResizeState.java,RoomResizeState,125,8,8,0,1,False,False,3,False,False,2,5,3,16,False,False,True,True,False,private,8,0,0,False,Information Holder
158,\SweetHome3D\src\com\eteks\sweethome3d\viewcontroller\PlanController.WallCreationState.java,WallCreationState,56,0,6,1,1,False,False,3,False,False,1,8,1,1,False,False,True,True,False,private,6,0,0,False,Information Holder
159,\SweetHome3D\src\com\eteks\sweethome3d\viewcontroller\PlanController.RoomDrawingState.java,RoomDrawingState,456,9,17,2,2,False,False,3,False,False,33,19,14,54,False,False,True,True,False,private,11,6,0,False,Information Holder
160,\SweetHome3D\src\com\eteks\sweethome3d\viewcontroller\PlanController.SelectionState.java,SelectionState,163,1,5,0,1,False,False,2,False,False,6,7,9,2,False,False,True,True,False,private,5,0,0,False,Service Provider
161,\SweetHome3D\src\com\eteks\sweethome3d\viewcontroller\PlanController.SelectionMoveState.java,SelectionMoveState,284,15,10,1,1,False,False,3,False,False,27,7,13,29,False,False,True,True,False,private,9,1,0,False,Information Holder
162,\SweetHome3D\src\com\eteks\sweethome3d\viewcontroller\PlanController.WallResizeState.java,WallResizeState,113,7,8,0,1,False,False,3,False,False,2,5,1,17,False,False,True,True,False,private,8,0,0,False,Information Holder
163,\SweetHome3D\src\com\eteks\sweethome3d\viewcontroller\PlanController.WallDrawingState.java,WallDrawingState,527,17,18,3,3,False,False,3,False,False,35,24,10,68,False,False,True,True,False,private,12,6,0,False,Information Holder
164,\SweetHome3D\src\com\eteks\sweethome3d\viewcontroller\PlanView.CursorType.java,CursorType,25,9,0,0,0,False,False,2,False,False,0,0,0,0,False,False,True,False,True,public,0,0,0,False,Information Holder
165,\SweetHome3D\src\com\eteks\sweethome3d\viewcontroller\PlanView.java,PlanView,147,0,0,0,0,False,False,2,False,False,0,0,4,0,False,True,False,False,False,public,0,0,0,False,Service Provider
166,\SweetHome3D\src\com\eteks\sweethome3d\viewcontroller\PrintPreviewController.java,PrintPreviewController,62,5,2,0,1,False,False,3,True,True,1,1,2,0,False,False,False,True,False,public,2,0,0,False,Service Provider
167,\SweetHome3D\src\com\eteks\sweethome3d\viewcontroller\RoomController.Property.java,Property,26,10,0,0,0,False,False,1,False,False,0,0,0,0,False,False,True,False,True,public,0,0,0,False,Information Holder
168,\SweetHome3D\src\com\eteks\sweethome3d\viewcontroller\RoomController.ModifiedRoom.java,ModifiedRoom,67,11,2,0,1,False,False,2,False,False,0,0,2,10,True,False,True,True,False,private,2,0,0,False,Information Holder
169,\SweetHome3D\src\com\eteks\sweethome3d\viewcontroller\RoomController.RoomPaint.java,RoomPaint,25,2,0,0,0,False,False,2,False,False,0,0,0,0,False,False,True,False,True,public,0,0,0,False,Information Holder
170,\SweetHome3D\src\com\eteks\sweethome3d\viewcontroller\RoomController.RoomsModificationUndoableEdit.java,RoomsModificationUndoableEdit,95,14,3,0,1,False,False,4,False,False,0,0,8,2,True,False,True,True,False,private,3,0,0,False,Information Holder
171,\SweetHome3D\src\com\eteks\sweethome3d\viewcontroller\TextureChoiceController.Property.java,Property,25,1,0,0,0,False,False,1,False,False,0,0,0,0,False,False,True,False,True,public,0,0,0,False,Information Holder
172,\SweetHome3D\src\com\eteks\sweethome3d\viewcontroller\TextureChoiceView.java,TextureChoiceView,32,0,0,0,0,False,False,3,False,False,0,0,0,0,False,True,False,False,False,public,0,0,0,False,Service Provider
173,\SweetHome3D\src\com\eteks\sweethome3d\viewcontroller\TextureChoiceController.java,TextureChoiceController,121,7,10,1,3,False,False,3,True,True,3,8,5,8,False,False,False,True,False,public,10,0,0,False,Coordinator
174,\SweetHome3D\src\com\eteks\sweethome3d\viewcontroller\ThreadedTaskController.ExceptionHandler.java,ExceptionHandler,27,0,0,0,0,False,False,2,True,False,0,0,0,0,True,True,True,False,False,public,0,0,0,False,Service Provider
175,\SweetHome3D\src\com\eteks\sweethome3d\viewcontroller\RoomController.java,RoomController,534,19,30,10,13,False,False,2,True,True,41,27,11,51,False,False,False,True,False,public,27,2,1,False,Controller
176,\SweetHome3D\src\com\eteks\sweethome3d\viewcontroller\ThreadedTaskView.java,ThreadedTaskView,36,0,0,0,0,False,False,3,False,False,0,0,0,0,False,True,False,False,False,public,0,0,0,False,Service Provider
177,\SweetHome3D\src\com\eteks\sweethome3d\viewcontroller\UserPreferencesController.Property.java,Property,28,14,0,0,0,False,False,1,False,False,0,0,0,0,False,False,True,False,True,public,0,0,0,False,Information Holder
178,\SweetHome3D\src\com\eteks\sweethome3d\viewcontroller\ThreadedTaskController.java,ThreadedTaskController,136,8,4,0,1,False,False,3,True,True,3,1,7,9,False,False,False,True,False,public,4,0,0,False,Controller
179,\SweetHome3D\src\com\eteks\sweethome3d\viewcontroller\VideoController.HomeEnvironmentChangeListener.java,HomeEnvironmentChangeListener,43,1,1,0,0,False,False,4,True,False,1,1,4,3,True,False,True,True,False,private,1,0,0,False,Service Provider
180,\SweetHome3D\src\com\eteks\sweethome3d\viewcontroller\UserPreferencesController.java,UserPreferencesController,368,18,36,14,7,False,False,3,True,True,15,20,5,44,False,False,False,True,False,public,35,0,1,False,Controller
181,\SweetHome3D\src\com\eteks\sweethome3d\viewcontroller\VideoController.Property.java,Property,25,8,0,0,0,False,False,1,False,False,0,0,0,0,False,False,True,False,True,public,0,0,0,False,Information Holder
182,\SweetHome3D\src\com\eteks\sweethome3d\viewcontroller\View.java,View,26,0,0,0,0,False,False,1,False,False,0,0,0,0,False,True,False,False,False,public,0,0,0,False,Interfacer
183,\SweetHome3D\src\com\eteks\sweethome3d\viewcontroller\ViewFactory.java,ViewFactory,160,0,0,0,0,False,False,2,False,False,0,0,6,0,False,True,False,False,False,public,0,0,0,False,Service Provider
184,\SweetHome3D\src\com\eteks\sweethome3d\viewcontroller\VideoController.java,VideoController,279,14,26,11,11,False,False,2,True,True,11,19,8,33,False,False,False,True,False,public,23,2,1,False,Controller
185,\SweetHome3D\src\com\eteks\sweethome3d\viewcontroller\WallController.ModifiedWall.java,ModifiedWall,105,15,15,0,15,False,False,2,False,False,0,0,2,14,True,False,True,True,False,private,15,0,0,False,Information Holder
186,\SweetHome3D\src\com\eteks\sweethome3d\viewcontroller\WallController.Property.java,Property,28,19,0,0,0,False,False,1,False,False,0,0,0,0,False,False,True,False,True,public,0,0,0,False,Information Holder
187,\SweetHome3D\src\com\eteks\sweethome3d\viewcontroller\WallController.WallPaint.java,WallPaint,25,2,0,0,0,False,False,2,False,False,0,0,0,0,False,False,True,False,True,public,0,0,0,False,Information Holder
188,\SweetHome3D\src\com\eteks\sweethome3d\viewcontroller\WallController.WallShape.java,WallShape,25,2,0,0,0,False,False,2,False,False,0,0,0,0,False,False,True,False,True,public,0,0,0,False,Information Holder
189,\SweetHome3D\src\com\eteks\sweethome3d\viewcontroller\WallController.WallsModificationUndoableEdit.java,WallsModificationUndoableEdit,106,18,3,0,1,False,False,4,False,False,0,0,8,2,True,False,True,True,False,private,3,0,0,False,Information Holder
190,\SweetHome3D\src\com\eteks\sweethome3d\viewcontroller\WizardController.Property.java,Property,30,7,0,0,0,False,False,1,False,False,0,0,0,0,False,False,True,False,True,public,0,0,0,False,Information Holder
191,\SweetHome3D\src\com\eteks\sweethome3d\viewcontroller\WizardController.WizardControllerStepState.java,WizardControllerStepState,95,4,13,3,1,False,False,4,False,False,3,5,3,3,True,False,True,True,False,protected,11,2,0,True,Information Holder
192,\SweetHome3D\src\com\eteks\sweethome3d\viewcontroller\WizardController.java,WizardController,251,13,22,8,5,False,False,2,True,True,10,13,5,23,False,False,False,True,False,public,15,5,2,True,Controller
193,\SweetHome3D\src\com\eteks\sweethome3d\tools\OperatingSystem.MacOSXFileManager.java,MacOSXFileManager,32,0,1,0,1,False,False,6,True,False,0,0,2,0,True,False,True,True,False,private,1,0,0,False,Service Provider
194,\SweetHome3D\src\com\eteks\sweethome3d\tools\ExtensionsClassLoader.java,ExtensionsClassLoader,245,4,5,0,0,False,False,3,True,False,17,7,16,14,False,False,False,True,False,public,0,1,4,False,Service Provider
195,\SweetHome3D\src\com\eteks\sweethome3d\tools\OperatingSystem.java,OperatingSystem,217,4,8,0,2,False,False,2,False,False,10,3,9,27,False,False,False,True,False,public,7,1,0,False,Interfacer
196,\SweetHome3D\src\com\eteks\sweethome3d\viewcontroller\WallController.java,WallController,962,28,53,21,21,False,False,2,True,True,84,49,12,109,False,False,False,True,False,public,45,7,1,False,Controller
197,\SweetHome3D\src\com\eteks\sweethome3d\tools\TemporaryURLContent.java,TemporaryURLContent,71,1,1,0,0,False,False,5,False,False,4,1,7,5,False,False,False,True,False,public,1,0,0,False,Service Provider
198,\SweetHome3D\src\com\eteks\sweethome3d\tools\ResourceURLContent.java,ResourceURLContent,115,3,2,0,1,False,False,5,False,False,5,2,2,5,False,False,False,True,False,public,1,1,0,False,Service Provider
199,\SweetHome3D\src\com\eteks\sweethome3d\tools\URLContent.java,URLContent,106,2,7,0,3,False,False,4,False,False,3,1,5,5,False,False,False,True,False,public,7,0,0,False,Information Holder
200,\SweetHome3D\src\com\eteks\sweethome3d\swing\AutoCommitSpinner.java,AutoCommitSpinner,103,0,0,0,0,False,False,3,True,False,5,0,9,10,False,False,False,True,False,public,0,0,0,False,Interfacer
201,\SweetHome3D\src\com\eteks\sweethome3d\swing\BackgroundImageWizardStepsPanel.OriginImagePreviewComponent.java,OriginImagePreviewComponent,143,1,3,0,0,False,False,4,False,False,3,3,20,15,True,False,True,True,False,private,1,1,1,False,Interfacer
202,\SweetHome3D\src\com\eteks\sweethome3d\viewcontroller\PlanController.java,PlanController,3875,52,183,5,76,False,False,2,True,True,228,284,40,556,False,False,False,True,False,public,44,90,49,False,Controller
203,\SweetHome3D\src\com\eteks\sweethome3d\swing\BackgroundImageWizardStepsPanel.ScaleImagePreviewComponent.java,ScaleImagePreviewComponent,191,1,3,0,0,False,False,4,False,False,9,3,20,24,True,False,True,True,False,private,1,1,1,False,Interfacer
204,\SweetHome3D\src\com\eteks\sweethome3d\swing\ColorButton.java,ColorButton,181,6,4,2,2,False,False,2,False,False,7,2,23,12,False,False,False,True,False,public,4,0,0,False,Interfacer
205,\SweetHome3D\src\com\eteks\sweethome3d\swing\BackgroundImageWizardStepsPanel.java,BackgroundImageWizardStepsPanel,501,18,11,3,0,False,False,5,False,False,12,16,41,55,False,False,False,True,False,public,1,10,0,False,Interfacer
206,\SweetHome3D\src\com\eteks\sweethome3d\swing\ControllerAction.java,ControllerAction,98,3,1,0,0,False,False,2,False,False,0,1,4,2,False,False,False,True,False,public,1,0,0,False,Coordinator
207,\SweetHome3D\src\com\eteks\sweethome3d\swing\FurnitureCatalogListPanel.CatalogCellRenderer.java,CatalogCellRenderer,82,3,4,0,3,False,False,3,True,False,0,8,13,7,True,False,True,True,False,private,2,1,1,False,Service Provider
208,\SweetHome3D\src\com\eteks\sweethome3d\swing\FurnitureCatalogListPanel.CatalogListModel.java,CatalogListModel,99,4,5,2,2,False,False,3,False,False,2,3,11,14,True,False,True,True,False,private,4,1,0,False,Interfacer
209,\SweetHome3D\src\com\eteks\sweethome3d\swing\CompassPanel.java,CompassPanel,460,18,4,1,0,False,False,2,False,False,5,5,41,72,False,False,False,True,False,public,1,3,0,False,Interfacer
210,\SweetHome3D\src\com\eteks\sweethome3d\swing\FurnitureCatalogListPanel.PreferencesChangeListener.java,PreferencesChangeListener,80,1,2,0,0,False,False,3,True,False,3,2,12,9,True,False,True,True,False,public,2,0,0,False,Service Provider
211,\SweetHome3D\src\com\eteks\sweethome3d\swing\FileContentManager.java,FileContentManager,584,2,0,0,0,False,False,3,True,False,27,0,18,56,False,False,False,True,False,public,0,0,0,False,Service Provider
212,\SweetHome3D\src\com\eteks\sweethome3d\swing\FurnitureCatalogTree.CatalogCellRenderer.java,CatalogCellRenderer,87,3,3,0,2,False,False,3,True,False,2,10,12,9,True,False,True,True,False,private,1,1,1,False,Service Provider
213,\SweetHome3D\src\com\eteks\sweethome3d\swing\FurnitureCatalogTransferHandler.java,FurnitureCatalogTransferHandler,153,2,5,0,2,False,False,4,True,False,6,7,23,9,False,False,False,True,False,public,4,0,1,False,Service Provider
214,\SweetHome3D\src\com\eteks\sweethome3d\swing\FurnitureCatalogTree.CatalogTreeModel.java,CatalogTreeModel,152,2,10,0,4,False,False,3,False,False,7,12,13,20,True,False,True,True,False,private,8,2,0,False,Structurer
215,\SweetHome3D\src\com\eteks\sweethome3d\swing\FurnitureTable.FurnitureFilter.java,FurnitureFilter,33,0,0,0,0,False,False,2,True,False,0,0,2,0,True,True,True,False,False,public,0,0,0,False,Service Provider
216,\SweetHome3D\src\com\eteks\sweethome3d\swing\FurnitureCatalogTree.java,FurnitureCatalogTree,220,2,6,0,2,False,False,3,False,False,13,6,23,25,False,False,False,True,False,public,1,5,0,False,Interfacer
217,\SweetHome3D\src\com\eteks\sweethome3d\swing\FurnitureCatalogListPanel.java,FurnitureCatalogListPanel,452,6,11,3,3,False,False,4,False,False,17,10,58,63,False,False,False,True,False,public,4,7,0,False,Interfacer
218,\SweetHome3D\src\com\eteks\sweethome3d\swing\FurnitureTable.FurnitureTableModel.java,FurnitureTableModel,181,3,9,1,6,False,False,3,False,False,14,7,9,17,True,False,True,True,False,private,7,2,0,False,Structurer
219,\SweetHome3D\src\com\eteks\sweethome3d\swing\FurnitureTable.UserPreferencesChangeListener.java,UserPreferencesChangeListener,45,1,1,0,0,False,False,4,True,False,1,1,4,5,True,False,True,True,False,private,1,0,0,False,Service Provider
220,\SweetHome3D\src\com\eteks\sweethome3d\swing\HelpPane.ActionType.java,ActionType,25,4,0,0,0,False,False,2,False,False,0,0,0,0,False,False,True,False,True,private,0,0,0,False,Information Holder
221,\SweetHome3D\src\com\eteks\sweethome3d\swing\FurnitureTable.FurnitureTableColumnModel.java,FurnitureTableColumnModel,648,2,17,0,13,False,False,4,False,False,20,16,29,47,True,False,True,True,False,private,0,17,0,False,Information Holder
222,\SweetHome3D\src\com\eteks\sweethome3d\swing\FurnitureTransferHandler.java,FurnitureTransferHandler,158,5,5,0,1,False,False,3,True,False,6,8,15,9,False,False,False,True,False,public,3,0,2,False,Coordinator
223,\SweetHome3D\src\com\eteks\sweethome3d\swing\HelpPane.LanguageChangeListener.java,LanguageChangeListener,55,1,1,0,0,False,False,3,True,False,2,1,6,3,True,False,True,True,False,private,1,0,0,False,Service Provider
224,\SweetHome3D\src\com\eteks\sweethome3d\swing\FurnitureTable.java,FurnitureTable,555,2,13,1,1,False,False,2,False,False,25,19,43,59,False,False,False,True,False,public,3,10,0,False,Interfacer
225,\SweetHome3D\src\com\eteks\sweethome3d\swing\HomeComponent3D.ActionType.java,ActionType,28,14,0,0,0,False,False,2,False,False,0,0,0,0,False,False,True,False,True,private,0,0,0,False,Information Holder
226,\SweetHome3D\src\com\eteks\sweethome3d\swing\HomeComponent3D.CameraInterpolator.java,CameraInterpolator,105,3,2,0,0,False,False,2,True,False,4,3,8,28,False,False,True,True,False,private,2,0,0,False,Service Provider
227,\SweetHome3D\src\com\eteks\sweethome3d\swing\HelpPane.java,HelpPane,426,5,14,3,0,False,False,2,False,False,12,17,45,56,False,False,False,True,False,public,1,13,0,False,Interfacer
228,\SweetHome3D\src\com\eteks\sweethome3d\swing\HomeComponent3D.NavigationButton.java,NavigationButton,121,1,0,0,0,False,False,2,False,False,1,0,18,12,True,False,True,True,False,private,0,0,0,False,Interfacer
229,\SweetHome3D\src\com\eteks\sweethome3d\swing\HomeComponent3D.NavigationPanelChangeListener.java,NavigationPanelChangeListener,46,1,1,0,0,False,False,4,True,False,1,1,5,3,True,False,True,True,False,private,1,0,0,False,Service Provider
230,\SweetHome3D\src\com\eteks\sweethome3d\swing\Home3DAttributesPanel.java,Home3DAttributesPanel,408,18,6,1,0,False,False,4,False,False,8,6,25,49,False,False,False,True,False,public,1,5,0,False,Interfacer
231,\SweetHome3D\src\com\eteks\sweethome3d\swing\HomePDFPrinter.java,HomePDFPrinter,113,4,1,0,0,False,False,5,True,False,3,1,17,16,False,False,False,True,False,public,1,0,0,False,Service Provider
232,\SweetHome3D\src\com\eteks\sweethome3d\swing\HomePrintableComponent.Variable.java,Variable,69,9,3,0,3,False,False,1,False,False,0,1,1,2,False,False,True,False,True,public,3,0,0,False,Information Holder
233,\SweetHome3D\src\com\eteks\sweethome3d\swing\HomeTransferableList.java,HomeTransferableList,76,2,3,0,2,False,False,3,False,False,1,2,6,1,False,False,False,True,False,public,3,0,0,False,Structurer
234,\SweetHome3D\src\com\eteks\sweethome3d\swing\IconManager.IconProxy.java,IconProxy,59,1,4,0,3,False,False,2,False,False,1,4,5,5,False,False,True,True,False,private,4,0,0,False,Service Provider
235,\SweetHome3D\src\com\eteks\sweethome3d\swing\HomePrintableComponent.java,HomePrintableComponent,371,12,8,1,5,False,False,3,False,False,30,8,27,75,False,False,False,True,False,public,6,1,1,False,Interfacer
236,\SweetHome3D\src\com\eteks\sweethome3d\swing\IconManager.java,IconManager,212,5,11,0,7,False,False,2,True,False,7,12,16,12,False,False,False,True,False,public,10,1,0,False,Service Provider
237,\SweetHome3D\src\com\eteks\sweethome3d\swing\ImportedFurnitureWizardStepsPanel.AttributesPreviewComponent.java,AttributesPreviewComponent,31,0,0,0,0,False,False,3,False,False,0,0,1,0,True,False,True,True,False,private,0,0,0,False,Coordinator
238,\SweetHome3D\src\com\eteks\sweethome3d\swing\ImportedFurnitureWizardStepsPanel.AbstractModelPreviewComponent.java,AbstractModelPreviewComponent,133,0,4,0,0,False,False,4,False,False,1,4,4,14,True,False,True,True,False,private,0,0,4,True,Service Provider
239,\SweetHome3D\src\com\eteks\sweethome3d\swing\ImportedFurnitureWizardStepsPanel.IconPreviewComponent.java,IconPreviewComponent,50,1,2,1,1,False,False,3,False,False,0,1,4,0,True,False,True,True,False,private,1,0,1,False,Information Holder
240,\SweetHome3D\src\com\eteks\sweethome3d\swing\HomeFurniturePanel.java,HomeFurniturePanel,808,33,7,1,0,False,False,3,False,False,23,9,27,133,False,False,False,True,False,public,1,6,0,False,Interfacer
241,\SweetHome3D\src\com\eteks\sweethome3d\swing\ImportedFurnitureWizardStepsPanel.RotationPreviewComponent.java,RotationPreviewComponent,184,7,5,0,2,False,False,3,False,False,1,2,17,10,True,False,True,True,False,private,1,4,0,False,Interfacer
242,\SweetHome3D\src\com\eteks\sweethome3d\swing\HomeComponent3D.java,HomeComponent3D,1598,26,41,2,1,False,False,3,False,False,83,71,111,228,False,False,False,True,False,public,3,36,0,False,Interfacer
243,\SweetHome3D\src\com\eteks\sweethome3d\swing\InterruptedPrinterException.java,InterruptedPrinterException,39,0,0,0,0,False,False,3,False,False,0,0,1,0,False,False,False,True,False,public,0,0,0,False,Service Provider
244,\SweetHome3D\src\com\eteks\sweethome3d\swing\JPEGImagesToVideo.java,JPEGImagesToVideo,195,5,2,0,0,False,False,7,False,False,9,7,26,26,False,False,False,True,False,public,1,1,0,False,Service Provider
245,\SweetHome3D\src\com\eteks\sweethome3d\swing\LabelPanel.java,LabelPanel,145,5,4,1,0,False,False,2,False,False,5,6,18,11,False,False,False,True,False,public,1,3,0,False,Interfacer
246,\SweetHome3D\src\com\eteks\sweethome3d\swing\LocatedTransferHandler.java,LocatedTransferHandler,192,3,7,0,2,False,False,3,True,False,10,11,17,17,False,False,False,True,False,public,1,0,6,True,Service Provider
247,\SweetHome3D\src\com\eteks\sweethome3d\swing\ImportedTextureWizardStepsPanel.java,ImportedTextureWizardStepsPanel,656,18,13,3,0,False,False,5,False,False,24,18,59,89,False,False,False,True,False,public,1,12,0,False,Interfacer
248,\SweetHome3D\src\com\eteks\sweethome3d\swing\NullableCheckBox.java,NullableCheckBox,211,7,14,6,3,False,False,3,False,False,9,8,11,12,False,False,False,True,False,public,13,1,0,False,Interfacer
249,\SweetHome3D\src\com\eteks\sweethome3d\swing\NullableSpinner.NullableSpinnerLengthModel.java,NullableSpinnerLengthModel,58,1,2,1,1,False,False,4,False,False,2,1,2,7,True,False,True,True,False,public,2,0,0,False,Service Provider
250,\SweetHome3D\src\com\eteks\sweethome3d\swing\NullableSpinner.NullableSpinnerNumberModel.java,NullableSpinnerNumberModel,101,2,7,2,4,False,False,4,False,False,7,2,1,6,True,False,True,True,False,public,7,0,0,False,Information Holder
251,\SweetHome3D\src\com\eteks\sweethome3d\swing\NullableSpinner.java,NullableSpinner,118,0,0,0,0,False,False,2,True,False,7,0,3,11,False,False,False,True,False,public,0,0,0,False,Interfacer
252,\SweetHome3D\src\com\eteks\sweethome3d\swing\ImportedFurnitureWizardStepsPanel.java,ImportedFurnitureWizardStepsPanel,1171,40,19,5,2,False,False,5,False,False,29,24,70,152,False,False,False,True,False,public,2,17,0,False,Interfacer
253,\SweetHome3D\src\com\eteks\sweethome3d\swing\PhotoPanel.ActionType.java,ActionType,25,4,0,0,0,False,False,2,False,False,0,0,0,0,False,False,True,False,True,private,0,0,0,False,Information Holder
254,\SweetHome3D\src\com\eteks\sweethome3d\swing\ModelPreviewComponent.java,ModelPreviewComponent,764,7,31,12,11,False,False,3,False,False,38,29,62,84,False,False,False,True,False,public,5,14,12,False,Interfacer
255,\SweetHome3D\src\com\eteks\sweethome3d\swing\PhotoPanel.LanguageChangeListener.java,LanguageChangeListener,48,1,1,0,0,False,False,3,True,False,1,1,6,3,True,False,True,True,False,public,1,0,0,False,Service Provider
256,\SweetHome3D\src\com\eteks\sweethome3d\swing\PageSetupPanel.java,PageSetupPanel,431,17,8,1,0,False,False,3,False,False,9,8,42,61,False,False,False,True,False,public,2,6,0,False,Interfacer
257,\SweetHome3D\src\com\eteks\sweethome3d\swing\PlanComponent.ActionType.java,ActionType,30,16,0,0,0,False,False,2,False,False,0,0,0,0,False,False,True,False,True,private,0,0,0,False,Information Holder
258,\SweetHome3D\src\com\eteks\sweethome3d\swing\PlanComponent.PaintMode.java,PaintMode,25,4,0,0,0,False,False,2,False,False,0,0,0,0,False,False,True,False,True,protected,0,0,0,False,Information Holder
259,\SweetHome3D\src\com\eteks\sweethome3d\swing\PlanComponent.PieceOfFurnitureTopViewIcon.java,PieceOfFurnitureTopViewIcon,51,1,6,1,2,False,False,6,False,False,0,5,3,4,True,False,True,True,False,private,5,0,1,True,Information Holder
260,\SweetHome3D\src\com\eteks\sweethome3d\swing\PlanComponent.PieceOfFurniturePlanIcon.java,PieceOfFurniturePlanIcon,118,4,1,0,0,False,False,5,False,False,2,4,15,16,True,False,True,True,False,private,1,0,0,False,Service Provider
261,\SweetHome3D\src\com\eteks\sweethome3d\swing\PlanComponent.PieceOfFurnitureModelIcon.java,PieceOfFurnitureModelIcon,236,3,3,0,1,False,False,5,False,False,9,7,37,39,True,False,True,True,False,private,0,3,0,False,Information Holder
262,\SweetHome3D\src\com\eteks\sweethome3d\swing\PlanComponent.SVGSupport.java,SVGSupport,74,0,1,0,0,False,False,4,False,False,1,2,11,12,True,False,True,True,False,private,1,0,0,False,Service Provider
263,\SweetHome3D\src\com\eteks\sweethome3d\swing\PlanComponent.UserPreferencesChangeListener.java,UserPreferencesChangeListener,74,1,1,0,0,False,False,4,True,False,5,1,7,10,True,False,True,True,False,private,1,0,0,False,Service Provider
264,\SweetHome3D\src\com\eteks\sweethome3d\swing\PlanComponent.PlanRulerComponent.java,PlanRulerComponent,258,2,6,0,2,False,False,3,False,False,15,6,20,23,False,False,True,True,False,public,1,4,1,False,Interfacer
265,\SweetHome3D\src\com\eteks\sweethome3d\swing\PrintPreviewPanel.ActionType.java,ActionType,25,2,0,0,0,False,False,2,False,False,0,0,0,0,False,False,True,False,True,private,0,0,0,False,Information Holder
266,\SweetHome3D\src\com\eteks\sweethome3d\swing\PlanTransferHandler.java,PlanTransferHandler,246,6,11,0,2,False,False,3,True,False,12,20,19,20,False,False,False,True,False,public,2,3,6,False,Service Provider
267,\SweetHome3D\src\com\eteks\sweethome3d\swing\PhotoPanel.java,PhotoPanel,1010,36,15,2,2,False,False,2,False,False,32,12,77,167,False,False,False,True,False,public,1,14,0,False,Interfacer
268,\SweetHome3D\src\com\eteks\sweethome3d\swing\ProportionalLayout.Constraints.java,Constraints,28,2,0,0,0,False,False,1,False,False,0,0,0,0,False,False,True,False,True,public,0,0,0,False,Information Holder
269,\SweetHome3D\src\com\eteks\sweethome3d\swing\PrintPreviewPanel.java,PrintPreviewPanel,217,4,7,0,0,False,False,3,False,False,2,5,29,18,False,False,False,True,False,public,1,6,0,False,Interfacer
270,\SweetHome3D\src\com\eteks\sweethome3d\swing\ProportionalLayout.java,ProportionalLayout,211,3,10,0,2,False,False,2,False,False,14,12,5,23,False,False,False,True,False,public,10,0,0,False,Interfacer
271,\SweetHome3D\src\com\eteks\sweethome3d\swing\ResourceAction.ButtonAction.java,ButtonAction,39,0,1,0,1,False,False,2,False,False,1,1,2,1,True,False,True,True,False,public,1,0,0,False,Service Provider
272,\SweetHome3D\src\com\eteks\sweethome3d\swing\ResourceAction.AbstractDecoratedAction.java,AbstractDecoratedAction,77,2,8,1,1,False,False,3,False,False,2,10,5,5,True,False,True,True,False,private,7,0,1,False,Coordinator
273,\SweetHome3D\src\com\eteks\sweethome3d\swing\ResourceAction.LanguageChangeListener.java,LanguageChangeListener,51,3,1,0,0,False,False,3,True,False,1,1,4,3,True,False,True,True,False,private,1,0,0,False,Service Provider
274,\SweetHome3D\src\com\eteks\sweethome3d\swing\ResourceAction.MenuItemAction.java,MenuItemAction,41,0,1,0,1,False,False,3,False,False,1,1,2,1,True,False,True,True,False,public,1,0,0,False,Service Provider
275,\SweetHome3D\src\com\eteks\sweethome3d\swing\ResourceAction.ToolBarAction.java,ToolBarAction,37,0,1,0,1,False,False,3,False,False,1,1,1,0,True,False,True,True,False,public,1,0,0,False,Service Provider
276,\SweetHome3D\src\com\eteks\sweethome3d\swing\ResourceAction.PopupMenuItemAction.java,PopupMenuItemAction,60,0,1,0,1,False,False,4,False,False,3,1,4,4,True,False,True,True,False,public,1,0,0,False,Service Provider
277,\SweetHome3D\src\com\eteks\sweethome3d\swing\ResourceAction.java,ResourceAction,143,1,3,0,1,False,False,2,False,False,5,7,5,2,False,False,False,True,False,public,1,2,0,False,Service Provider
278,\SweetHome3D\src\com\eteks\sweethome3d\swing\ScaledImageComponent.java,ScaledImageComponent,174,2,8,1,4,False,False,3,False,False,8,6,13,15,False,False,False,True,False,public,3,0,5,False,Structurer
279,\SweetHome3D\src\com\eteks\sweethome3d\swing\SwingTools.MenuItemsVisibilityListener.java,MenuItemsVisibilityListener,117,0,5,0,0,False,False,4,True,False,10,5,7,12,True,False,True,True,False,private,3,2,0,False,Service Provider
280,\SweetHome3D\src\com\eteks\sweethome3d\swing\RoomPanel.java,RoomPanel,513,19,9,1,0,False,False,2,False,False,18,12,23,76,False,False,False,True,False,public,1,8,0,False,Interfacer
281,\SweetHome3D\src\com\eteks\sweethome3d\swing\SwingViewFactory.java,SwingViewFactory,245,0,23,0,0,False,False,3,False,False,1,63,38,1,False,False,False,True,False,public,23,0,0,False,Service Provider
282,\SweetHome3D\src\com\eteks\sweethome3d\swing\SwingTools.java,SwingTools,505,3,13,0,3,False,False,2,False,False,26,23,50,63,False,False,False,True,False,public,12,1,0,False,Service Provider
283,\SweetHome3D\src\com\eteks\sweethome3d\swing\TextureChoiceComponent.java,TextureChoiceComponent,119,1,1,0,0,False,False,3,False,False,2,0,19,8,False,False,False,True,False,public,1,0,0,False,Interfacer
284,\SweetHome3D\src\com\eteks\sweethome3d\swing\ThreadedTaskPanel.java,ThreadedTaskPanel,155,6,6,3,0,False,False,3,False,False,5,7,16,9,False,False,False,True,False,public,4,2,0,False,Interfacer
285,\SweetHome3D\src\com\eteks\sweethome3d\swing\UnfocusableToolBar.java,UnfocusableToolBar,101,0,1,0,0,False,False,3,False,False,4,0,10,3,False,False,False,True,False,public,0,1,0,False,Interfacer
286,\SweetHome3D\src\com\eteks\sweethome3d\swing\TextureChoiceComponent.TexturePanel.java,TexturePanel,435,10,8,2,2,False,False,2,False,False,17,7,58,61,True,False,True,True,False,private,3,5,0,False,Interfacer
287,\SweetHome3D\src\com\eteks\sweethome3d\swing\UserPreferencesPanel.SpinnerLengthModel.java,SpinnerLengthModel,83,1,3,1,1,False,False,3,False,False,1,6,5,3,True,False,True,True,False,private,2,1,0,False,Service Provider
288,\SweetHome3D\src\com\eteks\sweethome3d\swing\VideoPanel.ActionType.java,ActionType,26,13,0,0,0,False,False,2,False,False,0,0,0,0,False,False,True,False,True,private,0,0,0,False,Information Holder
289,\SweetHome3D\src\com\eteks\sweethome3d\swing\VideoPanel.FrameGenerator.java,FrameGenerator,40,1,1,0,0,False,False,2,True,False,1,0,4,2,True,False,True,True,False,private,0,0,1,True,Service Provider
290,\SweetHome3D\src\com\eteks\sweethome3d\swing\VideoPanel.Image3DGenerator.java,Image3DGenerator,68,3,1,0,0,False,False,3,True,False,1,2,7,7,True,False,True,True,False,private,1,0,0,False,Service Provider
291,\SweetHome3D\src\com\eteks\sweethome3d\swing\VideoPanel.ImageDataSource.java,ImageDataSource,85,1,11,1,6,False,False,3,False,False,0,2,8,0,True,False,True,True,False,private,11,0,0,False,Information Holder
292,\SweetHome3D\src\com\eteks\sweethome3d\swing\VideoPanel.ImageSourceStream.java,ImageSourceStream,108,6,8,0,5,False,False,3,False,False,1,2,12,3,True,False,True,True,False,private,8,0,0,False,Information Holder
293,\SweetHome3D\src\com\eteks\sweethome3d\swing\VideoPanel.LanguageChangeListener.java,LanguageChangeListener,48,1,1,0,0,False,False,3,True,False,1,1,6,3,True,False,True,True,False,public,1,0,0,False,Service Provider
294,\SweetHome3D\src\com\eteks\sweethome3d\swing\VideoPanel.PhotoImageGenerator.java,PhotoImageGenerator,54,2,1,0,0,False,False,3,True,False,1,2,6,0,True,False,True,True,False,private,1,0,0,False,Service Provider
295,\SweetHome3D\src\com\eteks\sweethome3d\swing\UserPreferencesPanel.java,UserPreferencesPanel,769,36,5,1,0,False,False,3,False,False,50,5,40,105,False,False,False,True,False,public,1,4,0,False,Interfacer
296,\SweetHome3D\src\com\eteks\sweethome3d\swing\VisualTransferHandler.DragGestureRecognizerWithVisualRepresentation.java,DragGestureRecognizerWithVisualRepresentation,45,0,3,0,0,False,False,6,False,False,0,4,4,2,False,False,True,True,False,private,0,0,2,False,Service Provider
297,\SweetHome3D\src\com\eteks\sweethome3d\swing\VisualTransferHandler.java,VisualTransferHandler,59,1,1,0,0,False,False,3,True,False,1,3,5,1,False,False,False,True,False,public,1,0,0,False,Service Provider
298,\SweetHome3D\src\com\eteks\sweethome3d\swing\VisualTransferHandler.DragListenerWithVisualRepresentation.java,DragListenerWithVisualRepresentation,88,2,6,0,0,False,False,5,False,False,3,6,16,10,False,False,True,True,False,private,6,0,0,False,Service Provider
299,\SweetHome3D\src\com\eteks\sweethome3d\swing\WizardPane.java,WizardPane,264,6,5,0,0,False,False,2,False,False,10,6,30,36,False,False,False,True,False,public,1,4,0,False,Interfacer
300,\SweetHome3D\src\com\eteks\sweethome3d\plugin\Plugin.java,Plugin,193,9,19,9,9,False,False,1,False,False,0,9,3,0,False,False,False,True,False,public,10,0,0,True,Information Holder
301,\SweetHome3D\src\com\eteks\sweethome3d\plugin\PluginAction.Property.java,Property,61,7,0,0,0,False,False,1,False,False,0,0,0,0,False,False,True,False,True,public,0,0,0,False,Information Holder
302,\SweetHome3D\src\com\eteks\sweethome3d\plugin\PluginAction.java,PluginAction,188,2,8,1,2,False,False,2,False,False,6,11,8,5,False,False,False,True,False,public,6,2,0,True,Structurer
303,\SweetHome3D\src\com\eteks\sweethome3d\plugin\PluginManager.PluginDefinition.java,PluginDefinition,70,7,7,0,7,False,False,2,False,False,0,0,0,0,True,False,True,True,False,private,7,0,0,False,Information Holder
304,\SweetHome3D\src\com\eteks\sweethome3d\swing\WallPanel.java,WallPanel,874,37,10,1,0,False,False,2,False,False,23,14,28,147,False,False,False,True,False,public,1,9,0,False,Interfacer
305,\SweetHome3D\src\com\eteks\sweethome3d\plugin\PluginManager.java,PluginManager,385,13,8,0,2,False,False,2,True,False,20,14,33,39,False,False,False,True,False,public,3,5,0,False,Service Provider
306,\SweetHome3D\src\com\eteks\sweethome3d\model\AspectRatio.java,AspectRatio,43,8,1,0,1,False,False,2,False,False,0,0,0,0,False,False,False,False,True,public,1,0,0,False,Information Holder
307,\SweetHome3D\src\com\eteks\sweethome3d\model\Camera.Lens.java,Lens,25,4,0,0,0,False,False,1,False,False,0,0,0,0,False,False,True,False,True,public,0,0,0,False,Information Holder
308,\SweetHome3D\src\com\eteks\sweethome3d\model\Camera.Property.java,Property,25,9,0,0,0,False,False,1,False,False,0,0,0,0,False,False,True,False,True,public,0,0,0,False,Information Holder
309,\SweetHome3D\src\com\eteks\sweethome3d\swing\PlanComponent.java,PlanComponent,4055,71,119,13,34,False,False,2,False,False,263,332,130,685,False,False,False,True,False,public,39,71,9,False,Controller
310,\SweetHome3D\src\com\eteks\sweethome3d\model\BackgroundImage.java,BackgroundImage,148,10,11,0,10,False,False,2,False,False,0,5,2,0,False,False,False,True,False,public,11,0,0,False,Information Holder
311,\SweetHome3D\src\com\eteks\sweethome3d\model\CatalogLight.java,CatalogLight,140,2,1,0,1,False,False,2,False,False,1,0,1,1,False,False,False,True,False,public,1,0,0,False,Information Holder
312,\SweetHome3D\src\com\eteks\sweethome3d\model\CatalogDoorOrWindow.java,CatalogDoorOrWindow,200,4,4,0,3,False,False,4,False,False,1,0,1,1,False,False,False,True,False,public,4,0,0,False,Information Holder
313,\SweetHome3D\src\com\eteks\sweethome3d\model\Camera.java,Camera,319,12,26,10,9,False,False,1,False,False,10,16,8,22,False,False,False,True,False,public,23,3,0,False,Information Holder
314,\SweetHome3D\src\com\eteks\sweethome3d\model\CollectionChangeSupport.java,CollectionChangeSupport,74,2,4,0,0,False,False,3,False,False,1,7,2,2,False,False,False,True,False,public,4,0,0,False,Structurer
315,\SweetHome3D\src\com\eteks\sweethome3d\model\CatalogTexture.java,CatalogTexture,165,10,12,1,7,False,False,2,False,False,0,3,1,2,False,False,False,True,False,public,11,0,0,False,Information Holder
316,\SweetHome3D\src\com\eteks\sweethome3d\model\CollectionEvent.Type.java,Type,26,2,0,0,0,False,False,1,False,False,0,0,0,0,False,False,True,False,True,public,0,0,0,False,Information Holder
317,\SweetHome3D\src\com\eteks\sweethome3d\swing\VideoPanel.java,VideoPanel,1437,39,27,2,3,False,False,2,False,False,55,18,100,270,False,False,False,True,False,public,1,26,0,False,Interfacer
318,\SweetHome3D\src\com\eteks\sweethome3d\model\CollectionListener.java,CollectionListener,32,0,0,0,0,False,False,2,True,False,0,0,1,0,False,True,False,False,False,public,0,0,0,False,Service Provider
319,\SweetHome3D\src\com\eteks\sweethome3d\model\CollectionEvent.java,CollectionEvent,67,3,3,0,3,False,False,2,False,False,0,0,1,0,False,False,False,True,False,public,3,0,0,False,Information Holder
320,\SweetHome3D\src\com\eteks\sweethome3d\model\Compass.GeographicPoint.java,GeographicPoint,40,2,2,0,2,False,False,2,False,False,0,0,0,0,True,False,True,True,False,private,2,0,0,False,Information Holder
321,\SweetHome3D\src\com\eteks\sweethome3d\model\Compass.Property.java,Property,27,8,0,0,0,False,False,1,False,False,0,0,0,0,False,False,True,False,True,public,0,0,0,False,Information Holder
322,\SweetHome3D\src\com\eteks\sweethome3d\model\CatalogPieceOfFurniture.java,CatalogPieceOfFurniture,480,28,30,1,17,False,False,4,False,False,1,4,2,2,False,False,False,True,False,public,28,1,0,False,Information Holder
323,\SweetHome3D\src\com\eteks\sweethome3d\model\Content.java,Content,34,0,0,0,0,False,False,1,False,False,0,0,3,0,False,True,False,False,False,public,0,0,0,False,Service Provider
324,\SweetHome3D\src\com\eteks\sweethome3d\model\DimensionLine.Property.java,Property,25,6,0,0,0,False,False,1,False,False,0,0,0,0,False,False,True,False,True,public,0,0,0,False,Information Holder
325,\SweetHome3D\src\com\eteks\sweethome3d\model\DoorOrWindow.java,DoorOrWindow,42,0,0,0,0,False,False,3,False,False,0,0,0,0,False,True,False,False,False,public,0,0,0,False,Service Provider
326,\SweetHome3D\src\com\eteks\sweethome3d\model\FurnitureCatalog.java,FurnitureCatalog,138,3,9,0,3,False,False,2,False,False,6,7,3,8,False,False,False,True,False,public,7,2,0,True,Structurer
327,\SweetHome3D\src\com\eteks\sweethome3d\model\FurnitureCategory.java,FurnitureCategory,127,4,10,0,4,False,False,2,False,False,3,5,4,6,False,False,False,True,False,public,7,1,0,False,Structurer
328,\SweetHome3D\src\com\eteks\sweethome3d\model\Home.Property.java,Property,27,11,0,0,0,False,False,1,False,False,0,0,0,0,False,False,True,False,True,public,0,0,0,False,Information Holder
329,\SweetHome3D\src\com\eteks\sweethome3d\model\DimensionLine.java,DimensionLine,316,9,26,6,9,False,False,2,False,False,8,31,10,9,False,False,False,True,False,public,23,3,0,False,Information Holder
330,\SweetHome3D\src\com\eteks\sweethome3d\model\HomeDoorOrWindow.java,HomeDoorOrWindow,141,5,11,5,3,False,False,4,False,False,5,5,0,5,False,False,False,True,False,public,11,0,0,False,Information Holder
331,\SweetHome3D\src\com\eteks\sweethome3d\model\HomeApplication.java,HomeApplication,120,2,9,0,4,False,False,2,False,False,1,5,3,2,False,False,False,True,False,public,9,0,0,True,Structurer
332,\SweetHome3D\src\com\eteks\sweethome3d\model\HomeEnvironment.DrawingMode.java,DrawingMode,27,3,0,0,0,False,False,2,False,False,0,0,0,0,False,False,True,False,True,public,0,0,0,False,Information Holder
333,\SweetHome3D\src\com\eteks\sweethome3d\model\HomeEnvironment.Property.java,Property,27,17,0,0,0,False,False,1,False,False,0,0,0,0,False,False,True,False,True,public,0,0,0,False,Information Holder
334,\SweetHome3D\src\com\eteks\sweethome3d\model\HomeEnvironment.java,HomeEnvironment,501,21,40,17,18,False,False,2,False,False,21,23,7,29,False,False,False,True,False,public,38,2,0,False,Information Holder
335,\SweetHome3D\src\com\eteks\sweethome3d\model\HomeLight.Property.java,Property,26,1,0,0,0,False,False,1,False,False,0,0,0,0,False,False,True,False,True,public,0,0,0,False,Information Holder
336,\SweetHome3D\src\com\eteks\sweethome3d\model\Home.java,Home,1077,43,79,13,27,False,False,1,False,False,39,64,12,69,False,False,False,True,False,public,73,6,0,False,Information Holder
337,\SweetHome3D\src\com\eteks\sweethome3d\model\HomeLight.java,HomeLight,117,4,7,1,2,False,False,2,False,False,2,4,4,5,False,False,False,True,False,public,6,1,0,False,Information Holder
338,\SweetHome3D\src\com\eteks\sweethome3d\model\HomePieceOfFurniture.Property.java,Property,26,19,0,0,0,False,False,1,False,False,0,0,0,0,False,False,True,False,True,public,0,0,0,False,Information Holder
339,\SweetHome3D\src\com\eteks\sweethome3d\model\HomePieceOfFurniture.SortableProperty.java,SortableProperty,27,18,0,0,0,False,False,2,False,False,0,0,0,0,False,False,True,False,True,public,0,0,0,False,Information Holder
340,\SweetHome3D\src\com\eteks\sweethome3d\model\HomeFurnitureGroup.java,HomeFurnitureGroup,547,15,35,12,14,False,False,3,False,False,26,14,8,70,False,False,False,True,False,public,31,4,0,False,Information Holder
341,\SweetHome3D\src\com\eteks\sweethome3d\model\Compass.java,Compass,1049,15,30,8,10,False,False,1,False,False,18,32,15,27,False,False,False,True,False,public,25,5,0,False,Service Provider
342,\SweetHome3D\src\com\eteks\sweethome3d\model\HomePrint.PaperOrientation.java,PaperOrientation,25,3,0,0,0,False,False,2,False,False,0,0,0,0,False,False,True,False,True,public,0,0,0,False,Information Holder
343,\SweetHome3D\src\com\eteks\sweethome3d\model\HomePrint.java,HomePrint,154,14,13,0,10,False,False,2,False,False,0,0,1,0,False,False,False,True,False,public,13,0,0,False,Information Holder
344,\SweetHome3D\src\com\eteks\sweethome3d\model\HomeRecorder.Type.java,Type,33,2,0,0,0,False,False,1,False,False,0,0,0,0,False,False,True,False,True,public,0,0,0,False,Information Holder
345,\SweetHome3D\src\com\eteks\sweethome3d\model\HomeRecorder.java,HomeRecorder,47,0,0,0,0,False,False,2,True,False,0,0,0,0,False,True,False,False,False,public,0,0,0,False,Service Provider
346,\SweetHome3D\src\com\eteks\sweethome3d\model\HomeTexture.java,HomeTexture,93,5,6,0,4,False,False,2,False,False,1,1,1,6,False,False,False,True,False,public,6,0,0,False,Information Holder
347,\SweetHome3D\src\com\eteks\sweethome3d\model\IllegalHomonymException.java,IllegalHomonymException,38,1,0,0,0,False,False,3,False,False,0,0,0,0,False,False,False,True,False,public,0,0,0,False,Service Provider
348,\SweetHome3D\src\com\eteks\sweethome3d\model\InterruptedRecorderException.java,InterruptedRecorderException,39,1,0,0,0,False,False,3,False,False,0,0,0,0,False,False,False,True,False,public,0,0,0,False,Service Provider
349,\SweetHome3D\src\com\eteks\sweethome3d\model\Label.Property.java,Property,25,4,0,0,0,False,False,1,False,False,0,0,0,0,False,False,True,False,True,public,0,0,0,False,Information Holder
350,\SweetHome3D\src\com\eteks\sweethome3d\model\HomePieceOfFurniture.java,HomePieceOfFurniture,926,37,71,19,27,False,False,4,False,False,37,56,17,80,False,False,False,True,False,public,66,5,0,False,Structurer
351,\SweetHome3D\src\com\eteks\sweethome3d\model\Label.java,Label,182,6,16,4,5,False,False,1,False,False,4,16,6,6,False,False,False,True,False,public,15,1,0,False,Information Holder
352,\SweetHome3D\src\com\eteks\sweethome3d\model\LengthUnit.MeterFamilyFormat.java,MeterFamilyFormat,53,1,3,0,0,False,False,3,False,False,1,8,3,1,True,False,True,True,False,private,3,0,0,False,Service Provider
353,\SweetHome3D\src\com\eteks\sweethome3d\model\LengthUnit.SquareMeterAreaFormatWithUnit.java,SquareMeterAreaFormatWithUnit,36,0,1,0,0,False,False,6,False,False,0,3,2,0,True,False,True,True,False,private,1,0,0,False,Service Provider
354,\SweetHome3D\src\com\eteks\sweethome3d\model\Light.java,Light,33,0,0,0,0,False,False,1,False,False,0,0,0,0,False,True,False,False,False,public,0,0,0,False,Information Holder
355,\SweetHome3D\src\com\eteks\sweethome3d\model\LightSource.java,LightSource,81,6,5,0,5,False,False,2,False,False,0,0,1,0,False,False,False,True,False,public,5,0,0,False,Information Holder
356,\SweetHome3D\src\com\eteks\sweethome3d\model\PatternsCatalog.java,PatternsCatalog,68,1,4,0,4,False,False,2,False,False,1,2,3,2,False,False,False,True,False,public,4,0,0,False,Structurer
357,\SweetHome3D\src\com\eteks\sweethome3d\model\PieceOfFurniture.java,PieceOfFurniture,112,0,0,0,0,False,False,3,False,False,0,0,1,0,False,True,False,False,False,public,0,0,0,False,Information Holder
358,\SweetHome3D\src\com\eteks\sweethome3d\model\ObserverCamera.java,ObserverCamera,189,3,14,4,6,False,False,2,False,False,3,13,6,4,False,False,False,True,False,public,12,2,0,False,Structurer
359,\SweetHome3D\src\com\eteks\sweethome3d\model\RecorderException.java,RecorderException,46,1,0,0,0,False,False,2,False,False,0,0,0,0,False,False,False,True,False,public,0,0,0,False,Service Provider
360,\SweetHome3D\src\com\eteks\sweethome3d\model\LengthUnit.java,LengthUnit,511,4,5,0,1,False,False,2,False,False,23,6,8,44,False,False,False,False,True,public,4,1,0,False,Coordinator
361,\SweetHome3D\src\com\eteks\sweethome3d\model\Room.Property.java,Property,28,17,0,0,0,False,False,1,False,False,0,0,0,0,False,False,True,False,True,public,0,0,0,False,Information Holder
362,\SweetHome3D\src\com\eteks\sweethome3d\model\Sash.java,Sash,84,6,5,0,5,False,False,1,False,False,0,0,1,0,False,False,False,True,False,public,5,0,0,False,Information Holder
363,\SweetHome3D\src\com\eteks\sweethome3d\model\Selectable.java,Selectable,52,0,0,0,0,False,False,1,False,False,0,0,0,0,False,True,False,False,False,public,0,0,0,False,Service Provider
364,\SweetHome3D\src\com\eteks\sweethome3d\model\SelectionEvent.java,SelectionEvent,42,1,1,0,1,False,False,2,False,False,0,0,2,0,False,False,False,True,False,public,1,0,0,False,Information Holder
365,\SweetHome3D\src\com\eteks\sweethome3d\model\SelectionListener.java,SelectionListener,31,0,0,0,0,False,False,2,True,False,0,0,1,0,False,True,False,False,False,public,0,0,0,False,Service Provider
366,\SweetHome3D\src\com\eteks\sweethome3d\model\TextureImage.java,TextureImage,42,0,0,0,0,False,False,2,False,False,0,0,0,0,False,True,False,False,False,public,0,0,0,False,Service Provider
367,\SweetHome3D\src\com\eteks\sweethome3d\model\TextStyle.java,TextStyle,140,5,10,0,2,False,False,2,False,False,7,6,5,1,False,False,False,True,False,public,8,2,0,False,Structurer
368,\SweetHome3D\src\com\eteks\sweethome3d\model\TexturesCatalog.java,TexturesCatalog,135,3,9,0,3,False,False,2,False,False,6,7,3,8,False,False,False,True,False,public,7,2,0,True,Structurer
369,\SweetHome3D\src\com\eteks\sweethome3d\model\TexturesCategory.java,TexturesCategory,126,4,10,0,4,False,False,2,False,False,3,5,4,6,False,False,False,True,False,public,7,1,0,False,Structurer
370,\SweetHome3D\src\com\eteks\sweethome3d\model\Room.java,Room,673,21,59,18,21,False,False,1,False,False,28,54,13,35,False,False,False,True,False,public,53,6,0,False,Information Holder
371,\SweetHome3D\src\com\eteks\sweethome3d\model\UserPreferences.PrefixedResourceBundle.java,PrefixedResourceBundle,49,2,3,0,2,False,False,3,False,False,0,1,3,2,True,False,True,True,False,private,2,0,1,False,Coordinator
372,\SweetHome3D\src\com\eteks\sweethome3d\model\UserPreferences.Property.java,Property,28,15,0,0,0,False,False,1,False,False,0,0,0,0,False,False,True,False,True,public,0,0,0,False,Information Holder
373,\SweetHome3D\src\com\eteks\sweethome3d\model\Wall.Property.java,Property,28,16,0,0,0,False,False,1,False,False,0,0,0,0,False,False,True,False,True,public,0,0,0,False,Information Holder
374,\SweetHome3D\src\com\eteks\sweethome3d\j3d\Component3DManager.RenderingErrorListenerManager.java,RenderingErrorListenerManager,44,0,1,1,0,False,False,4,True,False,1,2,3,1,True,False,True,True,False,private,1,0,0,False,Service Provider
375,\SweetHome3D\src\com\eteks\sweethome3d\j3d\Component3DManager.RenderingErrorObserver.java,RenderingErrorObserver,28,0,0,0,0,False,False,3,True,False,0,0,0,0,True,True,True,False,False,public,0,0,0,False,Service Provider
376,\SweetHome3D\src\com\eteks\sweethome3d\j3d\Component3DManager.RenderingObserver.java,RenderingObserver,40,0,0,0,0,False,False,2,True,False,0,0,1,0,True,True,True,False,False,public,0,0,0,False,Service Provider
377,\SweetHome3D\src\com\eteks\sweethome3d\model\UserPreferences.java,UserPreferences,673,26,50,19,19,False,False,2,False,False,24,35,14,34,False,False,False,True,False,public,43,3,4,True,Coordinator
378,\SweetHome3D\src\com\eteks\sweethome3d\j3d\Component3DManager.java,Component3DManager,263,6,9,1,7,False,False,3,True,False,12,9,14,12,False,False,False,True,False,public,8,1,0,False,Service Provider
379,\SweetHome3D\src\com\eteks\sweethome3d\j3d\DAELoader.java,DAELoader,128,0,5,0,0,False,False,4,True,False,2,7,19,8,False,False,False,True,False,public,3,2,0,False,Service Provider
380,\SweetHome3D\src\com\eteks\sweethome3d\j3d\HomePieceOfFurniture3D.DefaultMaterialAndTexture.java,DefaultMaterialAndTexture,64,6,6,0,6,False,False,4,False,False,0,0,7,6,True,False,True,True,False,private,6,0,0,False,Information Holder
381,\SweetHome3D\src\com\eteks\sweethome3d\model\Wall.java,Wall,891,20,58,18,24,False,False,1,False,False,55,56,12,41,False,False,False,True,False,public,47,11,0,False,Information Holder
382,\SweetHome3D\src\com\eteks\sweethome3d\j3d\Ground3D.java,Ground3D,213,4,2,0,0,False,False,2,False,False,13,1,16,30,False,False,False,True,False,public,1,1,0,False,Controller
383,\SweetHome3D\src\com\eteks\sweethome3d\j3d\HomePieceOfFurniture3D.LightSelectionListener.java,LightSelectionListener,43,1,1,0,0,False,False,3,True,False,1,1,4,3,True,False,True,True,False,private,1,0,0,False,Service Provider
384,\SweetHome3D\src\com\eteks\sweethome3d\j3d\ModelManager.ModelObserver.java,ModelObserver,34,0,0,0,0,False,False,2,True,False,0,0,1,0,True,True,True,False,False,public,0,0,0,False,Service Provider
385,\SweetHome3D\src\com\eteks\sweethome3d\j3d\OBJLoader.Face.java,Face,56,1,2,0,1,False,False,1,False,False,1,0,1,2,True,False,True,True,False,private,2,0,0,False,Information Holder
386,\SweetHome3D\src\com\eteks\sweethome3d\j3d\DAELoader.DAEHandler.java,DAEHandler,903,55,16,0,6,False,False,4,True,False,74,25,42,68,True,False,True,True,False,private,4,12,0,False,Controller
387,\SweetHome3D\src\com\eteks\sweethome3d\j3d\HomePieceOfFurniture3D.java,HomePieceOfFurniture3D,622,4,22,8,3,False,False,5,False,False,37,29,35,96,False,False,False,True,False,public,1,21,0,False,Interfacer
388,\SweetHome3D\src\com\eteks\sweethome3d\j3d\OBJLoader.Geometry.java,Geometry,67,3,4,0,3,False,False,1,False,False,1,0,1,3,True,False,True,True,False,private,4,0,0,True,Information Holder
389,\SweetHome3D\src\com\eteks\sweethome3d\j3d\OBJLoader.Group.java,Group,59,3,5,1,2,False,False,1,False,False,0,2,2,1,True,False,True,True,False,private,5,0,0,False,Information Holder
390,\SweetHome3D\src\com\eteks\sweethome3d\j3d\OBJLoader.Line.java,Line,41,0,0,0,0,False,False,1,False,False,0,0,1,0,True,False,True,True,False,private,0,0,0,False,Information Holder
391,\SweetHome3D\src\com\eteks\sweethome3d\j3d\OBJMaterial.java,OBJMaterial,112,3,10,3,3,False,False,4,False,False,3,4,2,0,False,False,False,True,False,public,10,0,0,False,Information Holder
392,\SweetHome3D\src\com\eteks\sweethome3d\j3d\OBJWriter.ComparableAppearance.java,ComparableAppearance,176,1,3,0,1,False,False,2,False,False,17,1,6,33,True,False,True,True,False,private,3,0,0,False,Service Provider
393,\SweetHome3D\src\com\eteks\sweethome3d\j3d\Object3DBranch.java,Object3DBranch,92,7,2,0,2,False,False,3,False,False,2,4,10,1,False,False,False,True,False,public,0,0,2,True,Information Holder
394,\SweetHome3D\src\com\eteks\sweethome3d\j3d\Object3DBranchFactory.java,Object3DBranchFactory,46,0,1,0,0,False,False,4,False,False,1,3,6,1,False,False,False,True,False,public,1,0,0,False,Service Provider
395,\SweetHome3D\src\com\eteks\sweethome3d\j3d\PhotoRenderer.BufferedImageDisplay.java,BufferedImageDisplay,99,4,6,0,0,False,False,3,False,False,4,25,5,7,True,False,True,True,False,private,5,1,0,False,Service Provider
396,\SweetHome3D\src\com\eteks\sweethome3d\j3d\PhotoRenderer.Quality.java,Quality,26,2,0,0,0,False,False,1,False,False,0,0,0,0,False,False,True,False,True,public,0,0,0,False,Information Holder
397,\SweetHome3D\src\com\eteks\sweethome3d\j3d\PhotoRenderer.SphereLightWithNoRepresentation.java,SphereLightWithNoRepresentation,32,0,1,0,0,False,False,5,False,False,0,0,2,0,True,False,True,True,False,public,1,0,0,False,Service Provider
398,\SweetHome3D\src\com\eteks\sweethome3d\j3d\ModelManager.java,ModelManager,1120,12,25,0,8,False,False,2,True,False,73,69,67,109,False,False,False,True,False,public,10,15,0,False,Service Provider
399,\SweetHome3D\src\com\eteks\sweethome3d\j3d\OBJLoader.java,OBJLoader,1692,9,15,0,2,False,False,4,True,False,67,22,44,120,False,False,False,True,False,public,3,12,0,False,Service Provider
400,\SweetHome3D\src\com\eteks\sweethome3d\j3d\PhotoRenderer.Triangle.java,Triangle,70,5,2,0,0,False,False,1,False,False,2,1,1,0,True,False,True,True,False,private,2,0,0,False,Information Holder
401,\SweetHome3D\src\com\eteks\sweethome3d\j3d\TextureManager.TextureKey.java,TextureKey,101,5,5,0,2,False,False,2,False,False,6,1,6,14,True,False,True,True,False,private,4,1,0,False,Information Holder
402,\SweetHome3D\src\com\eteks\sweethome3d\j3d\TextureManager.TextureObserver.java,TextureObserver,28,0,0,0,0,False,False,2,True,False,0,0,1,0,True,True,True,False,False,public,0,0,0,False,Service Provider
403,\SweetHome3D\src\com\eteks\sweethome3d\j3d\Room3D.java,Room3D,365,4,9,0,2,False,False,2,False,False,21,14,25,49,False,False,False,True,False,public,1,8,0,False,Coordinator
404,\SweetHome3D\src\com\eteks\sweethome3d\j3d\Wall3D.DoorOrWindowArea.java,DoorOrWindowArea,40,2,2,0,2,False,False,4,False,False,0,0,3,0,True,False,True,True,False,private,2,0,0,False,Information Holder
405,\SweetHome3D\src\com\eteks\sweethome3d\j3d\TextureManager.java,TextureManager,284,7,10,1,2,False,False,2,True,False,14,12,20,25,False,False,False,True,False,public,6,4,0,False,Service Provider
406,\SweetHome3D\src\com\eteks\sweethome3d\j3d\OBJWriter.java,OBJWriter,1239,11,25,0,0,False,False,4,True,False,95,103,61,115,False,False,False,True,False,public,8,17,0,False,Service Provider
407,\SweetHome3D\src\com\eteks\sweethome3d\io\DefaultFurnitureCatalog.PropertyKey.java,PropertyKey,208,34,1,0,1,False,False,2,False,False,0,1,0,0,False,False,True,False,True,public,1,0,0,False,Information Holder
408,\SweetHome3D\src\com\eteks\sweethome3d\io\AutoRecoveryManager.java,AutoRecoveryManager,357,10,8,0,1,False,False,3,True,False,22,5,31,53,False,False,False,True,False,public,1,7,0,False,Service Provider
409,\SweetHome3D\src\com\eteks\sweethome3d\io\DefaultHomeInputStream.HomeObjectInputStream.java,HomeObjectInputStream,52,0,1,0,0,False,False,4,False,False,2,1,5,3,False,False,True,True,False,private,0,0,1,False,Service Provider
410,\SweetHome3D\src\com\eteks\sweethome3d\io\DefaultHomeInputStream.java,DefaultHomeInputStream,98,1,2,0,0,False,False,4,False,False,3,0,12,5,False,False,False,True,False,public,1,1,0,False,Interfacer
411,\SweetHome3D\src\com\eteks\sweethome3d\io\DefaultHomeOutputStream.HomeObjectOutputStream.java,HomeObjectOutputStream,85,0,1,0,0,False,False,4,False,False,7,1,9,6,False,False,True,True,False,private,0,0,1,False,Service Provider
412,\SweetHome3D\src\com\eteks\sweethome3d\j3d\Wall3D.java,Wall3D,703,4,16,0,4,False,False,2,False,False,52,37,29,103,False,False,False,True,False,public,1,15,0,False,Service Provider
413,\SweetHome3D\src\com\eteks\sweethome3d\j3d\PhotoRenderer.java,PhotoRenderer,1189,10,18,0,4,False,False,2,True,False,80,71,80,148,False,False,False,True,False,public,2,16,0,False,Service Provider
414,\SweetHome3D\src\com\eteks\sweethome3d\io\DefaultTexturesCatalog.PropertyKey.java,PropertyKey,71,8,1,0,1,False,False,2,False,False,0,1,0,0,False,False,True,False,True,public,1,0,0,False,Information Holder
415,\SweetHome3D\src\com\eteks\sweethome3d\io\DefaultHomeOutputStream.java,DefaultHomeOutputStream,257,4,7,0,1,False,False,4,False,False,13,14,20,30,False,False,False,True,False,public,1,6,0,False,Interfacer
416,\SweetHome3D\src\com\eteks\sweethome3d\io\DefaultFurnitureCatalog.java,DefaultFurnitureCatalog,608,5,13,0,7,False,False,3,False,False,27,47,30,38,False,False,False,True,False,public,0,11,2,False,Structurer
417,\SweetHome3D\src\com\eteks\sweethome3d\io\DefaultUserPreferences.PatternTexture.java,PatternTexture,47,2,4,0,4,False,False,2,False,False,0,0,3,0,True,False,True,True,False,private,4,0,0,False,Information Holder
418,\SweetHome3D\src\com\eteks\sweethome3d\io\DefaultUserPreferences.java,DefaultUserPreferences,128,0,7,0,0,False,False,3,False,False,0,6,7,1,False,False,False,True,False,public,7,0,0,False,Interfacer
419,\SweetHome3D\src\com\eteks\sweethome3d\io\DefaultTexturesCatalog.java,DefaultTexturesCatalog,329,4,6,0,2,False,False,3,False,False,10,21,25,17,False,False,False,True,False,public,0,6,0,False,Interfacer
420,\SweetHome3D\src\com\eteks\sweethome3d\io\FileUserPreferences.PortablePreferences.java,PortablePreferences,127,3,12,0,1,False,False,2,False,False,2,5,9,8,False,False,True,True,False,private,1,2,9,False,Structurer
421,\SweetHome3D\src\com\eteks\sweethome3d\io\HomeURLContent.java,HomeURLContent,30,0,0,0,0,False,False,5,False,False,0,0,2,0,False,False,False,True,False,default,0,0,0,False,Service Provider
422,\SweetHome3D\src\com\eteks\sweethome3d\io\HomeFileRecorder.java,HomeFileRecorder,177,2,3,0,0,False,False,3,True,False,6,4,13,10,False,False,False,True,False,public,3,0,0,False,Service Provider
423,\SweetHome3D\src\com\eteks\sweethome3d\applet\AppletApplication.AppletBasicService.java,AppletBasicService,49,2,4,0,1,False,False,3,False,False,0,1,3,0,True,False,True,True,False,private,4,0,0,False,Information Holder
424,\SweetHome3D\src\com\eteks\sweethome3d\applet\AppletApplication.StandaloneServiceManager.java,StandaloneServiceManager,46,1,2,0,1,False,False,3,True,False,1,1,5,0,True,False,True,True,False,private,2,0,0,False,Service Provider
425,\SweetHome3D\src\com\eteks\sweethome3d\applet\AppletContentManager.java,AppletContentManager,152,2,5,0,1,False,False,3,True,False,8,13,8,3,False,False,False,True,False,public,4,1,0,False,Service Provider
426,\SweetHome3D\src\com\eteks\sweethome3d\applet\HomeAppletController.java,HomeAppletController,159,4,5,0,0,False,False,3,True,True,3,0,19,14,False,False,False,True,False,public,5,0,0,False,Controller
427,\SweetHome3D\src\com\eteks\sweethome3d\io\FileUserPreferences.java,FileUserPreferences,1027,47,35,1,13,False,False,3,False,False,46,30,46,135,False,False,False,True,False,public,15,19,1,False,Interfacer
428,\SweetHome3D\src\com\eteks\sweethome3d\applet\AppletUserPreferences.java,AppletUserPreferences,445,22,14,1,1,False,False,3,False,False,13,10,33,65,False,False,False,True,False,public,10,4,0,False,Interfacer
429,\SweetHome3D\src\com\eteks\sweethome3d\applet\HomeAppletRecorder.java,HomeAppletRecorder,201,4,4,0,1,False,False,3,True,False,7,4,17,20,False,False,False,True,False,public,4,0,0,False,Service Provider
430,\SweetHome3D\src\com\eteks\sweethome3d\applet\AppletApplication.java,AppletApplication,593,27,19,0,13,False,False,2,False,False,32,14,54,77,False,False,False,True,False,public,6,9,4,False,Interfacer
431,\SweetHome3D\src\com\eteks\sweethome3d\applet\SweetHome3DApplet.java,SweetHome3DApplet,368,1,9,0,3,False,False,4,False,False,13,2,19,19,False,False,False,True,False,public,3,5,1,False,Interfacer
432,\SweetHome3D\src\com\eteks\sweethome3d\applet\SweetHome3DViewer.java,SweetHome3DViewer,172,1,6,0,1,False,False,4,True,False,7,2,11,11,False,False,False,True,False,public,2,4,0,False,Service Provider
433,\SweetHome3D\src\com\eteks\sweethome3d\applet\ViewerHelper.java,ViewerHelper,386,3,6,0,0,False,False,2,True,False,6,10,67,30,False,False,False,True,False,public,1,5,0,False,Service Provider
