index,fullpathname,classname,loc,numAttr,numMethod,setters,getters,isPersist,isCollection,numWordName,isOrEr,isController,numIfs,numParameters,numImports,numOutboundInvocation,isStaticClass,isInterface,isInnerClass,isClass,isEnum,classPublicity,numPublicMethods,numPrivateMethods,numProtectedMethods,isAbstract,pred_label
30,\SweetHome3D\src\com\eteks\sweethome3d\HomeFrameController.java,HomeFrameController,79,7,3,0,2,False,False,3,True,True,2,0,9,1,False,False,False,True,False,public,3,0,0,False,Controller
32,\SweetHome3D\src\com\eteks\sweethome3d\HomeFramePane.LanguageChangeListener.java,LanguageChangeListener,52,2,1,0,0,False,False,3,True,False,1,1,7,4,True,False,True,True,False,private,1,0,0,False,Service Provider
34,\SweetHome3D\src\com\eteks\sweethome3d\SweetHome3D.FileContentManagerWithRecordedLastDirectories.java,FileContentManagerWithRecordedLastDirectories,122,3,2,1,1,False,False,7,False,False,7,3,5,3,True,False,True,True,False,private,0,0,2,False,Structurer
35,\SweetHome3D\src\com\eteks\sweethome3d\SweetHome3D.StandaloneBasicService.java,StandaloneBasicService,136,0,5,0,1,False,False,3,False,False,4,1,5,4,True,False,True,True,False,private,4,1,0,False,Service Provider
36,\SweetHome3D\src\com\eteks\sweethome3d\SweetHome3D.StandaloneServiceManager.java,StandaloneServiceManager,89,1,2,0,1,False,False,3,True,False,1,1,2,0,True,False,True,True,False,private,2,0,0,False,Service Provider
38,\SweetHome3D\src\com\eteks\sweethome3d\MacOSXConfiguration.java,MacOSXConfiguration,288,0,3,0,0,False,False,5,False,False,13,8,25,37,False,False,False,True,False,default,1,2,0,False,Service Provider
39,\SweetHome3D\src\com\eteks\sweethome3d\SweetHome3D.StandaloneSingleInstanceService.java,StandaloneSingleInstanceService,190,3,4,0,0,False,False,4,False,False,5,4,16,17,True,False,True,True,False,private,3,1,0,False,Service Provider
40,\SweetHome3D\src\com\eteks\sweethome3d\HomeFramePane.java,HomeFramePane,324,13,5,0,1,False,False,3,False,False,17,9,32,43,False,False,False,True,False,public,1,4,0,False,Interfacer
41,\SweetHome3D\src\com\eteks\sweethome3d\SweetHome3DBootstrap.java,SweetHome3DBootstrap,91,0,1,0,0,False,False,4,False,False,1,1,8,4,False,False,False,True,False,public,1,0,0,False,Service Provider
42,\SweetHome3D\src\com\eteks\sweethome3d\SweetHome3DJavaWebStartBootstrap.java,SweetHome3DJavaWebStartBootstrap,70,0,1,0,0,False,False,7,False,False,2,1,10,5,False,False,False,True,False,public,1,0,0,False,Service Provider
43,\SweetHome3D\src\com\eteks\sweethome3d\viewcontroller\BackgroundImageWizardController.BackgroundImageWizardStepState.java,BackgroundImageWizardStepState,41,1,3,0,2,False,False,5,False,False,0,0,1,0,False,False,True,True,False,protected,3,0,0,True,Structurer
44,\SweetHome3D\src\com\eteks\sweethome3d\viewcontroller\BackgroundImageWizardController.BackgroundImageUndoableEdit.java,BackgroundImageUndoableEdit,79,6,3,0,1,False,False,4,False,False,2,0,7,2,True,False,True,True,False,private,3,0,0,False,Coordinator
45,\SweetHome3D\src\com\eteks\sweethome3d\viewcontroller\BackgroundImageWizardController.ImageOriginStepState.java,ImageOriginStepState,41,0,3,0,1,False,False,4,False,False,0,0,0,1,False,False,True,True,False,private,3,0,0,False,Service Provider
46,\SweetHome3D\src\com\eteks\sweethome3d\viewcontroller\BackgroundImageWizardController.ImageChoiceStepState.java,ImageChoiceStepState,50,0,3,0,1,False,False,4,False,False,0,0,2,1,False,False,True,True,False,private,3,0,0,False,Information Holder
47,\SweetHome3D\src\com\eteks\sweethome3d\viewcontroller\BackgroundImageWizardController.Property.java,Property,25,6,0,0,0,False,False,1,False,False,0,0,0,0,False,False,True,False,True,public,0,0,0,False,Information Holder
48,\SweetHome3D\src\com\eteks\sweethome3d\viewcontroller\BackgroundImageWizardController.Step.java,Step,25,3,0,0,0,False,False,1,False,False,0,0,0,0,False,False,True,False,True,public,0,0,0,False,Information Holder
49,\SweetHome3D\src\com\eteks\sweethome3d\viewcontroller\BackgroundImageWizardController.ImageScaleStepState.java,ImageScaleStepState,53,0,4,0,1,False,False,4,False,False,0,0,2,1,False,False,True,True,False,private,4,0,0,False,Information Holder
50,\SweetHome3D\src\com\eteks\sweethome3d\viewcontroller\CompassController.Property.java,Property,26,8,0,0,0,False,False,1,False,False,0,0,0,0,False,False,True,False,True,public,0,0,0,False,Information Holder
51,\SweetHome3D\src\com\eteks\sweethome3d\viewcontroller\CompassController.CompassUndoableEdit.java,CompassUndoableEdit,87,18,3,0,1,False,False,3,False,False,0,0,5,10,True,False,True,True,False,private,3,0,0,False,Information Holder
52,\SweetHome3D\src\com\eteks\sweethome3d\viewcontroller\ContentManager.ContentType.java,ContentType,25,13,0,0,0,False,False,2,False,False,0,0,0,0,False,False,True,False,True,public,0,0,0,False,Information Holder
53,\SweetHome3D\src\com\eteks\sweethome3d\viewcontroller\ContentManager.java,ContentManager,61,0,0,0,0,False,False,2,True,False,0,0,2,0,False,True,False,False,False,public,0,0,0,False,Service Provider
54,\SweetHome3D\src\com\eteks\sweethome3d\viewcontroller\Controller.java,Controller,27,0,0,0,0,False,False,1,True,True,0,0,0,0,False,True,False,False,False,public,0,0,0,False,Service Provider
55,\SweetHome3D\src\com\eteks\sweethome3d\viewcontroller\DialogView.java,DialogView,30,0,0,0,0,False,False,2,False,False,0,0,0,0,False,True,False,False,False,public,0,0,0,False,Service Provider
56,\SweetHome3D\src\com\eteks\sweethome3d\viewcontroller\FurnitureCatalogController.AddedFurnitureSelector.java,AddedFurnitureSelector,42,1,2,0,0,False,False,3,True,False,2,1,5,3,False,False,True,True,False,private,2,0,0,False,Structurer
57,\SweetHome3D\src\com\eteks\sweethome3d\viewcontroller\FurnitureCatalogController.FurnitureCatalogChangeListener.java,FurnitureCatalogChangeListener,44,1,1,0,0,False,False,4,True,False,1,1,5,4,True,False,True,True,False,private,1,0,0,False,Coordinator
58,\SweetHome3D\src\com\eteks\sweethome3d\viewcontroller\BackgroundImageWizardController.java,BackgroundImageWizardController,281,19,20,5,12,False,False,4,True,True,8,13,9,18,False,False,False,True,False,public,14,0,6,False,Controller
59,\SweetHome3D\src\com\eteks\sweethome3d\viewcontroller\FurnitureCatalogController.FurnitureCatalogViewChangeListener.java,FurnitureCatalogViewChangeListener,45,1,1,0,0,False,False,5,True,False,1,1,4,2,True,False,True,True,False,private,1,0,0,False,Service Provider
60,\SweetHome3D\src\com\eteks\sweethome3d\viewcontroller\CompassController.java,CompassController,265,14,23,8,8,False,False,2,True,True,9,22,7,24,False,False,False,True,False,public,21,1,1,False,Controller
61,\SweetHome3D\src\com\eteks\sweethome3d\viewcontroller\FurnitureController.AlignedPieceOfFurniture.java,AlignedPieceOfFurniture,61,3,4,0,4,False,False,4,False,False,1,2,2,3,True,False,True,True,False,private,4,0,0,False,Information Holder
62,\SweetHome3D\src\com\eteks\sweethome3d\viewcontroller\FurnitureController.AlignmentAction.java,AlignmentAction,29,0,0,0,0,False,False,2,False,False,0,0,1,0,True,True,True,False,False,private,0,0,0,False,Service Provider
63,\SweetHome3D\src\com\eteks\sweethome3d\viewcontroller\FurnitureCatalogController.java,FurnitureCatalogController,201,7,11,1,2,False,False,3,True,True,10,6,8,19,False,False,False,True,False,public,9,2,0,False,Controller
64,\SweetHome3D\src\com\eteks\sweethome3d\viewcontroller\HelpController.LanguageChangeListener.java,LanguageChangeListener,47,1,1,0,0,False,False,3,True,False,1,1,4,4,True,False,True,True,False,private,1,0,0,False,Coordinator
65,\SweetHome3D\src\com\eteks\sweethome3d\SweetHome3D.java,SweetHome3D,659,12,21,0,9,False,False,3,False,False,41,9,41,67,False,False,False,True,False,public,6,8,6,False,Interfacer
66,\SweetHome3D\src\com\eteks\sweethome3d\viewcontroller\HelpController.Property.java,Property,26,5,0,0,0,False,False,1,False,False,0,0,0,0,False,False,True,False,True,public,0,0,0,False,Information Holder
67,\SweetHome3D\src\com\eteks\sweethome3d\viewcontroller\HelpController.HelpDocument.java,HelpDocument,166,4,6,0,4,False,False,2,False,False,10,2,14,9,False,False,True,True,False,private,5,1,0,False,Structurer
68,\SweetHome3D\src\com\eteks\sweethome3d\viewcontroller\HelpView.java,HelpView,30,0,0,0,0,False,False,2,False,False,0,0,0,0,False,True,False,False,False,public,0,0,0,False,Service Provider
69,\SweetHome3D\src\com\eteks\sweethome3d\viewcontroller\Home3DAttributesController.EnvironmentPaint.java,EnvironmentPaint,25,2,0,0,0,False,False,2,False,False,0,0,0,0,False,False,True,False,True,public,0,0,0,False,Information Holder
70,\SweetHome3D\src\com\eteks\sweethome3d\viewcontroller\Home3DAttributesController.Property.java,Property,25,6,0,0,0,False,False,1,False,False,0,0,0,0,False,False,True,False,True,public,0,0,0,False,Information Holder
71,\SweetHome3D\src\com\eteks\sweethome3d\viewcontroller\Home3DAttributesController.Home3DAttributesModificationUndoableEdit.java,Home3DAttributesModificationUndoableEdit,92,14,3,0,1,False,False,6,False,False,0,0,6,2,True,False,True,True,False,private,3,0,0,False,Information Holder
72,\SweetHome3D\src\com\eteks\sweethome3d\viewcontroller\HomeController.FurnitureCatalogChangeListener.java,FurnitureCatalogChangeListener,45,1,1,0,0,False,False,4,True,False,1,1,5,2,True,False,True,True,False,private,1,0,0,False,Service Provider
73,\SweetHome3D\src\com\eteks\sweethome3d\viewcontroller\HomeController.LanguageChangeListener.java,LanguageChangeListener,51,1,1,0,0,False,False,3,True,False,1,1,4,7,True,False,True,True,False,private,1,0,0,False,Service Provider
74,\SweetHome3D\src\com\eteks\sweethome3d\viewcontroller\HomeController.TexturesCatalogChangeListener.java,TexturesCatalogChangeListener,45,1,1,0,0,False,False,4,True,False,1,1,5,2,True,False,True,True,False,private,1,0,0,False,Service Provider
75,\SweetHome3D\src\com\eteks\sweethome3d\viewcontroller\HomeController.UserPreferencesChangeListener.java,UserPreferencesChangeListener,49,1,1,0,0,False,False,4,True,False,1,1,4,3,True,False,True,True,False,private,1,0,0,True,Service Provider
76,\SweetHome3D\src\com\eteks\sweethome3d\viewcontroller\HomeController.UserPreferencesPropertiesChangeListener.java,UserPreferencesPropertiesChangeListener,45,1,1,0,0,False,False,5,True,False,1,1,4,3,True,False,True,True,False,private,1,0,0,False,Service Provider
77,\SweetHome3D\src\com\eteks\sweethome3d\viewcontroller\Home3DAttributesController.java,Home3DAttributesController,313,15,21,6,9,False,False,4,True,True,12,18,9,25,False,False,False,True,False,public,19,1,1,False,Controller
78,\SweetHome3D\src\com\eteks\sweethome3d\viewcontroller\HomeController3D.CameraControllerState.java,CameraControllerState,41,0,7,0,0,False,False,3,False,False,0,5,1,0,True,False,True,True,False,protected,7,0,0,True,Service Provider
79,\SweetHome3D\src\com\eteks\sweethome3d\viewcontroller\HelpController.java,HelpController,394,12,23,5,6,False,False,2,True,True,10,16,15,36,False,False,False,True,False,public,14,8,1,False,Controller
80,\SweetHome3D\src\com\eteks\sweethome3d\viewcontroller\HomeController3D.ObserverCameraState.java,ObserverCameraState,128,3,9,0,1,False,False,3,False,False,4,5,11,21,False,False,True,True,False,private,8,1,0,False,Service Provider
81,\SweetHome3D\src\com\eteks\sweethome3d\viewcontroller\HomeController3D.java,HomeController3D,283,9,17,1,4,False,False,3,False,False,10,9,12,50,False,False,False,True,False,public,12,2,3,False,Coordinator
82,\SweetHome3D\src\com\eteks\sweethome3d\viewcontroller\HomeController3D.TopCameraState.java,TopCameraState,311,10,12,0,2,False,False,3,False,False,17,10,12,77,False,False,True,True,False,private,7,5,0,False,Information Holder
83,\SweetHome3D\src\com\eteks\sweethome3d\viewcontroller\HomeFurnitureController.FurniturePaint.java,FurniturePaint,25,3,0,0,0,False,False,2,False,False,0,0,0,0,False,False,True,False,True,public,0,0,0,False,Information Holder
84,\SweetHome3D\src\com\eteks\sweethome3d\viewcontroller\HomeFurnitureController.FurnitureShininess.java,FurnitureShininess,25,3,0,0,0,False,False,2,False,False,0,0,0,0,False,False,True,False,True,public,0,0,0,False,Information Holder
85,\SweetHome3D\src\com\eteks\sweethome3d\viewcontroller\HomeFurnitureController.ModifiedDoorOrWindow.java,ModifiedDoorOrWindow,36,1,1,0,0,False,False,4,False,False,0,0,1,2,True,False,True,True,False,private,1,0,0,False,Information Holder
86,\SweetHome3D\src\com\eteks\sweethome3d\viewcontroller\HomeFurnitureController.FurnitureModificationUndoableEdit.java,FurnitureModificationUndoableEdit,116,23,3,0,1,False,False,4,False,False,0,0,8,2,True,False,True,True,False,private,3,0,0,False,Information Holder
87,\SweetHome3D\src\com\eteks\sweethome3d\viewcontroller\HomeFurnitureController.ModifiedFurnitureGroup.java,ModifiedFurnitureGroup,77,4,2,0,1,False,False,3,False,False,2,1,4,13,True,False,True,True,False,private,1,1,0,False,Service Provider
88,\SweetHome3D\src\com\eteks\sweethome3d\viewcontroller\HomeFurnitureController.ModifiedLight.java,ModifiedLight,36,1,1,0,0,False,False,2,False,False,0,0,1,2,True,False,True,True,False,private,1,0,0,False,Information Holder
89,\SweetHome3D\src\com\eteks\sweethome3d\viewcontroller\HomeFurnitureController.Property.java,Property,27,21,0,0,0,False,False,1,False,False,0,0,0,0,False,False,True,False,True,public,0,0,0,False,Information Holder
90,\SweetHome3D\src\com\eteks\sweethome3d\viewcontroller\HomeFurnitureController.ModifiedPieceOfFurniture.java,ModifiedPieceOfFurniture,86,16,2,0,1,False,False,4,False,False,2,0,2,17,True,False,True,True,False,private,2,0,0,False,Information Holder
91,\SweetHome3D\src\com\eteks\sweethome3d\viewcontroller\HomeView.ActionType.java,ActionType,58,122,0,0,0,False,False,2,False,False,0,0,0,0,False,False,True,False,True,public,0,0,0,False,Information Holder
92,\SweetHome3D\src\com\eteks\sweethome3d\viewcontroller\HomeView.SaveAnswer.java,SaveAnswer,25,3,0,0,0,False,False,2,True,False,0,0,0,0,False,False,True,False,True,public,0,0,0,False,Information Holder
93,\SweetHome3D\src\com\eteks\sweethome3d\viewcontroller\HomeView.java,HomeView,185,0,0,0,0,False,False,2,False,False,0,0,2,0,False,True,False,False,False,public,0,0,0,False,Service Provider
94,\SweetHome3D\src\com\eteks\sweethome3d\viewcontroller\FurnitureController.java,FurnitureController,1075,7,55,2,10,False,False,2,True,True,43,60,32,147,False,False,False,True,False,public,31,20,4,False,Controller
95,\SweetHome3D\src\com\eteks\sweethome3d\viewcontroller\ImportedFurnitureWizardController.FurnitureAttributesStepState.java,FurnitureAttributesStepState,108,4,6,0,1,False,False,4,False,False,3,0,2,4,False,False,True,True,False,private,5,1,0,False,Structurer
96,\SweetHome3D\src\com\eteks\sweethome3d\viewcontroller\ImportedFurnitureWizardController.FurnitureIconStepState.java,FurnitureIconStepState,41,0,3,0,1,False,False,4,False,False,0,0,0,1,False,False,True,True,False,private,3,0,0,False,Service Provider
97,\SweetHome3D\src\com\eteks\sweethome3d\viewcontroller\ImportedFurnitureWizardController.FurnitureOrientationStepState.java,FurnitureOrientationStepState,44,0,4,0,1,False,False,4,False,False,0,0,0,1,False,False,True,True,False,private,4,0,0,False,Structurer
98,\SweetHome3D\src\com\eteks\sweethome3d\viewcontroller\ImportedFurnitureWizardController.FurnitureModelStepState.java,FurnitureModelStepState,51,0,3,0,1,False,False,4,False,False,0,0,2,1,False,False,True,True,False,private,3,0,0,False,Structurer
99,\SweetHome3D\src\com\eteks\sweethome3d\viewcontroller\ImportedFurnitureWizardController.ImportedFurnitureWizardStepState.java,ImportedFurnitureWizardStepState,41,1,3,0,2,False,False,5,False,False,0,0,1,0,False,False,True,True,False,protected,3,0,0,True,Structurer
100,\SweetHome3D\src\com\eteks\sweethome3d\viewcontroller\ImportedFurnitureWizardController.Property.java,Property,27,16,0,0,0,False,False,1,False,False,0,0,0,0,False,False,True,False,True,public,0,0,0,False,Information Holder
101,\SweetHome3D\src\com\eteks\sweethome3d\viewcontroller\ImportedFurnitureWizardController.Step.java,Step,25,4,0,0,0,False,False,1,False,False,0,0,0,0,False,False,True,False,True,public,0,0,0,False,Information Holder
102,\SweetHome3D\src\com\eteks\sweethome3d\viewcontroller\ImportedFurnitureWizardController.PieceOfFurnitureImportationUndoableEdit.java,PieceOfFurnitureImportationUndoableEdit,68,5,3,0,1,False,False,6,False,False,0,0,9,2,True,False,True,True,False,private,3,0,0,False,Information Holder
103,\SweetHome3D\src\com\eteks\sweethome3d\viewcontroller\ImportedFurnitureWizardStepsView.java,ImportedFurnitureWizardStepsView,31,0,0,0,0,False,False,5,False,False,0,0,1,0,False,True,False,False,False,public,0,0,0,False,Service Provider
104,\SweetHome3D\src\com\eteks\sweethome3d\viewcontroller\ImportedTextureWizardController.ImportedTextureWizardStepState.java,ImportedTextureWizardStepState,41,1,3,0,2,False,False,5,False,False,0,0,1,0,False,False,True,True,False,protected,3,0,0,True,Structurer
105,\SweetHome3D\src\com\eteks\sweethome3d\viewcontroller\ImportedTextureWizardController.Property.java,Property,25,6,0,0,0,False,False,1,False,False,0,0,0,0,False,False,True,False,True,public,0,0,0,False,Information Holder
106,\SweetHome3D\src\com\eteks\sweethome3d\viewcontroller\ImportedTextureWizardController.Step.java,Step,25,2,0,0,0,False,False,1,False,False,0,0,0,0,False,False,True,False,True,public,0,0,0,False,Information Holder
107,\SweetHome3D\src\com\eteks\sweethome3d\viewcontroller\ImportedTextureWizardController.TextureAttributesStepState.java,TextureAttributesStepState,80,3,4,0,1,False,False,4,False,False,0,0,2,6,False,False,True,True,False,private,4,0,0,False,Coordinator
108,\SweetHome3D\src\com\eteks\sweethome3d\viewcontroller\ImportedTextureWizardController.TextureImageStepState.java,TextureImageStepState,50,0,3,0,1,False,False,4,False,False,0,0,2,1,False,False,True,True,False,private,3,0,0,False,Information Holder
109,\SweetHome3D\src\com\eteks\sweethome3d\viewcontroller\ImportedTextureWizardController.java,ImportedTextureWizardController,277,15,21,6,11,False,False,4,True,True,9,10,7,13,False,False,False,True,False,public,16,0,5,False,Controller
110,\SweetHome3D\src\com\eteks\sweethome3d\viewcontroller\LabelController.LabelCreationUndoableEdit.java,LabelCreationUndoableEdit,68,6,3,0,1,False,False,4,False,False,0,0,8,2,True,False,True,True,False,private,3,0,0,False,Information Holder
111,\SweetHome3D\src\com\eteks\sweethome3d\viewcontroller\LabelController.LabelModificationUndoableEdit.java,LabelModificationUndoableEdit,66,5,3,0,1,False,False,4,False,False,0,0,7,2,True,False,True,True,False,private,3,0,0,False,Information Holder
112,\SweetHome3D\src\com\eteks\sweethome3d\viewcontroller\ImportedFurnitureWizardController.java,ImportedFurnitureWizardController,600,33,48,19,20,False,False,4,True,True,29,27,16,28,False,False,False,True,False,public,37,4,7,False,Controller
113,\SweetHome3D\src\com\eteks\sweethome3d\viewcontroller\LabelController.Property.java,Property,25,1,0,0,0,False,False,1,False,False,0,0,0,0,False,False,True,False,True,public,0,0,0,False,Information Holder
114,\SweetHome3D\src\com\eteks\sweethome3d\viewcontroller\LabelController.ModifiedLabel.java,ModifiedLabel,39,2,2,0,1,False,False,2,False,False,0,0,1,1,True,False,True,True,False,private,2,0,0,False,Information Holder
115,\SweetHome3D\src\com\eteks\sweethome3d\viewcontroller\LevelController.LevelModificationUndoableEdit.java,LevelModificationUndoableEdit,63,6,3,0,1,False,False,4,False,False,0,0,4,2,True,False,True,True,False,private,3,0,0,False,Information Holder
116,\SweetHome3D\src\com\eteks\sweethome3d\viewcontroller\LevelController.ModifiedLevel.java,ModifiedLevel,48,5,2,0,1,False,False,2,False,False,0,0,1,4,True,False,True,True,False,private,2,0,0,False,Information Holder
117,\SweetHome3D\src\com\eteks\sweethome3d\viewcontroller\LevelController.Property.java,Property,25,6,0,0,0,False,False,1,False,False,0,0,0,0,False,False,True,False,True,public,0,0,0,False,Information Holder
118,\SweetHome3D\src\com\eteks\sweethome3d\viewcontroller\HomeFurnitureController.java,HomeFurnitureController,1015,35,58,25,20,False,False,3,True,True,93,56,15,107,False,False,False,True,False,public,48,9,1,False,Controller
119,\SweetHome3D\src\com\eteks\sweethome3d\viewcontroller\Object3DFactory.java,Object3DFactory,35,0,0,0,0,False,False,3,False,False,0,0,2,0,False,True,False,False,False,public,0,0,0,False,Service Provider
120,\SweetHome3D\src\com\eteks\sweethome3d\viewcontroller\ObserverCameraController.Property.java,Property,27,8,0,0,0,False,False,1,False,False,0,0,0,0,False,False,True,False,True,public,0,0,0,False,Information Holder
121,\SweetHome3D\src\com\eteks\sweethome3d\viewcontroller\LabelController.java,LabelController,242,9,14,1,2,False,False,2,True,True,9,16,10,17,False,False,False,True,False,public,8,4,2,False,Controller
122,\SweetHome3D\src\com\eteks\sweethome3d\viewcontroller\PageSetupController.HomePrintModificationUndoableEdit.java,HomePrintModificationUndoableEdit,59,4,3,0,1,False,False,5,False,False,0,0,6,2,True,False,True,True,False,private,3,0,0,False,Information Holder
123,\SweetHome3D\src\com\eteks\sweethome3d\viewcontroller\PageSetupController.Property.java,Property,25,1,0,0,0,False,False,1,False,False,0,0,0,0,False,False,True,False,True,public,0,0,0,False,Information Holder
124,\SweetHome3D\src\com\eteks\sweethome3d\viewcontroller\LevelController.java,LevelController,291,12,22,6,7,False,False,2,True,True,16,19,8,24,False,False,False,True,False,public,16,5,1,False,Controller
125,\SweetHome3D\src\com\eteks\sweethome3d\viewcontroller\PageSetupController.java,PageSetupController,116,7,7,1,2,False,False,3,True,True,2,6,7,5,False,False,False,True,False,public,7,0,0,False,Coordinator
126,\SweetHome3D\src\com\eteks\sweethome3d\viewcontroller\PhotoController.CameraChangeListener.java,CameraChangeListener,43,1,1,0,0,False,False,3,True,False,1,1,4,3,True,False,True,True,False,private,1,0,0,False,Service Provider
127,\SweetHome3D\src\com\eteks\sweethome3d\viewcontroller\PhotoController.HomeCameraChangeListener.java,HomeCameraChangeListener,46,1,1,0,0,False,False,4,True,False,1,1,5,5,True,False,True,True,False,private,1,0,0,False,Service Provider
128,\SweetHome3D\src\com\eteks\sweethome3d\viewcontroller\PhotoController.HomeEnvironmentChangeListener.java,HomeEnvironmentChangeListener,45,1,1,0,0,False,False,4,True,False,1,1,5,5,True,False,True,True,False,private,1,0,0,False,Service Provider
129,\SweetHome3D\src\com\eteks\sweethome3d\viewcontroller\PhotoController.Property.java,Property,25,8,0,0,0,False,False,1,False,False,0,0,0,0,False,False,True,False,True,public,0,0,0,False,Information Holder
130,\SweetHome3D\src\com\eteks\sweethome3d\viewcontroller\ObserverCameraController.java,ObserverCameraController,283,13,23,8,8,False,False,3,True,True,12,13,8,35,False,False,False,True,False,public,21,1,1,False,Controller
131,\SweetHome3D\src\com\eteks\sweethome3d\viewcontroller\PlanController.AbstractModeChangeState.java,AbstractModeChangeState,58,0,4,1,0,False,False,4,False,False,1,4,0,1,False,False,True,True,False,private,4,0,0,True,Service Provider
132,\SweetHome3D\src\com\eteks\sweethome3d\viewcontroller\HomeController.java,HomeController,1891,16,87,3,9,False,False,2,True,True,104,43,46,286,False,False,False,True,False,public,60,23,4,False,Controller
133,\SweetHome3D\src\com\eteks\sweethome3d\viewcontroller\PlanController.AbstractRoomState.java,AbstractRoomState,104,2,5,0,3,False,False,3,False,False,5,8,2,4,False,False,True,True,False,private,1,0,4,True,Service Provider
134,\SweetHome3D\src\com\eteks\sweethome3d\viewcontroller\PlanController.AbstractWallState.java,AbstractWallState,127,4,5,0,3,False,False,3,False,False,12,7,1,30,False,False,True,True,False,private,1,1,3,True,Service Provider
135,\SweetHome3D\src\com\eteks\sweethome3d\viewcontroller\PlanController.CameraElevationState.java,CameraElevationState,91,4,8,0,2,False,False,3,False,False,1,5,3,10,False,False,True,True,False,private,7,1,0,False,Information Holder
136,\SweetHome3D\src\com\eteks\sweethome3d\viewcontroller\PlanController.CameraPitchRotationState.java,CameraPitchRotationState,82,3,8,0,2,False,False,4,False,False,0,5,1,5,False,False,True,True,False,private,7,1,0,False,Information Holder
137,\SweetHome3D\src\com\eteks\sweethome3d\viewcontroller\PhotoController.java,PhotoController,322,16,27,11,12,False,False,2,True,True,19,19,7,35,False,False,False,True,False,public,24,2,1,False,Controller
138,\SweetHome3D\src\com\eteks\sweethome3d\viewcontroller\PlanController.ControllerState.java,ControllerState,59,0,15,3,0,False,False,2,False,False,0,18,0,0,True,False,True,True,False,protected,15,0,0,True,Information Holder
139,\SweetHome3D\src\com\eteks\sweethome3d\viewcontroller\PlanController.CameraYawRotationState.java,CameraYawRotationState,101,6,8,0,2,False,False,4,False,False,2,5,1,13,False,False,True,True,False,private,7,1,0,False,Information Holder
140,\SweetHome3D\src\com\eteks\sweethome3d\viewcontroller\PlanController.CompassResizeState.java,CompassResizeState,93,5,8,0,2,False,False,3,False,False,0,5,2,11,False,False,True,True,False,private,7,1,0,False,Information Holder
141,\SweetHome3D\src\com\eteks\sweethome3d\viewcontroller\PlanController.CompassRotationState.java,CompassRotationState,91,4,8,0,2,False,False,3,False,False,1,5,1,8,False,False,True,True,False,private,7,1,0,False,Information Holder
142,\SweetHome3D\src\com\eteks\sweethome3d\viewcontroller\PlanController.DimensionLineCreationState.java,DimensionLineCreationState,75,1,7,1,1,False,False,4,False,False,3,9,2,2,False,False,True,True,False,private,7,0,0,False,Information Holder
143,\SweetHome3D\src\com\eteks\sweethome3d\viewcontroller\PlanController.DimensionLineOffsetState.java,DimensionLineOffsetState,84,4,7,0,1,False,False,4,False,False,0,4,2,12,False,False,True,True,False,private,7,0,0,False,Information Holder
144,\SweetHome3D\src\com\eteks\sweethome3d\viewcontroller\PlanController.EditableProperty.java,EditableProperty,25,7,0,0,0,False,False,2,False,False,0,0,0,0,True,False,True,False,True,public,0,0,0,False,Information Holder
145,\SweetHome3D\src\com\eteks\sweethome3d\viewcontroller\PlanController.DragAndDropState.java,DragAndDropState,98,8,5,0,1,False,False,4,False,False,5,2,5,9,False,False,True,True,False,private,5,0,0,False,Information Holder
146,\SweetHome3D\src\com\eteks\sweethome3d\viewcontroller\PlanController.LabelCreationState.java,LabelCreationState,39,0,3,0,1,False,False,3,False,False,0,5,0,0,False,False,True,True,False,private,3,0,0,False,Service Provider
147,\SweetHome3D\src\com\eteks\sweethome3d\viewcontroller\PlanController.JoinedWall.java,JoinedWall,102,8,10,0,6,False,False,2,False,False,0,2,4,9,True,False,True,True,False,private,10,0,0,False,Information Holder
148,\SweetHome3D\src\com\eteks\sweethome3d\viewcontroller\PlanController.LabelRotationState.java,LabelRotationState,91,5,8,0,1,False,False,3,False,False,2,5,1,9,False,False,True,True,False,private,8,0,0,False,Information Holder
149,\SweetHome3D\src\com\eteks\sweethome3d\viewcontroller\PlanController.Mode.java,Mode,44,7,2,0,0,False,False,1,False,False,0,0,0,0,True,False,True,True,False,public,2,0,0,False,Information Holder
150,\SweetHome3D\src\com\eteks\sweethome3d\viewcontroller\PlanController.LightPowerModificationState.java,LightPowerModificationState,86,4,8,0,2,False,False,4,False,False,0,5,1,7,False,False,True,True,False,private,7,1,0,False,Information Holder
151,\SweetHome3D\src\com\eteks\sweethome3d\viewcontroller\PlanController.DimensionLineResizeState.java,DimensionLineResizeState,240,9,10,0,2,False,False,4,False,False,16,5,2,49,False,False,True,True,False,private,8,2,0,False,Information Holder
152,\SweetHome3D\src\com\eteks\sweethome3d\viewcontroller\PlanController.PanningState.java,PanningState,86,2,9,1,1,False,False,2,False,False,3,13,0,3,False,False,True,True,False,private,9,0,0,False,Information Holder
153,\SweetHome3D\src\com\eteks\sweethome3d\viewcontroller\PlanController.DimensionLineDrawingState.java,DimensionLineDrawingState,324,8,14,2,2,False,False,4,False,False,23,12,6,39,False,False,True,True,False,private,11,3,0,False,Information Holder
154,\SweetHome3D\src\com\eteks\sweethome3d\viewcontroller\PlanController.PieceOfFurnitureElevationState.java,PieceOfFurnitureElevationState,101,5,9,0,2,False,False,5,False,False,1,6,1,11,False,False,True,True,False,private,8,1,0,False,Information Holder
155,\SweetHome3D\src\com\eteks\sweethome3d\viewcontroller\PlanController.PieceOfFurnitureNameOffsetState.java,PieceOfFurnitureNameOffsetState,75,5,7,0,1,False,False,6,False,False,0,4,1,7,False,False,True,True,False,private,7,0,0,False,Information Holder
156,\SweetHome3D\src\com\eteks\sweethome3d\viewcontroller\PlanController.PieceOfFurnitureHeightState.java,PieceOfFurnitureHeightState,122,6,9,0,2,False,False,5,False,False,2,6,1,19,False,False,True,True,False,private,8,1,0,False,Information Holder
157,\SweetHome3D\src\com\eteks\sweethome3d\viewcontroller\PlanController.PieceOfFurnitureNameRotationState.java,PieceOfFurnitureNameRotationState,92,5,8,0,1,False,False,6,False,False,2,5,1,10,False,False,True,True,False,private,8,0,0,False,Information Holder
158,\SweetHome3D\src\com\eteks\sweethome3d\viewcontroller\PlanController.PointMagnetizedToClosestWallOrRoomPoint.java,PointMagnetizedToClosestWallOrRoomPoint,89,3,4,0,2,False,False,8,False,False,3,5,3,1,False,False,True,True,False,private,3,1,0,False,Information Holder
159,\SweetHome3D\src\com\eteks\sweethome3d\viewcontroller\PlanController.Property.java,Property,25,3,0,0,0,False,False,1,False,False,0,0,0,0,False,False,True,False,True,public,0,0,0,False,Information Holder
160,\SweetHome3D\src\com\eteks\sweethome3d\viewcontroller\PlanController.PieceOfFurnitureRotationState.java,PieceOfFurnitureRotationState,112,7,9,0,2,False,False,5,False,False,3,6,2,11,False,False,True,True,False,private,8,1,0,False,Information Holder
161,\SweetHome3D\src\com\eteks\sweethome3d\viewcontroller\PlanController.PointWithAngleMagnetism.java,PointWithAngleMagnetism,142,4,5,2,3,False,False,4,False,False,5,2,2,0,True,False,True,True,False,private,2,0,3,False,Service Provider
162,\SweetHome3D\src\com\eteks\sweethome3d\viewcontroller\PlanController.PieceOfFurnitureResizeState.java,PieceOfFurnitureResizeState,162,7,9,0,2,False,False,5,False,False,7,7,3,33,False,False,True,True,False,private,8,1,0,False,Information Holder
163,\SweetHome3D\src\com\eteks\sweethome3d\viewcontroller\PlanController.RectangleSelectionState.java,RectangleSelectionState,138,2,8,0,1,False,False,3,False,False,10,9,5,6,False,False,True,True,False,private,7,1,0,False,Controller
164,\SweetHome3D\src\com\eteks\sweethome3d\viewcontroller\PlanController.RoomAreaOffsetState.java,RoomAreaOffsetState,75,5,7,0,1,False,False,4,False,False,0,4,1,7,False,False,True,True,False,private,7,0,0,False,Information Holder
165,\SweetHome3D\src\com\eteks\sweethome3d\viewcontroller\PlanController.ResizedPieceOfFurniture.java,ResizedPieceOfFurniture,127,12,7,0,5,False,False,4,False,False,5,1,5,20,True,False,True,True,False,private,6,1,0,False,Information Holder
166,\SweetHome3D\src\com\eteks\sweethome3d\viewcontroller\PlanController.RoomAreaRotationState.java,RoomAreaRotationState,92,5,8,0,1,False,False,4,False,False,2,5,1,10,False,False,True,True,False,private,8,0,0,False,Information Holder
167,\SweetHome3D\src\com\eteks\sweethome3d\viewcontroller\PlanController.RoomCreationState.java,RoomCreationState,80,1,7,1,1,False,False,3,False,False,3,9,1,7,False,False,True,True,False,private,7,0,0,False,Information Holder
168,\SweetHome3D\src\com\eteks\sweethome3d\viewcontroller\PlanController.RoomNameOffsetState.java,RoomNameOffsetState,75,5,7,0,1,False,False,4,False,False,0,4,1,7,False,False,True,True,False,private,7,0,0,False,Information Holder
169,\SweetHome3D\src\com\eteks\sweethome3d\viewcontroller\PlanController.RoomNameRotationState.java,RoomNameRotationState,92,5,8,0,1,False,False,4,False,False,2,5,1,10,False,False,True,True,False,private,8,0,0,False,Information Holder
170,\SweetHome3D\src\com\eteks\sweethome3d\viewcontroller\PlanController.RoomPointWithAngleMagnetism.java,RoomPointWithAngleMagnetism,108,0,0,0,0,False,False,5,False,False,12,0,3,14,False,False,True,True,False,private,0,0,0,False,Service Provider
171,\SweetHome3D\src\com\eteks\sweethome3d\viewcontroller\PlanController.RoomResizeState.java,RoomResizeState,120,7,8,0,1,False,False,3,False,False,2,5,1,13,False,False,True,True,False,private,8,0,0,False,Information Holder
172,\SweetHome3D\src\com\eteks\sweethome3d\viewcontroller\PlanController.WallCreationState.java,WallCreationState,70,1,7,1,1,False,False,3,False,False,2,9,1,4,False,False,True,True,False,private,7,0,0,False,Information Holder
173,\SweetHome3D\src\com\eteks\sweethome3d\viewcontroller\PlanController.SelectionMoveState.java,SelectionMoveState,286,15,10,1,1,False,False,3,False,False,28,7,13,29,False,False,True,True,False,private,9,1,0,False,Information Holder
174,\SweetHome3D\src\com\eteks\sweethome3d\viewcontroller\PlanController.SelectionState.java,SelectionState,190,1,5,0,1,False,False,2,False,False,9,7,10,2,False,False,True,True,False,private,5,0,0,False,Service Provider
175,\SweetHome3D\src\com\eteks\sweethome3d\viewcontroller\PlanController.WallResizeState.java,WallResizeState,112,7,8,0,1,False,False,3,False,False,2,5,1,16,False,False,True,True,False,private,8,0,0,False,Information Holder
176,\SweetHome3D\src\com\eteks\sweethome3d\viewcontroller\PlanController.WallPointWithAngleMagnetism.java,WallPointWithAngleMagnetism,112,0,1,0,0,False,False,5,False,False,14,3,2,22,False,False,True,True,False,private,0,1,0,False,Service Provider
177,\SweetHome3D\src\com\eteks\sweethome3d\viewcontroller\PlanView.CursorType.java,CursorType,25,10,0,0,0,False,False,2,False,False,0,0,0,0,False,False,True,False,True,public,0,0,0,False,Information Holder
178,\SweetHome3D\src\com\eteks\sweethome3d\viewcontroller\PlanController.RoomDrawingState.java,RoomDrawingState,463,8,17,2,2,False,False,3,False,False,34,19,13,56,False,False,True,True,False,private,11,6,0,False,Information Holder
179,\SweetHome3D\src\com\eteks\sweethome3d\viewcontroller\PrintPreviewController.java,PrintPreviewController,62,5,2,0,1,False,False,3,True,True,1,1,2,0,False,False,False,True,False,public,2,0,0,False,Service Provider
180,\SweetHome3D\src\com\eteks\sweethome3d\viewcontroller\PlanView.java,PlanView,151,0,0,0,0,False,False,2,False,False,0,0,4,0,False,True,False,False,False,public,0,0,0,False,Service Provider
181,\SweetHome3D\src\com\eteks\sweethome3d\viewcontroller\RoomController.Property.java,Property,26,10,0,0,0,False,False,1,False,False,0,0,0,0,False,False,True,False,True,public,0,0,0,False,Information Holder
182,\SweetHome3D\src\com\eteks\sweethome3d\viewcontroller\RoomController.RoomPaint.java,RoomPaint,25,2,0,0,0,False,False,2,False,False,0,0,0,0,False,False,True,False,True,public,0,0,0,False,Information Holder
183,\SweetHome3D\src\com\eteks\sweethome3d\viewcontroller\RoomController.ModifiedRoom.java,ModifiedRoom,67,11,2,0,1,False,False,2,False,False,0,0,2,10,True,False,True,True,False,private,2,0,0,False,Information Holder
184,\SweetHome3D\src\com\eteks\sweethome3d\viewcontroller\RoomController.RoomsModificationUndoableEdit.java,RoomsModificationUndoableEdit,95,14,3,0,1,False,False,4,False,False,0,0,8,2,True,False,True,True,False,private,3,0,0,False,Information Holder
185,\SweetHome3D\src\com\eteks\sweethome3d\viewcontroller\TextureChoiceController.Property.java,Property,25,1,0,0,0,False,False,1,False,False,0,0,0,0,False,False,True,False,True,public,0,0,0,False,Information Holder
186,\SweetHome3D\src\com\eteks\sweethome3d\viewcontroller\TextureChoiceController.java,TextureChoiceController,121,7,10,1,3,False,False,3,True,True,3,8,5,8,False,False,False,True,False,public,10,0,0,False,Coordinator
187,\SweetHome3D\src\com\eteks\sweethome3d\viewcontroller\TextureChoiceView.java,TextureChoiceView,32,0,0,0,0,False,False,3,False,False,0,0,0,0,False,True,False,False,False,public,0,0,0,False,Service Provider
188,\SweetHome3D\src\com\eteks\sweethome3d\viewcontroller\ThreadedTaskController.ExceptionHandler.java,ExceptionHandler,27,0,0,0,0,False,False,2,True,False,0,0,0,0,True,True,True,False,False,public,0,0,0,False,Service Provider
189,\SweetHome3D\src\com\eteks\sweethome3d\viewcontroller\ThreadedTaskController.java,ThreadedTaskController,136,8,4,0,1,False,False,3,True,True,3,1,7,9,False,False,False,True,False,public,4,0,0,False,Controller
190,\SweetHome3D\src\com\eteks\sweethome3d\viewcontroller\ThreadedTaskView.java,ThreadedTaskView,36,0,0,0,0,False,False,3,False,False,0,0,0,0,False,True,False,False,False,public,0,0,0,False,Service Provider
191,\SweetHome3D\src\com\eteks\sweethome3d\viewcontroller\UserPreferencesController.Property.java,Property,28,15,0,0,0,False,False,1,False,False,0,0,0,0,False,False,True,False,True,public,0,0,0,False,Information Holder
192,\SweetHome3D\src\com\eteks\sweethome3d\viewcontroller\PlanController.WallDrawingState.java,WallDrawingState,531,17,18,3,3,False,False,3,False,False,35,24,10,71,False,False,True,True,False,private,12,6,0,False,Information Holder
193,\SweetHome3D\src\com\eteks\sweethome3d\viewcontroller\VideoController.HomeEnvironmentChangeListener.java,HomeEnvironmentChangeListener,43,1,1,0,0,False,False,4,True,False,1,1,4,3,True,False,True,True,False,private,1,0,0,False,Service Provider
194,\SweetHome3D\src\com\eteks\sweethome3d\viewcontroller\VideoController.Property.java,Property,25,8,0,0,0,False,False,1,False,False,0,0,0,0,False,False,True,False,True,public,0,0,0,False,Information Holder
195,\SweetHome3D\src\com\eteks\sweethome3d\viewcontroller\RoomController.java,RoomController,537,19,30,10,13,False,False,2,True,True,42,27,11,51,False,False,False,True,False,public,27,2,1,False,Controller
196,\SweetHome3D\src\com\eteks\sweethome3d\viewcontroller\View.java,View,26,0,0,0,0,False,False,1,False,False,0,0,0,0,False,True,False,False,False,public,0,0,0,False,Interfacer
197,\SweetHome3D\src\com\eteks\sweethome3d\viewcontroller\VideoController.java,VideoController,279,14,26,11,11,False,False,2,True,True,11,19,8,33,False,False,False,True,False,public,23,2,1,False,Controller
198,\SweetHome3D\src\com\eteks\sweethome3d\viewcontroller\ViewFactory.java,ViewFactory,169,0,0,0,0,False,False,2,False,False,0,0,6,0,False,True,False,False,False,public,0,0,0,False,Service Provider
199,\SweetHome3D\src\com\eteks\sweethome3d\viewcontroller\WallController.Property.java,Property,28,19,0,0,0,False,False,1,False,False,0,0,0,0,False,False,True,False,True,public,0,0,0,False,Information Holder
200,\SweetHome3D\src\com\eteks\sweethome3d\viewcontroller\UserPreferencesController.java,UserPreferencesController,419,20,40,15,8,False,False,3,True,True,18,21,5,51,False,False,False,True,False,public,39,0,1,False,Controller
201,\SweetHome3D\src\com\eteks\sweethome3d\viewcontroller\WallController.WallPaint.java,WallPaint,25,2,0,0,0,False,False,2,False,False,0,0,0,0,False,False,True,False,True,public,0,0,0,False,Information Holder
202,\SweetHome3D\src\com\eteks\sweethome3d\viewcontroller\WallController.WallShape.java,WallShape,25,2,0,0,0,False,False,2,False,False,0,0,0,0,False,False,True,False,True,public,0,0,0,False,Information Holder
203,\SweetHome3D\src\com\eteks\sweethome3d\viewcontroller\WallController.ModifiedWall.java,ModifiedWall,105,15,15,0,15,False,False,2,False,False,0,0,2,14,True,False,True,True,False,private,15,0,0,False,Information Holder
204,\SweetHome3D\src\com\eteks\sweethome3d\viewcontroller\WizardController.Property.java,Property,30,7,0,0,0,False,False,1,False,False,0,0,0,0,False,False,True,False,True,public,0,0,0,False,Information Holder
205,\SweetHome3D\src\com\eteks\sweethome3d\viewcontroller\WizardController.WizardControllerStepState.java,WizardControllerStepState,95,4,13,3,1,False,False,4,False,False,3,5,3,3,True,False,True,True,False,protected,11,2,0,True,Information Holder
206,\SweetHome3D\src\com\eteks\sweethome3d\viewcontroller\WallController.WallsModificationUndoableEdit.java,WallsModificationUndoableEdit,106,18,3,0,1,False,False,4,False,False,0,0,8,2,True,False,True,True,False,private,3,0,0,False,Information Holder
207,\SweetHome3D\src\com\eteks\sweethome3d\viewcontroller\WizardController.java,WizardController,251,13,22,8,5,False,False,2,True,True,10,13,5,23,False,False,False,True,False,public,15,5,2,True,Controller
208,\SweetHome3D\src\com\eteks\sweethome3d\tools\OperatingSystem.MacOSXFileManager.java,MacOSXFileManager,32,0,1,0,1,False,False,6,True,False,0,0,2,0,True,False,True,True,False,private,1,0,0,False,Service Provider
209,\SweetHome3D\src\com\eteks\sweethome3d\tools\ExtensionsClassLoader.java,ExtensionsClassLoader,334,4,6,0,0,False,False,3,True,False,24,9,19,33,False,False,False,True,False,public,1,1,4,False,Service Provider
210,\SweetHome3D\src\com\eteks\sweethome3d\tools\OperatingSystem.java,OperatingSystem,223,4,8,0,2,False,False,2,False,False,10,3,10,27,False,False,False,True,False,public,7,1,0,False,Interfacer
211,\SweetHome3D\src\com\eteks\sweethome3d\tools\ResourceURLContent.java,ResourceURLContent,115,3,2,0,1,False,False,5,False,False,5,2,2,5,False,False,False,True,False,public,1,1,0,False,Service Provider
212,\SweetHome3D\src\com\eteks\sweethome3d\tools\TemporaryURLContent.java,TemporaryURLContent,71,1,1,0,0,False,False,5,False,False,4,1,7,5,False,False,False,True,False,public,1,0,0,False,Service Provider
213,\SweetHome3D\src\com\eteks\sweethome3d\tools\URLContent.java,URLContent,106,2,7,0,3,False,False,4,False,False,3,1,5,5,False,False,False,True,False,public,7,0,0,False,Information Holder
214,\SweetHome3D\src\com\eteks\sweethome3d\swing\AutoCommitSpinner.java,AutoCommitSpinner,103,0,0,0,0,False,False,3,True,False,5,0,9,10,False,False,False,True,False,public,0,0,0,False,Interfacer
215,\SweetHome3D\src\com\eteks\sweethome3d\swing\AutoCompleteTextField.java,AutoCompleteTextField,39,1,0,0,0,False,False,4,False,False,0,0,2,0,False,False,False,True,False,public,0,0,0,False,Service Provider
216,\SweetHome3D\src\com\eteks\sweethome3d\swing\AutoCompleteTextField.AutoCompleteDocument.java,AutoCompleteDocument,83,0,2,0,0,False,False,3,False,False,5,4,6,7,False,False,True,True,False,private,1,1,0,False,Service Provider
217,\SweetHome3D\src\com\eteks\sweethome3d\swing\BackgroundImageWizardStepsPanel.OriginImagePreviewComponent.java,OriginImagePreviewComponent,138,1,3,0,0,False,False,4,False,False,3,3,18,15,True,False,True,True,False,private,1,1,1,False,Interfacer
218,\SweetHome3D\src\com\eteks\sweethome3d\swing\BackgroundImageWizardStepsPanel.ScaleImagePreviewComponent.java,ScaleImagePreviewComponent,186,1,3,0,0,False,False,4,False,False,9,3,18,24,True,False,True,True,False,private,1,1,1,False,Interfacer
219,\SweetHome3D\src\com\eteks\sweethome3d\viewcontroller\WallController.java,WallController,962,28,53,21,21,False,False,2,True,True,84,49,12,109,False,False,False,True,False,public,45,7,1,False,Controller
220,\SweetHome3D\src\com\eteks\sweethome3d\swing\ColorButton.java,ColorButton,164,6,4,2,2,False,False,2,False,False,7,2,19,10,False,False,False,True,False,public,4,0,0,False,Interfacer
221,\SweetHome3D\src\com\eteks\sweethome3d\swing\ControllerAction.java,ControllerAction,98,3,1,0,0,False,False,2,False,False,0,1,4,2,False,False,False,True,False,public,1,0,0,False,Coordinator
222,\SweetHome3D\src\com\eteks\sweethome3d\swing\BackgroundImageWizardStepsPanel.java,BackgroundImageWizardStepsPanel,519,18,12,3,1,False,False,5,False,False,13,16,43,59,False,False,False,True,False,public,1,11,0,False,Interfacer
223,\SweetHome3D\src\com\eteks\sweethome3d\swing\FurnitureCatalogListPanel.CatalogCellRenderer.java,CatalogCellRenderer,191,5,11,0,5,False,False,3,True,False,10,17,25,26,True,False,True,True,False,private,9,1,1,False,Service Provider
224,\SweetHome3D\src\com\eteks\sweethome3d\swing\FileContentManager.java,FileContentManager,612,2,0,0,0,False,False,3,True,False,28,0,18,57,False,False,False,True,False,public,0,0,0,False,Structurer
225,\SweetHome3D\src\com\eteks\sweethome3d\swing\FurnitureCatalogListPanel.CatalogListModel.java,CatalogListModel,107,4,5,2,2,False,False,3,False,False,4,3,11,16,True,False,True,True,False,private,4,1,0,False,Interfacer
226,\SweetHome3D\src\com\eteks\sweethome3d\swing\FurnitureCatalogListPanel.PreferencesChangeListener.java,PreferencesChangeListener,80,1,2,0,0,False,False,3,True,False,3,2,12,9,True,False,True,True,False,private,2,0,0,False,Service Provider
227,\SweetHome3D\src\com\eteks\sweethome3d\swing\CompassPanel.java,CompassPanel,486,18,4,1,0,False,False,2,False,False,8,5,44,77,False,False,False,True,False,public,1,3,0,False,Interfacer
228,\SweetHome3D\src\com\eteks\sweethome3d\swing\FurnitureCatalogTransferHandler.java,FurnitureCatalogTransferHandler,145,3,5,0,2,False,False,4,True,False,5,7,18,9,False,False,False,True,False,public,4,0,1,False,Service Provider
229,\SweetHome3D\src\com\eteks\sweethome3d\swing\FurnitureCatalogTree.CatalogCellRenderer.java,CatalogCellRenderer,196,5,11,0,5,False,False,3,True,False,11,19,24,28,False,False,True,True,False,private,8,2,1,False,Service Provider
230,\SweetHome3D\src\com\eteks\sweethome3d\swing\FurnitureCatalogTree.CatalogTreeModel.java,CatalogTreeModel,152,2,10,0,4,False,False,3,False,False,7,12,13,19,True,False,True,True,False,private,8,2,0,False,Structurer
231,\SweetHome3D\src\com\eteks\sweethome3d\swing\FurnitureTable.FurnitureFilter.java,FurnitureFilter,33,0,0,0,0,False,False,2,True,False,0,0,2,0,True,True,True,False,False,public,0,0,0,False,Service Provider
232,\SweetHome3D\src\com\eteks\sweethome3d\swing\FurnitureCatalogTree.java,FurnitureCatalogTree,248,2,6,0,2,False,False,3,False,False,17,6,26,28,False,False,False,True,False,public,1,5,0,False,Interfacer
233,\SweetHome3D\src\com\eteks\sweethome3d\swing\FurnitureCatalogListPanel.java,FurnitureCatalogListPanel,501,6,13,3,3,False,False,4,False,False,23,13,61,69,False,False,False,True,False,public,4,9,0,False,Interfacer
234,\SweetHome3D\src\com\eteks\sweethome3d\swing\FurnitureTable.UserPreferencesChangeListener.java,UserPreferencesChangeListener,45,1,1,0,0,False,False,4,True,False,1,1,4,5,True,False,True,True,False,private,1,0,0,False,Service Provider
235,\SweetHome3D\src\com\eteks\sweethome3d\swing\FurnitureTable.FurnitureTableModel.java,FurnitureTableModel,187,3,10,1,7,False,False,3,False,False,14,7,9,17,True,False,True,True,False,private,8,2,0,False,Structurer
236,\SweetHome3D\src\com\eteks\sweethome3d\swing\FurnitureTransferHandler.java,FurnitureTransferHandler,158,5,5,0,1,False,False,3,True,False,6,8,15,9,False,False,False,True,False,public,3,0,2,False,Coordinator
237,\SweetHome3D\src\com\eteks\sweethome3d\swing\HelpPane.ActionType.java,ActionType,25,4,0,0,0,False,False,2,False,False,0,0,0,0,False,False,True,False,True,private,0,0,0,False,Information Holder
238,\SweetHome3D\src\com\eteks\sweethome3d\swing\HelpPane.LanguageChangeListener.java,LanguageChangeListener,55,1,1,0,0,False,False,3,True,False,2,1,6,3,True,False,True,True,False,private,1,0,0,False,Service Provider
239,\SweetHome3D\src\com\eteks\sweethome3d\swing\FurnitureTable.FurnitureTableColumnModel.java,FurnitureTableColumnModel,681,2,18,0,14,False,False,4,False,False,20,16,30,49,True,False,True,True,False,private,0,18,0,False,Information Holder
240,\SweetHome3D\src\com\eteks\sweethome3d\swing\FurnitureTable.java,FurnitureTable,599,2,14,1,2,False,False,2,False,False,27,19,44,76,False,False,False,True,False,public,4,10,0,False,Interfacer
241,\SweetHome3D\src\com\eteks\sweethome3d\swing\HomeComponent3D.ActionType.java,ActionType,28,16,0,0,0,False,False,2,False,False,0,0,0,0,False,False,True,False,True,private,0,0,0,False,Information Holder
242,\SweetHome3D\src\com\eteks\sweethome3d\swing\HelpPane.java,HelpPane,411,5,13,2,0,False,False,2,False,False,12,16,42,56,False,False,False,True,False,public,1,12,0,False,Interfacer
243,\SweetHome3D\src\com\eteks\sweethome3d\swing\HomeComponent3D.CameraInterpolator.java,CameraInterpolator,105,3,2,0,0,False,False,2,True,False,4,3,8,28,False,False,True,True,False,private,2,0,0,False,Service Provider
244,\SweetHome3D\src\com\eteks\sweethome3d\swing\HomeComponent3D.JCanvas3DWithNavigationPanel.java,JCanvas3DWithNavigationPanel,39,1,1,0,0,False,False,6,False,False,0,1,3,0,True,False,True,True,False,private,1,0,0,False,Service Provider
245,\SweetHome3D\src\com\eteks\sweethome3d\swing\HomeComponent3D.NavigationPanelChangeListener.java,NavigationPanelChangeListener,44,1,1,0,0,False,False,4,True,False,1,1,4,3,True,False,True,True,False,private,1,0,0,False,Service Provider
246,\SweetHome3D\src\com\eteks\sweethome3d\swing\HomeComponent3D.NavigationButton.java,NavigationButton,121,1,0,0,0,False,False,2,False,False,1,0,18,12,True,False,True,True,False,private,0,0,0,False,Interfacer
247,\SweetHome3D\src\com\eteks\sweethome3d\swing\Home3DAttributesPanel.java,Home3DAttributesPanel,365,18,6,1,0,False,False,4,False,False,9,7,21,40,False,False,False,True,False,public,1,5,0,False,Interfacer
248,\SweetHome3D\src\com\eteks\sweethome3d\swing\HomePDFPrinter.java,HomePDFPrinter,113,4,1,0,0,False,False,5,True,False,3,1,17,16,False,False,False,True,False,public,1,0,0,False,Service Provider
249,\SweetHome3D\src\com\eteks\sweethome3d\swing\HomePrintableComponent.Variable.java,Variable,69,9,3,0,3,False,False,1,False,False,0,1,1,2,False,False,True,False,True,public,3,0,0,False,Information Holder
250,\SweetHome3D\src\com\eteks\sweethome3d\swing\HomePrintableComponent.java,HomePrintableComponent,410,12,8,1,5,False,False,3,False,False,33,8,30,80,False,False,False,True,False,public,6,1,1,False,Interfacer
251,\SweetHome3D\src\com\eteks\sweethome3d\swing\HomeTransferableList.java,HomeTransferableList,76,2,3,0,2,False,False,3,False,False,1,2,6,1,False,False,False,True,False,public,3,0,0,False,Structurer
252,\SweetHome3D\src\com\eteks\sweethome3d\swing\IconManager.IconProxy.java,IconProxy,59,1,4,0,3,False,False,2,False,False,1,4,5,5,False,False,True,True,False,private,4,0,0,False,Service Provider
253,\SweetHome3D\src\com\eteks\sweethome3d\swing\IconManager.java,IconManager,212,5,11,0,7,False,False,2,True,False,7,12,16,12,False,False,False,True,False,public,10,1,0,False,Service Provider
254,\SweetHome3D\src\com\eteks\sweethome3d\swing\ImportedFurnitureWizardStepsPanel.AbstractModelPreviewComponent.java,AbstractModelPreviewComponent,140,0,4,0,0,False,False,4,False,False,1,4,9,14,True,False,True,True,False,private,0,0,4,True,Service Provider
255,\SweetHome3D\src\com\eteks\sweethome3d\swing\ImportedFurnitureWizardStepsPanel.AttributesPreviewComponent.java,AttributesPreviewComponent,31,0,0,0,0,False,False,3,False,False,0,0,1,0,True,False,True,True,False,private,0,0,0,False,Coordinator
256,\SweetHome3D\src\com\eteks\sweethome3d\swing\HomeFurniturePanel.java,HomeFurniturePanel,809,33,7,1,0,False,False,3,False,False,23,9,27,135,False,False,False,True,False,public,1,6,0,False,Interfacer
257,\SweetHome3D\src\com\eteks\sweethome3d\swing\ImportedFurnitureWizardStepsPanel.AutoRepeatButton.java,AutoRepeatButton,86,1,0,0,0,False,False,3,False,False,2,0,10,11,False,False,True,True,False,private,0,0,0,False,Interfacer
258,\SweetHome3D\src\com\eteks\sweethome3d\swing\ImportedFurnitureWizardStepsPanel.IconPreviewComponent.java,IconPreviewComponent,50,1,2,1,1,False,False,3,False,False,0,1,4,0,True,False,True,True,False,private,1,0,1,False,Information Holder
259,\SweetHome3D\src\com\eteks\sweethome3d\swing\ImportedFurnitureWizardStepsPanel.RotationPreviewComponent.java,RotationPreviewComponent,223,10,6,0,2,False,False,3,False,False,3,3,23,15,True,False,True,True,False,private,1,5,0,False,Interfacer
260,\SweetHome3D\src\com\eteks\sweethome3d\viewcontroller\PlanController.java,PlanController,4967,58,221,6,92,False,False,2,True,True,316,348,49,815,False,False,False,True,False,public,58,111,52,False,Controller
261,\SweetHome3D\src\com\eteks\sweethome3d\swing\InterruptedPrinterException.java,InterruptedPrinterException,39,0,0,0,0,False,False,3,False,False,0,0,1,0,False,False,False,True,False,public,0,0,0,False,Service Provider
262,\SweetHome3D\src\com\eteks\sweethome3d\swing\JPEGImagesToVideo.java,JPEGImagesToVideo,195,5,2,0,0,False,False,7,False,False,9,7,26,26,False,False,False,True,False,public,1,1,0,False,Service Provider
263,\SweetHome3D\src\com\eteks\sweethome3d\swing\HomeComponent3D.java,HomeComponent3D,1799,28,44,2,1,False,False,3,False,False,103,80,115,270,False,False,False,True,False,public,3,39,0,False,Interfacer
264,\SweetHome3D\src\com\eteks\sweethome3d\swing\LevelPanel.LevelsTableModel.java,LevelsTableModel,64,2,4,0,4,False,False,3,False,False,3,3,2,5,True,False,True,True,False,private,4,0,0,False,Information Holder
265,\SweetHome3D\src\com\eteks\sweethome3d\swing\LabelPanel.java,LabelPanel,145,5,4,1,0,False,False,2,False,False,5,6,18,11,False,False,False,True,False,public,1,3,0,False,Interfacer
266,\SweetHome3D\src\com\eteks\sweethome3d\swing\ImportedTextureWizardStepsPanel.java,ImportedTextureWizardStepsPanel,645,18,12,3,0,False,False,5,False,False,24,17,59,88,False,False,False,True,False,public,1,11,0,False,Interfacer
267,\SweetHome3D\src\com\eteks\sweethome3d\swing\LocatedTransferHandler.java,LocatedTransferHandler,192,3,7,0,2,False,False,3,True,False,10,11,17,17,False,False,False,True,False,public,1,0,6,True,Service Provider
268,\SweetHome3D\src\com\eteks\sweethome3d\swing\MultipleLevelsPlanPanel.LanguageChangeListener.java,LanguageChangeListener,46,1,1,0,0,False,False,3,True,False,1,1,4,3,True,False,True,True,False,private,1,0,0,False,Service Provider
269,\SweetHome3D\src\com\eteks\sweethome3d\swing\MultipleLevelsPlanPanel.LevelLabel.java,LevelLabel,35,1,1,0,1,False,False,2,False,False,0,0,2,0,True,False,True,True,False,private,1,0,0,False,Information Holder
270,\SweetHome3D\src\com\eteks\sweethome3d\swing\LevelPanel.java,LevelPanel,364,12,4,1,0,False,False,2,False,False,18,6,32,38,False,False,False,True,False,public,1,3,0,False,Interfacer
271,\SweetHome3D\src\com\eteks\sweethome3d\swing\NullableCheckBox.java,NullableCheckBox,211,7,14,6,3,False,False,3,False,False,9,8,11,12,False,False,False,True,False,public,13,1,0,False,Interfacer
272,\SweetHome3D\src\com\eteks\sweethome3d\swing\NullableSpinner.NullableSpinnerLengthModel.java,NullableSpinnerLengthModel,58,1,2,1,1,False,False,4,False,False,2,1,2,7,True,False,True,True,False,public,2,0,0,False,Service Provider
273,\SweetHome3D\src\com\eteks\sweethome3d\swing\ImportedFurnitureWizardStepsPanel.java,ImportedFurnitureWizardStepsPanel,1255,46,20,5,2,False,False,5,False,False,30,23,71,165,False,False,False,True,False,public,1,19,0,False,Interfacer
274,\SweetHome3D\src\com\eteks\sweethome3d\swing\NullableSpinner.NullableSpinnerNumberModel.java,NullableSpinnerNumberModel,113,2,7,2,4,False,False,4,False,False,9,2,1,6,True,False,True,True,False,public,7,0,0,False,Information Holder
275,\SweetHome3D\src\com\eteks\sweethome3d\swing\NullableSpinner.java,NullableSpinner,118,0,0,0,0,False,False,2,True,False,7,0,3,11,False,False,False,True,False,public,0,0,0,False,Interfacer
276,\SweetHome3D\src\com\eteks\sweethome3d\swing\MultipleLevelsPlanPanel.java,MultipleLevelsPlanPanel,496,6,39,12,6,False,False,4,False,False,14,64,46,60,False,False,False,True,False,public,32,6,1,False,Interfacer
277,\SweetHome3D\src\com\eteks\sweethome3d\swing\PhotoPanel.ActionType.java,ActionType,25,4,0,0,0,False,False,2,False,False,0,0,0,0,False,False,True,False,True,private,0,0,0,False,Information Holder
278,\SweetHome3D\src\com\eteks\sweethome3d\swing\PhotoPanel.LanguageChangeListener.java,LanguageChangeListener,48,1,1,0,0,False,False,3,True,False,1,1,6,3,True,False,True,True,False,public,1,0,0,False,Service Provider
279,\SweetHome3D\src\com\eteks\sweethome3d\swing\ModelPreviewComponent.java,ModelPreviewComponent,787,8,32,12,11,False,False,3,False,False,39,32,68,99,False,False,False,True,False,public,5,15,11,False,Interfacer
280,\SweetHome3D\src\com\eteks\sweethome3d\swing\PlanComponent.ActionType.java,ActionType,30,16,0,0,0,False,False,2,False,False,0,0,0,0,False,False,True,False,True,private,0,0,0,False,Information Holder
281,\SweetHome3D\src\com\eteks\sweethome3d\swing\PlanComponent.PaintMode.java,PaintMode,25,4,0,0,0,False,False,2,False,False,0,0,0,0,False,False,True,False,True,protected,0,0,0,False,Information Holder
282,\SweetHome3D\src\com\eteks\sweethome3d\swing\ObserverCameraPanel.java,ObserverCameraPanel,327,15,4,1,0,False,False,3,False,False,5,5,23,47,False,False,False,True,False,public,1,3,0,False,Interfacer
283,\SweetHome3D\src\com\eteks\sweethome3d\swing\PlanComponent.PieceOfFurnitureModelIcon.java,PieceOfFurnitureModelIcon,236,3,3,0,1,False,False,5,False,False,9,7,37,39,True,False,True,True,False,private,0,3,0,False,Information Holder
284,\SweetHome3D\src\com\eteks\sweethome3d\swing\PlanComponent.PieceOfFurnitureTopViewIcon.java,PieceOfFurnitureTopViewIcon,51,1,6,1,2,False,False,6,False,False,0,5,3,4,True,False,True,True,False,private,5,0,1,True,Information Holder
285,\SweetHome3D\src\com\eteks\sweethome3d\swing\PageSetupPanel.java,PageSetupPanel,446,17,8,1,0,False,False,3,False,False,10,8,43,61,False,False,False,True,False,public,2,6,0,False,Interfacer
286,\SweetHome3D\src\com\eteks\sweethome3d\swing\PlanComponent.PieceOfFurniturePlanIcon.java,PieceOfFurniturePlanIcon,136,4,2,1,0,False,False,5,False,False,4,6,16,21,True,False,True,True,False,private,1,1,0,False,Controller
287,\SweetHome3D\src\com\eteks\sweethome3d\swing\PlanComponent.UserPreferencesChangeListener.java,UserPreferencesChangeListener,74,1,1,0,0,False,False,4,True,False,5,1,7,10,True,False,True,True,False,private,1,0,0,False,Service Provider
288,\SweetHome3D\src\com\eteks\sweethome3d\swing\PlanComponent.SVGSupport.java,SVGSupport,73,0,1,0,0,False,False,4,False,False,1,2,10,12,True,False,True,True,False,private,1,0,0,False,Service Provider
289,\SweetHome3D\src\com\eteks\sweethome3d\swing\PlanTransferHandler.java,PlanTransferHandler,246,6,11,0,2,False,False,3,True,False,12,20,19,21,False,False,False,True,False,public,2,3,6,False,Service Provider
290,\SweetHome3D\src\com\eteks\sweethome3d\swing\PrintPreviewPanel.ActionType.java,ActionType,25,2,0,0,0,False,False,2,False,False,0,0,0,0,False,False,True,False,True,private,0,0,0,False,Information Holder
291,\SweetHome3D\src\com\eteks\sweethome3d\swing\PlanComponent.PlanRulerComponent.java,PlanRulerComponent,304,2,6,0,2,False,False,3,False,False,17,6,28,26,False,False,True,True,False,public,1,4,1,False,Interfacer
292,\SweetHome3D\src\com\eteks\sweethome3d\swing\ProportionalLayout.Constraints.java,Constraints,28,2,0,0,0,False,False,1,False,False,0,0,0,0,False,False,True,False,True,public,0,0,0,False,Information Holder
293,\SweetHome3D\src\com\eteks\sweethome3d\swing\PrintPreviewPanel.java,PrintPreviewPanel,217,4,7,0,0,False,False,3,False,False,2,5,29,18,False,False,False,True,False,public,1,6,0,False,Interfacer
294,\SweetHome3D\src\com\eteks\sweethome3d\swing\ProportionalLayout.java,ProportionalLayout,211,3,10,0,2,False,False,2,False,False,14,12,5,23,False,False,False,True,False,public,10,0,0,False,Interfacer
295,\SweetHome3D\src\com\eteks\sweethome3d\swing\ResourceAction.ButtonAction.java,ButtonAction,39,0,1,0,1,False,False,2,False,False,1,1,2,1,True,False,True,True,False,public,1,0,0,False,Service Provider
296,\SweetHome3D\src\com\eteks\sweethome3d\swing\ResourceAction.AbstractDecoratedAction.java,AbstractDecoratedAction,77,2,8,1,1,False,False,3,False,False,2,10,5,5,True,False,True,True,False,private,7,0,1,False,Coordinator
297,\SweetHome3D\src\com\eteks\sweethome3d\swing\ResourceAction.LanguageChangeListener.java,LanguageChangeListener,51,3,1,0,0,False,False,3,True,False,1,1,4,3,True,False,True,True,False,private,1,0,0,False,Service Provider
298,\SweetHome3D\src\com\eteks\sweethome3d\swing\ResourceAction.MenuItemAction.java,MenuItemAction,41,0,1,0,1,False,False,3,False,False,1,1,2,1,True,False,True,True,False,public,1,0,0,False,Service Provider
299,\SweetHome3D\src\com\eteks\sweethome3d\swing\ResourceAction.ToolBarAction.java,ToolBarAction,37,0,1,0,1,False,False,3,False,False,1,1,1,0,True,False,True,True,False,public,1,0,0,False,Service Provider
300,\SweetHome3D\src\com\eteks\sweethome3d\swing\ResourceAction.PopupMenuItemAction.java,PopupMenuItemAction,60,0,1,0,1,False,False,4,False,False,3,1,4,4,True,False,True,True,False,public,1,0,0,False,Service Provider
301,\SweetHome3D\src\com\eteks\sweethome3d\swing\ResourceAction.java,ResourceAction,143,2,3,0,1,False,False,2,False,False,5,8,5,2,False,False,False,True,False,public,1,2,0,False,Service Provider
302,\SweetHome3D\src\com\eteks\sweethome3d\swing\PhotoPanel.java,PhotoPanel,1048,38,16,3,2,False,False,2,False,False,35,13,80,167,False,False,False,True,False,public,1,15,0,False,Interfacer
303,\SweetHome3D\src\com\eteks\sweethome3d\swing\ScaledImageComponent.java,ScaledImageComponent,174,2,8,1,4,False,False,3,False,False,8,6,13,15,False,False,False,True,False,public,3,0,5,False,Structurer
304,\SweetHome3D\src\com\eteks\sweethome3d\swing\SwingTools.BrowserSupport.java,BrowserSupport,46,0,1,0,0,False,False,2,False,False,1,1,4,1,True,False,True,True,False,private,1,0,0,False,Service Provider
305,\SweetHome3D\src\com\eteks\sweethome3d\swing\SwingTools.MenuItemsVisibilityListener.java,MenuItemsVisibilityListener,126,0,6,0,0,False,False,4,True,False,11,6,7,13,True,False,True,True,False,private,3,3,0,False,Service Provider
306,\SweetHome3D\src\com\eteks\sweethome3d\swing\SwingViewFactory.java,SwingViewFactory,269,0,25,0,0,False,False,3,False,False,2,67,41,1,False,False,False,True,False,public,25,0,0,False,Service Provider
307,\SweetHome3D\src\com\eteks\sweethome3d\swing\RoomPanel.java,RoomPanel,512,19,9,1,0,False,False,2,False,False,18,11,23,76,False,False,False,True,False,public,1,8,0,False,Interfacer
308,\SweetHome3D\src\com\eteks\sweethome3d\swing\TextureChoiceComponent.java,TextureChoiceComponent,119,1,1,0,0,False,False,3,False,False,2,0,19,8,False,False,False,True,False,public,1,0,0,False,Interfacer
309,\SweetHome3D\src\com\eteks\sweethome3d\swing\ThreadedTaskPanel.java,ThreadedTaskPanel,155,6,6,3,0,False,False,3,False,False,5,7,16,9,False,False,False,True,False,public,4,2,0,False,Interfacer
310,\SweetHome3D\src\com\eteks\sweethome3d\swing\SwingTools.java,SwingTools,590,3,20,0,3,False,False,2,False,False,29,36,57,76,False,False,False,True,False,public,17,3,0,False,Service Provider
311,\SweetHome3D\src\com\eteks\sweethome3d\swing\UnfocusableToolBar.java,UnfocusableToolBar,101,0,1,0,0,False,False,3,False,False,4,0,10,3,False,False,False,True,False,public,0,1,0,False,Interfacer
312,\SweetHome3D\src\com\eteks\sweethome3d\swing\UserPreferencesPanel.SpinnerLengthModel.java,SpinnerLengthModel,83,1,3,1,1,False,False,3,False,False,1,6,5,3,True,False,True,True,False,private,2,1,0,False,Service Provider
313,\SweetHome3D\src\com\eteks\sweethome3d\swing\TextureChoiceComponent.TexturePanel.java,TexturePanel,435,10,8,2,2,False,False,2,False,False,17,7,58,61,True,False,True,True,False,private,3,5,0,False,Interfacer
314,\SweetHome3D\src\com\eteks\sweethome3d\swing\VideoPanel.ActionType.java,ActionType,26,13,0,0,0,False,False,2,False,False,0,0,0,0,False,False,True,False,True,private,0,0,0,False,Information Holder
315,\SweetHome3D\src\com\eteks\sweethome3d\swing\UserPreferencesPanel.SupportedLanguagesChangeListener.java,SupportedLanguagesChangeListener,59,1,1,0,0,False,False,4,True,False,2,1,8,5,True,False,True,True,False,private,1,0,0,False,Service Provider
316,\SweetHome3D\src\com\eteks\sweethome3d\swing\VideoPanel.FrameGenerator.java,FrameGenerator,40,1,1,0,0,False,False,2,True,False,1,0,4,2,True,False,True,True,False,private,0,0,1,True,Service Provider
317,\SweetHome3D\src\com\eteks\sweethome3d\swing\VideoPanel.Image3DGenerator.java,Image3DGenerator,68,3,1,0,0,False,False,3,True,False,1,2,7,7,True,False,True,True,False,private,1,0,0,False,Service Provider
318,\SweetHome3D\src\com\eteks\sweethome3d\swing\VideoPanel.ImageDataSource.java,ImageDataSource,85,1,11,1,6,False,False,3,False,False,0,2,8,0,True,False,True,True,False,private,11,0,0,False,Information Holder
319,\SweetHome3D\src\com\eteks\sweethome3d\swing\VideoPanel.LanguageChangeListener.java,LanguageChangeListener,48,1,1,0,0,False,False,3,True,False,1,1,6,3,True,False,True,True,False,public,1,0,0,False,Service Provider
320,\SweetHome3D\src\com\eteks\sweethome3d\swing\VideoPanel.PhotoImageGenerator.java,PhotoImageGenerator,54,2,1,0,0,False,False,3,True,False,1,2,6,0,True,False,True,True,False,private,1,0,0,False,Service Provider
321,\SweetHome3D\src\com\eteks\sweethome3d\swing\VideoPanel.ImageSourceStream.java,ImageSourceStream,108,6,8,0,5,False,False,3,False,False,1,2,12,3,True,False,True,True,False,private,8,0,0,False,Information Holder
322,\SweetHome3D\src\com\eteks\sweethome3d\swing\VisualTransferHandler.DragGestureRecognizerWithVisualRepresentation.java,DragGestureRecognizerWithVisualRepresentation,45,0,3,0,0,False,False,6,False,False,0,4,4,2,False,False,True,True,False,private,0,0,2,False,Service Provider
323,\SweetHome3D\src\com\eteks\sweethome3d\swing\VisualTransferHandler.DragListenerWithVisualRepresentation.java,DragListenerWithVisualRepresentation,88,2,6,0,0,False,False,5,False,False,3,6,16,10,False,False,True,True,False,private,6,0,0,False,Service Provider
324,\SweetHome3D\src\com\eteks\sweethome3d\swing\VisualTransferHandler.java,VisualTransferHandler,59,1,1,0,0,False,False,3,True,False,1,3,5,1,False,False,False,True,False,public,1,0,0,False,Service Provider
325,\SweetHome3D\src\com\eteks\sweethome3d\swing\UserPreferencesPanel.java,UserPreferencesPanel,843,39,5,1,0,False,False,3,False,False,56,5,41,112,False,False,False,True,False,public,1,4,0,False,Interfacer
326,\SweetHome3D\src\com\eteks\sweethome3d\swing\WizardPane.java,WizardPane,264,6,5,0,0,False,False,2,False,False,10,6,30,36,False,False,False,True,False,public,1,4,0,False,Interfacer
327,\SweetHome3D\src\com\eteks\sweethome3d\plugin\HomePluginController.java,HomePluginController,87,3,2,0,1,False,False,3,True,True,3,1,8,4,False,False,False,True,False,public,2,0,0,False,Coordinator
328,\SweetHome3D\src\com\eteks\sweethome3d\plugin\Plugin.java,Plugin,209,10,21,10,10,False,False,1,False,False,0,10,4,0,False,False,False,True,False,public,11,0,0,True,Information Holder
329,\SweetHome3D\src\com\eteks\sweethome3d\plugin\PluginAction.Property.java,Property,61,7,0,0,0,False,False,1,False,False,0,0,0,0,False,False,True,False,True,public,0,0,0,False,Information Holder
330,\SweetHome3D\src\com\eteks\sweethome3d\swing\WallPanel.java,WallPanel,875,37,10,1,0,False,False,2,False,False,23,14,28,148,False,False,False,True,False,public,1,9,0,False,Interfacer
331,\SweetHome3D\src\com\eteks\sweethome3d\plugin\PluginManager.PluginDefinition.java,PluginDefinition,70,7,7,0,7,False,False,2,False,False,0,0,0,0,True,False,True,True,False,private,7,0,0,False,Information Holder
332,\SweetHome3D\src\com\eteks\sweethome3d\plugin\PluginAction.java,PluginAction,188,2,8,1,2,False,False,2,False,False,6,11,8,5,False,False,False,True,False,public,6,2,0,True,Structurer
333,\SweetHome3D\src\com\eteks\sweethome3d\model\AspectRatio.java,AspectRatio,43,8,1,0,1,False,False,2,False,False,0,0,0,0,False,False,False,False,True,public,1,0,0,False,Information Holder
334,\SweetHome3D\src\com\eteks\sweethome3d\model\BackgroundImage.java,BackgroundImage,148,10,11,0,10,False,False,2,False,False,0,5,2,0,False,False,False,True,False,public,11,0,0,False,Information Holder
335,\SweetHome3D\src\com\eteks\sweethome3d\model\Camera.Lens.java,Lens,25,4,0,0,0,False,False,1,False,False,0,0,0,0,False,False,True,False,True,public,0,0,0,False,Information Holder
336,\SweetHome3D\src\com\eteks\sweethome3d\model\Camera.Property.java,Property,25,9,0,0,0,False,False,1,False,False,0,0,0,0,False,False,True,False,True,public,0,0,0,False,Information Holder
337,\SweetHome3D\src\com\eteks\sweethome3d\model\Camera.java,Camera,319,12,26,10,9,False,False,1,False,False,10,16,8,22,False,False,False,True,False,public,23,3,0,False,Information Holder
338,\SweetHome3D\src\com\eteks\sweethome3d\plugin\PluginManager.java,PluginManager,401,13,9,0,3,False,False,2,True,False,20,19,34,40,False,False,False,True,False,public,3,5,0,False,Structurer
339,\SweetHome3D\src\com\eteks\sweethome3d\swing\VideoPanel.java,VideoPanel,1471,39,27,2,3,False,False,2,False,False,58,18,103,273,False,False,False,True,False,public,1,26,0,False,Interfacer
340,\SweetHome3D\src\com\eteks\sweethome3d\model\CatalogLight.java,CatalogLight,223,1,1,0,1,False,False,2,False,False,1,0,1,1,False,False,False,True,False,public,1,0,0,False,Structurer
341,\SweetHome3D\src\com\eteks\sweethome3d\model\CatalogDoorOrWindow.java,CatalogDoorOrWindow,283,3,4,0,3,False,False,4,False,False,1,0,1,1,False,False,False,True,False,public,4,0,0,False,Information Holder
342,\SweetHome3D\src\com\eteks\sweethome3d\model\CollectionChangeSupport.java,CollectionChangeSupport,74,2,4,0,0,False,False,3,False,False,1,7,2,2,False,False,False,True,False,public,4,0,0,False,Structurer
343,\SweetHome3D\src\com\eteks\sweethome3d\model\CollectionEvent.Type.java,Type,26,2,0,0,0,False,False,1,False,False,0,0,0,0,False,False,True,False,True,public,0,0,0,False,Information Holder
344,\SweetHome3D\src\com\eteks\sweethome3d\model\CatalogTexture.java,CatalogTexture,172,10,12,1,7,False,False,2,False,False,1,3,1,2,False,False,False,True,False,public,11,0,0,False,Information Holder
345,\SweetHome3D\src\com\eteks\sweethome3d\model\CollectionListener.java,CollectionListener,32,0,0,0,0,False,False,2,True,False,0,0,1,0,False,True,False,False,False,public,0,0,0,False,Service Provider
346,\SweetHome3D\src\com\eteks\sweethome3d\model\CollectionEvent.java,CollectionEvent,67,3,3,0,3,False,False,2,False,False,0,0,1,0,False,False,False,True,False,public,3,0,0,False,Information Holder
347,\SweetHome3D\src\com\eteks\sweethome3d\model\Compass.Property.java,Property,27,8,0,0,0,False,False,1,False,False,0,0,0,0,False,False,True,False,True,public,0,0,0,False,Information Holder
348,\SweetHome3D\src\com\eteks\sweethome3d\model\Compass.GeographicPoint.java,GeographicPoint,40,2,2,0,2,False,False,2,False,False,0,0,0,0,True,False,True,True,False,private,2,0,0,False,Information Holder
349,\SweetHome3D\src\com\eteks\sweethome3d\model\Content.java,Content,34,0,0,0,0,False,False,1,False,False,0,0,3,0,False,True,False,False,False,public,0,0,0,False,Service Provider
350,\SweetHome3D\src\com\eteks\sweethome3d\model\DimensionLine.Property.java,Property,25,7,0,0,0,False,False,1,False,False,0,0,0,0,False,False,True,False,True,public,0,0,0,False,Information Holder
351,\SweetHome3D\src\com\eteks\sweethome3d\model\CatalogPieceOfFurniture.java,CatalogPieceOfFurniture,652,33,36,1,23,False,False,4,False,False,2,4,2,3,False,False,False,True,False,public,34,1,0,False,Information Holder
352,\SweetHome3D\src\com\eteks\sweethome3d\model\DoorOrWindow.java,DoorOrWindow,42,0,0,0,0,False,False,3,False,False,0,0,0,0,False,True,False,False,False,public,0,0,0,False,Service Provider
353,\SweetHome3D\src\com\eteks\sweethome3d\model\Elevatable.java,Elevatable,35,0,0,0,0,False,False,1,False,False,0,0,0,0,False,True,False,False,False,public,0,0,0,False,Information Holder
354,\SweetHome3D\src\com\eteks\sweethome3d\model\DimensionLine.java,DimensionLine,344,10,29,7,10,False,False,2,False,False,9,33,10,10,False,False,False,True,False,public,26,3,0,False,Information Holder
355,\SweetHome3D\src\com\eteks\sweethome3d\model\FurnitureCatalog.java,FurnitureCatalog,137,3,9,0,3,False,False,2,False,False,6,7,3,6,False,False,False,True,False,public,7,2,0,False,Structurer
356,\SweetHome3D\src\com\eteks\sweethome3d\model\Home.Property.java,Property,27,12,0,0,0,False,False,1,False,False,0,0,0,0,False,False,True,False,True,public,0,0,0,False,Information Holder
357,\SweetHome3D\src\com\eteks\sweethome3d\model\FurnitureCategory.java,FurnitureCategory,128,4,11,0,5,False,False,2,False,False,2,6,4,5,False,False,False,True,False,public,8,1,0,False,Structurer
358,\SweetHome3D\src\com\eteks\sweethome3d\model\HomeApplication.java,HomeApplication,120,2,9,0,4,False,False,2,False,False,1,5,3,2,False,False,False,True,False,public,9,0,0,True,Structurer
359,\SweetHome3D\src\com\eteks\sweethome3d\model\HomeDoorOrWindow.java,HomeDoorOrWindow,141,5,11,5,3,False,False,4,False,False,5,5,0,5,False,False,False,True,False,public,11,0,0,False,Information Holder
360,\SweetHome3D\src\com\eteks\sweethome3d\model\HomeEnvironment.DrawingMode.java,DrawingMode,27,3,0,0,0,False,False,2,False,False,0,0,0,0,False,False,True,False,True,public,0,0,0,False,Information Holder
361,\SweetHome3D\src\com\eteks\sweethome3d\model\HomeEnvironment.Property.java,Property,28,19,0,0,0,False,False,1,False,False,0,0,0,0,False,False,True,False,True,public,0,0,0,False,Information Holder
362,\SweetHome3D\src\com\eteks\sweethome3d\model\HomeEnvironment.java,HomeEnvironment,540,23,44,19,18,False,False,2,False,False,23,25,7,31,False,False,False,True,False,public,42,2,0,False,Information Holder
363,\SweetHome3D\src\com\eteks\sweethome3d\model\Home.java,Home,1292,47,88,14,30,False,False,1,False,False,56,70,14,99,False,False,False,True,False,public,81,7,0,False,Structurer
364,\SweetHome3D\src\com\eteks\sweethome3d\model\HomeLight.Property.java,Property,26,1,0,0,0,False,False,1,False,False,0,0,0,0,False,False,True,False,True,public,0,0,0,False,Information Holder
365,\SweetHome3D\src\com\eteks\sweethome3d\model\HomeLight.java,HomeLight,117,4,7,1,2,False,False,2,False,False,2,4,4,5,False,False,False,True,False,public,6,1,0,False,Information Holder
366,\SweetHome3D\src\com\eteks\sweethome3d\model\HomePieceOfFurniture.Property.java,Property,26,21,0,0,0,False,False,1,False,False,0,0,0,0,False,False,True,False,True,public,0,0,0,False,Information Holder
367,\SweetHome3D\src\com\eteks\sweethome3d\model\HomeFurnitureGroup.java,HomeFurnitureGroup,666,17,41,13,16,False,False,3,False,False,34,22,11,86,False,False,False,True,False,public,37,4,0,False,Structurer
368,\SweetHome3D\src\com\eteks\sweethome3d\model\HomePieceOfFurniture.SortableProperty.java,SortableProperty,27,19,0,0,0,False,False,2,False,False,0,0,0,0,False,False,True,False,True,public,0,0,0,False,Information Holder
369,\SweetHome3D\src\com\eteks\sweethome3d\model\HomePrint.PaperOrientation.java,PaperOrientation,25,3,0,0,0,False,False,2,False,False,0,0,0,0,False,False,True,False,True,public,0,0,0,False,Information Holder
370,\SweetHome3D\src\com\eteks\sweethome3d\model\HomePrint.java,HomePrint,154,14,13,0,10,False,False,2,False,False,0,0,1,0,False,False,False,True,False,public,13,0,0,False,Information Holder
371,\SweetHome3D\src\com\eteks\sweethome3d\model\HomeRecorder.Type.java,Type,33,2,0,0,0,False,False,1,False,False,0,0,0,0,False,False,True,False,True,public,0,0,0,False,Information Holder
372,\SweetHome3D\src\com\eteks\sweethome3d\model\HomeRecorder.java,HomeRecorder,47,0,0,0,0,False,False,2,True,False,0,0,0,0,False,True,False,False,False,public,0,0,0,False,Service Provider
373,\SweetHome3D\src\com\eteks\sweethome3d\model\HomeTexture.java,HomeTexture,106,6,7,0,4,False,False,2,False,False,1,1,1,6,False,False,False,True,False,public,7,0,0,False,Information Holder
374,\SweetHome3D\src\com\eteks\sweethome3d\model\IllegalHomonymException.java,IllegalHomonymException,38,1,0,0,0,False,False,3,False,False,0,0,0,0,False,False,False,True,False,public,0,0,0,False,Service Provider
375,\SweetHome3D\src\com\eteks\sweethome3d\model\InterruptedRecorderException.java,InterruptedRecorderException,39,1,0,0,0,False,False,3,False,False,0,0,0,0,False,False,False,True,False,public,0,0,0,False,Service Provider
376,\SweetHome3D\src\com\eteks\sweethome3d\model\Label.Property.java,Property,25,6,0,0,0,False,False,1,False,False,0,0,0,0,False,False,True,False,True,public,0,0,0,False,Information Holder
377,\SweetHome3D\src\com\eteks\sweethome3d\model\Label.java,Label,233,9,21,6,7,False,False,1,False,False,6,19,6,8,False,False,False,True,False,public,20,1,0,False,Information Holder
378,\SweetHome3D\src\com\eteks\sweethome3d\model\LengthUnit.MeterFamilyFormat.java,MeterFamilyFormat,53,1,3,0,0,False,False,3,False,False,1,8,3,1,True,False,True,True,False,private,3,0,0,False,Service Provider
379,\SweetHome3D\src\com\eteks\sweethome3d\model\LengthUnit.SquareMeterAreaFormatWithUnit.java,SquareMeterAreaFormatWithUnit,36,0,1,0,0,False,False,6,False,False,0,3,2,0,True,False,True,True,False,private,1,0,0,False,Service Provider
380,\SweetHome3D\src\com\eteks\sweethome3d\model\Compass.java,Compass,1048,15,30,8,10,False,False,1,False,False,18,32,15,27,False,False,False,True,False,public,25,5,0,False,Service Provider
381,\SweetHome3D\src\com\eteks\sweethome3d\model\Level.Property.java,Property,26,6,0,0,0,False,False,1,False,False,0,0,0,0,False,False,True,False,True,public,0,0,0,False,Information Holder
382,\SweetHome3D\src\com\eteks\sweethome3d\swing\PlanComponent.java,PlanComponent,4481,80,132,14,39,False,False,2,False,False,307,372,136,746,False,False,False,True,False,public,40,81,11,False,Controller
383,\SweetHome3D\src\com\eteks\sweethome3d\model\Light.java,Light,33,0,0,0,0,False,False,1,False,False,0,0,0,0,False,True,False,False,False,public,0,0,0,False,Information Holder
384,\SweetHome3D\src\com\eteks\sweethome3d\model\LightSource.java,LightSource,81,6,5,0,5,False,False,2,False,False,0,0,1,0,False,False,False,True,False,public,5,0,0,False,Information Holder
385,\SweetHome3D\src\com\eteks\sweethome3d\model\ObserverCamera.Property.java,Property,25,3,0,0,0,False,False,1,False,False,0,0,0,0,False,False,True,False,True,public,0,0,0,False,Information Holder
386,\SweetHome3D\src\com\eteks\sweethome3d\model\Level.java,Level,194,8,16,6,5,False,False,1,False,False,6,9,5,8,False,False,False,True,False,public,15,1,0,False,Information Holder
387,\SweetHome3D\src\com\eteks\sweethome3d\model\PatternsCatalog.java,PatternsCatalog,68,1,4,0,4,False,False,2,False,False,1,2,3,2,False,False,False,True,False,public,4,0,0,False,Structurer
388,\SweetHome3D\src\com\eteks\sweethome3d\model\PieceOfFurniture.java,PieceOfFurniture,124,0,0,0,0,False,False,3,False,False,0,0,1,0,False,True,False,False,False,public,0,0,0,False,Information Holder
389,\SweetHome3D\src\com\eteks\sweethome3d\model\RecorderException.java,RecorderException,46,1,0,0,0,False,False,2,False,False,0,0,0,0,False,False,False,True,False,public,0,0,0,False,Service Provider
390,\SweetHome3D\src\com\eteks\sweethome3d\model\Room.Property.java,Property,28,20,0,0,0,False,False,1,False,False,0,0,0,0,False,False,True,False,True,public,0,0,0,False,Information Holder
391,\SweetHome3D\src\com\eteks\sweethome3d\model\ObserverCamera.java,ObserverCamera,267,5,19,5,6,False,False,2,False,False,7,17,10,11,False,False,False,True,False,public,16,3,0,False,Information Holder
392,\SweetHome3D\src\com\eteks\sweethome3d\model\Sash.java,Sash,84,6,5,0,5,False,False,1,False,False,0,0,1,0,False,False,False,True,False,public,5,0,0,False,Information Holder
393,\SweetHome3D\src\com\eteks\sweethome3d\model\Selectable.java,Selectable,52,0,0,0,0,False,False,1,False,False,0,0,0,0,False,True,False,False,False,public,0,0,0,False,Service Provider
394,\SweetHome3D\src\com\eteks\sweethome3d\model\SelectionEvent.java,SelectionEvent,42,1,1,0,1,False,False,2,False,False,0,0,2,0,False,False,False,True,False,public,1,0,0,False,Information Holder
395,\SweetHome3D\src\com\eteks\sweethome3d\model\SelectionListener.java,SelectionListener,31,0,0,0,0,False,False,2,True,False,0,0,1,0,False,True,False,False,False,public,0,0,0,False,Service Provider
396,\SweetHome3D\src\com\eteks\sweethome3d\model\LengthUnit.java,LengthUnit,549,4,6,0,2,False,False,2,False,False,25,6,8,44,False,False,False,False,True,public,5,1,0,False,Coordinator
397,\SweetHome3D\src\com\eteks\sweethome3d\model\TextStyle.java,TextStyle,140,5,10,0,2,False,False,2,False,False,7,6,5,1,False,False,False,True,False,public,8,2,0,False,Structurer
398,\SweetHome3D\src\com\eteks\sweethome3d\model\TextureImage.java,TextureImage,43,0,0,0,0,False,False,2,False,False,0,0,1,0,False,True,False,False,False,public,0,0,0,False,Information Holder
399,\SweetHome3D\src\com\eteks\sweethome3d\model\HomePieceOfFurniture.java,HomePieceOfFurniture,1021,41,80,21,32,False,False,4,False,False,41,61,17,90,False,False,False,True,False,public,74,6,0,False,Structurer
400,\SweetHome3D\src\com\eteks\sweethome3d\model\UserPreferences.PrefixedResourceBundle.java,PrefixedResourceBundle,49,2,3,0,2,False,False,3,False,False,0,1,3,2,True,False,True,True,False,private,2,0,1,False,Coordinator
401,\SweetHome3D\src\com\eteks\sweethome3d\model\UserPreferences.Property.java,Property,29,18,0,0,0,False,False,1,False,False,0,0,0,0,False,False,True,False,True,public,0,0,0,False,Information Holder
402,\SweetHome3D\src\com\eteks\sweethome3d\model\TexturesCategory.java,TexturesCategory,128,4,11,0,5,False,False,2,False,False,2,6,4,5,False,False,False,True,False,public,8,1,0,False,Structurer
403,\SweetHome3D\src\com\eteks\sweethome3d\model\TexturesCatalog.java,TexturesCatalog,135,3,9,0,3,False,False,2,False,False,6,7,3,6,False,False,False,True,False,public,7,2,0,False,Structurer
404,\SweetHome3D\src\com\eteks\sweethome3d\model\Wall.Property.java,Property,29,18,0,0,0,False,False,1,False,False,0,0,0,0,False,False,True,False,True,public,0,0,0,False,Information Holder
405,\SweetHome3D\src\com\eteks\sweethome3d\j3d\Component3DManager.RenderingErrorListenerManager.java,RenderingErrorListenerManager,44,0,1,1,0,False,False,4,True,False,1,2,3,1,True,False,True,True,False,private,1,0,0,False,Service Provider
406,\SweetHome3D\src\com\eteks\sweethome3d\j3d\Component3DManager.RenderingErrorObserver.java,RenderingErrorObserver,28,0,0,0,0,False,False,3,True,False,0,0,0,0,True,True,True,False,False,public,0,0,0,False,Service Provider
407,\SweetHome3D\src\com\eteks\sweethome3d\j3d\Component3DManager.RenderingObserver.java,RenderingObserver,40,0,0,0,0,False,False,2,True,False,0,0,1,0,True,True,True,False,False,public,0,0,0,False,Service Provider
408,\SweetHome3D\src\com\eteks\sweethome3d\j3d\Component3DManager.java,Component3DManager,308,6,11,1,8,False,False,3,True,False,16,12,16,15,False,False,False,True,False,public,9,2,0,False,Service Provider
409,\SweetHome3D\src\com\eteks\sweethome3d\model\Room.java,Room,751,25,66,21,24,False,False,1,False,False,32,58,13,38,False,False,False,True,False,public,60,6,0,False,Information Holder
410,\SweetHome3D\src\com\eteks\sweethome3d\j3d\DAELoader.java,DAELoader,128,0,5,0,0,False,False,4,True,False,2,7,19,8,False,False,False,True,False,public,3,2,0,False,Service Provider
411,\SweetHome3D\src\com\eteks\sweethome3d\model\UserPreferences.java,UserPreferences,799,29,59,22,23,False,False,2,False,False,32,42,16,48,False,False,False,True,False,public,51,3,5,True,Information Holder
412,\SweetHome3D\src\com\eteks\sweethome3d\j3d\HomePieceOfFurniture3D.DefaultMaterialAndTexture.java,DefaultMaterialAndTexture,64,6,6,0,6,False,False,4,False,False,0,0,7,6,True,False,True,True,False,private,6,0,0,False,Information Holder
413,\SweetHome3D\src\com\eteks\sweethome3d\j3d\HomePieceOfFurniture3D.LightSelectionListener.java,LightSelectionListener,43,1,1,0,0,False,False,3,True,False,1,1,4,3,True,False,True,True,False,private,1,0,0,False,Service Provider
414,\SweetHome3D\src\com\eteks\sweethome3d\j3d\Ground3D.java,Ground3D,407,4,7,0,1,False,False,2,False,False,26,20,26,73,False,False,False,True,False,public,2,5,0,False,Coordinator
415,\SweetHome3D\src\com\eteks\sweethome3d\model\Wall.java,Wall,958,22,64,20,27,False,False,1,False,False,58,59,12,45,False,False,False,True,False,public,52,12,0,False,Information Holder
416,\SweetHome3D\src\com\eteks\sweethome3d\j3d\ModelManager.ModelObserver.java,ModelObserver,34,0,0,0,0,False,False,2,True,False,0,0,1,0,True,True,True,False,False,public,0,0,0,False,Service Provider
417,\SweetHome3D\src\com\eteks\sweethome3d\j3d\ModelManager.SVGPathSupport.java,SVGPathSupport,48,0,1,0,0,False,False,5,False,False,0,1,5,1,True,False,True,True,False,private,1,0,0,False,Service Provider
418,\SweetHome3D\src\com\eteks\sweethome3d\j3d\OBJLoader.Face.java,Face,56,1,2,0,1,False,False,1,False,False,1,0,1,2,True,False,True,True,False,private,2,0,0,False,Information Holder
419,\SweetHome3D\src\com\eteks\sweethome3d\j3d\OBJLoader.Geometry.java,Geometry,67,3,4,0,3,False,False,1,False,False,1,0,1,3,True,False,True,True,False,private,4,0,0,True,Information Holder
420,\SweetHome3D\src\com\eteks\sweethome3d\j3d\OBJLoader.Group.java,Group,59,3,5,1,2,False,False,1,False,False,0,2,2,1,True,False,True,True,False,private,5,0,0,False,Information Holder
421,\SweetHome3D\src\com\eteks\sweethome3d\j3d\OBJLoader.Line.java,Line,41,0,0,0,0,False,False,1,False,False,0,0,1,0,True,False,True,True,False,private,0,0,0,False,Information Holder
422,\SweetHome3D\src\com\eteks\sweethome3d\j3d\HomePieceOfFurniture3D.java,HomePieceOfFurniture3D,651,4,22,8,3,False,False,5,False,False,38,29,38,104,False,False,False,True,False,public,1,21,0,False,Interfacer
423,\SweetHome3D\src\com\eteks\sweethome3d\j3d\OBJMaterial.java,OBJMaterial,112,3,10,3,3,False,False,4,False,False,3,4,2,0,False,False,False,True,False,public,10,0,0,False,Information Holder
424,\SweetHome3D\src\com\eteks\sweethome3d\j3d\OBJWriter.ComparableAppearance.java,ComparableAppearance,176,1,3,0,1,False,False,2,False,False,17,1,6,33,True,False,True,True,False,private,3,0,0,False,Service Provider
425,\SweetHome3D\src\com\eteks\sweethome3d\j3d\DAELoader.DAEHandler.java,DAEHandler,918,56,16,0,6,False,False,4,True,False,75,25,42,68,True,False,True,True,False,private,4,12,0,False,Controller
426,\SweetHome3D\src\com\eteks\sweethome3d\j3d\Object3DBranch.java,Object3DBranch,92,7,2,0,2,False,False,3,False,False,2,4,10,1,False,False,False,True,False,public,0,0,2,True,Information Holder
427,\SweetHome3D\src\com\eteks\sweethome3d\j3d\Object3DBranchFactory.java,Object3DBranchFactory,46,0,1,0,0,False,False,4,False,False,1,3,6,1,False,False,False,True,False,public,1,0,0,False,Service Provider
428,\SweetHome3D\src\com\eteks\sweethome3d\j3d\PhotoRenderer.BufferedImageDisplay.java,BufferedImageDisplay,99,4,6,0,0,False,False,3,False,False,4,25,5,7,True,False,True,True,False,private,5,1,0,False,Service Provider
429,\SweetHome3D\src\com\eteks\sweethome3d\j3d\PhotoRenderer.Quality.java,Quality,26,2,0,0,0,False,False,1,False,False,0,0,0,0,False,False,True,False,True,public,0,0,0,False,Information Holder
430,\SweetHome3D\src\com\eteks\sweethome3d\j3d\PhotoRenderer.SphereLightWithNoRepresentation.java,SphereLightWithNoRepresentation,32,0,1,0,0,False,False,5,False,False,0,0,2,0,True,False,True,True,False,public,1,0,0,False,Service Provider
431,\SweetHome3D\src\com\eteks\sweethome3d\j3d\PhotoRenderer.TransparentTextureKey.java,TransparentTextureKey,43,2,2,0,0,False,False,3,False,False,0,1,1,1,True,False,True,True,False,private,2,0,0,False,Information Holder
432,\SweetHome3D\src\com\eteks\sweethome3d\j3d\PhotoRenderer.Triangle.java,Triangle,70,5,2,0,0,False,False,1,False,False,2,1,1,0,True,False,True,True,False,private,2,0,0,False,Information Holder
433,\SweetHome3D\src\com\eteks\sweethome3d\j3d\OBJLoader.java,OBJLoader,1736,9,16,0,2,False,False,4,True,False,73,23,44,123,False,False,False,True,False,public,3,13,0,False,Service Provider
434,\SweetHome3D\src\com\eteks\sweethome3d\j3d\ModelManager.java,ModelManager,1328,13,35,0,14,False,False,2,True,False,88,87,72,135,False,False,False,True,False,public,14,20,0,False,Controller
435,\SweetHome3D\src\com\eteks\sweethome3d\j3d\TextureManager.TextureKey.java,TextureKey,101,5,5,0,2,False,False,2,False,False,6,1,6,14,True,False,True,True,False,private,4,1,0,False,Information Holder
436,\SweetHome3D\src\com\eteks\sweethome3d\j3d\TextureManager.TextureObserver.java,TextureObserver,28,0,0,0,0,False,False,2,True,False,0,0,1,0,True,True,True,False,False,public,0,0,0,False,Service Provider
437,\SweetHome3D\src\com\eteks\sweethome3d\j3d\TextureManager.java,TextureManager,286,7,10,1,2,False,False,2,True,False,15,12,20,26,False,False,False,True,False,public,7,3,0,False,Service Provider
438,\SweetHome3D\src\com\eteks\sweethome3d\j3d\Wall3D.DoorOrWindowArea.java,DoorOrWindowArea,40,2,2,0,2,False,False,4,False,False,0,0,3,0,True,False,True,True,False,private,2,0,0,False,Information Holder
439,\SweetHome3D\src\com\eteks\sweethome3d\j3d\OBJWriter.java,OBJWriter,1239,11,25,0,0,False,False,4,True,False,95,103,61,114,False,False,False,True,False,public,8,17,0,False,Service Provider
440,\SweetHome3D\src\com\eteks\sweethome3d\j3d\Room3D.java,Room3D,657,4,13,0,4,False,False,2,False,False,38,27,29,111,False,False,False,True,False,public,1,12,0,False,Service Provider
441,\SweetHome3D\src\com\eteks\sweethome3d\io\ContentRecording.java,ContentRecording,41,3,0,0,0,False,False,2,False,False,0,0,0,0,False,False,False,False,True,public,0,0,0,False,Information Holder
442,\SweetHome3D\src\com\eteks\sweethome3d\io\DefaultFurnitureCatalog.PropertyKey.java,PropertyKey,237,40,1,0,1,False,False,2,False,False,0,1,0,0,False,False,True,False,True,public,1,0,0,False,Information Holder
443,\SweetHome3D\src\com\eteks\sweethome3d\io\AutoRecoveryManager.java,AutoRecoveryManager,357,11,8,0,1,False,False,3,True,False,21,5,31,54,False,False,False,True,False,public,1,7,0,False,Service Provider
444,\SweetHome3D\src\com\eteks\sweethome3d\io\DefaultHomeInputStream.HomeObjectInputStream.java,HomeObjectInputStream,61,0,1,0,0,False,False,4,False,False,3,1,5,4,False,False,True,True,False,private,0,0,1,False,Service Provider
445,\SweetHome3D\src\com\eteks\sweethome3d\io\DefaultHomeInputStream.java,DefaultHomeInputStream,118,2,2,0,0,False,False,4,False,False,5,0,13,6,False,False,False,True,False,public,1,1,0,False,Interfacer
446,\SweetHome3D\src\com\eteks\sweethome3d\io\DefaultHomeOutputStream.HomeObjectOutputStream.java,HomeObjectOutputStream,87,0,1,0,0,False,False,4,False,False,8,1,9,6,False,False,True,True,False,private,0,0,1,False,Service Provider
447,\SweetHome3D\src\com\eteks\sweethome3d\j3d\PhotoRenderer.java,PhotoRenderer,1219,10,18,0,4,False,False,2,True,False,84,68,82,161,False,False,False,True,False,public,2,16,0,False,Service Provider
448,\SweetHome3D\src\com\eteks\sweethome3d\io\DefaultTexturesCatalog.PropertyKey.java,PropertyKey,71,8,1,0,1,False,False,2,False,False,0,1,0,0,False,False,True,False,True,public,1,0,0,False,Information Holder
449,\SweetHome3D\src\com\eteks\sweethome3d\io\DefaultHomeOutputStream.java,DefaultHomeOutputStream,271,4,7,0,1,False,False,4,False,False,13,14,20,30,False,False,False,True,False,public,1,6,0,False,Interfacer
450,\SweetHome3D\src\com\eteks\sweethome3d\io\DefaultFurnitureCatalog.java,DefaultFurnitureCatalog,596,4,13,0,7,False,False,3,False,False,28,45,32,20,False,False,False,True,False,public,0,11,2,False,Structurer
451,\SweetHome3D\src\com\eteks\sweethome3d\j3d\Wall3D.java,Wall3D,776,5,19,0,7,False,False,2,False,False,61,37,30,117,False,False,False,True,False,public,1,18,0,False,Service Provider
452,\SweetHome3D\src\com\eteks\sweethome3d\io\DefaultTexturesCatalog.java,DefaultTexturesCatalog,347,3,8,0,2,False,False,3,False,False,9,23,25,18,False,False,False,True,False,public,0,6,2,False,Structurer
453,\SweetHome3D\src\com\eteks\sweethome3d\io\FileUserPreferences.PortablePreferences.java,PortablePreferences,127,3,12,0,1,False,False,2,False,False,2,5,9,7,False,False,True,True,False,private,1,2,9,False,Structurer
454,\SweetHome3D\src\com\eteks\sweethome3d\io\HomeURLContent.java,HomeURLContent,30,0,0,0,0,False,False,5,False,False,0,0,2,0,False,False,False,True,False,default,0,0,0,False,Service Provider
455,\SweetHome3D\src\com\eteks\sweethome3d\applet\AppletApplication.AppletBasicService.java,AppletBasicService,49,2,4,0,1,False,False,3,False,False,0,1,3,0,True,False,True,True,False,private,4,0,0,False,Information Holder
456,\SweetHome3D\src\com\eteks\sweethome3d\io\DefaultUserPreferences.java,DefaultUserPreferences,227,3,14,0,4,False,False,3,False,False,3,8,16,5,False,False,False,True,False,public,13,1,0,False,Structurer
457,\SweetHome3D\src\com\eteks\sweethome3d\applet\AppletApplication.StandaloneServiceManager.java,StandaloneServiceManager,46,1,2,0,1,False,False,3,True,False,1,1,5,0,True,False,True,True,False,private,2,0,0,False,Service Provider
458,\SweetHome3D\src\com\eteks\sweethome3d\io\HomeFileRecorder.java,HomeFileRecorder,178,2,3,0,0,False,False,3,True,False,6,4,13,10,False,False,False,True,False,public,3,0,0,False,Service Provider
459,\SweetHome3D\src\com\eteks\sweethome3d\applet\AppletContentManager.java,AppletContentManager,152,2,5,0,1,False,False,3,True,False,8,13,8,3,False,False,False,True,False,public,4,1,0,False,Service Provider
460,\SweetHome3D\src\com\eteks\sweethome3d\applet\HomeAppletController.java,HomeAppletController,158,4,5,0,0,False,False,3,True,True,4,0,17,14,False,False,False,True,False,public,5,0,0,False,Controller
461,\SweetHome3D\src\com\eteks\sweethome3d\applet\HomeAppletRecorder.java,HomeAppletRecorder,215,4,4,0,1,False,False,3,True,False,7,4,18,20,False,False,False,True,False,public,4,0,0,False,Service Provider
462,\SweetHome3D\src\com\eteks\sweethome3d\applet\AppletUserPreferences.java,AppletUserPreferences,493,25,14,1,1,False,False,3,False,False,14,10,34,74,False,False,False,True,False,public,10,4,0,False,Interfacer
463,\SweetHome3D\src\com\eteks\sweethome3d\applet\SweetHome3DViewer.java,SweetHome3DViewer,173,1,6,0,1,False,False,4,True,False,7,2,11,11,False,False,False,True,False,public,2,4,0,False,Service Provider
464,\SweetHome3D\src\com\eteks\sweethome3d\applet\SweetHome3DApplet.java,SweetHome3DApplet,392,1,12,0,4,False,False,4,False,False,13,5,19,20,False,False,False,True,False,public,3,7,2,False,Interfacer
465,\SweetHome3D\src\com\eteks\sweethome3d\applet\AppletApplication.java,AppletApplication,660,27,22,0,13,False,False,2,False,False,44,22,51,83,False,False,False,True,False,public,6,12,4,False,Interfacer
466,\SweetHome3D\src\com\eteks\sweethome3d\applet\ViewerHelper.java,ViewerHelper,401,3,6,0,0,False,False,2,True,False,6,10,70,33,False,False,False,True,False,public,1,5,0,False,Service Provider
467,\SweetHome3D\src\com\eteks\sweethome3d\io\FileUserPreferences.java,FileUserPreferences,1133,52,38,1,12,False,False,3,False,False,53,36,48,151,False,False,False,True,False,public,14,23,1,False,Interfacer
