index,fullpathname,classname,loc,numAttr,numMethod,setters,getters,isPersist,isCollection,numWordName,isOrEr,isController,numIfs,numParameters,numImports,numOutboundInvocation,isStaticClass,isInterface,isInnerClass,isClass,isEnum,classPublicity,numPublicMethods,numPrivateMethods,numProtectedMethods,isAbstract
0,\SweetHome3D\test\com\eteks\sweethome3d\junit\CatalogTreeTest.java,CatalogTreeTest,124,0,4,0,1,FALSE,FALSE,3,FALSE,FALSE,2,4,16,16,FALSE,FALSE,FALSE,TRUE,FALSE,public,3,1,0,FALSE
1,\SweetHome3D\test\com\eteks\sweethome3d\junit\BackgroundImageWizardTest.java,BackgroundImageWizardTest,206,0,3,0,0,FALSE,FALSE,4,FALSE,FALSE,0,7,31,35,FALSE,FALSE,FALSE,TRUE,FALSE,public,1,2,0,FALSE
2,\SweetHome3D\test\com\eteks\sweethome3d\junit\HomeControllerTest.ControllerTest.java,ControllerTest,37,0,0,0,0,FALSE,FALSE,2,FALSE,FALSE,0,0,4,1,TRUE,FALSE,TRUE,TRUE,FALSE,private,0,0,0,FALSE
3,\SweetHome3D\test\com\eteks\sweethome3d\junit\FurnitureTableTest.java,FurnitureTableTest,238,0,7,0,1,FALSE,FALSE,3,FALSE,FALSE,2,6,27,40,FALSE,FALSE,FALSE,TRUE,FALSE,public,4,3,0,FALSE
4,\SweetHome3D\test\com\eteks\sweethome3d\junit\HomeControllerTest.ViewTest.java,ViewTest,45,0,1,0,0,FALSE,FALSE,2,FALSE,FALSE,0,0,4,2,TRUE,FALSE,TRUE,TRUE,FALSE,private,1,0,0,FALSE
5,\SweetHome3D\test\com\eteks\sweethome3d\junit\HomeFileRecorderTest.java,HomeFileRecorderTest,140,0,4,0,0,FALSE,FALSE,4,FALSE,FALSE,3,7,14,40,FALSE,FALSE,FALSE,TRUE,FALSE,public,1,3,0,FALSE
6,\SweetHome3D\test\com\eteks\sweethome3d\junit\HomeCameraTest.java,HomeCameraTest,454,0,6,0,0,FALSE,FALSE,3,FALSE,FALSE,1,21,40,114,FALSE,FALSE,FALSE,TRUE,FALSE,public,1,5,0,FALSE
7,\SweetHome3D\test\com\eteks\sweethome3d\junit\HomeTest.java,HomeTest,125,0,2,0,0,FALSE,FALSE,2,FALSE,FALSE,1,2,10,27,FALSE,FALSE,FALSE,TRUE,FALSE,public,1,1,0,FALSE
8,\SweetHome3D\test\com\eteks\sweethome3d\junit\IconManagerTest.java,IconManagerTest,141,1,5,0,1,FALSE,FALSE,3,FALSE,FALSE,1,8,16,24,FALSE,FALSE,FALSE,TRUE,FALSE,public,1,4,0,FALSE
9,\SweetHome3D\test\com\eteks\sweethome3d\junit\HomeControllerTest.java,HomeControllerTest,518,7,17,1,6,FALSE,FALSE,3,FALSE,FALSE,1,16,31,108,FALSE,FALSE,FALSE,TRUE,FALSE,public,6,10,1,FALSE
10,\SweetHome3D\test\com\eteks\sweethome3d\junit\HomeFurniturePanelTest.java,HomeFurniturePanelTest,202,0,5,0,0,FALSE,FALSE,4,FALSE,FALSE,0,18,25,52,FALSE,FALSE,FALSE,TRUE,FALSE,public,2,3,0,FALSE
11,\SweetHome3D\test\com\eteks\sweethome3d\junit\ModelManagerTest.java,ModelManagerTest,62,0,3,0,1,FALSE,FALSE,3,FALSE,FALSE,1,1,10,6,FALSE,FALSE,FALSE,TRUE,FALSE,public,2,1,0,FALSE
12,\SweetHome3D\test\com\eteks\sweethome3d\junit\ImportedFurnitureWizardTest.java,ImportedFurnitureWizardTest,446,0,2,0,0,FALSE,FALSE,4,FALSE,FALSE,0,5,45,120,FALSE,FALSE,FALSE,TRUE,FALSE,public,1,1,0,FALSE
13,\SweetHome3D\test\com\eteks\sweethome3d\junit\OBJWriterTest.java,OBJWriterTest,170,0,4,0,0,FALSE,FALSE,5,FALSE,FALSE,9,2,23,39,FALSE,FALSE,FALSE,TRUE,FALSE,public,3,1,0,FALSE
14,\SweetHome3D\test\com\eteks\sweethome3d\junit\LevelTest.java,LevelTest,287,0,4,0,0,FALSE,FALSE,2,FALSE,FALSE,2,10,45,66,FALSE,FALSE,FALSE,TRUE,FALSE,public,1,3,0,FALSE
15,\SweetHome3D\test\com\eteks\sweethome3d\junit\PackageDependenciesTest.java,PackageDependenciesTest,169,0,1,0,0,FALSE,FALSE,3,FALSE,FALSE,0,0,6,1,FALSE,FALSE,FALSE,TRUE,FALSE,public,1,0,0,FALSE
16,\SweetHome3D\test\com\eteks\sweethome3d\junit\PlanComponentTest.PlanTestFrame.java,PlanTestFrame,130,8,0,0,0,FALSE,FALSE,3,FALSE,FALSE,1,0,21,14,TRUE,FALSE,TRUE,TRUE,FALSE,private,0,0,0,FALSE
17,\SweetHome3D\test\com\eteks\sweethome3d\junit\ImportedTextureWizardTest.java,ImportedTextureWizardTest,502,0,7,0,0,FALSE,FALSE,4,FALSE,FALSE,1,20,50,114,FALSE,FALSE,FALSE,TRUE,FALSE,public,1,6,0,FALSE
18,\SweetHome3D\test\com\eteks\sweethome3d\junit\PhotoCreationTest.java,PhotoCreationTest,310,2,7,1,0,FALSE,FALSE,3,FALSE,FALSE,3,13,45,53,FALSE,FALSE,FALSE,TRUE,FALSE,public,3,3,1,FALSE
19,\SweetHome3D\test\com\eteks\sweethome3d\junit\PlanComponentWithFurnitureTest.TestFrame.java,TestFrame,92,8,0,0,0,FALSE,FALSE,2,FALSE,FALSE,0,0,18,4,TRUE,FALSE,TRUE,TRUE,FALSE,private,0,0,0,FALSE
20,\SweetHome3D\test\com\eteks\sweethome3d\junit\PlanComponentTest.java,PlanComponentTest,415,0,7,0,0,FALSE,FALSE,3,FALSE,FALSE,2,13,18,75,FALSE,FALSE,FALSE,TRUE,FALSE,public,3,4,0,FALSE
21,\SweetHome3D\test\com\eteks\sweethome3d\junit\PlanControllerTest.java,PlanControllerTest,244,0,6,0,0,FALSE,FALSE,3,FALSE,FALSE,1,12,19,25,FALSE,FALSE,FALSE,TRUE,FALSE,public,1,5,0,FALSE
22,\SweetHome3D\test\com\eteks\sweethome3d\junit\RoomTest.RoomTestFrame.java,RoomTestFrame,65,3,0,0,0,FALSE,FALSE,3,FALSE,FALSE,0,0,14,3,TRUE,FALSE,TRUE,TRUE,FALSE,private,0,0,0,FALSE
23,\SweetHome3D\test\com\eteks\sweethome3d\junit\PlanComponentWithFurnitureTest.java,PlanComponentWithFurnitureTest,510,0,6,0,0,FALSE,FALSE,5,FALSE,FALSE,1,21,19,156,FALSE,FALSE,FALSE,TRUE,FALSE,public,1,5,0,FALSE
24,\SweetHome3D\test\com\eteks\sweethome3d\junit\PrintTest.java,PrintTest,285,0,3,0,0,FALSE,FALSE,2,FALSE,FALSE,2,7,39,60,FALSE,FALSE,FALSE,TRUE,FALSE,public,1,2,0,FALSE
25,\SweetHome3D\test\com\eteks\sweethome3d\junit\TestUtilities.java,TestUtilities,76,0,4,1,1,FALSE,FALSE,2,FALSE,FALSE,0,11,7,3,FALSE,FALSE,FALSE,TRUE,FALSE,public,4,0,0,FALSE
26,\SweetHome3D\test\com\eteks\sweethome3d\junit\RoomTest.java,RoomTest,212,0,4,0,0,FALSE,FALSE,2,FALSE,FALSE,0,8,21,48,FALSE,FALSE,FALSE,TRUE,FALSE,public,2,2,0,FALSE
27,\SweetHome3D\test\com\eteks\sweethome3d\junit\ThreadedTaskControllerTest.java,ThreadedTaskControllerTest,150,0,1,0,0,FALSE,FALSE,4,FALSE,FALSE,1,0,15,20,FALSE,FALSE,FALSE,TRUE,FALSE,public,1,0,0,FALSE
28,\SweetHome3D\test\com\eteks\sweethome3d\junit\TransferHandlerTest.java,TransferHandlerTest,241,0,4,0,1,FALSE,FALSE,3,FALSE,FALSE,0,10,31,43,FALSE,FALSE,FALSE,TRUE,FALSE,public,1,3,0,FALSE
29,\SweetHome3D\test\com\eteks\sweethome3d\junit\WizardControllerTest.ControllerTest.java,ControllerTest,113,1,1,0,0,FALSE,FALSE,2,FALSE,FALSE,0,0,12,1,TRUE,FALSE,TRUE,TRUE,FALSE,private,1,0,0,FALSE
30,\SweetHome3D\src\com\eteks\sweethome3d\HomeFrameController.java,HomeFrameController,79,7,3,0,2,FALSE,FALSE,3,TRUE,TRUE,2,0,9,1,FALSE,FALSE,FALSE,TRUE,FALSE,public,3,0,0,FALSE
31,\SweetHome3D\test\com\eteks\sweethome3d\junit\WizardControllerTest.java,WizardControllerTest,130,0,2,0,0,FALSE,FALSE,3,FALSE,FALSE,0,1,11,27,FALSE,FALSE,FALSE,TRUE,FALSE,public,2,0,0,FALSE
32,\SweetHome3D\test\com\eteks\sweethome3d\junit\WallPanelTest.java,WallPanelTest,145,0,3,0,0,FALSE,FALSE,3,FALSE,FALSE,3,14,16,39,FALSE,FALSE,FALSE,TRUE,FALSE,public,2,1,0,FALSE
33,\SweetHome3D\src\com\eteks\sweethome3d\HomeFramePane.LanguageChangeListener.java,LanguageChangeListener,52,2,1,0,0,FALSE,FALSE,3,TRUE,FALSE,1,1,7,4,TRUE,FALSE,TRUE,TRUE,FALSE,private,1,0,0,FALSE
34,\SweetHome3D\test\com\eteks\sweethome3d\junit\UserPreferencesPanelTest.java,UserPreferencesPanelTest,336,0,4,0,0,FALSE,FALSE,4,FALSE,FALSE,0,9,45,97,FALSE,FALSE,FALSE,TRUE,FALSE,public,3,1,0,FALSE
35,\SweetHome3D\src\com\eteks\sweethome3d\HomeFramePane.java,HomeFramePane,324,13,5,0,1,FALSE,FALSE,3,FALSE,FALSE,17,9,32,43,FALSE,FALSE,FALSE,TRUE,FALSE,public,1,4,0,FALSE
36,\SweetHome3D\src\com\eteks\sweethome3d\SweetHome3D.StandaloneBasicService.java,StandaloneBasicService,136,0,5,0,1,FALSE,FALSE,3,FALSE,FALSE,4,1,5,4,TRUE,FALSE,TRUE,TRUE,FALSE,private,4,1,0,FALSE
37,\SweetHome3D\src\com\eteks\sweethome3d\MacOSXConfiguration.java,MacOSXConfiguration,275,0,2,0,0,FALSE,FALSE,5,FALSE,FALSE,13,5,25,37,FALSE,FALSE,FALSE,TRUE,FALSE,default,1,1,0,FALSE
38,\SweetHome3D\src\com\eteks\sweethome3d\SweetHome3D.StandaloneServiceManager.java,StandaloneServiceManager,89,1,2,0,1,FALSE,FALSE,3,TRUE,FALSE,1,1,2,0,TRUE,FALSE,TRUE,TRUE,FALSE,private,2,0,0,FALSE
39,\SweetHome3D\src\com\eteks\sweethome3d\SweetHome3D.StandaloneSingleInstanceService.java,StandaloneSingleInstanceService,190,3,4,0,0,FALSE,FALSE,4,FALSE,FALSE,5,4,16,17,TRUE,FALSE,TRUE,TRUE,FALSE,private,3,1,0,FALSE
40,\SweetHome3D\src\com\eteks\sweethome3d\SweetHome3DBootstrap.java,SweetHome3DBootstrap,91,0,1,0,0,FALSE,FALSE,4,FALSE,FALSE,1,1,8,4,FALSE,FALSE,FALSE,TRUE,FALSE,public,1,0,0,FALSE
41,\SweetHome3D\src\com\eteks\sweethome3d\SweetHome3DJavaWebStartBootstrap.java,SweetHome3DJavaWebStartBootstrap,70,0,1,0,0,FALSE,FALSE,7,FALSE,FALSE,2,1,10,5,FALSE,FALSE,FALSE,TRUE,FALSE,public,1,0,0,FALSE
42,\SweetHome3D\src\com\eteks\sweethome3d\SweetHome3D.java,SweetHome3D,646,12,21,0,9,FALSE,FALSE,3,FALSE,FALSE,39,9,41,67,FALSE,FALSE,FALSE,TRUE,FALSE,public,6,8,6,FALSE
43,\SweetHome3D\src\com\eteks\sweethome3d\viewcontroller\BackgroundImageWizardController.BackgroundImageWizardStepState.java,BackgroundImageWizardStepState,41,1,3,0,2,FALSE,FALSE,5,FALSE,FALSE,0,0,1,0,FALSE,FALSE,TRUE,TRUE,FALSE,protected,3,0,0,TRUE
44,\SweetHome3D\src\com\eteks\sweethome3d\viewcontroller\BackgroundImageWizardController.ImageChoiceStepState.java,ImageChoiceStepState,50,0,3,0,1,FALSE,FALSE,4,FALSE,FALSE,0,0,2,1,FALSE,FALSE,TRUE,TRUE,FALSE,private,3,0,0,FALSE
45,\SweetHome3D\src\com\eteks\sweethome3d\viewcontroller\BackgroundImageWizardController.BackgroundImageUndoableEdit.java,BackgroundImageUndoableEdit,79,6,3,0,1,FALSE,FALSE,4,FALSE,FALSE,2,0,7,2,TRUE,FALSE,TRUE,TRUE,FALSE,private,3,0,0,FALSE
46,\SweetHome3D\src\com\eteks\sweethome3d\viewcontroller\BackgroundImageWizardController.ImageOriginStepState.java,ImageOriginStepState,41,0,3,0,1,FALSE,FALSE,4,FALSE,FALSE,0,0,0,1,FALSE,FALSE,TRUE,TRUE,FALSE,private,3,0,0,FALSE
47,\SweetHome3D\src\com\eteks\sweethome3d\viewcontroller\BackgroundImageWizardController.ImageScaleStepState.java,ImageScaleStepState,53,0,4,0,1,FALSE,FALSE,4,FALSE,FALSE,0,0,2,1,FALSE,FALSE,TRUE,TRUE,FALSE,private,4,0,0,FALSE
48,\SweetHome3D\src\com\eteks\sweethome3d\viewcontroller\BackgroundImageWizardController.Property.java,Property,25,6,0,0,0,FALSE,FALSE,1,FALSE,FALSE,0,0,0,0,FALSE,FALSE,TRUE,FALSE,TRUE,public,0,0,0,FALSE
49,\SweetHome3D\src\com\eteks\sweethome3d\viewcontroller\BackgroundImageWizardController.Step.java,Step,25,3,0,0,0,FALSE,FALSE,1,FALSE,FALSE,0,0,0,0,FALSE,FALSE,TRUE,FALSE,TRUE,public,0,0,0,FALSE
50,\SweetHome3D\src\com\eteks\sweethome3d\viewcontroller\CompassController.Property.java,Property,26,8,0,0,0,FALSE,FALSE,1,FALSE,FALSE,0,0,0,0,FALSE,FALSE,TRUE,FALSE,TRUE,public,0,0,0,FALSE
51,\SweetHome3D\src\com\eteks\sweethome3d\viewcontroller\CompassController.CompassUndoableEdit.java,CompassUndoableEdit,87,18,3,0,1,FALSE,FALSE,3,FALSE,FALSE,0,0,5,10,TRUE,FALSE,TRUE,TRUE,FALSE,private,3,0,0,FALSE
52,\SweetHome3D\src\com\eteks\sweethome3d\viewcontroller\ContentManager.ContentType.java,ContentType,25,13,0,0,0,FALSE,FALSE,2,FALSE,FALSE,0,0,0,0,FALSE,FALSE,TRUE,FALSE,TRUE,public,0,0,0,FALSE
53,\SweetHome3D\src\com\eteks\sweethome3d\viewcontroller\Controller.java,Controller,27,0,0,0,0,FALSE,FALSE,1,TRUE,TRUE,0,0,0,0,FALSE,TRUE,FALSE,FALSE,FALSE,public,0,0,0,FALSE
54,\SweetHome3D\src\com\eteks\sweethome3d\viewcontroller\BackgroundImageWizardController.java,BackgroundImageWizardController,281,19,20,5,12,FALSE,FALSE,4,TRUE,TRUE,8,13,9,18,FALSE,FALSE,FALSE,TRUE,FALSE,public,14,0,6,FALSE
55,\SweetHome3D\src\com\eteks\sweethome3d\viewcontroller\ContentManager.java,ContentManager,61,0,0,0,0,FALSE,FALSE,2,TRUE,FALSE,0,0,2,0,FALSE,TRUE,FALSE,FALSE,FALSE,public,0,0,0,FALSE
56,\SweetHome3D\src\com\eteks\sweethome3d\viewcontroller\DialogView.java,DialogView,30,0,0,0,0,FALSE,FALSE,2,FALSE,FALSE,0,0,0,0,FALSE,TRUE,FALSE,FALSE,FALSE,public,0,0,0,FALSE
57,\SweetHome3D\src\com\eteks\sweethome3d\viewcontroller\CompassController.java,CompassController,265,14,23,8,8,FALSE,FALSE,2,TRUE,TRUE,9,22,7,24,FALSE,FALSE,FALSE,TRUE,FALSE,public,21,1,1,FALSE
58,\SweetHome3D\src\com\eteks\sweethome3d\viewcontroller\FurnitureCatalogController.AddedFurnitureSelector.java,AddedFurnitureSelector,42,1,2,0,0,FALSE,FALSE,3,TRUE,FALSE,2,1,5,3,FALSE,FALSE,TRUE,TRUE,FALSE,private,2,0,0,FALSE
59,\SweetHome3D\src\com\eteks\sweethome3d\viewcontroller\FurnitureCatalogController.FurnitureCatalogChangeListener.java,FurnitureCatalogChangeListener,44,1,1,0,0,FALSE,FALSE,4,TRUE,FALSE,1,1,5,4,TRUE,FALSE,TRUE,TRUE,FALSE,private,1,0,0,FALSE
60,\SweetHome3D\src\com\eteks\sweethome3d\viewcontroller\FurnitureCatalogController.FurnitureCatalogViewChangeListener.java,FurnitureCatalogViewChangeListener,45,1,1,0,0,FALSE,FALSE,5,TRUE,FALSE,1,1,4,2,TRUE,FALSE,TRUE,TRUE,FALSE,private,1,0,0,FALSE
61,\SweetHome3D\src\com\eteks\sweethome3d\viewcontroller\FurnitureController.AlignedPieceOfFurniture.java,AlignedPieceOfFurniture,61,3,4,0,4,FALSE,FALSE,4,FALSE,FALSE,1,2,2,3,TRUE,FALSE,TRUE,TRUE,FALSE,private,4,0,0,FALSE
62,\SweetHome3D\src\com\eteks\sweethome3d\viewcontroller\FurnitureCatalogController.java,FurnitureCatalogController,201,7,11,1,2,FALSE,FALSE,3,TRUE,TRUE,10,6,8,19,FALSE,FALSE,FALSE,TRUE,FALSE,public,9,2,0,FALSE
63,\SweetHome3D\src\com\eteks\sweethome3d\viewcontroller\FurnitureController.AlignmentAction.java,AlignmentAction,29,0,0,0,0,FALSE,FALSE,2,FALSE,FALSE,0,0,1,0,TRUE,TRUE,TRUE,FALSE,FALSE,private,0,0,0,FALSE
64,\SweetHome3D\src\com\eteks\sweethome3d\viewcontroller\HelpController.LanguageChangeListener.java,LanguageChangeListener,47,1,1,0,0,FALSE,FALSE,3,TRUE,FALSE,1,1,4,4,TRUE,FALSE,TRUE,TRUE,FALSE,private,1,0,0,FALSE
65,\SweetHome3D\src\com\eteks\sweethome3d\viewcontroller\HelpController.Property.java,Property,26,5,0,0,0,FALSE,FALSE,1,FALSE,FALSE,0,0,0,0,FALSE,FALSE,TRUE,FALSE,TRUE,public,0,0,0,FALSE
66,\SweetHome3D\src\com\eteks\sweethome3d\viewcontroller\HelpController.HelpDocument.java,HelpDocument,166,4,6,0,4,FALSE,FALSE,2,FALSE,FALSE,10,2,14,9,FALSE,FALSE,TRUE,TRUE,FALSE,private,5,1,0,FALSE
67,\SweetHome3D\src\com\eteks\sweethome3d\viewcontroller\HelpView.java,HelpView,30,0,0,0,0,FALSE,FALSE,2,FALSE,FALSE,0,0,0,0,FALSE,TRUE,FALSE,FALSE,FALSE,public,0,0,0,FALSE
68,\SweetHome3D\src\com\eteks\sweethome3d\viewcontroller\Home3DAttributesController.EnvironmentPaint.java,EnvironmentPaint,25,2,0,0,0,FALSE,FALSE,2,FALSE,FALSE,0,0,0,0,FALSE,FALSE,TRUE,FALSE,TRUE,public,0,0,0,FALSE
69,\SweetHome3D\src\com\eteks\sweethome3d\viewcontroller\Home3DAttributesController.Property.java,Property,25,6,0,0,0,FALSE,FALSE,1,FALSE,FALSE,0,0,0,0,FALSE,FALSE,TRUE,FALSE,TRUE,public,0,0,0,FALSE
70,\SweetHome3D\src\com\eteks\sweethome3d\viewcontroller\Home3DAttributesController.Home3DAttributesModificationUndoableEdit.java,Home3DAttributesModificationUndoableEdit,92,14,3,0,1,FALSE,FALSE,6,FALSE,FALSE,0,0,6,2,TRUE,FALSE,TRUE,TRUE,FALSE,private,3,0,0,FALSE
71,\SweetHome3D\src\com\eteks\sweethome3d\viewcontroller\HelpController.java,HelpController,394,12,23,5,6,FALSE,FALSE,2,TRUE,TRUE,10,16,15,36,FALSE,FALSE,FALSE,TRUE,FALSE,public,14,8,1,FALSE
72,\SweetHome3D\src\com\eteks\sweethome3d\viewcontroller\HomeController.FurnitureCatalogChangeListener.java,FurnitureCatalogChangeListener,45,1,1,0,0,FALSE,FALSE,4,TRUE,FALSE,1,1,5,2,TRUE,FALSE,TRUE,TRUE,FALSE,private,1,0,0,FALSE
73,\SweetHome3D\src\com\eteks\sweethome3d\viewcontroller\HomeController.LanguageChangeListener.java,LanguageChangeListener,51,1,1,0,0,FALSE,FALSE,3,TRUE,FALSE,1,1,4,7,TRUE,FALSE,TRUE,TRUE,FALSE,private,1,0,0,FALSE
74,\SweetHome3D\src\com\eteks\sweethome3d\viewcontroller\Home3DAttributesController.java,Home3DAttributesController,313,15,21,6,9,FALSE,FALSE,4,TRUE,TRUE,12,18,9,25,FALSE,FALSE,FALSE,TRUE,FALSE,public,19,1,1,FALSE
75,\SweetHome3D\src\com\eteks\sweethome3d\viewcontroller\HomeController.TexturesCatalogChangeListener.java,TexturesCatalogChangeListener,45,1,1,0,0,FALSE,FALSE,4,TRUE,FALSE,1,1,5,2,TRUE,FALSE,TRUE,TRUE,FALSE,private,1,0,0,FALSE
76,\SweetHome3D\src\com\eteks\sweethome3d\viewcontroller\HomeController.UserPreferencesChangeListener.java,UserPreferencesChangeListener,49,1,1,0,0,FALSE,FALSE,4,TRUE,FALSE,1,1,4,3,TRUE,FALSE,TRUE,TRUE,FALSE,private,1,0,0,TRUE
77,\SweetHome3D\src\com\eteks\sweethome3d\viewcontroller\HomeController.UserPreferencesPropertiesChangeListener.java,UserPreferencesPropertiesChangeListener,45,1,1,0,0,FALSE,FALSE,5,TRUE,FALSE,1,1,4,3,TRUE,FALSE,TRUE,TRUE,FALSE,private,1,0,0,FALSE
78,\SweetHome3D\src\com\eteks\sweethome3d\viewcontroller\FurnitureController.java,FurnitureController,1075,7,55,2,10,FALSE,FALSE,2,TRUE,TRUE,43,60,32,147,FALSE,FALSE,FALSE,TRUE,FALSE,public,31,20,4,FALSE
79,\SweetHome3D\src\com\eteks\sweethome3d\viewcontroller\HomeController3D.CameraControllerState.java,CameraControllerState,41,0,7,0,0,FALSE,FALSE,3,FALSE,FALSE,0,5,1,0,TRUE,FALSE,TRUE,TRUE,FALSE,protected,7,0,0,TRUE
80,\SweetHome3D\src\com\eteks\sweethome3d\viewcontroller\HomeController3D.ObserverCameraState.java,ObserverCameraState,128,3,9,0,1,FALSE,FALSE,3,FALSE,FALSE,4,5,11,21,FALSE,FALSE,TRUE,TRUE,FALSE,private,8,1,0,FALSE
81,\SweetHome3D\src\com\eteks\sweethome3d\viewcontroller\HomeFurnitureController.FurnitureModificationUndoableEdit.java,FurnitureModificationUndoableEdit,116,23,3,0,1,FALSE,FALSE,4,FALSE,FALSE,0,0,8,2,TRUE,FALSE,TRUE,TRUE,FALSE,private,3,0,0,FALSE
82,\SweetHome3D\src\com\eteks\sweethome3d\viewcontroller\HomeFurnitureController.FurniturePaint.java,FurniturePaint,25,3,0,0,0,FALSE,FALSE,2,FALSE,FALSE,0,0,0,0,FALSE,FALSE,TRUE,FALSE,TRUE,public,0,0,0,FALSE
83,\SweetHome3D\src\com\eteks\sweethome3d\viewcontroller\HomeFurnitureController.FurnitureShininess.java,FurnitureShininess,25,3,0,0,0,FALSE,FALSE,2,FALSE,FALSE,0,0,0,0,FALSE,FALSE,TRUE,FALSE,TRUE,public,0,0,0,FALSE
84,\SweetHome3D\src\com\eteks\sweethome3d\viewcontroller\HomeFurnitureController.ModifiedDoorOrWindow.java,ModifiedDoorOrWindow,36,1,1,0,0,FALSE,FALSE,4,FALSE,FALSE,0,0,1,2,TRUE,FALSE,TRUE,TRUE,FALSE,private,1,0,0,FALSE
85,\SweetHome3D\src\com\eteks\sweethome3d\viewcontroller\HomeController3D.java,HomeController3D,283,9,17,1,4,FALSE,FALSE,3,FALSE,FALSE,10,9,12,50,FALSE,FALSE,FALSE,TRUE,FALSE,public,12,2,3,FALSE
86,\SweetHome3D\src\com\eteks\sweethome3d\viewcontroller\HomeController3D.TopCameraState.java,TopCameraState,311,10,12,0,2,FALSE,FALSE,3,FALSE,FALSE,17,10,12,77,FALSE,FALSE,TRUE,TRUE,FALSE,private,7,5,0,FALSE
87,\SweetHome3D\src\com\eteks\sweethome3d\viewcontroller\HomeFurnitureController.ModifiedFurnitureGroup.java,ModifiedFurnitureGroup,77,4,2,0,1,FALSE,FALSE,3,FALSE,FALSE,2,1,4,13,TRUE,FALSE,TRUE,TRUE,FALSE,private,1,1,0,FALSE
88,\SweetHome3D\src\com\eteks\sweethome3d\viewcontroller\HomeFurnitureController.ModifiedLight.java,ModifiedLight,36,1,1,0,0,FALSE,FALSE,2,FALSE,FALSE,0,0,1,2,TRUE,FALSE,TRUE,TRUE,FALSE,private,1,0,0,FALSE
89,\SweetHome3D\src\com\eteks\sweethome3d\viewcontroller\HomeFurnitureController.ModifiedPieceOfFurniture.java,ModifiedPieceOfFurniture,86,16,2,0,1,FALSE,FALSE,4,FALSE,FALSE,2,0,2,17,TRUE,FALSE,TRUE,TRUE,FALSE,private,2,0,0,FALSE
90,\SweetHome3D\src\com\eteks\sweethome3d\viewcontroller\HomeFurnitureController.Property.java,Property,27,21,0,0,0,FALSE,FALSE,1,FALSE,FALSE,0,0,0,0,FALSE,FALSE,TRUE,FALSE,TRUE,public,0,0,0,FALSE
91,\SweetHome3D\src\com\eteks\sweethome3d\viewcontroller\HomeView.SaveAnswer.java,SaveAnswer,25,3,0,0,0,FALSE,FALSE,2,TRUE,FALSE,0,0,0,0,FALSE,FALSE,TRUE,FALSE,TRUE,public,0,0,0,FALSE
92,\SweetHome3D\src\com\eteks\sweethome3d\viewcontroller\HomeView.ActionType.java,ActionType,58,122,0,0,0,FALSE,FALSE,2,FALSE,FALSE,0,0,0,0,FALSE,FALSE,TRUE,FALSE,TRUE,public,0,0,0,FALSE
93,\SweetHome3D\src\com\eteks\sweethome3d\viewcontroller\HomeView.java,HomeView,185,0,0,0,0,FALSE,FALSE,2,FALSE,FALSE,0,0,2,0,FALSE,TRUE,FALSE,FALSE,FALSE,public,0,0,0,FALSE
94,\SweetHome3D\src\com\eteks\sweethome3d\viewcontroller\ImportedFurnitureWizardController.FurnitureAttributesStepState.java,FurnitureAttributesStepState,108,4,6,0,1,FALSE,FALSE,4,FALSE,FALSE,3,0,2,4,FALSE,FALSE,TRUE,TRUE,FALSE,private,5,1,0,FALSE
95,\SweetHome3D\src\com\eteks\sweethome3d\viewcontroller\ImportedFurnitureWizardController.FurnitureIconStepState.java,FurnitureIconStepState,41,0,3,0,1,FALSE,FALSE,4,FALSE,FALSE,0,0,0,1,FALSE,FALSE,TRUE,TRUE,FALSE,private,3,0,0,FALSE
96,\SweetHome3D\src\com\eteks\sweethome3d\viewcontroller\ImportedFurnitureWizardController.FurnitureModelStepState.java,FurnitureModelStepState,51,0,3,0,1,FALSE,FALSE,4,FALSE,FALSE,0,0,2,1,FALSE,FALSE,TRUE,TRUE,FALSE,private,3,0,0,FALSE
97,\SweetHome3D\src\com\eteks\sweethome3d\viewcontroller\ImportedFurnitureWizardController.FurnitureOrientationStepState.java,FurnitureOrientationStepState,44,0,4,0,1,FALSE,FALSE,4,FALSE,FALSE,0,0,0,1,FALSE,FALSE,TRUE,TRUE,FALSE,private,4,0,0,FALSE
98,\SweetHome3D\src\com\eteks\sweethome3d\viewcontroller\HomeController.java,HomeController,1891,16,87,3,9,FALSE,FALSE,2,TRUE,TRUE,104,43,46,286,FALSE,FALSE,FALSE,TRUE,FALSE,public,60,23,4,FALSE
99,\SweetHome3D\src\com\eteks\sweethome3d\viewcontroller\ImportedFurnitureWizardController.ImportedFurnitureWizardStepState.java,ImportedFurnitureWizardStepState,41,1,3,0,2,FALSE,FALSE,5,FALSE,FALSE,0,0,1,0,FALSE,FALSE,TRUE,TRUE,FALSE,protected,3,0,0,TRUE
100,\SweetHome3D\src\com\eteks\sweethome3d\viewcontroller\ImportedFurnitureWizardController.PieceOfFurnitureImportationUndoableEdit.java,PieceOfFurnitureImportationUndoableEdit,68,5,3,0,1,FALSE,FALSE,6,FALSE,FALSE,0,0,9,2,TRUE,FALSE,TRUE,TRUE,FALSE,private,3,0,0,FALSE
101,\SweetHome3D\src\com\eteks\sweethome3d\viewcontroller\ImportedFurnitureWizardController.Property.java,Property,27,16,0,0,0,FALSE,FALSE,1,FALSE,FALSE,0,0,0,0,FALSE,FALSE,TRUE,FALSE,TRUE,public,0,0,0,FALSE
102,\SweetHome3D\src\com\eteks\sweethome3d\viewcontroller\HomeFurnitureController.java,HomeFurnitureController,993,34,56,24,19,FALSE,FALSE,3,TRUE,TRUE,91,55,15,108,FALSE,FALSE,FALSE,TRUE,FALSE,public,46,9,1,FALSE
103,\SweetHome3D\src\com\eteks\sweethome3d\viewcontroller\ImportedFurnitureWizardController.Step.java,Step,25,4,0,0,0,FALSE,FALSE,1,FALSE,FALSE,0,0,0,0,FALSE,FALSE,TRUE,FALSE,TRUE,public,0,0,0,FALSE
104,\SweetHome3D\src\com\eteks\sweethome3d\viewcontroller\ImportedFurnitureWizardStepsView.java,ImportedFurnitureWizardStepsView,31,0,0,0,0,FALSE,FALSE,5,FALSE,FALSE,0,0,1,0,FALSE,TRUE,FALSE,FALSE,FALSE,public,0,0,0,FALSE
105,\SweetHome3D\src\com\eteks\sweethome3d\viewcontroller\ImportedTextureWizardController.ImportedTextureWizardStepState.java,ImportedTextureWizardStepState,41,1,3,0,2,FALSE,FALSE,5,FALSE,FALSE,0,0,1,0,FALSE,FALSE,TRUE,TRUE,FALSE,protected,3,0,0,TRUE
106,\SweetHome3D\src\com\eteks\sweethome3d\viewcontroller\ImportedTextureWizardController.Property.java,Property,25,6,0,0,0,FALSE,FALSE,1,FALSE,FALSE,0,0,0,0,FALSE,FALSE,TRUE,FALSE,TRUE,public,0,0,0,FALSE
107,\SweetHome3D\src\com\eteks\sweethome3d\viewcontroller\ImportedTextureWizardController.Step.java,Step,25,2,0,0,0,FALSE,FALSE,1,FALSE,FALSE,0,0,0,0,FALSE,FALSE,TRUE,FALSE,TRUE,public,0,0,0,FALSE
108,\SweetHome3D\src\com\eteks\sweethome3d\viewcontroller\ImportedFurnitureWizardController.java,ImportedFurnitureWizardController,615,33,48,19,20,FALSE,FALSE,4,TRUE,TRUE,31,27,17,32,FALSE,FALSE,FALSE,TRUE,FALSE,public,37,4,7,FALSE
109,\SweetHome3D\src\com\eteks\sweethome3d\viewcontroller\ImportedTextureWizardController.TextureAttributesStepState.java,TextureAttributesStepState,80,3,4,0,1,FALSE,FALSE,4,FALSE,FALSE,0,0,2,6,FALSE,FALSE,TRUE,TRUE,FALSE,private,4,0,0,FALSE
110,\SweetHome3D\src\com\eteks\sweethome3d\viewcontroller\ImportedTextureWizardController.TextureImageStepState.java,TextureImageStepState,50,0,3,0,1,FALSE,FALSE,4,FALSE,FALSE,0,0,2,1,FALSE,FALSE,TRUE,TRUE,FALSE,private,3,0,0,FALSE
111,\SweetHome3D\src\com\eteks\sweethome3d\viewcontroller\LabelController.LabelCreationUndoableEdit.java,LabelCreationUndoableEdit,68,6,3,0,1,FALSE,FALSE,4,FALSE,FALSE,0,0,8,2,TRUE,FALSE,TRUE,TRUE,FALSE,private,3,0,0,FALSE
112,\SweetHome3D\src\com\eteks\sweethome3d\viewcontroller\LabelController.LabelModificationUndoableEdit.java,LabelModificationUndoableEdit,66,5,3,0,1,FALSE,FALSE,4,FALSE,FALSE,0,0,7,2,TRUE,FALSE,TRUE,TRUE,FALSE,private,3,0,0,FALSE
113,\SweetHome3D\src\com\eteks\sweethome3d\viewcontroller\ImportedTextureWizardController.java,ImportedTextureWizardController,288,15,21,6,11,FALSE,FALSE,4,TRUE,TRUE,10,10,8,17,FALSE,FALSE,FALSE,TRUE,FALSE,public,16,0,5,FALSE
114,\SweetHome3D\src\com\eteks\sweethome3d\viewcontroller\LabelController.ModifiedLabel.java,ModifiedLabel,39,2,2,0,1,FALSE,FALSE,2,FALSE,FALSE,0,0,1,1,TRUE,FALSE,TRUE,TRUE,FALSE,private,2,0,0,FALSE
115,\SweetHome3D\src\com\eteks\sweethome3d\viewcontroller\LabelController.Property.java,Property,25,1,0,0,0,FALSE,FALSE,1,FALSE,FALSE,0,0,0,0,FALSE,FALSE,TRUE,FALSE,TRUE,public,0,0,0,FALSE
116,\SweetHome3D\src\com\eteks\sweethome3d\viewcontroller\LevelController.LevelModificationUndoableEdit.java,LevelModificationUndoableEdit,63,6,3,0,1,FALSE,FALSE,4,FALSE,FALSE,0,0,4,2,TRUE,FALSE,TRUE,TRUE,FALSE,private,3,0,0,FALSE
117,\SweetHome3D\src\com\eteks\sweethome3d\viewcontroller\LevelController.ModifiedLevel.java,ModifiedLevel,48,5,2,0,1,FALSE,FALSE,2,FALSE,FALSE,0,0,1,4,TRUE,FALSE,TRUE,TRUE,FALSE,private,2,0,0,FALSE
118,\SweetHome3D\src\com\eteks\sweethome3d\viewcontroller\LabelController.java,LabelController,242,9,14,1,2,FALSE,FALSE,2,TRUE,TRUE,9,16,10,17,FALSE,FALSE,FALSE,TRUE,FALSE,public,8,4,2,FALSE
119,\SweetHome3D\src\com\eteks\sweethome3d\viewcontroller\LevelController.Property.java,Property,25,6,0,0,0,FALSE,FALSE,1,FALSE,FALSE,0,0,0,0,FALSE,FALSE,TRUE,FALSE,TRUE,public,0,0,0,FALSE
120,\SweetHome3D\src\com\eteks\sweethome3d\viewcontroller\Object3DFactory.java,Object3DFactory,35,0,0,0,0,FALSE,FALSE,3,FALSE,FALSE,0,0,2,0,FALSE,TRUE,FALSE,FALSE,FALSE,public,0,0,0,FALSE
121,\SweetHome3D\src\com\eteks\sweethome3d\viewcontroller\ObserverCameraController.Property.java,Property,27,8,0,0,0,FALSE,FALSE,1,FALSE,FALSE,0,0,0,0,FALSE,FALSE,TRUE,FALSE,TRUE,public,0,0,0,FALSE
122,\SweetHome3D\src\com\eteks\sweethome3d\viewcontroller\LevelController.java,LevelController,291,12,22,6,7,FALSE,FALSE,2,TRUE,TRUE,16,19,8,24,FALSE,FALSE,FALSE,TRUE,FALSE,public,16,5,1,FALSE
123,\SweetHome3D\src\com\eteks\sweethome3d\viewcontroller\PageSetupController.HomePrintModificationUndoableEdit.java,HomePrintModificationUndoableEdit,59,4,3,0,1,FALSE,FALSE,5,FALSE,FALSE,0,0,6,2,TRUE,FALSE,TRUE,TRUE,FALSE,private,3,0,0,FALSE
124,\SweetHome3D\src\com\eteks\sweethome3d\viewcontroller\PageSetupController.Property.java,Property,25,1,0,0,0,FALSE,FALSE,1,FALSE,FALSE,0,0,0,0,FALSE,FALSE,TRUE,FALSE,TRUE,public,0,0,0,FALSE
125,\SweetHome3D\src\com\eteks\sweethome3d\viewcontroller\ObserverCameraController.java,ObserverCameraController,283,13,23,8,8,FALSE,FALSE,3,TRUE,TRUE,12,13,8,35,FALSE,FALSE,FALSE,TRUE,FALSE,public,21,1,1,FALSE
126,\SweetHome3D\src\com\eteks\sweethome3d\viewcontroller\PageSetupController.java,PageSetupController,116,7,7,1,2,FALSE,FALSE,3,TRUE,TRUE,2,6,7,5,FALSE,FALSE,FALSE,TRUE,FALSE,public,7,0,0,FALSE
127,\SweetHome3D\src\com\eteks\sweethome3d\viewcontroller\PhotoController.CameraChangeListener.java,CameraChangeListener,43,1,1,0,0,FALSE,FALSE,3,TRUE,FALSE,1,1,4,3,TRUE,FALSE,TRUE,TRUE,FALSE,private,1,0,0,FALSE
128,\SweetHome3D\src\com\eteks\sweethome3d\viewcontroller\PhotoController.HomeCameraChangeListener.java,HomeCameraChangeListener,46,1,1,0,0,FALSE,FALSE,4,TRUE,FALSE,1,1,5,5,TRUE,FALSE,TRUE,TRUE,FALSE,private,1,0,0,FALSE
129,\SweetHome3D\src\com\eteks\sweethome3d\viewcontroller\PhotoController.HomeEnvironmentChangeListener.java,HomeEnvironmentChangeListener,45,1,1,0,0,FALSE,FALSE,4,TRUE,FALSE,1,1,5,5,TRUE,FALSE,TRUE,TRUE,FALSE,private,1,0,0,FALSE
130,\SweetHome3D\src\com\eteks\sweethome3d\viewcontroller\PhotoController.Property.java,Property,25,8,0,0,0,FALSE,FALSE,1,FALSE,FALSE,0,0,0,0,FALSE,FALSE,TRUE,FALSE,TRUE,public,0,0,0,FALSE
131,\SweetHome3D\src\com\eteks\sweethome3d\viewcontroller\PlanController.AbstractModeChangeState.java,AbstractModeChangeState,58,0,4,1,0,FALSE,FALSE,4,FALSE,FALSE,1,4,0,1,FALSE,FALSE,TRUE,TRUE,FALSE,private,4,0,0,TRUE
132,\SweetHome3D\src\com\eteks\sweethome3d\viewcontroller\PhotoController.java,PhotoController,322,16,27,11,12,FALSE,FALSE,2,TRUE,TRUE,19,19,7,35,FALSE,FALSE,FALSE,TRUE,FALSE,public,24,2,1,FALSE
133,\SweetHome3D\src\com\eteks\sweethome3d\viewcontroller\PlanController.AbstractRoomState.java,AbstractRoomState,104,2,5,0,3,FALSE,FALSE,3,FALSE,FALSE,5,8,2,4,FALSE,FALSE,TRUE,TRUE,FALSE,private,1,0,4,TRUE
134,\SweetHome3D\src\com\eteks\sweethome3d\viewcontroller\PlanController.AbstractWallState.java,AbstractWallState,127,4,5,0,3,FALSE,FALSE,3,FALSE,FALSE,12,7,1,30,FALSE,FALSE,TRUE,TRUE,FALSE,private,1,1,3,TRUE
135,\SweetHome3D\src\com\eteks\sweethome3d\viewcontroller\PlanController.CameraElevationState.java,CameraElevationState,91,4,8,0,2,FALSE,FALSE,3,FALSE,FALSE,1,5,3,10,FALSE,FALSE,TRUE,TRUE,FALSE,private,7,1,0,FALSE
136,\SweetHome3D\src\com\eteks\sweethome3d\viewcontroller\PlanController.CameraPitchRotationState.java,CameraPitchRotationState,82,3,8,0,2,FALSE,FALSE,4,FALSE,FALSE,0,5,1,5,FALSE,FALSE,TRUE,TRUE,FALSE,private,7,1,0,FALSE
137,\SweetHome3D\src\com\eteks\sweethome3d\viewcontroller\PlanController.CameraYawRotationState.java,CameraYawRotationState,101,6,8,0,2,FALSE,FALSE,4,FALSE,FALSE,2,5,1,13,FALSE,FALSE,TRUE,TRUE,FALSE,private,7,1,0,FALSE
138,\SweetHome3D\src\com\eteks\sweethome3d\viewcontroller\PlanController.CompassResizeState.java,CompassResizeState,93,5,8,0,2,FALSE,FALSE,3,FALSE,FALSE,0,5,2,11,FALSE,FALSE,TRUE,TRUE,FALSE,private,7,1,0,FALSE
139,\SweetHome3D\src\com\eteks\sweethome3d\viewcontroller\PlanController.CompassRotationState.java,CompassRotationState,91,4,8,0,2,FALSE,FALSE,3,FALSE,FALSE,1,5,1,8,FALSE,FALSE,TRUE,TRUE,FALSE,private,7,1,0,FALSE
140,\SweetHome3D\src\com\eteks\sweethome3d\viewcontroller\PlanController.ControllerState.java,ControllerState,59,0,15,3,0,FALSE,FALSE,2,FALSE,FALSE,0,18,0,0,TRUE,FALSE,TRUE,TRUE,FALSE,protected,15,0,0,TRUE
141,\SweetHome3D\src\com\eteks\sweethome3d\viewcontroller\PlanController.DimensionLineCreationState.java,DimensionLineCreationState,75,1,7,1,1,FALSE,FALSE,4,FALSE,FALSE,3,9,2,2,FALSE,FALSE,TRUE,TRUE,FALSE,private,7,0,0,FALSE
142,\SweetHome3D\src\com\eteks\sweethome3d\viewcontroller\PlanController.DimensionLineOffsetState.java,DimensionLineOffsetState,84,4,7,0,1,FALSE,FALSE,4,FALSE,FALSE,0,4,2,12,FALSE,FALSE,TRUE,TRUE,FALSE,private,7,0,0,FALSE
143,\SweetHome3D\src\com\eteks\sweethome3d\viewcontroller\PlanController.DimensionLineDrawingState.java,DimensionLineDrawingState,324,8,14,2,2,FALSE,FALSE,4,FALSE,FALSE,23,12,6,39,FALSE,FALSE,TRUE,TRUE,FALSE,private,11,3,0,FALSE
144,\SweetHome3D\src\com\eteks\sweethome3d\viewcontroller\PlanController.EditableProperty.java,EditableProperty,25,7,0,0,0,FALSE,FALSE,2,FALSE,FALSE,0,0,0,0,TRUE,FALSE,TRUE,FALSE,TRUE,public,0,0,0,FALSE
145,\SweetHome3D\src\com\eteks\sweethome3d\viewcontroller\PlanController.DragAndDropState.java,DragAndDropState,98,8,5,0,1,FALSE,FALSE,4,FALSE,FALSE,5,2,5,9,FALSE,FALSE,TRUE,TRUE,FALSE,private,5,0,0,FALSE
146,\SweetHome3D\src\com\eteks\sweethome3d\viewcontroller\PlanController.JoinedWall.java,JoinedWall,102,8,10,0,6,FALSE,FALSE,2,FALSE,FALSE,0,2,4,9,TRUE,FALSE,TRUE,TRUE,FALSE,private,10,0,0,FALSE
147,\SweetHome3D\src\com\eteks\sweethome3d\viewcontroller\PlanController.DimensionLineResizeState.java,DimensionLineResizeState,240,9,10,0,2,FALSE,FALSE,4,FALSE,FALSE,16,5,2,49,FALSE,FALSE,TRUE,TRUE,FALSE,private,8,2,0,FALSE
148,\SweetHome3D\src\com\eteks\sweethome3d\viewcontroller\PlanController.LabelCreationState.java,LabelCreationState,39,0,3,0,1,FALSE,FALSE,3,FALSE,FALSE,0,5,0,0,FALSE,FALSE,TRUE,TRUE,FALSE,private,3,0,0,FALSE
149,\SweetHome3D\src\com\eteks\sweethome3d\viewcontroller\PlanController.Mode.java,Mode,44,7,2,0,0,FALSE,FALSE,1,FALSE,FALSE,0,0,0,0,TRUE,FALSE,TRUE,TRUE,FALSE,public,2,0,0,FALSE
150,\SweetHome3D\src\com\eteks\sweethome3d\viewcontroller\PlanController.LightPowerModificationState.java,LightPowerModificationState,86,4,8,0,2,FALSE,FALSE,4,FALSE,FALSE,0,5,1,7,FALSE,FALSE,TRUE,TRUE,FALSE,private,7,1,0,FALSE
151,\SweetHome3D\src\com\eteks\sweethome3d\viewcontroller\PlanController.PanningState.java,PanningState,86,2,9,1,1,FALSE,FALSE,2,FALSE,FALSE,3,13,0,3,FALSE,FALSE,TRUE,TRUE,FALSE,private,9,0,0,FALSE
152,\SweetHome3D\src\com\eteks\sweethome3d\viewcontroller\PlanController.PieceOfFurnitureNameOffsetState.java,PieceOfFurnitureNameOffsetState,75,5,7,0,1,FALSE,FALSE,6,FALSE,FALSE,0,4,1,7,FALSE,FALSE,TRUE,TRUE,FALSE,private,7,0,0,FALSE
153,\SweetHome3D\src\com\eteks\sweethome3d\viewcontroller\PlanController.PieceOfFurnitureHeightState.java,PieceOfFurnitureHeightState,122,6,9,0,2,FALSE,FALSE,5,FALSE,FALSE,2,6,1,19,FALSE,FALSE,TRUE,TRUE,FALSE,private,8,1,0,FALSE
154,\SweetHome3D\src\com\eteks\sweethome3d\viewcontroller\PlanController.PieceOfFurnitureElevationState.java,PieceOfFurnitureElevationState,101,5,9,0,2,FALSE,FALSE,5,FALSE,FALSE,1,6,1,11,FALSE,FALSE,TRUE,TRUE,FALSE,private,8,1,0,FALSE
155,\SweetHome3D\src\com\eteks\sweethome3d\viewcontroller\PlanController.PieceOfFurnitureRotationState.java,PieceOfFurnitureRotationState,112,7,9,0,2,FALSE,FALSE,5,FALSE,FALSE,3,6,2,11,FALSE,FALSE,TRUE,TRUE,FALSE,private,8,1,0,FALSE
156,\SweetHome3D\src\com\eteks\sweethome3d\viewcontroller\PlanController.PieceOfFurnitureResizeState.java,PieceOfFurnitureResizeState,162,7,9,0,2,FALSE,FALSE,5,FALSE,FALSE,7,7,3,33,FALSE,FALSE,TRUE,TRUE,FALSE,private,8,1,0,FALSE
157,\SweetHome3D\src\com\eteks\sweethome3d\viewcontroller\PlanController.Property.java,Property,25,3,0,0,0,FALSE,FALSE,1,FALSE,FALSE,0,0,0,0,FALSE,FALSE,TRUE,FALSE,TRUE,public,0,0,0,FALSE
158,\SweetHome3D\src\com\eteks\sweethome3d\viewcontroller\PlanController.PointMagnetizedToClosestWallOrRoomPoint.java,PointMagnetizedToClosestWallOrRoomPoint,89,3,4,0,2,FALSE,FALSE,8,FALSE,FALSE,3,5,3,1,FALSE,FALSE,TRUE,TRUE,FALSE,private,3,1,0,FALSE
159,\SweetHome3D\src\com\eteks\sweethome3d\viewcontroller\PlanController.RectangleSelectionState.java,RectangleSelectionState,138,2,8,0,1,FALSE,FALSE,3,FALSE,FALSE,10,9,5,6,FALSE,FALSE,TRUE,TRUE,FALSE,private,7,1,0,FALSE
160,\SweetHome3D\src\com\eteks\sweethome3d\viewcontroller\PlanController.ResizedPieceOfFurniture.java,ResizedPieceOfFurniture,127,12,7,0,5,FALSE,FALSE,4,FALSE,FALSE,5,1,5,20,TRUE,FALSE,TRUE,TRUE,FALSE,private,6,1,0,FALSE
161,\SweetHome3D\src\com\eteks\sweethome3d\viewcontroller\PlanController.PointWithAngleMagnetism.java,PointWithAngleMagnetism,142,4,5,2,3,FALSE,FALSE,4,FALSE,FALSE,5,2,2,0,TRUE,FALSE,TRUE,TRUE,FALSE,private,2,0,3,FALSE
162,\SweetHome3D\src\com\eteks\sweethome3d\viewcontroller\PlanController.RoomAreaOffsetState.java,RoomAreaOffsetState,75,5,7,0,1,FALSE,FALSE,4,FALSE,FALSE,0,4,1,7,FALSE,FALSE,TRUE,TRUE,FALSE,private,7,0,0,FALSE
163,\SweetHome3D\src\com\eteks\sweethome3d\viewcontroller\PlanController.RoomCreationState.java,RoomCreationState,80,1,7,1,1,FALSE,FALSE,3,FALSE,FALSE,3,9,1,7,FALSE,FALSE,TRUE,TRUE,FALSE,private,7,0,0,FALSE
164,\SweetHome3D\src\com\eteks\sweethome3d\viewcontroller\PlanController.RoomNameOffsetState.java,RoomNameOffsetState,75,5,7,0,1,FALSE,FALSE,4,FALSE,FALSE,0,4,1,7,FALSE,FALSE,TRUE,TRUE,FALSE,private,7,0,0,FALSE
165,\SweetHome3D\src\com\eteks\sweethome3d\viewcontroller\PlanController.RoomPointWithAngleMagnetism.java,RoomPointWithAngleMagnetism,108,0,0,0,0,FALSE,FALSE,5,FALSE,FALSE,12,0,3,14,FALSE,FALSE,TRUE,TRUE,FALSE,private,0,0,0,FALSE
166,\SweetHome3D\src\com\eteks\sweethome3d\viewcontroller\PlanController.RoomResizeState.java,RoomResizeState,120,7,8,0,1,FALSE,FALSE,3,FALSE,FALSE,2,5,1,13,FALSE,FALSE,TRUE,TRUE,FALSE,private,8,0,0,FALSE
167,\SweetHome3D\src\com\eteks\sweethome3d\viewcontroller\PlanController.RoomDrawingState.java,RoomDrawingState,463,8,17,2,2,FALSE,FALSE,3,FALSE,FALSE,34,19,13,56,FALSE,FALSE,TRUE,TRUE,FALSE,private,11,6,0,FALSE
168,\SweetHome3D\src\com\eteks\sweethome3d\viewcontroller\PlanController.WallCreationState.java,WallCreationState,70,1,7,1,1,FALSE,FALSE,3,FALSE,FALSE,2,9,1,4,FALSE,FALSE,TRUE,TRUE,FALSE,private,7,0,0,FALSE
169,\SweetHome3D\src\com\eteks\sweethome3d\viewcontroller\PlanController.SelectionState.java,SelectionState,175,1,5,0,1,FALSE,FALSE,2,FALSE,FALSE,9,7,10,2,FALSE,FALSE,TRUE,TRUE,FALSE,private,5,0,0,FALSE
170,\SweetHome3D\src\com\eteks\sweethome3d\viewcontroller\PlanController.SelectionMoveState.java,SelectionMoveState,286,15,10,1,1,FALSE,FALSE,3,FALSE,FALSE,28,7,13,29,FALSE,FALSE,TRUE,TRUE,FALSE,private,9,1,0,FALSE
171,\SweetHome3D\src\com\eteks\sweethome3d\viewcontroller\PlanController.WallPointWithAngleMagnetism.java,WallPointWithAngleMagnetism,112,0,1,0,0,FALSE,FALSE,5,FALSE,FALSE,14,3,2,22,FALSE,FALSE,TRUE,TRUE,FALSE,private,0,1,0,FALSE
172,\SweetHome3D\src\com\eteks\sweethome3d\viewcontroller\PlanController.WallResizeState.java,WallResizeState,112,7,8,0,1,FALSE,FALSE,3,FALSE,FALSE,2,5,1,16,FALSE,FALSE,TRUE,TRUE,FALSE,private,8,0,0,FALSE
173,\SweetHome3D\src\com\eteks\sweethome3d\viewcontroller\PlanController.WallDrawingState.java,WallDrawingState,531,17,18,3,3,FALSE,FALSE,3,FALSE,FALSE,35,24,10,71,FALSE,FALSE,TRUE,TRUE,FALSE,private,12,6,0,FALSE
174,\SweetHome3D\src\com\eteks\sweethome3d\viewcontroller\PlanView.CursorType.java,CursorType,25,10,0,0,0,FALSE,FALSE,2,FALSE,FALSE,0,0,0,0,FALSE,FALSE,TRUE,FALSE,TRUE,public,0,0,0,FALSE
175,\SweetHome3D\src\com\eteks\sweethome3d\viewcontroller\PrintPreviewController.java,PrintPreviewController,62,5,2,0,1,FALSE,FALSE,3,TRUE,TRUE,1,1,2,0,FALSE,FALSE,FALSE,TRUE,FALSE,public,2,0,0,FALSE
176,\SweetHome3D\src\com\eteks\sweethome3d\viewcontroller\PlanView.java,PlanView,151,0,0,0,0,FALSE,FALSE,2,FALSE,FALSE,0,0,4,0,FALSE,TRUE,FALSE,FALSE,FALSE,public,0,0,0,FALSE
177,\SweetHome3D\src\com\eteks\sweethome3d\viewcontroller\RoomController.ModifiedRoom.java,ModifiedRoom,67,11,2,0,1,FALSE,FALSE,2,FALSE,FALSE,0,0,2,10,TRUE,FALSE,TRUE,TRUE,FALSE,private,2,0,0,FALSE
178,\SweetHome3D\src\com\eteks\sweethome3d\viewcontroller\RoomController.Property.java,Property,26,10,0,0,0,FALSE,FALSE,1,FALSE,FALSE,0,0,0,0,FALSE,FALSE,TRUE,FALSE,TRUE,public,0,0,0,FALSE
179,\SweetHome3D\src\com\eteks\sweethome3d\viewcontroller\RoomController.RoomPaint.java,RoomPaint,25,2,0,0,0,FALSE,FALSE,2,FALSE,FALSE,0,0,0,0,FALSE,FALSE,TRUE,FALSE,TRUE,public,0,0,0,FALSE
180,\SweetHome3D\src\com\eteks\sweethome3d\viewcontroller\RoomController.RoomsModificationUndoableEdit.java,RoomsModificationUndoableEdit,95,14,3,0,1,FALSE,FALSE,4,FALSE,FALSE,0,0,8,2,TRUE,FALSE,TRUE,TRUE,FALSE,private,3,0,0,FALSE
181,\SweetHome3D\src\com\eteks\sweethome3d\viewcontroller\TextureChoiceController.Property.java,Property,25,1,0,0,0,FALSE,FALSE,1,FALSE,FALSE,0,0,0,0,FALSE,FALSE,TRUE,FALSE,TRUE,public,0,0,0,FALSE
182,\SweetHome3D\src\com\eteks\sweethome3d\viewcontroller\TextureChoiceView.java,TextureChoiceView,32,0,0,0,0,FALSE,FALSE,3,FALSE,FALSE,0,0,0,0,FALSE,TRUE,FALSE,FALSE,FALSE,public,0,0,0,FALSE
183,\SweetHome3D\src\com\eteks\sweethome3d\viewcontroller\ThreadedTaskController.ExceptionHandler.java,ExceptionHandler,27,0,0,0,0,FALSE,FALSE,2,TRUE,FALSE,0,0,0,0,TRUE,TRUE,TRUE,FALSE,FALSE,public,0,0,0,FALSE
184,\SweetHome3D\src\com\eteks\sweethome3d\viewcontroller\TextureChoiceController.java,TextureChoiceController,121,7,10,1,3,FALSE,FALSE,3,TRUE,TRUE,3,8,5,8,FALSE,FALSE,FALSE,TRUE,FALSE,public,10,0,0,FALSE
185,\SweetHome3D\src\com\eteks\sweethome3d\viewcontroller\ThreadedTaskView.java,ThreadedTaskView,36,0,0,0,0,FALSE,FALSE,3,FALSE,FALSE,0,0,0,0,FALSE,TRUE,FALSE,FALSE,FALSE,public,0,0,0,FALSE
186,\SweetHome3D\src\com\eteks\sweethome3d\viewcontroller\UserPreferencesController.Property.java,Property,28,15,0,0,0,FALSE,FALSE,1,FALSE,FALSE,0,0,0,0,FALSE,FALSE,TRUE,FALSE,TRUE,public,0,0,0,FALSE
187,\SweetHome3D\src\com\eteks\sweethome3d\viewcontroller\ThreadedTaskController.java,ThreadedTaskController,136,8,4,0,1,FALSE,FALSE,3,TRUE,TRUE,3,1,7,9,FALSE,FALSE,FALSE,TRUE,FALSE,public,4,0,0,FALSE
188,\SweetHome3D\src\com\eteks\sweethome3d\viewcontroller\RoomController.java,RoomController,537,19,30,10,13,FALSE,FALSE,2,TRUE,TRUE,42,27,11,51,FALSE,FALSE,FALSE,TRUE,FALSE,public,27,2,1,FALSE
189,\SweetHome3D\src\com\eteks\sweethome3d\viewcontroller\VideoController.HomeEnvironmentChangeListener.java,HomeEnvironmentChangeListener,43,1,1,0,0,FALSE,FALSE,4,TRUE,FALSE,1,1,4,3,TRUE,FALSE,TRUE,TRUE,FALSE,private,1,0,0,FALSE
190,\SweetHome3D\src\com\eteks\sweethome3d\viewcontroller\VideoController.Property.java,Property,25,8,0,0,0,FALSE,FALSE,1,FALSE,FALSE,0,0,0,0,FALSE,FALSE,TRUE,FALSE,TRUE,public,0,0,0,FALSE
191,\SweetHome3D\src\com\eteks\sweethome3d\viewcontroller\UserPreferencesController.java,UserPreferencesController,419,20,40,15,8,FALSE,FALSE,3,TRUE,TRUE,18,21,5,51,FALSE,FALSE,FALSE,TRUE,FALSE,public,39,0,1,FALSE
192,\SweetHome3D\src\com\eteks\sweethome3d\viewcontroller\View.java,View,26,0,0,0,0,FALSE,FALSE,1,FALSE,FALSE,0,0,0,0,FALSE,TRUE,FALSE,FALSE,FALSE,public,0,0,0,FALSE
193,\SweetHome3D\src\com\eteks\sweethome3d\viewcontroller\VideoController.java,VideoController,279,14,26,11,11,FALSE,FALSE,2,TRUE,TRUE,11,19,8,33,FALSE,FALSE,FALSE,TRUE,FALSE,public,23,2,1,FALSE
194,\SweetHome3D\src\com\eteks\sweethome3d\viewcontroller\ViewFactory.java,ViewFactory,169,0,0,0,0,FALSE,FALSE,2,FALSE,FALSE,0,0,6,0,FALSE,TRUE,FALSE,FALSE,FALSE,public,0,0,0,FALSE
195,\SweetHome3D\src\com\eteks\sweethome3d\viewcontroller\WallController.Property.java,Property,28,19,0,0,0,FALSE,FALSE,1,FALSE,FALSE,0,0,0,0,FALSE,FALSE,TRUE,FALSE,TRUE,public,0,0,0,FALSE
196,\SweetHome3D\src\com\eteks\sweethome3d\viewcontroller\WallController.WallPaint.java,WallPaint,25,2,0,0,0,FALSE,FALSE,2,FALSE,FALSE,0,0,0,0,FALSE,FALSE,TRUE,FALSE,TRUE,public,0,0,0,FALSE
197,\SweetHome3D\src\com\eteks\sweethome3d\viewcontroller\WallController.ModifiedWall.java,ModifiedWall,105,15,15,0,15,FALSE,FALSE,2,FALSE,FALSE,0,0,2,14,TRUE,FALSE,TRUE,TRUE,FALSE,private,15,0,0,FALSE
198,\SweetHome3D\src\com\eteks\sweethome3d\viewcontroller\WallController.WallShape.java,WallShape,25,2,0,0,0,FALSE,FALSE,2,FALSE,FALSE,0,0,0,0,FALSE,FALSE,TRUE,FALSE,TRUE,public,0,0,0,FALSE
199,\SweetHome3D\src\com\eteks\sweethome3d\viewcontroller\WallController.WallsModificationUndoableEdit.java,WallsModificationUndoableEdit,106,18,3,0,1,FALSE,FALSE,4,FALSE,FALSE,0,0,8,2,TRUE,FALSE,TRUE,TRUE,FALSE,private,3,0,0,FALSE
200,\SweetHome3D\src\com\eteks\sweethome3d\viewcontroller\WizardController.Property.java,Property,30,7,0,0,0,FALSE,FALSE,1,FALSE,FALSE,0,0,0,0,FALSE,FALSE,TRUE,FALSE,TRUE,public,0,0,0,FALSE
201,\SweetHome3D\src\com\eteks\sweethome3d\viewcontroller\WizardController.WizardControllerStepState.java,WizardControllerStepState,95,4,13,3,1,FALSE,FALSE,4,FALSE,FALSE,3,5,3,3,TRUE,FALSE,TRUE,TRUE,FALSE,protected,11,2,0,TRUE
202,\SweetHome3D\src\com\eteks\sweethome3d\viewcontroller\WizardController.java,WizardController,251,13,22,8,5,FALSE,FALSE,2,TRUE,TRUE,10,13,5,23,FALSE,FALSE,FALSE,TRUE,FALSE,public,15,5,2,TRUE
203,\SweetHome3D\src\com\eteks\sweethome3d\tools\OperatingSystem.MacOSXFileManager.java,MacOSXFileManager,32,0,1,0,1,FALSE,FALSE,6,TRUE,FALSE,0,0,2,0,TRUE,FALSE,TRUE,TRUE,FALSE,private,1,0,0,FALSE
204,\SweetHome3D\src\com\eteks\sweethome3d\tools\ExtensionsClassLoader.java,ExtensionsClassLoader,334,4,6,0,0,FALSE,FALSE,3,TRUE,FALSE,24,9,19,33,FALSE,FALSE,FALSE,TRUE,FALSE,public,1,1,4,FALSE
205,\SweetHome3D\src\com\eteks\sweethome3d\tools\ResourceURLContent.java,ResourceURLContent,115,3,2,0,1,FALSE,FALSE,5,FALSE,FALSE,5,2,2,5,FALSE,FALSE,FALSE,TRUE,FALSE,public,1,1,0,FALSE
206,\SweetHome3D\src\com\eteks\sweethome3d\tools\OperatingSystem.java,OperatingSystem,223,4,8,0,2,FALSE,FALSE,2,FALSE,FALSE,10,3,10,27,FALSE,FALSE,FALSE,TRUE,FALSE,public,7,1,0,FALSE
207,\SweetHome3D\src\com\eteks\sweethome3d\tools\TemporaryURLContent.java,TemporaryURLContent,71,1,1,0,0,FALSE,FALSE,5,FALSE,FALSE,4,1,7,5,FALSE,FALSE,FALSE,TRUE,FALSE,public,1,0,0,FALSE
208,\SweetHome3D\src\com\eteks\sweethome3d\tools\URLContent.java,URLContent,106,2,7,0,3,FALSE,FALSE,4,FALSE,FALSE,3,1,5,5,FALSE,FALSE,FALSE,TRUE,FALSE,public,7,0,0,FALSE
209,\SweetHome3D\src\com\eteks\sweethome3d\swing\AutoCommitSpinner.java,AutoCommitSpinner,103,0,0,0,0,FALSE,FALSE,3,TRUE,FALSE,5,0,9,10,FALSE,FALSE,FALSE,TRUE,FALSE,public,0,0,0,FALSE
210,\SweetHome3D\src\com\eteks\sweethome3d\viewcontroller\WallController.java,WallController,962,28,53,21,21,FALSE,FALSE,2,TRUE,TRUE,84,49,12,109,FALSE,FALSE,FALSE,TRUE,FALSE,public,45,7,1,FALSE
211,\SweetHome3D\src\com\eteks\sweethome3d\swing\AutoCompleteTextField.java,AutoCompleteTextField,39,1,0,0,0,FALSE,FALSE,4,FALSE,FALSE,0,0,2,0,FALSE,FALSE,FALSE,TRUE,FALSE,public,0,0,0,FALSE
212,\SweetHome3D\src\com\eteks\sweethome3d\swing\AutoCompleteTextField.AutoCompleteDocument.java,AutoCompleteDocument,83,0,2,0,0,FALSE,FALSE,3,FALSE,FALSE,5,4,6,7,FALSE,FALSE,TRUE,TRUE,FALSE,private,1,1,0,FALSE
213,\SweetHome3D\src\com\eteks\sweethome3d\swing\BackgroundImageWizardStepsPanel.OriginImagePreviewComponent.java,OriginImagePreviewComponent,143,1,3,0,0,FALSE,FALSE,4,FALSE,FALSE,3,3,20,15,TRUE,FALSE,TRUE,TRUE,FALSE,private,1,1,1,FALSE
214,\SweetHome3D\src\com\eteks\sweethome3d\swing\BackgroundImageWizardStepsPanel.ScaleImagePreviewComponent.java,ScaleImagePreviewComponent,191,1,3,0,0,FALSE,FALSE,4,FALSE,FALSE,9,3,20,24,TRUE,FALSE,TRUE,TRUE,FALSE,private,1,1,1,FALSE
215,\SweetHome3D\src\com\eteks\sweethome3d\swing\ColorButton.java,ColorButton,164,6,4,2,2,FALSE,FALSE,2,FALSE,FALSE,7,2,19,10,FALSE,FALSE,FALSE,TRUE,FALSE,public,4,0,0,FALSE
216,\SweetHome3D\src\com\eteks\sweethome3d\swing\ControllerAction.java,ControllerAction,98,3,1,0,0,FALSE,FALSE,2,FALSE,FALSE,0,1,4,2,FALSE,FALSE,FALSE,TRUE,FALSE,public,1,0,0,FALSE
217,\SweetHome3D\src\com\eteks\sweethome3d\swing\BackgroundImageWizardStepsPanel.java,BackgroundImageWizardStepsPanel,502,18,11,3,0,FALSE,FALSE,5,FALSE,FALSE,12,16,41,57,FALSE,FALSE,FALSE,TRUE,FALSE,public,1,10,0,FALSE
218,\SweetHome3D\src\com\eteks\sweethome3d\swing\FurnitureCatalogListPanel.CatalogCellRenderer.java,CatalogCellRenderer,82,3,4,0,3,FALSE,FALSE,3,TRUE,FALSE,0,8,13,7,TRUE,FALSE,TRUE,TRUE,FALSE,private,2,1,1,FALSE
219,\SweetHome3D\src\com\eteks\sweethome3d\swing\CompassPanel.java,CompassPanel,486,18,4,1,0,FALSE,FALSE,2,FALSE,FALSE,8,5,44,77,FALSE,FALSE,FALSE,TRUE,FALSE,public,1,3,0,FALSE
220,\SweetHome3D\src\com\eteks\sweethome3d\swing\FurnitureCatalogListPanel.PreferencesChangeListener.java,PreferencesChangeListener,80,1,2,0,0,FALSE,FALSE,3,TRUE,FALSE,3,2,12,9,TRUE,FALSE,TRUE,TRUE,FALSE,private,2,0,0,FALSE
221,\SweetHome3D\src\com\eteks\sweethome3d\swing\FurnitureCatalogListPanel.CatalogListModel.java,CatalogListModel,99,4,5,2,2,FALSE,FALSE,3,FALSE,FALSE,2,3,11,14,TRUE,FALSE,TRUE,TRUE,FALSE,private,4,1,0,FALSE
222,\SweetHome3D\src\com\eteks\sweethome3d\swing\FileContentManager.java,FileContentManager,584,2,0,0,0,FALSE,FALSE,3,TRUE,FALSE,27,0,18,56,FALSE,FALSE,FALSE,TRUE,FALSE,public,0,0,0,FALSE
223,\SweetHome3D\src\com\eteks\sweethome3d\viewcontroller\PlanController.java,PlanController,4705,54,208,6,84,FALSE,FALSE,2,TRUE,TRUE,301,322,48,771,FALSE,FALSE,FALSE,TRUE,FALSE,public,58,102,48,FALSE
224,\SweetHome3D\src\com\eteks\sweethome3d\swing\FurnitureCatalogTree.CatalogCellRenderer.java,CatalogCellRenderer,87,3,3,0,2,FALSE,FALSE,3,TRUE,FALSE,2,10,12,9,TRUE,FALSE,TRUE,TRUE,FALSE,private,1,1,1,FALSE
225,\SweetHome3D\src\com\eteks\sweethome3d\swing\FurnitureCatalogTransferHandler.java,FurnitureCatalogTransferHandler,145,3,5,0,2,FALSE,FALSE,4,TRUE,FALSE,5,7,18,9,FALSE,FALSE,FALSE,TRUE,FALSE,public,4,0,1,FALSE
226,\SweetHome3D\src\com\eteks\sweethome3d\swing\FurnitureCatalogListPanel.java,FurnitureCatalogListPanel,454,6,11,3,3,FALSE,FALSE,4,FALSE,FALSE,18,10,58,64,FALSE,FALSE,FALSE,TRUE,FALSE,public,4,7,0,FALSE
227,\SweetHome3D\src\com\eteks\sweethome3d\swing\FurnitureCatalogTree.CatalogTreeModel.java,CatalogTreeModel,152,2,10,0,4,FALSE,FALSE,3,FALSE,FALSE,7,12,13,20,TRUE,FALSE,TRUE,TRUE,FALSE,private,8,2,0,FALSE
228,\SweetHome3D\src\com\eteks\sweethome3d\swing\FurnitureTable.FurnitureFilter.java,FurnitureFilter,33,0,0,0,0,FALSE,FALSE,2,TRUE,FALSE,0,0,2,0,TRUE,TRUE,TRUE,FALSE,FALSE,public,0,0,0,FALSE
229,\SweetHome3D\src\com\eteks\sweethome3d\swing\FurnitureCatalogTree.java,FurnitureCatalogTree,220,2,6,0,2,FALSE,FALSE,3,FALSE,FALSE,13,6,23,25,FALSE,FALSE,FALSE,TRUE,FALSE,public,1,5,0,FALSE
230,\SweetHome3D\src\com\eteks\sweethome3d\swing\FurnitureTable.UserPreferencesChangeListener.java,UserPreferencesChangeListener,45,1,1,0,0,FALSE,FALSE,4,TRUE,FALSE,1,1,4,5,TRUE,FALSE,TRUE,TRUE,FALSE,private,1,0,0,FALSE
231,\SweetHome3D\src\com\eteks\sweethome3d\swing\FurnitureTable.FurnitureTableModel.java,FurnitureTableModel,187,3,10,1,7,FALSE,FALSE,3,FALSE,FALSE,14,7,9,17,TRUE,FALSE,TRUE,TRUE,FALSE,private,8,2,0,FALSE
232,\SweetHome3D\src\com\eteks\sweethome3d\swing\HelpPane.ActionType.java,ActionType,25,4,0,0,0,FALSE,FALSE,2,FALSE,FALSE,0,0,0,0,FALSE,FALSE,TRUE,FALSE,TRUE,private,0,0,0,FALSE
233,\SweetHome3D\src\com\eteks\sweethome3d\swing\FurnitureTransferHandler.java,FurnitureTransferHandler,158,5,5,0,1,FALSE,FALSE,3,TRUE,FALSE,6,8,15,9,FALSE,FALSE,FALSE,TRUE,FALSE,public,3,0,2,FALSE
234,\SweetHome3D\src\com\eteks\sweethome3d\swing\HelpPane.LanguageChangeListener.java,LanguageChangeListener,55,1,1,0,0,FALSE,FALSE,3,TRUE,FALSE,2,1,6,3,TRUE,FALSE,TRUE,TRUE,FALSE,private,1,0,0,FALSE
235,\SweetHome3D\src\com\eteks\sweethome3d\swing\FurnitureTable.FurnitureTableColumnModel.java,FurnitureTableColumnModel,681,2,18,0,14,FALSE,FALSE,4,FALSE,FALSE,20,16,30,49,TRUE,FALSE,TRUE,TRUE,FALSE,private,0,18,0,FALSE
236,\SweetHome3D\src\com\eteks\sweethome3d\swing\FurnitureTable.java,FurnitureTable,599,2,14,1,2,FALSE,FALSE,2,FALSE,FALSE,27,19,44,76,FALSE,FALSE,FALSE,TRUE,FALSE,public,4,10,0,FALSE
237,\SweetHome3D\src\com\eteks\sweethome3d\swing\HomeComponent3D.ActionType.java,ActionType,28,16,0,0,0,FALSE,FALSE,2,FALSE,FALSE,0,0,0,0,FALSE,FALSE,TRUE,FALSE,TRUE,private,0,0,0,FALSE
238,\SweetHome3D\src\com\eteks\sweethome3d\swing\HelpPane.java,HelpPane,411,5,13,2,0,FALSE,FALSE,2,FALSE,FALSE,12,16,42,56,FALSE,FALSE,FALSE,TRUE,FALSE,public,1,12,0,FALSE
239,\SweetHome3D\src\com\eteks\sweethome3d\swing\HomeComponent3D.CameraInterpolator.java,CameraInterpolator,105,3,2,0,0,FALSE,FALSE,2,TRUE,FALSE,4,3,8,28,FALSE,FALSE,TRUE,TRUE,FALSE,private,2,0,0,FALSE
240,\SweetHome3D\src\com\eteks\sweethome3d\swing\HomeComponent3D.JCanvas3DWithNavigationPanel.java,JCanvas3DWithNavigationPanel,39,1,1,0,0,FALSE,FALSE,6,FALSE,FALSE,0,1,3,0,TRUE,FALSE,TRUE,TRUE,FALSE,private,1,0,0,FALSE
241,\SweetHome3D\src\com\eteks\sweethome3d\swing\Home3DAttributesPanel.java,Home3DAttributesPanel,358,14,6,1,0,FALSE,FALSE,4,FALSE,FALSE,9,7,22,38,FALSE,FALSE,FALSE,TRUE,FALSE,public,1,5,0,FALSE
242,\SweetHome3D\src\com\eteks\sweethome3d\swing\HomeComponent3D.NavigationButton.java,NavigationButton,121,1,0,0,0,FALSE,FALSE,2,FALSE,FALSE,1,0,18,12,TRUE,FALSE,TRUE,TRUE,FALSE,private,0,0,0,FALSE
243,\SweetHome3D\src\com\eteks\sweethome3d\swing\HomeComponent3D.NavigationPanelChangeListener.java,NavigationPanelChangeListener,44,1,1,0,0,FALSE,FALSE,4,TRUE,FALSE,1,1,4,3,TRUE,FALSE,TRUE,TRUE,FALSE,private,1,0,0,FALSE
244,\SweetHome3D\src\com\eteks\sweethome3d\swing\HomePrintableComponent.Variable.java,Variable,69,9,3,0,3,FALSE,FALSE,1,FALSE,FALSE,0,1,1,2,FALSE,FALSE,TRUE,FALSE,TRUE,public,3,0,0,FALSE
245,\SweetHome3D\src\com\eteks\sweethome3d\swing\HomePDFPrinter.java,HomePDFPrinter,113,4,1,0,0,FALSE,FALSE,5,TRUE,FALSE,3,1,17,16,FALSE,FALSE,FALSE,TRUE,FALSE,public,1,0,0,FALSE
246,\SweetHome3D\src\com\eteks\sweethome3d\swing\HomeTransferableList.java,HomeTransferableList,76,2,3,0,2,FALSE,FALSE,3,FALSE,FALSE,1,2,6,1,FALSE,FALSE,FALSE,TRUE,FALSE,public,3,0,0,FALSE
247,\SweetHome3D\src\com\eteks\sweethome3d\swing\IconManager.IconProxy.java,IconProxy,59,1,4,0,3,FALSE,FALSE,2,FALSE,FALSE,1,4,5,5,FALSE,FALSE,TRUE,TRUE,FALSE,private,4,0,0,FALSE
248,\SweetHome3D\src\com\eteks\sweethome3d\swing\HomePrintableComponent.java,HomePrintableComponent,410,12,8,1,5,FALSE,FALSE,3,FALSE,FALSE,33,8,30,80,FALSE,FALSE,FALSE,TRUE,FALSE,public,6,1,1,FALSE
249,\SweetHome3D\src\com\eteks\sweethome3d\swing\HomeFurniturePanel.java,HomeFurniturePanel,809,33,7,1,0,FALSE,FALSE,3,FALSE,FALSE,23,9,27,135,FALSE,FALSE,FALSE,TRUE,FALSE,public,1,6,0,FALSE
250,\SweetHome3D\src\com\eteks\sweethome3d\swing\ImportedFurnitureWizardStepsPanel.AttributesPreviewComponent.java,AttributesPreviewComponent,31,0,0,0,0,FALSE,FALSE,3,FALSE,FALSE,0,0,1,0,TRUE,FALSE,TRUE,TRUE,FALSE,private,0,0,0,FALSE
251,\SweetHome3D\src\com\eteks\sweethome3d\swing\ImportedFurnitureWizardStepsPanel.AbstractModelPreviewComponent.java,AbstractModelPreviewComponent,140,0,4,0,0,FALSE,FALSE,4,FALSE,FALSE,1,4,9,14,TRUE,FALSE,TRUE,TRUE,FALSE,private,0,0,4,TRUE
252,\SweetHome3D\src\com\eteks\sweethome3d\swing\ImportedFurnitureWizardStepsPanel.AutoRepeatButton.java,AutoRepeatButton,86,1,0,0,0,FALSE,FALSE,3,FALSE,FALSE,2,0,10,11,FALSE,FALSE,TRUE,TRUE,FALSE,private,0,0,0,FALSE
253,\SweetHome3D\src\com\eteks\sweethome3d\swing\IconManager.java,IconManager,212,5,11,0,7,FALSE,FALSE,2,TRUE,FALSE,7,12,16,12,FALSE,FALSE,FALSE,TRUE,FALSE,public,10,1,0,FALSE
254,\SweetHome3D\src\com\eteks\sweethome3d\swing\ImportedFurnitureWizardStepsPanel.IconPreviewComponent.java,IconPreviewComponent,50,1,2,1,1,FALSE,FALSE,3,FALSE,FALSE,0,1,4,0,TRUE,FALSE,TRUE,TRUE,FALSE,private,1,0,1,FALSE
255,\SweetHome3D\src\com\eteks\sweethome3d\swing\ImportedFurnitureWizardStepsPanel.RotationPreviewComponent.java,RotationPreviewComponent,223,10,6,0,2,FALSE,FALSE,3,FALSE,FALSE,3,3,23,15,TRUE,FALSE,TRUE,TRUE,FALSE,private,1,5,0,FALSE
256,\SweetHome3D\src\com\eteks\sweethome3d\swing\HomeComponent3D.java,HomeComponent3D,1799,28,44,2,1,FALSE,FALSE,3,FALSE,FALSE,103,80,115,270,FALSE,FALSE,FALSE,TRUE,FALSE,public,3,39,0,FALSE
257,\SweetHome3D\src\com\eteks\sweethome3d\swing\InterruptedPrinterException.java,InterruptedPrinterException,39,0,0,0,0,FALSE,FALSE,3,FALSE,FALSE,0,0,1,0,FALSE,FALSE,FALSE,TRUE,FALSE,public,0,0,0,FALSE
258,\SweetHome3D\src\com\eteks\sweethome3d\swing\JPEGImagesToVideo.java,JPEGImagesToVideo,195,5,2,0,0,FALSE,FALSE,7,FALSE,FALSE,9,7,26,26,FALSE,FALSE,FALSE,TRUE,FALSE,public,1,1,0,FALSE
259,\SweetHome3D\src\com\eteks\sweethome3d\swing\LabelPanel.java,LabelPanel,145,5,4,1,0,FALSE,FALSE,2,FALSE,FALSE,5,6,18,11,FALSE,FALSE,FALSE,TRUE,FALSE,public,1,3,0,FALSE
260,\SweetHome3D\src\com\eteks\sweethome3d\swing\LevelPanel.LevelsTableModel.java,LevelsTableModel,64,2,4,0,4,FALSE,FALSE,3,FALSE,FALSE,3,3,2,5,TRUE,FALSE,TRUE,TRUE,FALSE,private,4,0,0,FALSE
261,\SweetHome3D\src\com\eteks\sweethome3d\swing\ImportedTextureWizardStepsPanel.java,ImportedTextureWizardStepsPanel,657,18,13,3,0,FALSE,FALSE,5,FALSE,FALSE,24,18,59,90,FALSE,FALSE,FALSE,TRUE,FALSE,public,1,12,0,FALSE
262,\SweetHome3D\src\com\eteks\sweethome3d\swing\LocatedTransferHandler.java,LocatedTransferHandler,192,3,7,0,2,FALSE,FALSE,3,TRUE,FALSE,10,11,17,17,FALSE,FALSE,FALSE,TRUE,FALSE,public,1,0,6,TRUE
263,\SweetHome3D\src\com\eteks\sweethome3d\swing\LevelPanel.java,LevelPanel,364,12,4,1,0,FALSE,FALSE,2,FALSE,FALSE,18,6,32,38,FALSE,FALSE,FALSE,TRUE,FALSE,public,1,3,0,FALSE
264,\SweetHome3D\src\com\eteks\sweethome3d\swing\MultipleLevelsPlanPanel.LevelLabel.java,LevelLabel,35,1,1,0,1,FALSE,FALSE,2,FALSE,FALSE,0,0,2,0,TRUE,FALSE,TRUE,TRUE,FALSE,private,1,0,0,FALSE
265,\SweetHome3D\src\com\eteks\sweethome3d\swing\MultipleLevelsPlanPanel.LanguageChangeListener.java,LanguageChangeListener,46,1,1,0,0,FALSE,FALSE,3,TRUE,FALSE,1,1,4,3,TRUE,FALSE,TRUE,TRUE,FALSE,private,1,0,0,FALSE
266,\SweetHome3D\src\com\eteks\sweethome3d\swing\ImportedFurnitureWizardStepsPanel.java,ImportedFurnitureWizardStepsPanel,1268,46,21,5,2,FALSE,FALSE,5,FALSE,FALSE,30,24,72,167,FALSE,FALSE,FALSE,TRUE,FALSE,public,1,20,0,FALSE
267,\SweetHome3D\src\com\eteks\sweethome3d\swing\NullableCheckBox.java,NullableCheckBox,211,7,14,6,3,FALSE,FALSE,3,FALSE,FALSE,9,8,11,12,FALSE,FALSE,FALSE,TRUE,FALSE,public,13,1,0,FALSE
268,\SweetHome3D\src\com\eteks\sweethome3d\swing\NullableSpinner.NullableSpinnerLengthModel.java,NullableSpinnerLengthModel,58,1,2,1,1,FALSE,FALSE,4,FALSE,FALSE,2,1,2,7,TRUE,FALSE,TRUE,TRUE,FALSE,public,2,0,0,FALSE
269,\SweetHome3D\src\com\eteks\sweethome3d\swing\NullableSpinner.NullableSpinnerNumberModel.java,NullableSpinnerNumberModel,113,2,7,2,4,FALSE,FALSE,4,FALSE,FALSE,9,2,1,6,TRUE,FALSE,TRUE,TRUE,FALSE,public,7,0,0,FALSE
270,\SweetHome3D\src\com\eteks\sweethome3d\swing\MultipleLevelsPlanPanel.java,MultipleLevelsPlanPanel,496,6,39,12,6,FALSE,FALSE,4,FALSE,FALSE,14,64,46,60,FALSE,FALSE,FALSE,TRUE,FALSE,public,32,6,1,FALSE
271,\SweetHome3D\src\com\eteks\sweethome3d\swing\NullableSpinner.java,NullableSpinner,118,0,0,0,0,FALSE,FALSE,2,TRUE,FALSE,7,0,3,11,FALSE,FALSE,FALSE,TRUE,FALSE,public,0,0,0,FALSE
272,\SweetHome3D\src\com\eteks\sweethome3d\swing\PhotoPanel.ActionType.java,ActionType,25,4,0,0,0,FALSE,FALSE,2,FALSE,FALSE,0,0,0,0,FALSE,FALSE,TRUE,FALSE,TRUE,private,0,0,0,FALSE
273,\SweetHome3D\src\com\eteks\sweethome3d\swing\PhotoPanel.LanguageChangeListener.java,LanguageChangeListener,48,1,1,0,0,FALSE,FALSE,3,TRUE,FALSE,1,1,6,3,TRUE,FALSE,TRUE,TRUE,FALSE,public,1,0,0,FALSE
274,\SweetHome3D\src\com\eteks\sweethome3d\swing\ModelPreviewComponent.java,ModelPreviewComponent,787,8,32,12,11,FALSE,FALSE,3,FALSE,FALSE,39,32,68,99,FALSE,FALSE,FALSE,TRUE,FALSE,public,5,15,11,FALSE
275,\SweetHome3D\src\com\eteks\sweethome3d\swing\ObserverCameraPanel.java,ObserverCameraPanel,327,15,4,1,0,FALSE,FALSE,3,FALSE,FALSE,5,5,23,47,FALSE,FALSE,FALSE,TRUE,FALSE,public,1,3,0,FALSE
276,\SweetHome3D\src\com\eteks\sweethome3d\swing\PageSetupPanel.java,PageSetupPanel,446,17,8,1,0,FALSE,FALSE,3,FALSE,FALSE,10,8,43,61,FALSE,FALSE,FALSE,TRUE,FALSE,public,2,6,0,FALSE
277,\SweetHome3D\src\com\eteks\sweethome3d\swing\PlanComponent.ActionType.java,ActionType,30,16,0,0,0,FALSE,FALSE,2,FALSE,FALSE,0,0,0,0,FALSE,FALSE,TRUE,FALSE,TRUE,private,0,0,0,FALSE
278,\SweetHome3D\src\com\eteks\sweethome3d\swing\PlanComponent.PaintMode.java,PaintMode,25,4,0,0,0,FALSE,FALSE,2,FALSE,FALSE,0,0,0,0,FALSE,FALSE,TRUE,FALSE,TRUE,protected,0,0,0,FALSE
279,\SweetHome3D\src\com\eteks\sweethome3d\swing\PlanComponent.PieceOfFurnitureTopViewIcon.java,PieceOfFurnitureTopViewIcon,51,1,6,1,2,FALSE,FALSE,6,FALSE,FALSE,0,5,3,4,TRUE,FALSE,TRUE,TRUE,FALSE,private,5,0,1,TRUE
280,\SweetHome3D\src\com\eteks\sweethome3d\swing\PlanComponent.PieceOfFurnitureModelIcon.java,PieceOfFurnitureModelIcon,236,3,3,0,1,FALSE,FALSE,5,FALSE,FALSE,9,7,37,39,TRUE,FALSE,TRUE,TRUE,FALSE,private,0,3,0,FALSE
281,\SweetHome3D\src\com\eteks\sweethome3d\swing\PlanComponent.PieceOfFurniturePlanIcon.java,PieceOfFurniturePlanIcon,136,4,2,1,0,FALSE,FALSE,5,FALSE,FALSE,4,6,16,21,TRUE,FALSE,TRUE,TRUE,FALSE,private,1,1,0,FALSE
282,\SweetHome3D\src\com\eteks\sweethome3d\swing\PlanComponent.SVGSupport.java,SVGSupport,73,0,1,0,0,FALSE,FALSE,4,FALSE,FALSE,1,2,10,12,TRUE,FALSE,TRUE,TRUE,FALSE,private,1,0,0,FALSE
283,\SweetHome3D\src\com\eteks\sweethome3d\swing\PlanComponent.UserPreferencesChangeListener.java,UserPreferencesChangeListener,74,1,1,0,0,FALSE,FALSE,4,TRUE,FALSE,5,1,7,10,TRUE,FALSE,TRUE,TRUE,FALSE,private,1,0,0,FALSE
284,\SweetHome3D\src\com\eteks\sweethome3d\swing\PlanComponent.PlanRulerComponent.java,PlanRulerComponent,258,2,6,0,2,FALSE,FALSE,3,FALSE,FALSE,15,6,20,23,FALSE,FALSE,TRUE,TRUE,FALSE,public,1,4,1,FALSE
285,\SweetHome3D\src\com\eteks\sweethome3d\swing\PrintPreviewPanel.ActionType.java,ActionType,25,2,0,0,0,FALSE,FALSE,2,FALSE,FALSE,0,0,0,0,FALSE,FALSE,TRUE,FALSE,TRUE,private,0,0,0,FALSE
286,\SweetHome3D\src\com\eteks\sweethome3d\swing\PlanTransferHandler.java,PlanTransferHandler,246,6,11,0,2,FALSE,FALSE,3,TRUE,FALSE,12,20,19,21,FALSE,FALSE,FALSE,TRUE,FALSE,public,2,3,6,FALSE
287,\SweetHome3D\src\com\eteks\sweethome3d\swing\PhotoPanel.java,PhotoPanel,1046,36,15,2,2,FALSE,FALSE,2,FALSE,FALSE,35,12,81,170,FALSE,FALSE,FALSE,TRUE,FALSE,public,1,14,0,FALSE
288,\SweetHome3D\src\com\eteks\sweethome3d\swing\ProportionalLayout.Constraints.java,Constraints,28,2,0,0,0,FALSE,FALSE,1,FALSE,FALSE,0,0,0,0,FALSE,FALSE,TRUE,FALSE,TRUE,public,0,0,0,FALSE
289,\SweetHome3D\src\com\eteks\sweethome3d\swing\PrintPreviewPanel.java,PrintPreviewPanel,217,4,7,0,0,FALSE,FALSE,3,FALSE,FALSE,2,5,29,18,FALSE,FALSE,FALSE,TRUE,FALSE,public,1,6,0,FALSE
290,\SweetHome3D\src\com\eteks\sweethome3d\swing\ResourceAction.ButtonAction.java,ButtonAction,39,0,1,0,1,FALSE,FALSE,2,FALSE,FALSE,1,1,2,1,TRUE,FALSE,TRUE,TRUE,FALSE,public,1,0,0,FALSE
291,\SweetHome3D\src\com\eteks\sweethome3d\swing\ResourceAction.AbstractDecoratedAction.java,AbstractDecoratedAction,77,2,8,1,1,FALSE,FALSE,3,FALSE,FALSE,2,10,5,5,TRUE,FALSE,TRUE,TRUE,FALSE,private,7,0,1,FALSE
292,\SweetHome3D\src\com\eteks\sweethome3d\swing\ProportionalLayout.java,ProportionalLayout,211,3,10,0,2,FALSE,FALSE,2,FALSE,FALSE,14,12,5,23,FALSE,FALSE,FALSE,TRUE,FALSE,public,10,0,0,FALSE
293,\SweetHome3D\src\com\eteks\sweethome3d\swing\ResourceAction.LanguageChangeListener.java,LanguageChangeListener,51,3,1,0,0,FALSE,FALSE,3,TRUE,FALSE,1,1,4,3,TRUE,FALSE,TRUE,TRUE,FALSE,private,1,0,0,FALSE
294,\SweetHome3D\src\com\eteks\sweethome3d\swing\ResourceAction.MenuItemAction.java,MenuItemAction,41,0,1,0,1,FALSE,FALSE,3,FALSE,FALSE,1,1,2,1,TRUE,FALSE,TRUE,TRUE,FALSE,public,1,0,0,FALSE
295,\SweetHome3D\src\com\eteks\sweethome3d\swing\ResourceAction.ToolBarAction.java,ToolBarAction,37,0,1,0,1,FALSE,FALSE,3,FALSE,FALSE,1,1,1,0,TRUE,FALSE,TRUE,TRUE,FALSE,public,1,0,0,FALSE
296,\SweetHome3D\src\com\eteks\sweethome3d\swing\ResourceAction.PopupMenuItemAction.java,PopupMenuItemAction,60,0,1,0,1,FALSE,FALSE,4,FALSE,FALSE,3,1,4,4,TRUE,FALSE,TRUE,TRUE,FALSE,public,1,0,0,FALSE
297,\SweetHome3D\src\com\eteks\sweethome3d\swing\ResourceAction.java,ResourceAction,143,2,3,0,1,FALSE,FALSE,2,FALSE,FALSE,5,8,5,2,FALSE,FALSE,FALSE,TRUE,FALSE,public,1,2,0,FALSE
298,\SweetHome3D\src\com\eteks\sweethome3d\swing\SwingTools.BrowserSupport.java,BrowserSupport,46,0,1,0,0,FALSE,FALSE,2,FALSE,FALSE,1,1,4,1,TRUE,FALSE,TRUE,TRUE,FALSE,private,1,0,0,FALSE
299,\SweetHome3D\src\com\eteks\sweethome3d\swing\ScaledImageComponent.java,ScaledImageComponent,174,2,8,1,4,FALSE,FALSE,3,FALSE,FALSE,8,6,13,15,FALSE,FALSE,FALSE,TRUE,FALSE,public,3,0,5,FALSE
300,\SweetHome3D\src\com\eteks\sweethome3d\swing\SwingTools.MenuItemsVisibilityListener.java,MenuItemsVisibilityListener,126,0,6,0,0,FALSE,FALSE,4,TRUE,FALSE,11,6,7,13,TRUE,FALSE,TRUE,TRUE,FALSE,private,3,3,0,FALSE
301,\SweetHome3D\src\com\eteks\sweethome3d\swing\RoomPanel.java,RoomPanel,512,19,9,1,0,FALSE,FALSE,2,FALSE,FALSE,18,11,23,76,FALSE,FALSE,FALSE,TRUE,FALSE,public,1,8,0,FALSE
302,\SweetHome3D\src\com\eteks\sweethome3d\swing\SwingViewFactory.java,SwingViewFactory,269,0,25,0,0,FALSE,FALSE,3,FALSE,FALSE,2,67,41,1,FALSE,FALSE,FALSE,TRUE,FALSE,public,25,0,0,FALSE
303,\SweetHome3D\src\com\eteks\sweethome3d\swing\TextureChoiceComponent.java,TextureChoiceComponent,119,1,1,0,0,FALSE,FALSE,3,FALSE,FALSE,2,0,19,8,FALSE,FALSE,FALSE,TRUE,FALSE,public,1,0,0,FALSE
304,\SweetHome3D\src\com\eteks\sweethome3d\swing\ThreadedTaskPanel.java,ThreadedTaskPanel,155,6,6,3,0,FALSE,FALSE,3,FALSE,FALSE,5,7,16,9,FALSE,FALSE,FALSE,TRUE,FALSE,public,4,2,0,FALSE
305,\SweetHome3D\src\com\eteks\sweethome3d\swing\SwingTools.java,SwingTools,587,3,20,0,3,FALSE,FALSE,2,FALSE,FALSE,29,36,57,75,FALSE,FALSE,FALSE,TRUE,FALSE,public,17,3,0,FALSE
306,\SweetHome3D\src\com\eteks\sweethome3d\swing\UserPreferencesPanel.SpinnerLengthModel.java,SpinnerLengthModel,83,1,3,1,1,FALSE,FALSE,3,FALSE,FALSE,1,6,5,3,TRUE,FALSE,TRUE,TRUE,FALSE,private,2,1,0,FALSE
307,\SweetHome3D\src\com\eteks\sweethome3d\swing\UnfocusableToolBar.java,UnfocusableToolBar,101,0,1,0,0,FALSE,FALSE,3,FALSE,FALSE,4,0,10,3,FALSE,FALSE,FALSE,TRUE,FALSE,public,0,1,0,FALSE
308,\SweetHome3D\src\com\eteks\sweethome3d\swing\TextureChoiceComponent.TexturePanel.java,TexturePanel,435,10,8,2,2,FALSE,FALSE,2,FALSE,FALSE,17,7,58,61,TRUE,FALSE,TRUE,TRUE,FALSE,private,3,5,0,FALSE
309,\SweetHome3D\src\com\eteks\sweethome3d\swing\UserPreferencesPanel.SupportedLanguagesChangeListener.java,SupportedLanguagesChangeListener,59,1,1,0,0,FALSE,FALSE,4,TRUE,FALSE,2,1,8,5,TRUE,FALSE,TRUE,TRUE,FALSE,private,1,0,0,FALSE
310,\SweetHome3D\src\com\eteks\sweethome3d\swing\VideoPanel.ActionType.java,ActionType,26,13,0,0,0,FALSE,FALSE,2,FALSE,FALSE,0,0,0,0,FALSE,FALSE,TRUE,FALSE,TRUE,private,0,0,0,FALSE
311,\SweetHome3D\src\com\eteks\sweethome3d\swing\VideoPanel.FrameGenerator.java,FrameGenerator,40,1,1,0,0,FALSE,FALSE,2,TRUE,FALSE,1,0,4,2,TRUE,FALSE,TRUE,TRUE,FALSE,private,0,0,1,TRUE
312,\SweetHome3D\src\com\eteks\sweethome3d\swing\VideoPanel.ImageDataSource.java,ImageDataSource,85,1,11,1,6,FALSE,FALSE,3,FALSE,FALSE,0,2,8,0,TRUE,FALSE,TRUE,TRUE,FALSE,private,11,0,0,FALSE
313,\SweetHome3D\src\com\eteks\sweethome3d\swing\VideoPanel.Image3DGenerator.java,Image3DGenerator,68,3,1,0,0,FALSE,FALSE,3,TRUE,FALSE,1,2,7,7,TRUE,FALSE,TRUE,TRUE,FALSE,private,1,0,0,FALSE
314,\SweetHome3D\src\com\eteks\sweethome3d\swing\VideoPanel.ImageSourceStream.java,ImageSourceStream,108,6,8,0,5,FALSE,FALSE,3,FALSE,FALSE,1,2,12,3,TRUE,FALSE,TRUE,TRUE,FALSE,private,8,0,0,FALSE
315,\SweetHome3D\src\com\eteks\sweethome3d\swing\VideoPanel.LanguageChangeListener.java,LanguageChangeListener,48,1,1,0,0,FALSE,FALSE,3,TRUE,FALSE,1,1,6,3,TRUE,FALSE,TRUE,TRUE,FALSE,public,1,0,0,FALSE
316,\SweetHome3D\src\com\eteks\sweethome3d\swing\VideoPanel.PhotoImageGenerator.java,PhotoImageGenerator,54,2,1,0,0,FALSE,FALSE,3,TRUE,FALSE,1,2,6,0,TRUE,FALSE,TRUE,TRUE,FALSE,private,1,0,0,FALSE
317,\SweetHome3D\src\com\eteks\sweethome3d\swing\VisualTransferHandler.DragGestureRecognizerWithVisualRepresentation.java,DragGestureRecognizerWithVisualRepresentation,45,0,3,0,0,FALSE,FALSE,6,FALSE,FALSE,0,4,4,2,FALSE,FALSE,TRUE,TRUE,FALSE,private,0,0,2,FALSE
318,\SweetHome3D\src\com\eteks\sweethome3d\swing\UserPreferencesPanel.java,UserPreferencesPanel,843,39,5,1,0,FALSE,FALSE,3,FALSE,FALSE,56,5,41,112,FALSE,FALSE,FALSE,TRUE,FALSE,public,1,4,0,FALSE
319,\SweetHome3D\src\com\eteks\sweethome3d\swing\VisualTransferHandler.java,VisualTransferHandler,59,1,1,0,0,FALSE,FALSE,3,TRUE,FALSE,1,3,5,1,FALSE,FALSE,FALSE,TRUE,FALSE,public,1,0,0,FALSE
320,\SweetHome3D\src\com\eteks\sweethome3d\swing\VisualTransferHandler.DragListenerWithVisualRepresentation.java,DragListenerWithVisualRepresentation,88,2,6,0,0,FALSE,FALSE,5,FALSE,FALSE,3,6,16,10,FALSE,FALSE,TRUE,TRUE,FALSE,private,6,0,0,FALSE
321,\SweetHome3D\src\com\eteks\sweethome3d\swing\WizardPane.java,WizardPane,264,6,5,0,0,FALSE,FALSE,2,FALSE,FALSE,10,6,30,36,FALSE,FALSE,FALSE,TRUE,FALSE,public,1,4,0,FALSE
322,\SweetHome3D\src\com\eteks\sweethome3d\plugin\HomePluginController.java,HomePluginController,87,3,2,0,1,FALSE,FALSE,3,TRUE,TRUE,3,1,8,4,FALSE,FALSE,FALSE,TRUE,FALSE,public,2,0,0,FALSE
323,\SweetHome3D\src\com\eteks\sweethome3d\plugin\Plugin.java,Plugin,209,10,21,10,10,FALSE,FALSE,1,FALSE,FALSE,0,10,4,0,FALSE,FALSE,FALSE,TRUE,FALSE,public,11,0,0,TRUE
324,\SweetHome3D\src\com\eteks\sweethome3d\plugin\PluginAction.Property.java,Property,61,7,0,0,0,FALSE,FALSE,1,FALSE,FALSE,0,0,0,0,FALSE,FALSE,TRUE,FALSE,TRUE,public,0,0,0,FALSE
325,\SweetHome3D\src\com\eteks\sweethome3d\plugin\PluginAction.java,PluginAction,188,2,8,1,2,FALSE,FALSE,2,FALSE,FALSE,6,11,8,5,FALSE,FALSE,FALSE,TRUE,FALSE,public,6,2,0,TRUE
326,\SweetHome3D\src\com\eteks\sweethome3d\plugin\PluginManager.PluginDefinition.java,PluginDefinition,70,7,7,0,7,FALSE,FALSE,2,FALSE,FALSE,0,0,0,0,TRUE,FALSE,TRUE,TRUE,FALSE,private,7,0,0,FALSE
327,\SweetHome3D\src\com\eteks\sweethome3d\swing\WallPanel.java,WallPanel,875,37,10,1,0,FALSE,FALSE,2,FALSE,FALSE,23,14,28,148,FALSE,FALSE,FALSE,TRUE,FALSE,public,1,9,0,FALSE
328,\SweetHome3D\src\com\eteks\sweethome3d\model\AspectRatio.java,AspectRatio,43,8,1,0,1,FALSE,FALSE,2,FALSE,FALSE,0,0,0,0,FALSE,FALSE,FALSE,FALSE,TRUE,public,1,0,0,FALSE
329,\SweetHome3D\src\com\eteks\sweethome3d\model\BackgroundImage.java,BackgroundImage,148,10,11,0,10,FALSE,FALSE,2,FALSE,FALSE,0,5,2,0,FALSE,FALSE,FALSE,TRUE,FALSE,public,11,0,0,FALSE
330,\SweetHome3D\src\com\eteks\sweethome3d\plugin\PluginManager.java,PluginManager,401,13,9,0,3,FALSE,FALSE,2,TRUE,FALSE,20,19,34,40,FALSE,FALSE,FALSE,TRUE,FALSE,public,3,5,0,FALSE
331,\SweetHome3D\src\com\eteks\sweethome3d\model\Camera.Lens.java,Lens,25,4,0,0,0,FALSE,FALSE,1,FALSE,FALSE,0,0,0,0,FALSE,FALSE,TRUE,FALSE,TRUE,public,0,0,0,FALSE
332,\SweetHome3D\src\com\eteks\sweethome3d\model\Camera.Property.java,Property,25,9,0,0,0,FALSE,FALSE,1,FALSE,FALSE,0,0,0,0,FALSE,FALSE,TRUE,FALSE,TRUE,public,0,0,0,FALSE
333,\SweetHome3D\src\com\eteks\sweethome3d\model\CatalogDoorOrWindow.java,CatalogDoorOrWindow,238,3,4,0,3,FALSE,FALSE,4,FALSE,FALSE,1,0,1,1,FALSE,FALSE,FALSE,TRUE,FALSE,public,4,0,0,FALSE
334,\SweetHome3D\src\com\eteks\sweethome3d\swing\VideoPanel.java,VideoPanel,1471,39,27,2,3,FALSE,FALSE,2,FALSE,FALSE,58,18,103,273,FALSE,FALSE,FALSE,TRUE,FALSE,public,1,26,0,FALSE
335,\SweetHome3D\src\com\eteks\sweethome3d\model\Camera.java,Camera,319,12,26,10,9,FALSE,FALSE,1,FALSE,FALSE,10,16,8,22,FALSE,FALSE,FALSE,TRUE,FALSE,public,23,3,0,FALSE
336,\SweetHome3D\src\com\eteks\sweethome3d\model\CatalogLight.java,CatalogLight,178,1,1,0,1,FALSE,FALSE,2,FALSE,FALSE,1,0,1,1,FALSE,FALSE,FALSE,TRUE,FALSE,public,1,0,0,FALSE
337,\SweetHome3D\src\com\eteks\sweethome3d\model\CatalogTexture.java,CatalogTexture,165,10,12,1,7,FALSE,FALSE,2,FALSE,FALSE,0,3,1,2,FALSE,FALSE,FALSE,TRUE,FALSE,public,11,0,0,FALSE
338,\SweetHome3D\src\com\eteks\sweethome3d\model\CollectionEvent.Type.java,Type,26,2,0,0,0,FALSE,FALSE,1,FALSE,FALSE,0,0,0,0,FALSE,FALSE,TRUE,FALSE,TRUE,public,0,0,0,FALSE
339,\SweetHome3D\src\com\eteks\sweethome3d\model\CollectionChangeSupport.java,CollectionChangeSupport,74,2,4,0,0,FALSE,FALSE,3,FALSE,FALSE,1,7,2,2,FALSE,FALSE,FALSE,TRUE,FALSE,public,4,0,0,FALSE
340,\SweetHome3D\src\com\eteks\sweethome3d\model\CollectionListener.java,CollectionListener,32,0,0,0,0,FALSE,FALSE,2,TRUE,FALSE,0,0,1,0,FALSE,TRUE,FALSE,FALSE,FALSE,public,0,0,0,FALSE
341,\SweetHome3D\src\com\eteks\sweethome3d\model\CollectionEvent.java,CollectionEvent,67,3,3,0,3,FALSE,FALSE,2,FALSE,FALSE,0,0,1,0,FALSE,FALSE,FALSE,TRUE,FALSE,public,3,0,0,FALSE
342,\SweetHome3D\src\com\eteks\sweethome3d\swing\PlanComponent.java,PlanComponent,4440,78,130,14,39,FALSE,FALSE,2,FALSE,FALSE,305,353,135,756,FALSE,FALSE,FALSE,TRUE,FALSE,public,40,79,11,FALSE
343,\SweetHome3D\src\com\eteks\sweethome3d\model\Compass.GeographicPoint.java,GeographicPoint,40,2,2,0,2,FALSE,FALSE,2,FALSE,FALSE,0,0,0,0,TRUE,FALSE,TRUE,TRUE,FALSE,private,2,0,0,FALSE
344,\SweetHome3D\src\com\eteks\sweethome3d\model\Compass.Property.java,Property,27,8,0,0,0,FALSE,FALSE,1,FALSE,FALSE,0,0,0,0,FALSE,FALSE,TRUE,FALSE,TRUE,public,0,0,0,FALSE
345,\SweetHome3D\src\com\eteks\sweethome3d\model\CatalogPieceOfFurniture.java,CatalogPieceOfFurniture,565,29,32,1,19,FALSE,FALSE,4,FALSE,FALSE,1,4,2,2,FALSE,FALSE,FALSE,TRUE,FALSE,public,30,1,0,FALSE
346,\SweetHome3D\src\com\eteks\sweethome3d\model\Content.java,Content,34,0,0,0,0,FALSE,FALSE,1,FALSE,FALSE,0,0,3,0,FALSE,TRUE,FALSE,FALSE,FALSE,public,0,0,0,FALSE
347,\SweetHome3D\src\com\eteks\sweethome3d\model\DimensionLine.Property.java,Property,25,7,0,0,0,FALSE,FALSE,1,FALSE,FALSE,0,0,0,0,FALSE,FALSE,TRUE,FALSE,TRUE,public,0,0,0,FALSE
348,\SweetHome3D\src\com\eteks\sweethome3d\model\DoorOrWindow.java,DoorOrWindow,42,0,0,0,0,FALSE,FALSE,3,FALSE,FALSE,0,0,0,0,FALSE,TRUE,FALSE,FALSE,FALSE,public,0,0,0,FALSE
349,\SweetHome3D\src\com\eteks\sweethome3d\model\Elevatable.java,Elevatable,35,0,0,0,0,FALSE,FALSE,1,FALSE,FALSE,0,0,0,0,FALSE,TRUE,FALSE,FALSE,FALSE,public,0,0,0,FALSE
350,\SweetHome3D\src\com\eteks\sweethome3d\model\FurnitureCategory.java,FurnitureCategory,126,4,10,0,4,FALSE,FALSE,2,FALSE,FALSE,3,5,4,6,FALSE,FALSE,FALSE,TRUE,FALSE,public,7,1,0,FALSE
351,\SweetHome3D\src\com\eteks\sweethome3d\model\FurnitureCatalog.java,FurnitureCatalog,137,3,9,0,3,FALSE,FALSE,2,FALSE,FALSE,6,7,3,8,FALSE,FALSE,FALSE,TRUE,FALSE,public,7,2,0,TRUE
352,\SweetHome3D\src\com\eteks\sweethome3d\model\Home.Property.java,Property,27,12,0,0,0,FALSE,FALSE,1,FALSE,FALSE,0,0,0,0,FALSE,FALSE,TRUE,FALSE,TRUE,public,0,0,0,FALSE
353,\SweetHome3D\src\com\eteks\sweethome3d\model\HomeApplication.java,HomeApplication,120,2,9,0,4,FALSE,FALSE,2,FALSE,FALSE,1,5,3,2,FALSE,FALSE,FALSE,TRUE,FALSE,public,9,0,0,TRUE
354,\SweetHome3D\src\com\eteks\sweethome3d\model\DimensionLine.java,DimensionLine,344,10,29,7,10,FALSE,FALSE,2,FALSE,FALSE,9,33,10,10,FALSE,FALSE,FALSE,TRUE,FALSE,public,26,3,0,FALSE
355,\SweetHome3D\src\com\eteks\sweethome3d\model\HomeDoorOrWindow.java,HomeDoorOrWindow,141,5,11,5,3,FALSE,FALSE,4,FALSE,FALSE,5,5,0,5,FALSE,FALSE,FALSE,TRUE,FALSE,public,11,0,0,FALSE
356,\SweetHome3D\src\com\eteks\sweethome3d\model\HomeEnvironment.DrawingMode.java,DrawingMode,27,3,0,0,0,FALSE,FALSE,2,FALSE,FALSE,0,0,0,0,FALSE,FALSE,TRUE,FALSE,TRUE,public,0,0,0,FALSE
357,\SweetHome3D\src\com\eteks\sweethome3d\model\HomeEnvironment.Property.java,Property,28,19,0,0,0,FALSE,FALSE,1,FALSE,FALSE,0,0,0,0,FALSE,FALSE,TRUE,FALSE,TRUE,public,0,0,0,FALSE
358,\SweetHome3D\src\com\eteks\sweethome3d\model\HomeEnvironment.java,HomeEnvironment,540,23,44,19,18,FALSE,FALSE,2,FALSE,FALSE,23,25,7,31,FALSE,FALSE,FALSE,TRUE,FALSE,public,42,2,0,FALSE
359,\SweetHome3D\src\com\eteks\sweethome3d\model\HomeLight.Property.java,Property,26,1,0,0,0,FALSE,FALSE,1,FALSE,FALSE,0,0,0,0,FALSE,FALSE,TRUE,FALSE,TRUE,public,0,0,0,FALSE
360,\SweetHome3D\src\com\eteks\sweethome3d\model\HomeLight.java,HomeLight,117,4,7,1,2,FALSE,FALSE,2,FALSE,FALSE,2,4,4,5,FALSE,FALSE,FALSE,TRUE,FALSE,public,6,1,0,FALSE
361,\SweetHome3D\src\com\eteks\sweethome3d\model\HomePieceOfFurniture.Property.java,Property,26,20,0,0,0,FALSE,FALSE,1,FALSE,FALSE,0,0,0,0,FALSE,FALSE,TRUE,FALSE,TRUE,public,0,0,0,FALSE
362,\SweetHome3D\src\com\eteks\sweethome3d\model\HomePieceOfFurniture.SortableProperty.java,SortableProperty,27,19,0,0,0,FALSE,FALSE,2,FALSE,FALSE,0,0,0,0,FALSE,FALSE,TRUE,FALSE,TRUE,public,0,0,0,FALSE
363,\SweetHome3D\src\com\eteks\sweethome3d\model\Home.java,Home,1292,47,88,14,30,FALSE,FALSE,1,FALSE,FALSE,56,70,14,99,FALSE,FALSE,FALSE,TRUE,FALSE,public,81,7,0,FALSE
364,\SweetHome3D\src\com\eteks\sweethome3d\model\HomeFurnitureGroup.java,HomeFurnitureGroup,664,17,41,13,16,FALSE,FALSE,3,FALSE,FALSE,33,22,11,86,FALSE,FALSE,FALSE,TRUE,FALSE,public,37,4,0,FALSE
365,\SweetHome3D\src\com\eteks\sweethome3d\model\HomePrint.PaperOrientation.java,PaperOrientation,25,3,0,0,0,FALSE,FALSE,2,FALSE,FALSE,0,0,0,0,FALSE,FALSE,TRUE,FALSE,TRUE,public,0,0,0,FALSE
366,\SweetHome3D\src\com\eteks\sweethome3d\model\HomeRecorder.Type.java,Type,33,2,0,0,0,FALSE,FALSE,1,FALSE,FALSE,0,0,0,0,FALSE,FALSE,TRUE,FALSE,TRUE,public,0,0,0,FALSE
367,\SweetHome3D\src\com\eteks\sweethome3d\model\HomePrint.java,HomePrint,154,14,13,0,10,FALSE,FALSE,2,FALSE,FALSE,0,0,1,0,FALSE,FALSE,FALSE,TRUE,FALSE,public,13,0,0,FALSE
368,\SweetHome3D\src\com\eteks\sweethome3d\model\Compass.java,Compass,1048,15,30,8,10,FALSE,FALSE,1,FALSE,FALSE,18,32,15,27,FALSE,FALSE,FALSE,TRUE,FALSE,public,25,5,0,FALSE
369,\SweetHome3D\src\com\eteks\sweethome3d\model\HomeRecorder.java,HomeRecorder,47,0,0,0,0,FALSE,FALSE,2,TRUE,FALSE,0,0,0,0,FALSE,TRUE,FALSE,FALSE,FALSE,public,0,0,0,FALSE
370,\SweetHome3D\src\com\eteks\sweethome3d\model\IllegalHomonymException.java,IllegalHomonymException,38,1,0,0,0,FALSE,FALSE,3,FALSE,FALSE,0,0,0,0,FALSE,FALSE,FALSE,TRUE,FALSE,public,0,0,0,FALSE
371,\SweetHome3D\src\com\eteks\sweethome3d\model\InterruptedRecorderException.java,InterruptedRecorderException,39,1,0,0,0,FALSE,FALSE,3,FALSE,FALSE,0,0,0,0,FALSE,FALSE,FALSE,TRUE,FALSE,public,0,0,0,FALSE
372,\SweetHome3D\src\com\eteks\sweethome3d\model\HomeTexture.java,HomeTexture,106,6,7,0,4,FALSE,FALSE,2,FALSE,FALSE,1,1,1,6,FALSE,FALSE,FALSE,TRUE,FALSE,public,7,0,0,FALSE
373,\SweetHome3D\src\com\eteks\sweethome3d\model\Label.Property.java,Property,25,5,0,0,0,FALSE,FALSE,1,FALSE,FALSE,0,0,0,0,FALSE,FALSE,TRUE,FALSE,TRUE,public,0,0,0,FALSE
374,\SweetHome3D\src\com\eteks\sweethome3d\model\LengthUnit.MeterFamilyFormat.java,MeterFamilyFormat,53,1,3,0,0,FALSE,FALSE,3,FALSE,FALSE,1,8,3,1,TRUE,FALSE,TRUE,TRUE,FALSE,private,3,0,0,FALSE
375,\SweetHome3D\src\com\eteks\sweethome3d\model\LengthUnit.SquareMeterAreaFormatWithUnit.java,SquareMeterAreaFormatWithUnit,36,0,1,0,0,FALSE,FALSE,6,FALSE,FALSE,0,3,2,0,TRUE,FALSE,TRUE,TRUE,FALSE,private,1,0,0,FALSE
376,\SweetHome3D\src\com\eteks\sweethome3d\model\Label.java,Label,210,7,19,5,6,FALSE,FALSE,1,FALSE,FALSE,5,18,6,7,FALSE,FALSE,FALSE,TRUE,FALSE,public,18,1,0,FALSE
377,\SweetHome3D\src\com\eteks\sweethome3d\model\Level.Property.java,Property,26,6,0,0,0,FALSE,FALSE,1,FALSE,FALSE,0,0,0,0,FALSE,FALSE,TRUE,FALSE,TRUE,public,0,0,0,FALSE
378,\SweetHome3D\src\com\eteks\sweethome3d\model\Light.java,Light,33,0,0,0,0,FALSE,FALSE,1,FALSE,FALSE,0,0,0,0,FALSE,TRUE,FALSE,FALSE,FALSE,public,0,0,0,FALSE
379,\SweetHome3D\src\com\eteks\sweethome3d\model\Level.java,Level,194,8,16,6,5,FALSE,FALSE,1,FALSE,FALSE,6,9,5,8,FALSE,FALSE,FALSE,TRUE,FALSE,public,15,1,0,FALSE
380,\SweetHome3D\src\com\eteks\sweethome3d\model\ObserverCamera.Property.java,Property,25,3,0,0,0,FALSE,FALSE,1,FALSE,FALSE,0,0,0,0,FALSE,FALSE,TRUE,FALSE,TRUE,public,0,0,0,FALSE
381,\SweetHome3D\src\com\eteks\sweethome3d\model\LightSource.java,LightSource,81,6,5,0,5,FALSE,FALSE,2,FALSE,FALSE,0,0,1,0,FALSE,FALSE,FALSE,TRUE,FALSE,public,5,0,0,FALSE
382,\SweetHome3D\src\com\eteks\sweethome3d\model\HomePieceOfFurniture.java,HomePieceOfFurniture,999,40,78,20,31,FALSE,FALSE,4,FALSE,FALSE,40,60,17,89,FALSE,FALSE,FALSE,TRUE,FALSE,public,72,6,0,FALSE
383,\SweetHome3D\src\com\eteks\sweethome3d\model\LengthUnit.java,LengthUnit,549,4,6,0,2,FALSE,FALSE,2,FALSE,FALSE,25,6,8,44,FALSE,FALSE,FALSE,FALSE,TRUE,public,5,1,0,FALSE
384,\SweetHome3D\src\com\eteks\sweethome3d\model\PatternsCatalog.java,PatternsCatalog,68,1,4,0,4,FALSE,FALSE,2,FALSE,FALSE,1,2,3,2,FALSE,FALSE,FALSE,TRUE,FALSE,public,4,0,0,FALSE
385,\SweetHome3D\src\com\eteks\sweethome3d\model\PieceOfFurniture.java,PieceOfFurniture,124,0,0,0,0,FALSE,FALSE,3,FALSE,FALSE,0,0,1,0,FALSE,TRUE,FALSE,FALSE,FALSE,public,0,0,0,FALSE
386,\SweetHome3D\src\com\eteks\sweethome3d\model\ObserverCamera.java,ObserverCamera,267,5,19,5,6,FALSE,FALSE,2,FALSE,FALSE,7,17,10,11,FALSE,FALSE,FALSE,TRUE,FALSE,public,16,3,0,FALSE
387,\SweetHome3D\src\com\eteks\sweethome3d\model\RecorderException.java,RecorderException,46,1,0,0,0,FALSE,FALSE,2,FALSE,FALSE,0,0,0,0,FALSE,FALSE,FALSE,TRUE,FALSE,public,0,0,0,FALSE
388,\SweetHome3D\src\com\eteks\sweethome3d\model\Room.Property.java,Property,28,18,0,0,0,FALSE,FALSE,1,FALSE,FALSE,0,0,0,0,FALSE,FALSE,TRUE,FALSE,TRUE,public,0,0,0,FALSE
389,\SweetHome3D\src\com\eteks\sweethome3d\model\Sash.java,Sash,84,6,5,0,5,FALSE,FALSE,1,FALSE,FALSE,0,0,1,0,FALSE,FALSE,FALSE,TRUE,FALSE,public,5,0,0,FALSE
390,\SweetHome3D\src\com\eteks\sweethome3d\model\Selectable.java,Selectable,52,0,0,0,0,FALSE,FALSE,1,FALSE,FALSE,0,0,0,0,FALSE,TRUE,FALSE,FALSE,FALSE,public,0,0,0,FALSE
391,\SweetHome3D\src\com\eteks\sweethome3d\model\SelectionEvent.java,SelectionEvent,42,1,1,0,1,FALSE,FALSE,2,FALSE,FALSE,0,0,2,0,FALSE,FALSE,FALSE,TRUE,FALSE,public,1,0,0,FALSE
392,\SweetHome3D\src\com\eteks\sweethome3d\model\SelectionListener.java,SelectionListener,31,0,0,0,0,FALSE,FALSE,2,TRUE,FALSE,0,0,1,0,FALSE,TRUE,FALSE,FALSE,FALSE,public,0,0,0,FALSE
393,\SweetHome3D\src\com\eteks\sweethome3d\model\TextureImage.java,TextureImage,43,0,0,0,0,FALSE,FALSE,2,FALSE,FALSE,0,0,1,0,FALSE,TRUE,FALSE,FALSE,FALSE,public,0,0,0,FALSE
394,\SweetHome3D\src\com\eteks\sweethome3d\model\TextStyle.java,TextStyle,140,5,10,0,2,FALSE,FALSE,2,FALSE,FALSE,7,6,5,1,FALSE,FALSE,FALSE,TRUE,FALSE,public,8,2,0,FALSE
395,\SweetHome3D\src\com\eteks\sweethome3d\model\TexturesCatalog.java,TexturesCatalog,135,3,9,0,3,FALSE,FALSE,2,FALSE,FALSE,6,7,3,8,FALSE,FALSE,FALSE,TRUE,FALSE,public,7,2,0,TRUE
396,\SweetHome3D\src\com\eteks\sweethome3d\model\UserPreferences.PrefixedResourceBundle.java,PrefixedResourceBundle,49,2,3,0,2,FALSE,FALSE,3,FALSE,FALSE,0,1,3,2,TRUE,FALSE,TRUE,TRUE,FALSE,private,2,0,1,FALSE
397,\SweetHome3D\src\com\eteks\sweethome3d\model\TexturesCategory.java,TexturesCategory,126,4,10,0,4,FALSE,FALSE,2,FALSE,FALSE,3,5,4,6,FALSE,FALSE,FALSE,TRUE,FALSE,public,7,1,0,FALSE
398,\SweetHome3D\src\com\eteks\sweethome3d\model\UserPreferences.Property.java,Property,29,18,0,0,0,FALSE,FALSE,1,FALSE,FALSE,0,0,0,0,FALSE,FALSE,TRUE,FALSE,TRUE,public,0,0,0,FALSE
399,\SweetHome3D\src\com\eteks\sweethome3d\model\Room.java,Room,706,22,62,19,22,FALSE,FALSE,1,FALSE,FALSE,30,56,13,36,FALSE,FALSE,FALSE,TRUE,FALSE,public,56,6,0,FALSE
400,\SweetHome3D\src\com\eteks\sweethome3d\model\Wall.Property.java,Property,29,18,0,0,0,FALSE,FALSE,1,FALSE,FALSE,0,0,0,0,FALSE,FALSE,TRUE,FALSE,TRUE,public,0,0,0,FALSE
401,\SweetHome3D\src\com\eteks\sweethome3d\j3d\Component3DManager.RenderingErrorListenerManager.java,RenderingErrorListenerManager,44,0,1,1,0,FALSE,FALSE,4,TRUE,FALSE,1,2,3,1,TRUE,FALSE,TRUE,TRUE,FALSE,private,1,0,0,FALSE
402,\SweetHome3D\src\com\eteks\sweethome3d\j3d\Component3DManager.RenderingErrorObserver.java,RenderingErrorObserver,28,0,0,0,0,FALSE,FALSE,3,TRUE,FALSE,0,0,0,0,TRUE,TRUE,TRUE,FALSE,FALSE,public,0,0,0,FALSE
403,\SweetHome3D\src\com\eteks\sweethome3d\j3d\Component3DManager.RenderingObserver.java,RenderingObserver,40,0,0,0,0,FALSE,FALSE,2,TRUE,FALSE,0,0,1,0,TRUE,TRUE,TRUE,FALSE,FALSE,public,0,0,0,FALSE
404,\SweetHome3D\src\com\eteks\sweethome3d\model\UserPreferences.java,UserPreferences,799,29,59,22,23,FALSE,FALSE,2,FALSE,FALSE,32,42,16,48,FALSE,FALSE,FALSE,TRUE,FALSE,public,51,3,5,TRUE
405,\SweetHome3D\src\com\eteks\sweethome3d\j3d\Component3DManager.java,Component3DManager,308,6,11,1,8,FALSE,FALSE,3,TRUE,FALSE,16,12,16,15,FALSE,FALSE,FALSE,TRUE,FALSE,public,9,2,0,FALSE
406,\SweetHome3D\src\com\eteks\sweethome3d\j3d\DAELoader.java,DAELoader,128,0,5,0,0,FALSE,FALSE,4,TRUE,FALSE,2,7,19,8,FALSE,FALSE,FALSE,TRUE,FALSE,public,3,2,0,FALSE
407,\SweetHome3D\src\com\eteks\sweethome3d\j3d\HomePieceOfFurniture3D.DefaultMaterialAndTexture.java,DefaultMaterialAndTexture,64,6,6,0,6,FALSE,FALSE,4,FALSE,FALSE,0,0,7,6,TRUE,FALSE,TRUE,TRUE,FALSE,private,6,0,0,FALSE
408,\SweetHome3D\src\com\eteks\sweethome3d\j3d\HomePieceOfFurniture3D.LightSelectionListener.java,LightSelectionListener,43,1,1,0,0,FALSE,FALSE,3,TRUE,FALSE,1,1,4,3,TRUE,FALSE,TRUE,TRUE,FALSE,private,1,0,0,FALSE
409,\SweetHome3D\src\com\eteks\sweethome3d\model\Wall.java,Wall,958,22,64,20,27,FALSE,FALSE,1,FALSE,FALSE,58,59,12,45,FALSE,FALSE,FALSE,TRUE,FALSE,public,52,12,0,FALSE
410,\SweetHome3D\src\com\eteks\sweethome3d\j3d\ModelManager.ModelObserver.java,ModelObserver,34,0,0,0,0,FALSE,FALSE,2,TRUE,FALSE,0,0,1,0,TRUE,TRUE,TRUE,FALSE,FALSE,public,0,0,0,FALSE
411,\SweetHome3D\src\com\eteks\sweethome3d\j3d\ModelManager.SVGPathSupport.java,SVGPathSupport,48,0,1,0,0,FALSE,FALSE,5,FALSE,FALSE,0,1,5,1,TRUE,FALSE,TRUE,TRUE,FALSE,private,1,0,0,FALSE
412,\SweetHome3D\src\com\eteks\sweethome3d\j3d\Ground3D.java,Ground3D,407,4,7,0,1,FALSE,FALSE,2,FALSE,FALSE,26,20,26,73,FALSE,FALSE,FALSE,TRUE,FALSE,public,2,5,0,FALSE
413,\SweetHome3D\src\com\eteks\sweethome3d\j3d\HomePieceOfFurniture3D.java,HomePieceOfFurniture3D,651,4,22,8,3,FALSE,FALSE,5,FALSE,FALSE,38,29,38,104,FALSE,FALSE,FALSE,TRUE,FALSE,public,1,21,0,FALSE
414,\SweetHome3D\src\com\eteks\sweethome3d\j3d\OBJLoader.Face.java,Face,56,1,2,0,1,FALSE,FALSE,1,FALSE,FALSE,1,0,1,2,TRUE,FALSE,TRUE,TRUE,FALSE,private,2,0,0,FALSE
415,\SweetHome3D\src\com\eteks\sweethome3d\j3d\DAELoader.DAEHandler.java,DAEHandler,914,56,16,0,6,FALSE,FALSE,4,TRUE,FALSE,75,25,42,68,TRUE,FALSE,TRUE,TRUE,FALSE,private,4,12,0,FALSE
416,\SweetHome3D\src\com\eteks\sweethome3d\j3d\OBJLoader.Geometry.java,Geometry,67,3,4,0,3,FALSE,FALSE,1,FALSE,FALSE,1,0,1,3,TRUE,FALSE,TRUE,TRUE,FALSE,private,4,0,0,TRUE
417,\SweetHome3D\src\com\eteks\sweethome3d\j3d\OBJLoader.Group.java,Group,59,3,5,1,2,FALSE,FALSE,1,FALSE,FALSE,0,2,2,1,TRUE,FALSE,TRUE,TRUE,FALSE,private,5,0,0,FALSE
418,\SweetHome3D\src\com\eteks\sweethome3d\j3d\OBJLoader.Line.java,Line,41,0,0,0,0,FALSE,FALSE,1,FALSE,FALSE,0,0,1,0,TRUE,FALSE,TRUE,TRUE,FALSE,private,0,0,0,FALSE
419,\SweetHome3D\src\com\eteks\sweethome3d\j3d\OBJMaterial.java,OBJMaterial,112,3,10,3,3,FALSE,FALSE,4,FALSE,FALSE,3,4,2,0,FALSE,FALSE,FALSE,TRUE,FALSE,public,10,0,0,FALSE
420,\SweetHome3D\src\com\eteks\sweethome3d\j3d\OBJWriter.ComparableAppearance.java,ComparableAppearance,176,1,3,0,1,FALSE,FALSE,2,FALSE,FALSE,17,1,6,33,TRUE,FALSE,TRUE,TRUE,FALSE,private,3,0,0,FALSE
421,\SweetHome3D\src\com\eteks\sweethome3d\j3d\Object3DBranch.java,Object3DBranch,92,7,2,0,2,FALSE,FALSE,3,FALSE,FALSE,2,4,10,1,FALSE,FALSE,FALSE,TRUE,FALSE,public,0,0,2,TRUE
422,\SweetHome3D\src\com\eteks\sweethome3d\j3d\Object3DBranchFactory.java,Object3DBranchFactory,46,0,1,0,0,FALSE,FALSE,4,FALSE,FALSE,1,3,6,1,FALSE,FALSE,FALSE,TRUE,FALSE,public,1,0,0,FALSE
423,\SweetHome3D\src\com\eteks\sweethome3d\j3d\PhotoRenderer.BufferedImageDisplay.java,BufferedImageDisplay,99,4,6,0,0,FALSE,FALSE,3,FALSE,FALSE,4,25,5,7,TRUE,FALSE,TRUE,TRUE,FALSE,private,5,1,0,FALSE
424,\SweetHome3D\src\com\eteks\sweethome3d\j3d\PhotoRenderer.Quality.java,Quality,26,2,0,0,0,FALSE,FALSE,1,FALSE,FALSE,0,0,0,0,FALSE,FALSE,TRUE,FALSE,TRUE,public,0,0,0,FALSE
425,\SweetHome3D\src\com\eteks\sweethome3d\j3d\PhotoRenderer.SphereLightWithNoRepresentation.java,SphereLightWithNoRepresentation,32,0,1,0,0,FALSE,FALSE,5,FALSE,FALSE,0,0,2,0,TRUE,FALSE,TRUE,TRUE,FALSE,public,1,0,0,FALSE
426,\SweetHome3D\src\com\eteks\sweethome3d\j3d\ModelManager.java,ModelManager,1328,13,35,0,14,FALSE,FALSE,2,TRUE,FALSE,88,87,72,135,FALSE,FALSE,FALSE,TRUE,FALSE,public,14,20,0,FALSE
427,\SweetHome3D\src\com\eteks\sweethome3d\j3d\PhotoRenderer.TransparentTextureKey.java,TransparentTextureKey,43,2,2,0,0,FALSE,FALSE,3,FALSE,FALSE,0,1,1,1,TRUE,FALSE,TRUE,TRUE,FALSE,private,2,0,0,FALSE
428,\SweetHome3D\src\com\eteks\sweethome3d\j3d\OBJLoader.java,OBJLoader,1736,9,16,0,2,FALSE,FALSE,4,TRUE,FALSE,73,23,44,123,FALSE,FALSE,FALSE,TRUE,FALSE,public,3,13,0,FALSE
429,\SweetHome3D\src\com\eteks\sweethome3d\j3d\PhotoRenderer.Triangle.java,Triangle,70,5,2,0,0,FALSE,FALSE,1,FALSE,FALSE,2,1,1,0,TRUE,FALSE,TRUE,TRUE,FALSE,private,2,0,0,FALSE
430,\SweetHome3D\src\com\eteks\sweethome3d\j3d\TextureManager.TextureKey.java,TextureKey,101,5,5,0,2,FALSE,FALSE,2,FALSE,FALSE,6,1,6,14,TRUE,FALSE,TRUE,TRUE,FALSE,private,4,1,0,FALSE
431,\SweetHome3D\src\com\eteks\sweethome3d\j3d\TextureManager.TextureObserver.java,TextureObserver,28,0,0,0,0,FALSE,FALSE,2,TRUE,FALSE,0,0,1,0,TRUE,TRUE,TRUE,FALSE,FALSE,public,0,0,0,FALSE
432,\SweetHome3D\src\com\eteks\sweethome3d\j3d\TextureManager.java,TextureManager,284,7,10,1,2,FALSE,FALSE,2,TRUE,FALSE,14,12,20,25,FALSE,FALSE,FALSE,TRUE,FALSE,public,7,3,0,FALSE
433,\SweetHome3D\src\com\eteks\sweethome3d\j3d\Wall3D.DoorOrWindowArea.java,DoorOrWindowArea,40,2,2,0,2,FALSE,FALSE,4,FALSE,FALSE,0,0,3,0,TRUE,FALSE,TRUE,TRUE,FALSE,private,2,0,0,FALSE
434,\SweetHome3D\src\com\eteks\sweethome3d\j3d\OBJWriter.java,OBJWriter,1239,11,25,0,0,FALSE,FALSE,4,TRUE,FALSE,95,103,61,114,FALSE,FALSE,FALSE,TRUE,FALSE,public,8,17,0,FALSE
435,\SweetHome3D\src\com\eteks\sweethome3d\j3d\Room3D.java,Room3D,657,4,13,0,4,FALSE,FALSE,2,FALSE,FALSE,38,27,29,111,FALSE,FALSE,FALSE,TRUE,FALSE,public,1,12,0,FALSE
436,\SweetHome3D\src\com\eteks\sweethome3d\io\ContentRecording.java,ContentRecording,41,3,0,0,0,FALSE,FALSE,2,FALSE,FALSE,0,0,0,0,FALSE,FALSE,FALSE,FALSE,TRUE,public,0,0,0,FALSE
437,\SweetHome3D\src\com\eteks\sweethome3d\io\AutoRecoveryManager.java,AutoRecoveryManager,357,10,8,0,1,FALSE,FALSE,3,TRUE,FALSE,22,5,31,53,FALSE,FALSE,FALSE,TRUE,FALSE,public,1,7,0,FALSE
438,\SweetHome3D\src\com\eteks\sweethome3d\io\DefaultFurnitureCatalog.PropertyKey.java,PropertyKey,220,36,1,0,1,FALSE,FALSE,2,FALSE,FALSE,0,1,0,0,FALSE,FALSE,TRUE,FALSE,TRUE,public,1,0,0,FALSE
439,\SweetHome3D\src\com\eteks\sweethome3d\io\DefaultHomeInputStream.HomeObjectInputStream.java,HomeObjectInputStream,54,0,1,0,0,FALSE,FALSE,4,FALSE,FALSE,3,1,5,3,FALSE,FALSE,TRUE,TRUE,FALSE,private,0,0,1,FALSE
440,\SweetHome3D\src\com\eteks\sweethome3d\io\DefaultHomeInputStream.java,DefaultHomeInputStream,111,2,2,0,0,FALSE,FALSE,4,FALSE,FALSE,4,0,12,5,FALSE,FALSE,FALSE,TRUE,FALSE,public,1,1,0,FALSE
441,\SweetHome3D\src\com\eteks\sweethome3d\j3d\PhotoRenderer.java,PhotoRenderer,1219,10,18,0,4,FALSE,FALSE,2,TRUE,FALSE,84,68,82,161,FALSE,FALSE,FALSE,TRUE,FALSE,public,2,16,0,FALSE
442,\SweetHome3D\src\com\eteks\sweethome3d\io\DefaultHomeOutputStream.HomeObjectOutputStream.java,HomeObjectOutputStream,87,0,1,0,0,FALSE,FALSE,4,FALSE,FALSE,8,1,9,6,FALSE,FALSE,TRUE,TRUE,FALSE,private,0,0,1,FALSE
443,\SweetHome3D\src\com\eteks\sweethome3d\j3d\Wall3D.java,Wall3D,776,5,19,0,7,FALSE,FALSE,2,FALSE,FALSE,61,37,30,117,FALSE,FALSE,FALSE,TRUE,FALSE,public,1,18,0,FALSE
444,\SweetHome3D\src\com\eteks\sweethome3d\io\DefaultTexturesCatalog.PropertyKey.java,PropertyKey,71,8,1,0,1,FALSE,FALSE,2,FALSE,FALSE,0,1,0,0,FALSE,FALSE,TRUE,FALSE,TRUE,public,1,0,0,FALSE
445,\SweetHome3D\src\com\eteks\sweethome3d\io\DefaultHomeOutputStream.java,DefaultHomeOutputStream,271,4,7,0,1,FALSE,FALSE,4,FALSE,FALSE,13,14,20,30,FALSE,FALSE,FALSE,TRUE,FALSE,public,1,6,0,FALSE
446,\SweetHome3D\src\com\eteks\sweethome3d\io\DefaultFurnitureCatalog.java,DefaultFurnitureCatalog,632,5,14,0,7,FALSE,FALSE,3,FALSE,FALSE,28,50,31,42,FALSE,FALSE,FALSE,TRUE,FALSE,public,0,12,2,FALSE
447,\SweetHome3D\src\com\eteks\sweethome3d\io\FileUserPreferences.PortablePreferences.java,PortablePreferences,127,3,12,0,1,FALSE,FALSE,2,FALSE,FALSE,2,5,9,7,FALSE,FALSE,TRUE,TRUE,FALSE,private,1,2,9,FALSE
448,\SweetHome3D\src\com\eteks\sweethome3d\io\HomeFileRecorder.java,HomeFileRecorder,178,2,3,0,0,FALSE,FALSE,3,TRUE,FALSE,6,4,13,10,FALSE,FALSE,FALSE,TRUE,FALSE,public,3,0,0,FALSE
449,\SweetHome3D\src\com\eteks\sweethome3d\io\HomeURLContent.java,HomeURLContent,30,0,0,0,0,FALSE,FALSE,5,FALSE,FALSE,0,0,2,0,FALSE,FALSE,FALSE,TRUE,FALSE,default,0,0,0,FALSE
450,\SweetHome3D\src\com\eteks\sweethome3d\io\DefaultTexturesCatalog.java,DefaultTexturesCatalog,350,4,7,0,2,FALSE,FALSE,3,FALSE,FALSE,11,24,26,20,FALSE,FALSE,FALSE,TRUE,FALSE,public,0,7,0,FALSE
451,\SweetHome3D\src\com\eteks\sweethome3d\io\DefaultUserPreferences.java,DefaultUserPreferences,227,3,14,0,4,FALSE,FALSE,3,FALSE,FALSE,3,8,16,5,FALSE,FALSE,FALSE,TRUE,FALSE,public,13,1,0,FALSE
452,\SweetHome3D\src\com\eteks\sweethome3d\applet\AppletApplication.AppletBasicService.java,AppletBasicService,49,2,4,0,1,FALSE,FALSE,3,FALSE,FALSE,0,1,3,0,TRUE,FALSE,TRUE,TRUE,FALSE,private,4,0,0,FALSE
453,\SweetHome3D\src\com\eteks\sweethome3d\applet\AppletApplication.StandaloneServiceManager.java,StandaloneServiceManager,46,1,2,0,1,FALSE,FALSE,3,TRUE,FALSE,1,1,5,0,TRUE,FALSE,TRUE,TRUE,FALSE,private,2,0,0,FALSE
454,\SweetHome3D\src\com\eteks\sweethome3d\applet\AppletContentManager.java,AppletContentManager,152,2,5,0,1,FALSE,FALSE,3,TRUE,FALSE,8,13,8,3,FALSE,FALSE,FALSE,TRUE,FALSE,public,4,1,0,FALSE
455,\SweetHome3D\src\com\eteks\sweethome3d\applet\HomeAppletController.java,HomeAppletController,158,4,5,0,0,FALSE,FALSE,3,TRUE,TRUE,4,0,17,14,FALSE,FALSE,FALSE,TRUE,FALSE,public,5,0,0,FALSE
456,\SweetHome3D\src\com\eteks\sweethome3d\io\FileUserPreferences.java,FileUserPreferences,1110,50,38,1,12,FALSE,FALSE,3,FALSE,FALSE,52,32,47,147,FALSE,FALSE,FALSE,TRUE,FALSE,public,14,23,1,FALSE
457,\SweetHome3D\src\com\eteks\sweethome3d\applet\AppletApplication.java,AppletApplication,654,27,22,0,13,FALSE,FALSE,2,FALSE,FALSE,44,22,50,83,FALSE,FALSE,FALSE,TRUE,FALSE,public,6,12,4,FALSE
458,\SweetHome3D\src\com\eteks\sweethome3d\applet\AppletUserPreferences.java,AppletUserPreferences,449,23,14,1,1,FALSE,FALSE,3,FALSE,FALSE,13,10,33,67,FALSE,FALSE,FALSE,TRUE,FALSE,public,10,4,0,FALSE
459,\SweetHome3D\src\com\eteks\sweethome3d\applet\HomeAppletRecorder.java,HomeAppletRecorder,215,4,4,0,1,FALSE,FALSE,3,TRUE,FALSE,7,4,18,20,FALSE,FALSE,FALSE,TRUE,FALSE,public,4,0,0,FALSE
460,\SweetHome3D\src\com\eteks\sweethome3d\applet\SweetHome3DApplet.java,SweetHome3DApplet,392,1,12,0,4,FALSE,FALSE,4,FALSE,FALSE,13,5,19,20,FALSE,FALSE,FALSE,TRUE,FALSE,public,3,7,2,FALSE
461,\SweetHome3D\src\com\eteks\sweethome3d\applet\SweetHome3DViewer.java,SweetHome3DViewer,173,1,6,0,1,FALSE,FALSE,4,TRUE,FALSE,7,2,11,11,FALSE,FALSE,FALSE,TRUE,FALSE,public,2,4,0,FALSE
462,\SweetHome3D\src\com\eteks\sweethome3d\applet\ViewerHelper.java,ViewerHelper,401,3,6,0,0,FALSE,FALSE,2,TRUE,FALSE,6,10,70,33,FALSE,FALSE,FALSE,TRUE,FALSE,public,1,5,0,FALSE
